2025-03-16 10:51:47,780 pop.CPM_RT_mixins INFO     mongo_db = RTModelCPM, topic = MQTT_RT_DATA created 67d658e30974c8a9b1312d58 succesfully
2025-03-16 10:51:47,802 pop.CPM_RT_mixins INFO     mongo_db = TemporaryRTModelCPM, topic = MQTT_RT_DATA created 67d658e30974c8a9b1312d59 succesfully
2025-03-16 10:51:47,834 pop.CPM_RT_mixins INFO     mongo_db = TodayRTModelCPM, topic = MQTT_RT_DATA created 67d658e30974c8a9b1312d5a succesfully
2025-03-16 10:51:55,852 pop.CPM_RT_mixins INFO     mongo_db = RTModelCPM, topic = MQTT_RT_DATA created 67d658eb0974c8a9b1312d5b succesfully
2025-03-16 10:51:55,862 pop.CPM_RT_mixins INFO     mongo_db = TemporaryRTModelCPM, topic = MQTT_RT_DATA created 67d658eb0974c8a9b1312d5c succesfully
2025-03-16 10:51:55,872 pop.CPM_RT_mixins INFO     mongo_db = TodayRTModelCPM, topic = MQTT_RT_DATA created 67d658eb0974c8a9b1312d5d succesfully
2025-03-16 10:52:05,762 django.request WARNING  Unauthorized: /api/v1.0/pop/ups-data/
2025-03-16 10:52:14,694 pop.CCCL_generator_mixins INFO     mongo_db = CCCLGenerator, topic = CCCL/PURBACHAL/ENM_01 created 67d658fe0974c8a9b1312d5e succesfully
2025-03-16 10:52:14,708 pop.CCCL_generator_mixins INFO     mongo_db = TemporaryCCCLGenerator, topic = CCCL/PURBACHAL/ENM_01 created 67d658fe0974c8a9b1312d5f succesfully
2025-03-16 10:52:14,719 pop.CCCL_generator_mixins INFO     mongo_db = TodayCCCLGenerator, topic = CCCL/PURBACHAL/ENM_01 created 67d658fe0974c8a9b1312d60 succesfully
2025-03-16 10:52:26,946 pop.CPM_RT_mixins INFO     mongo_db = RTModelCPM, topic = MQTT_RT_DATA created 67d6590a0974c8a9b1312d61 succesfully
2025-03-16 10:52:26,957 pop.CPM_RT_mixins INFO     mongo_db = TemporaryRTModelCPM, topic = MQTT_RT_DATA created 67d6590a0974c8a9b1312d62 succesfully
2025-03-16 10:52:26,967 pop.CPM_RT_mixins INFO     mongo_db = TodayRTModelCPM, topic = MQTT_RT_DATA created 67d6590a0974c8a9b1312d63 succesfully
2025-03-16 10:52:42,111 pop.CCCL_environment_mixins INFO     mongo_db = CCCLEnvironment, topic = CCCL/PURBACHAL/ENV_01 created 67d6591a0974c8a9b1312d64 succesfully
2025-03-16 10:52:42,125 pop.CCCL_environment_mixins INFO     mongo_db = TemporaryCCCLEnvironment, topic = CCCL/PURBACHAL/ENV_01 created 67d6591a0974c8a9b1312d65 succesfully
2025-03-16 10:52:42,136 pop.CCCL_environment_mixins INFO     mongo_db = TodayCCCLEnvironment, topic = CCCL/PURBACHAL/ENV_01 created 67d6591a0974c8a9b1312d66 succesfully
2025-03-16 10:52:56,978 pop.CPM_RT_mixins INFO     mongo_db = RTModelCPM, topic = MQTT_RT_DATA created 67d659280974c8a9b1312d67 succesfully
2025-03-16 10:52:56,992 pop.CPM_RT_mixins INFO     mongo_db = TemporaryRTModelCPM, topic = MQTT_RT_DATA created 67d659280974c8a9b1312d68 succesfully
2025-03-16 10:52:57,004 pop.CPM_RT_mixins INFO     mongo_db = TodayRTModelCPM, topic = MQTT_RT_DATA created 67d659290974c8a9b1312d69 succesfully
2025-03-16 10:53:12,280 pop.CCCL_environment_mixins INFO     mongo_db = CCCLEnvironment, topic = CCCL/PURBACHAL/ENV_01 created 67d659380974c8a9b1312d6a succesfully
2025-03-16 10:53:12,293 pop.CCCL_environment_mixins INFO     mongo_db = TemporaryCCCLEnvironment, topic = CCCL/PURBACHAL/ENV_01 created 67d659380974c8a9b1312d6b succesfully
2025-03-16 10:53:12,301 pop.CCCL_environment_mixins INFO     mongo_db = TodayCCCLEnvironment, topic = CCCL/PURBACHAL/ENV_01 created 67d659380974c8a9b1312d6c succesfully
2025-03-16 10:53:14,657 pop.CCCL_generator_mixins INFO     mongo_db = CCCLGenerator, topic = CCCL/PURBACHAL/ENM_01 created 67d6593a0974c8a9b1312d6d succesfully
2025-03-16 10:53:14,670 pop.CCCL_generator_mixins INFO     mongo_db = TemporaryCCCLGenerator, topic = CCCL/PURBACHAL/ENM_01 created 67d6593a0974c8a9b1312d6e succesfully
2025-03-16 10:53:14,682 pop.CCCL_generator_mixins INFO     mongo_db = TodayCCCLGenerator, topic = CCCL/PURBACHAL/ENM_01 created 67d6593a0974c8a9b1312d6f succesfully
2025-03-16 10:53:26,168 pop.CPM_RT_mixins INFO     mongo_db = RTModelCPM, topic = MQTT_RT_DATA created 67d659460974c8a9b1312d70 succesfully
2025-03-16 10:53:26,181 pop.CPM_RT_mixins INFO     mongo_db = TemporaryRTModelCPM, topic = MQTT_RT_DATA created 67d659460974c8a9b1312d71 succesfully
2025-03-16 10:53:26,192 pop.CPM_RT_mixins INFO     mongo_db = TodayRTModelCPM, topic = MQTT_RT_DATA created 67d659460974c8a9b1312d72 succesfully
2025-03-16 10:53:42,604 pop.CCCL_environment_mixins INFO     mongo_db = CCCLEnvironment, topic = CCCL/PURBACHAL/ENV_01 created 67d659560974c8a9b1312d73 succesfully
2025-03-16 10:53:42,625 pop.CCCL_environment_mixins INFO     mongo_db = TemporaryCCCLEnvironment, topic = CCCL/PURBACHAL/ENV_01 created 67d659560974c8a9b1312d74 succesfully
2025-03-16 10:53:42,635 pop.CCCL_environment_mixins INFO     mongo_db = TodayCCCLEnvironment, topic = CCCL/PURBACHAL/ENV_01 created 67d659560974c8a9b1312d75 succesfully
2025-03-16 10:53:57,169 pop.CPM_RT_mixins INFO     mongo_db = RTModelCPM, topic = MQTT_RT_DATA created 67d659650974c8a9b1312d76 succesfully
2025-03-16 10:53:57,181 pop.CPM_RT_mixins INFO     mongo_db = TemporaryRTModelCPM, topic = MQTT_RT_DATA created 67d659650974c8a9b1312d77 succesfully
2025-03-16 10:53:57,192 pop.CPM_RT_mixins INFO     mongo_db = TodayRTModelCPM, topic = MQTT_RT_DATA created 67d659650974c8a9b1312d78 succesfully
2025-03-16 10:54:12,912 pop.CCCL_environment_mixins INFO     mongo_db = CCCLEnvironment, topic = CCCL/PURBACHAL/ENV_01 created 67d659740974c8a9b1312d79 succesfully
2025-03-16 10:54:12,925 pop.CCCL_environment_mixins INFO     mongo_db = TemporaryCCCLEnvironment, topic = CCCL/PURBACHAL/ENV_01 created 67d659740974c8a9b1312d7a succesfully
2025-03-16 10:54:12,942 pop.CCCL_environment_mixins INFO     mongo_db = TodayCCCLEnvironment, topic = CCCL/PURBACHAL/ENV_01 created 67d659740974c8a9b1312d7b succesfully
2025-03-16 10:54:14,662 pop.CCCL_generator_mixins INFO     mongo_db = CCCLGenerator, topic = CCCL/PURBACHAL/ENM_01 created 67d659760974c8a9b1312d7c succesfully
2025-03-16 10:54:14,676 pop.CCCL_generator_mixins INFO     mongo_db = TemporaryCCCLGenerator, topic = CCCL/PURBACHAL/ENM_01 created 67d659760974c8a9b1312d7d succesfully
2025-03-16 10:54:14,687 pop.CCCL_generator_mixins INFO     mongo_db = TodayCCCLGenerator, topic = CCCL/PURBACHAL/ENM_01 created 67d659760974c8a9b1312d7e succesfully
2025-03-16 10:54:25,632 pop.CPM_RT_mixins INFO     mongo_db = RTModelCPM, topic = MQTT_RT_DATA created 67d659810974c8a9b1312d7f succesfully
2025-03-16 10:54:25,643 pop.CPM_RT_mixins INFO     mongo_db = TemporaryRTModelCPM, topic = MQTT_RT_DATA created 67d659810974c8a9b1312d80 succesfully
2025-03-16 10:54:25,653 pop.CPM_RT_mixins INFO     mongo_db = TodayRTModelCPM, topic = MQTT_RT_DATA created 67d659810974c8a9b1312d81 succesfully
2025-03-16 10:54:43,241 pop.CCCL_environment_mixins INFO     mongo_db = CCCLEnvironment, topic = CCCL/PURBACHAL/ENV_01 created 67d659930974c8a9b1312d82 succesfully
2025-03-16 10:54:43,258 pop.CCCL_environment_mixins INFO     mongo_db = TemporaryCCCLEnvironment, topic = CCCL/PURBACHAL/ENV_01 created 67d659930974c8a9b1312d83 succesfully
2025-03-16 10:54:43,267 pop.CCCL_environment_mixins INFO     mongo_db = TodayCCCLEnvironment, topic = CCCL/PURBACHAL/ENV_01 created 67d659930974c8a9b1312d84 succesfully
2025-03-16 10:54:55,489 pop.CPM_RT_mixins INFO     mongo_db = RTModelCPM, topic = MQTT_RT_DATA created 67d6599f0974c8a9b1312d85 succesfully
2025-03-16 10:54:55,519 pop.CPM_RT_mixins INFO     mongo_db = TemporaryRTModelCPM, topic = MQTT_RT_DATA created 67d6599f0974c8a9b1312d86 succesfully
2025-03-16 10:54:55,537 pop.CPM_RT_mixins INFO     mongo_db = TodayRTModelCPM, topic = MQTT_RT_DATA created 67d6599f0974c8a9b1312d87 succesfully
2025-03-16 10:55:13,555 pop.CCCL_environment_mixins INFO     mongo_db = CCCLEnvironment, topic = CCCL/PURBACHAL/ENV_01 created 67d659b10974c8a9b1312d88 succesfully
2025-03-16 10:55:13,584 pop.CCCL_environment_mixins INFO     mongo_db = TemporaryCCCLEnvironment, topic = CCCL/PURBACHAL/ENV_01 created 67d659b10974c8a9b1312d89 succesfully
2025-03-16 10:55:13,612 pop.CCCL_environment_mixins INFO     mongo_db = TodayCCCLEnvironment, topic = CCCL/PURBACHAL/ENV_01 created 67d659b10974c8a9b1312d8a succesfully
2025-03-16 10:55:14,667 pop.CCCL_generator_mixins INFO     mongo_db = CCCLGenerator, topic = CCCL/PURBACHAL/ENM_01 created 67d659b20974c8a9b1312d8b succesfully
2025-03-16 10:55:14,680 pop.CCCL_generator_mixins INFO     mongo_db = TemporaryCCCLGenerator, topic = CCCL/PURBACHAL/ENM_01 created 67d659b20974c8a9b1312d8c succesfully
2025-03-16 10:55:14,700 pop.CCCL_generator_mixins INFO     mongo_db = TodayCCCLGenerator, topic = CCCL/PURBACHAL/ENM_01 created 67d659b20974c8a9b1312d8d succesfully
2025-03-16 10:55:25,396 pop.CPM_RT_mixins INFO     mongo_db = RTModelCPM, topic = MQTT_RT_DATA created 67d659bd0974c8a9b1312d8e succesfully
2025-03-16 10:55:25,408 pop.CPM_RT_mixins INFO     mongo_db = TemporaryRTModelCPM, topic = MQTT_RT_DATA created 67d659bd0974c8a9b1312d8f succesfully
2025-03-16 10:55:25,419 pop.CPM_RT_mixins INFO     mongo_db = TodayRTModelCPM, topic = MQTT_RT_DATA created 67d659bd0974c8a9b1312d90 succesfully
2025-03-16 10:55:43,866 pop.CCCL_environment_mixins INFO     mongo_db = CCCLEnvironment, topic = CCCL/PURBACHAL/ENV_01 created 67d659cf0974c8a9b1312d91 succesfully
2025-03-16 10:55:43,879 pop.CCCL_environment_mixins INFO     mongo_db = TemporaryCCCLEnvironment, topic = CCCL/PURBACHAL/ENV_01 created 67d659cf0974c8a9b1312d92 succesfully
2025-03-16 10:55:43,891 pop.CCCL_environment_mixins INFO     mongo_db = TodayCCCLEnvironment, topic = CCCL/PURBACHAL/ENV_01 created 67d659cf0974c8a9b1312d93 succesfully
2025-03-16 10:55:55,422 pop.CPM_RT_mixins INFO     mongo_db = RTModelCPM, topic = MQTT_RT_DATA created 67d659db0974c8a9b1312d94 succesfully
2025-03-16 10:55:55,434 pop.CPM_RT_mixins INFO     mongo_db = TemporaryRTModelCPM, topic = MQTT_RT_DATA created 67d659db0974c8a9b1312d95 succesfully
2025-03-16 10:55:55,445 pop.CPM_RT_mixins INFO     mongo_db = TodayRTModelCPM, topic = MQTT_RT_DATA created 67d659db0974c8a9b1312d96 succesfully
2025-03-16 10:56:14,187 pop.CCCL_environment_mixins INFO     mongo_db = CCCLEnvironment, topic = CCCL/PURBACHAL/ENV_01 created 67d659ee0974c8a9b1312d97 succesfully
2025-03-16 10:56:14,210 pop.CCCL_environment_mixins INFO     mongo_db = TemporaryCCCLEnvironment, topic = CCCL/PURBACHAL/ENV_01 created 67d659ee0974c8a9b1312d98 succesfully
2025-03-16 10:56:14,222 pop.CCCL_environment_mixins INFO     mongo_db = TodayCCCLEnvironment, topic = CCCL/PURBACHAL/ENV_01 created 67d659ee0974c8a9b1312d99 succesfully
2025-03-16 10:56:14,690 pop.CCCL_generator_mixins INFO     mongo_db = CCCLGenerator, topic = CCCL/PURBACHAL/ENM_01 created 67d659ee0974c8a9b1312d9a succesfully
2025-03-16 10:56:14,715 pop.CCCL_generator_mixins INFO     mongo_db = TemporaryCCCLGenerator, topic = CCCL/PURBACHAL/ENM_01 created 67d659ee0974c8a9b1312d9b succesfully
2025-03-16 10:56:14,735 pop.CCCL_generator_mixins INFO     mongo_db = TodayCCCLGenerator, topic = CCCL/PURBACHAL/ENM_01 created 67d659ee0974c8a9b1312d9c succesfully
2025-03-16 10:56:26,529 pop.CPM_RT_mixins INFO     mongo_db = RTModelCPM, topic = MQTT_RT_DATA created 67d659fa0974c8a9b1312d9d succesfully
2025-03-16 10:56:26,541 pop.CPM_RT_mixins INFO     mongo_db = TemporaryRTModelCPM, topic = MQTT_RT_DATA created 67d659fa0974c8a9b1312d9e succesfully
2025-03-16 10:56:26,552 pop.CPM_RT_mixins INFO     mongo_db = TodayRTModelCPM, topic = MQTT_RT_DATA created 67d659fa0974c8a9b1312d9f succesfully
2025-03-16 10:56:44,590 pop.CCCL_environment_mixins INFO     mongo_db = CCCLEnvironment, topic = CCCL/PURBACHAL/ENV_01 created 67d65a0c0974c8a9b1312da0 succesfully
2025-03-16 10:56:44,598 pop.CCCL_environment_mixins INFO     mongo_db = TemporaryCCCLEnvironment, topic = CCCL/PURBACHAL/ENV_01 created 67d65a0c0974c8a9b1312da1 succesfully
2025-03-16 10:56:44,607 pop.CCCL_environment_mixins INFO     mongo_db = TodayCCCLEnvironment, topic = CCCL/PURBACHAL/ENV_01 created 67d65a0c0974c8a9b1312da2 succesfully
2025-03-16 10:56:56,545 pop.CPM_RT_mixins INFO     mongo_db = RTModelCPM, topic = MQTT_RT_DATA created 67d65a180974c8a9b1312da3 succesfully
2025-03-16 10:56:56,556 pop.CPM_RT_mixins INFO     mongo_db = TemporaryRTModelCPM, topic = MQTT_RT_DATA created 67d65a180974c8a9b1312da4 succesfully
2025-03-16 10:56:56,567 pop.CPM_RT_mixins INFO     mongo_db = TodayRTModelCPM, topic = MQTT_RT_DATA created 67d65a180974c8a9b1312da5 succesfully
2025-03-16 10:57:14,702 pop.CCCL_generator_mixins INFO     mongo_db = CCCLGenerator, topic = CCCL/PURBACHAL/ENM_01 created 67d65a2a0974c8a9b1312da6 succesfully
2025-03-16 10:57:14,725 pop.CCCL_generator_mixins INFO     mongo_db = TemporaryCCCLGenerator, topic = CCCL/PURBACHAL/ENM_01 created 67d65a2a0974c8a9b1312da7 succesfully
2025-03-16 10:57:14,743 pop.CCCL_generator_mixins INFO     mongo_db = TodayCCCLGenerator, topic = CCCL/PURBACHAL/ENM_01 created 67d65a2a0974c8a9b1312da8 succesfully
2025-03-16 10:57:14,915 pop.CCCL_environment_mixins INFO     mongo_db = CCCLEnvironment, topic = CCCL/PURBACHAL/ENV_01 created 67d65a2a0974c8a9b1312da9 succesfully
2025-03-16 10:57:14,943 pop.CCCL_environment_mixins INFO     mongo_db = TemporaryCCCLEnvironment, topic = CCCL/PURBACHAL/ENV_01 created 67d65a2a0974c8a9b1312daa succesfully
2025-03-16 10:57:14,963 pop.CCCL_environment_mixins INFO     mongo_db = TodayCCCLEnvironment, topic = CCCL/PURBACHAL/ENV_01 created 67d65a2a0974c8a9b1312dab succesfully
2025-03-16 10:57:26,721 pop.CPM_RT_mixins INFO     mongo_db = RTModelCPM, topic = MQTT_RT_DATA created 67d65a360974c8a9b1312dac succesfully
2025-03-16 10:57:26,737 pop.CPM_RT_mixins INFO     mongo_db = TemporaryRTModelCPM, topic = MQTT_RT_DATA created 67d65a360974c8a9b1312dad succesfully
2025-03-16 10:57:26,751 pop.CPM_RT_mixins INFO     mongo_db = TodayRTModelCPM, topic = MQTT_RT_DATA created 67d65a360974c8a9b1312dae succesfully
2025-03-16 10:57:45,229 pop.CCCL_environment_mixins INFO     mongo_db = CCCLEnvironment, topic = CCCL/PURBACHAL/ENV_01 created 67d65a490974c8a9b1312daf succesfully
2025-03-16 10:57:45,249 pop.CCCL_environment_mixins INFO     mongo_db = TemporaryCCCLEnvironment, topic = CCCL/PURBACHAL/ENV_01 created 67d65a490974c8a9b1312db0 succesfully
2025-03-16 10:57:45,259 pop.CCCL_environment_mixins INFO     mongo_db = TodayCCCLEnvironment, topic = CCCL/PURBACHAL/ENV_01 created 67d65a490974c8a9b1312db1 succesfully
2025-03-16 10:57:55,582 pop.CPM_RT_mixins INFO     mongo_db = RTModelCPM, topic = MQTT_RT_DATA created 67d65a530974c8a9b1312db2 succesfully
2025-03-16 10:57:55,597 pop.CPM_RT_mixins INFO     mongo_db = TemporaryRTModelCPM, topic = MQTT_RT_DATA created 67d65a530974c8a9b1312db3 succesfully
2025-03-16 10:57:55,613 pop.CPM_RT_mixins INFO     mongo_db = TodayRTModelCPM, topic = MQTT_RT_DATA created 67d65a530974c8a9b1312db4 succesfully
2025-03-16 10:58:14,699 pop.CCCL_generator_mixins INFO     mongo_db = CCCLGenerator, topic = CCCL/PURBACHAL/ENM_01 created 67d65a660974c8a9b1312db5 succesfully
2025-03-16 10:58:14,721 pop.CCCL_generator_mixins INFO     mongo_db = TemporaryCCCLGenerator, topic = CCCL/PURBACHAL/ENM_01 created 67d65a660974c8a9b1312db6 succesfully
2025-03-16 10:58:14,736 pop.CCCL_generator_mixins INFO     mongo_db = TodayCCCLGenerator, topic = CCCL/PURBACHAL/ENM_01 created 67d65a660974c8a9b1312db7 succesfully
2025-03-16 10:58:15,555 pop.CCCL_environment_mixins INFO     mongo_db = CCCLEnvironment, topic = CCCL/PURBACHAL/ENV_01 created 67d65a670974c8a9b1312db8 succesfully
2025-03-16 10:58:15,582 pop.CCCL_environment_mixins INFO     mongo_db = TemporaryCCCLEnvironment, topic = CCCL/PURBACHAL/ENV_01 created 67d65a670974c8a9b1312db9 succesfully
2025-03-16 10:58:15,599 pop.CCCL_environment_mixins INFO     mongo_db = TodayCCCLEnvironment, topic = CCCL/PURBACHAL/ENV_01 created 67d65a670974c8a9b1312dba succesfully
2025-03-16 10:58:27,151 pop.CPM_RT_mixins INFO     mongo_db = RTModelCPM, topic = MQTT_RT_DATA created 67d65a730974c8a9b1312dbb succesfully
2025-03-16 10:58:27,164 pop.CPM_RT_mixins INFO     mongo_db = TemporaryRTModelCPM, topic = MQTT_RT_DATA created 67d65a730974c8a9b1312dbc succesfully
2025-03-16 10:58:27,174 pop.CPM_RT_mixins INFO     mongo_db = TodayRTModelCPM, topic = MQTT_RT_DATA created 67d65a730974c8a9b1312dbd succesfully
2025-03-16 10:58:45,845 pop.CCCL_environment_mixins INFO     mongo_db = CCCLEnvironment, topic = CCCL/PURBACHAL/ENV_01 created 67d65a850974c8a9b1312dbe succesfully
2025-03-16 10:58:45,855 pop.CCCL_environment_mixins INFO     mongo_db = TemporaryCCCLEnvironment, topic = CCCL/PURBACHAL/ENV_01 created 67d65a850974c8a9b1312dbf succesfully
2025-03-16 10:58:45,866 pop.CCCL_environment_mixins INFO     mongo_db = TodayCCCLEnvironment, topic = CCCL/PURBACHAL/ENV_01 created 67d65a850974c8a9b1312dc0 succesfully
2025-03-16 10:58:56,786 pop.CPM_RT_mixins INFO     mongo_db = RTModelCPM, topic = MQTT_RT_DATA created 67d65a900974c8a9b1312dc1 succesfully
2025-03-16 10:58:56,797 pop.CPM_RT_mixins INFO     mongo_db = TemporaryRTModelCPM, topic = MQTT_RT_DATA created 67d65a900974c8a9b1312dc2 succesfully
2025-03-16 10:58:56,809 pop.CPM_RT_mixins INFO     mongo_db = TodayRTModelCPM, topic = MQTT_RT_DATA created 67d65a900974c8a9b1312dc3 succesfully
2025-03-16 10:59:14,706 pop.CCCL_generator_mixins INFO     mongo_db = CCCLGenerator, topic = CCCL/PURBACHAL/ENM_01 created 67d65aa20974c8a9b1312dc4 succesfully
2025-03-16 10:59:14,721 pop.CCCL_generator_mixins INFO     mongo_db = TemporaryCCCLGenerator, topic = CCCL/PURBACHAL/ENM_01 created 67d65aa20974c8a9b1312dc5 succesfully
2025-03-16 10:59:14,733 pop.CCCL_generator_mixins INFO     mongo_db = TodayCCCLGenerator, topic = CCCL/PURBACHAL/ENM_01 created 67d65aa20974c8a9b1312dc6 succesfully
2025-03-16 10:59:16,154 pop.CCCL_environment_mixins INFO     mongo_db = CCCLEnvironment, topic = CCCL/PURBACHAL/ENV_01 created 67d65aa40974c8a9b1312dc7 succesfully
2025-03-16 10:59:16,165 pop.CCCL_environment_mixins INFO     mongo_db = TemporaryCCCLEnvironment, topic = CCCL/PURBACHAL/ENV_01 created 67d65aa40974c8a9b1312dc8 succesfully
2025-03-16 10:59:16,175 pop.CCCL_environment_mixins INFO     mongo_db = TodayCCCLEnvironment, topic = CCCL/PURBACHAL/ENV_01 created 67d65aa40974c8a9b1312dc9 succesfully
2025-03-16 10:59:25,443 pop.CPM_RT_mixins INFO     mongo_db = RTModelCPM, topic = MQTT_RT_DATA created 67d65aad0974c8a9b1312dca succesfully
2025-03-16 10:59:25,456 pop.CPM_RT_mixins INFO     mongo_db = TemporaryRTModelCPM, topic = MQTT_RT_DATA created 67d65aad0974c8a9b1312dcb succesfully
2025-03-16 10:59:25,466 pop.CPM_RT_mixins INFO     mongo_db = TodayRTModelCPM, topic = MQTT_RT_DATA created 67d65aad0974c8a9b1312dcc succesfully
2025-03-16 10:59:46,642 pop.CCCL_environment_mixins INFO     mongo_db = CCCLEnvironment, topic = CCCL/PURBACHAL/ENV_01 created 67d65ac20974c8a9b1312dcd succesfully
2025-03-16 10:59:46,705 pop.CCCL_environment_mixins INFO     mongo_db = TemporaryCCCLEnvironment, topic = CCCL/PURBACHAL/ENV_01 created 67d65ac20974c8a9b1312dce succesfully
2025-03-16 10:59:46,743 pop.CCCL_environment_mixins INFO     mongo_db = TodayCCCLEnvironment, topic = CCCL/PURBACHAL/ENV_01 created 67d65ac20974c8a9b1312dcf succesfully
2025-03-16 10:59:55,422 pop.CPM_RT_mixins INFO     mongo_db = RTModelCPM, topic = MQTT_RT_DATA created 67d65acb0974c8a9b1312dd0 succesfully
2025-03-16 10:59:55,478 pop.CPM_RT_mixins INFO     mongo_db = TemporaryRTModelCPM, topic = MQTT_RT_DATA created 67d65acb0974c8a9b1312dd1 succesfully
2025-03-16 10:59:55,522 pop.CPM_RT_mixins INFO     mongo_db = TodayRTModelCPM, topic = MQTT_RT_DATA created 67d65acb0974c8a9b1312dd2 succesfully
2025-03-16 11:00:14,726 pop.CCCL_generator_mixins INFO     mongo_db = CCCLGenerator, topic = CCCL/PURBACHAL/ENM_01 created 67d65ade0974c8a9b1312dd3 succesfully
2025-03-16 11:00:14,769 pop.CCCL_generator_mixins INFO     mongo_db = TemporaryCCCLGenerator, topic = CCCL/PURBACHAL/ENM_01 created 67d65ade0974c8a9b1312dd4 succesfully
2025-03-16 11:00:14,811 pop.CCCL_generator_mixins INFO     mongo_db = TodayCCCLGenerator, topic = CCCL/PURBACHAL/ENM_01 created 67d65ade0974c8a9b1312dd5 succesfully
2025-03-16 11:00:16,786 pop.CCCL_environment_mixins INFO     mongo_db = CCCLEnvironment, topic = CCCL/PURBACHAL/ENV_01 created 67d65ae00974c8a9b1312dd6 succesfully
2025-03-16 11:00:16,801 pop.CCCL_environment_mixins INFO     mongo_db = TemporaryCCCLEnvironment, topic = CCCL/PURBACHAL/ENV_01 created 67d65ae00974c8a9b1312dd7 succesfully
2025-03-16 11:00:16,810 pop.CCCL_environment_mixins INFO     mongo_db = TodayCCCLEnvironment, topic = CCCL/PURBACHAL/ENV_01 created 67d65ae00974c8a9b1312dd8 succesfully
2025-03-16 11:00:26,420 pop.CPM_RT_mixins INFO     mongo_db = RTModelCPM, topic = MQTT_RT_DATA created 67d65aea0974c8a9b1312dd9 succesfully
2025-03-16 11:00:26,432 pop.CPM_RT_mixins INFO     mongo_db = TemporaryRTModelCPM, topic = MQTT_RT_DATA created 67d65aea0974c8a9b1312dda succesfully
2025-03-16 11:00:26,444 pop.CPM_RT_mixins INFO     mongo_db = TodayRTModelCPM, topic = MQTT_RT_DATA created 67d65aea0974c8a9b1312ddb succesfully
2025-03-16 11:00:47,112 pop.CCCL_environment_mixins INFO     mongo_db = CCCLEnvironment, topic = CCCL/PURBACHAL/ENV_01 created 67d65aff0974c8a9b1312ddc succesfully
2025-03-16 11:00:47,130 pop.CCCL_environment_mixins INFO     mongo_db = TemporaryCCCLEnvironment, topic = CCCL/PURBACHAL/ENV_01 created 67d65aff0974c8a9b1312ddd succesfully
2025-03-16 11:00:47,140 pop.CCCL_environment_mixins INFO     mongo_db = TodayCCCLEnvironment, topic = CCCL/PURBACHAL/ENV_01 created 67d65aff0974c8a9b1312dde succesfully
2025-03-16 11:00:55,471 pop.CPM_RT_mixins INFO     mongo_db = RTModelCPM, topic = MQTT_RT_DATA created 67d65b070974c8a9b1312ddf succesfully
2025-03-16 11:00:55,484 pop.CPM_RT_mixins INFO     mongo_db = TemporaryRTModelCPM, topic = MQTT_RT_DATA created 67d65b070974c8a9b1312de0 succesfully
2025-03-16 11:00:55,499 pop.CPM_RT_mixins INFO     mongo_db = TodayRTModelCPM, topic = MQTT_RT_DATA created 67d65b070974c8a9b1312de1 succesfully
2025-03-16 11:01:14,708 pop.CCCL_generator_mixins INFO     mongo_db = CCCLGenerator, topic = CCCL/PURBACHAL/ENM_01 created 67d65b1a0974c8a9b1312de2 succesfully
2025-03-16 11:01:14,720 pop.CCCL_generator_mixins INFO     mongo_db = TemporaryCCCLGenerator, topic = CCCL/PURBACHAL/ENM_01 created 67d65b1a0974c8a9b1312de3 succesfully
2025-03-16 11:01:14,732 pop.CCCL_generator_mixins INFO     mongo_db = TodayCCCLGenerator, topic = CCCL/PURBACHAL/ENM_01 created 67d65b1a0974c8a9b1312de4 succesfully
2025-03-16 11:01:17,414 pop.CCCL_environment_mixins INFO     mongo_db = CCCLEnvironment, topic = CCCL/PURBACHAL/ENV_01 created 67d65b1d0974c8a9b1312de5 succesfully
2025-03-16 11:01:17,424 pop.CCCL_environment_mixins INFO     mongo_db = TemporaryCCCLEnvironment, topic = CCCL/PURBACHAL/ENV_01 created 67d65b1d0974c8a9b1312de6 succesfully
2025-03-16 11:01:17,435 pop.CCCL_environment_mixins INFO     mongo_db = TodayCCCLEnvironment, topic = CCCL/PURBACHAL/ENV_01 created 67d65b1d0974c8a9b1312de7 succesfully
2025-03-16 11:01:25,605 pop.CPM_RT_mixins INFO     mongo_db = RTModelCPM, topic = MQTT_RT_DATA created 67d65b250974c8a9b1312de8 succesfully
2025-03-16 11:01:25,616 pop.CPM_RT_mixins INFO     mongo_db = TemporaryRTModelCPM, topic = MQTT_RT_DATA created 67d65b250974c8a9b1312de9 succesfully
2025-03-16 11:01:25,656 pop.CPM_RT_mixins INFO     mongo_db = TodayRTModelCPM, topic = MQTT_RT_DATA created 67d65b250974c8a9b1312dea succesfully
2025-03-16 11:01:47,864 pop.CCCL_environment_mixins INFO     mongo_db = CCCLEnvironment, topic = CCCL/PURBACHAL/ENV_01 created 67d65b3b0974c8a9b1312deb succesfully
2025-03-16 11:01:47,891 pop.CCCL_environment_mixins INFO     mongo_db = TemporaryCCCLEnvironment, topic = CCCL/PURBACHAL/ENV_01 created 67d65b3b0974c8a9b1312dec succesfully
2025-03-16 11:01:47,913 pop.CCCL_environment_mixins INFO     mongo_db = TodayCCCLEnvironment, topic = CCCL/PURBACHAL/ENV_01 created 67d65b3b0974c8a9b1312ded succesfully
2025-03-16 11:01:55,649 pop.CPM_RT_mixins INFO     mongo_db = RTModelCPM, topic = MQTT_RT_DATA created 67d65b430974c8a9b1312dee succesfully
2025-03-16 11:01:55,662 pop.CPM_RT_mixins INFO     mongo_db = TemporaryRTModelCPM, topic = MQTT_RT_DATA created 67d65b430974c8a9b1312def succesfully
2025-03-16 11:01:55,680 pop.CPM_RT_mixins INFO     mongo_db = TodayRTModelCPM, topic = MQTT_RT_DATA created 67d65b430974c8a9b1312df0 succesfully
2025-03-16 11:02:14,708 pop.CCCL_generator_mixins INFO     mongo_db = CCCLGenerator, topic = CCCL/PURBACHAL/ENM_01 created 67d65b560974c8a9b1312df1 succesfully
2025-03-16 11:02:14,726 pop.CCCL_generator_mixins INFO     mongo_db = TemporaryCCCLGenerator, topic = CCCL/PURBACHAL/ENM_01 created 67d65b560974c8a9b1312df2 succesfully
2025-03-16 11:02:14,737 pop.CCCL_generator_mixins INFO     mongo_db = TodayCCCLGenerator, topic = CCCL/PURBACHAL/ENM_01 created 67d65b560974c8a9b1312df3 succesfully
2025-03-16 11:02:18,138 pop.CCCL_environment_mixins INFO     mongo_db = CCCLEnvironment, topic = CCCL/PURBACHAL/ENV_01 created 67d65b5a0974c8a9b1312df4 succesfully
2025-03-16 11:02:18,147 pop.CCCL_environment_mixins INFO     mongo_db = TemporaryCCCLEnvironment, topic = CCCL/PURBACHAL/ENV_01 created 67d65b5a0974c8a9b1312df5 succesfully
2025-03-16 11:02:18,158 pop.CCCL_environment_mixins INFO     mongo_db = TodayCCCLEnvironment, topic = CCCL/PURBACHAL/ENV_01 created 67d65b5a0974c8a9b1312df6 succesfully
2025-03-16 11:02:27,107 pop.CPM_RT_mixins INFO     mongo_db = RTModelCPM, topic = MQTT_RT_DATA created 67d65b630974c8a9b1312df7 succesfully
2025-03-16 11:02:27,118 pop.CPM_RT_mixins INFO     mongo_db = TemporaryRTModelCPM, topic = MQTT_RT_DATA created 67d65b630974c8a9b1312df8 succesfully
2025-03-16 11:02:27,128 pop.CPM_RT_mixins INFO     mongo_db = TodayRTModelCPM, topic = MQTT_RT_DATA created 67d65b630974c8a9b1312df9 succesfully
2025-03-16 11:02:48,450 pop.CCCL_environment_mixins INFO     mongo_db = CCCLEnvironment, topic = CCCL/PURBACHAL/ENV_01 created 67d65b780974c8a9b1312dfa succesfully
2025-03-16 11:02:48,459 pop.CCCL_environment_mixins INFO     mongo_db = TemporaryCCCLEnvironment, topic = CCCL/PURBACHAL/ENV_01 created 67d65b780974c8a9b1312dfb succesfully
2025-03-16 11:02:48,467 pop.CCCL_environment_mixins INFO     mongo_db = TodayCCCLEnvironment, topic = CCCL/PURBACHAL/ENV_01 created 67d65b780974c8a9b1312dfc succesfully
2025-03-16 11:02:55,529 pop.CPM_RT_mixins INFO     mongo_db = RTModelCPM, topic = MQTT_RT_DATA created 67d65b7f0974c8a9b1312dfd succesfully
2025-03-16 11:02:55,540 pop.CPM_RT_mixins INFO     mongo_db = TemporaryRTModelCPM, topic = MQTT_RT_DATA created 67d65b7f0974c8a9b1312dfe succesfully
2025-03-16 11:02:55,552 pop.CPM_RT_mixins INFO     mongo_db = TodayRTModelCPM, topic = MQTT_RT_DATA created 67d65b7f0974c8a9b1312dff succesfully
2025-03-16 11:03:14,693 pop.CCCL_generator_mixins INFO     mongo_db = CCCLGenerator, topic = CCCL/PURBACHAL/ENM_01 created 67d65b920974c8a9b1312e00 succesfully
2025-03-16 11:03:14,706 pop.CCCL_generator_mixins INFO     mongo_db = TemporaryCCCLGenerator, topic = CCCL/PURBACHAL/ENM_01 created 67d65b920974c8a9b1312e01 succesfully
2025-03-16 11:03:14,719 pop.CCCL_generator_mixins INFO     mongo_db = TodayCCCLGenerator, topic = CCCL/PURBACHAL/ENM_01 created 67d65b920974c8a9b1312e02 succesfully
2025-03-16 11:03:18,773 pop.CCCL_environment_mixins INFO     mongo_db = CCCLEnvironment, topic = CCCL/PURBACHAL/ENV_01 created 67d65b960974c8a9b1312e03 succesfully
2025-03-16 11:03:18,796 pop.CCCL_environment_mixins INFO     mongo_db = TemporaryCCCLEnvironment, topic = CCCL/PURBACHAL/ENV_01 created 67d65b960974c8a9b1312e04 succesfully
2025-03-16 11:03:18,812 pop.CCCL_environment_mixins INFO     mongo_db = TodayCCCLEnvironment, topic = CCCL/PURBACHAL/ENV_01 created 67d65b960974c8a9b1312e05 succesfully
2025-03-16 11:03:25,878 pop.CPM_RT_mixins INFO     mongo_db = RTModelCPM, topic = MQTT_RT_DATA created 67d65b9d0974c8a9b1312e06 succesfully
2025-03-16 11:03:25,891 pop.CPM_RT_mixins INFO     mongo_db = TemporaryRTModelCPM, topic = MQTT_RT_DATA created 67d65b9d0974c8a9b1312e07 succesfully
2025-03-16 11:03:25,906 pop.CPM_RT_mixins INFO     mongo_db = TodayRTModelCPM, topic = MQTT_RT_DATA created 67d65b9d0974c8a9b1312e08 succesfully
2025-03-16 11:03:49,084 pop.CCCL_environment_mixins INFO     mongo_db = CCCLEnvironment, topic = CCCL/PURBACHAL/ENV_01 created 67d65bb50974c8a9b1312e09 succesfully
2025-03-16 11:03:49,106 pop.CCCL_environment_mixins INFO     mongo_db = TemporaryCCCLEnvironment, topic = CCCL/PURBACHAL/ENV_01 created 67d65bb50974c8a9b1312e0a succesfully
2025-03-16 11:03:49,116 pop.CCCL_environment_mixins INFO     mongo_db = TodayCCCLEnvironment, topic = CCCL/PURBACHAL/ENV_01 created 67d65bb50974c8a9b1312e0b succesfully
2025-03-16 11:03:55,289 pop.CPM_RT_mixins INFO     mongo_db = RTModelCPM, topic = MQTT_RT_DATA created 67d65bbb0974c8a9b1312e0c succesfully
2025-03-16 11:03:55,300 pop.CPM_RT_mixins INFO     mongo_db = TemporaryRTModelCPM, topic = MQTT_RT_DATA created 67d65bbb0974c8a9b1312e0d succesfully
2025-03-16 11:03:55,310 pop.CPM_RT_mixins INFO     mongo_db = TodayRTModelCPM, topic = MQTT_RT_DATA created 67d65bbb0974c8a9b1312e0e succesfully
2025-03-16 11:04:14,697 pop.CCCL_generator_mixins INFO     mongo_db = CCCLGenerator, topic = CCCL/PURBACHAL/ENM_01 created 67d65bce0974c8a9b1312e0f succesfully
2025-03-16 11:04:14,714 pop.CCCL_generator_mixins INFO     mongo_db = TemporaryCCCLGenerator, topic = CCCL/PURBACHAL/ENM_01 created 67d65bce0974c8a9b1312e10 succesfully
2025-03-16 11:04:14,724 pop.CCCL_generator_mixins INFO     mongo_db = TodayCCCLGenerator, topic = CCCL/PURBACHAL/ENM_01 created 67d65bce0974c8a9b1312e11 succesfully
2025-03-16 11:04:19,394 pop.CCCL_environment_mixins INFO     mongo_db = CCCLEnvironment, topic = CCCL/PURBACHAL/ENV_01 created 67d65bd30974c8a9b1312e12 succesfully
2025-03-16 11:04:19,417 pop.CCCL_environment_mixins INFO     mongo_db = TemporaryCCCLEnvironment, topic = CCCL/PURBACHAL/ENV_01 created 67d65bd30974c8a9b1312e13 succesfully
2025-03-16 11:04:19,435 pop.CCCL_environment_mixins INFO     mongo_db = TodayCCCLEnvironment, topic = CCCL/PURBACHAL/ENV_01 created 67d65bd30974c8a9b1312e14 succesfully
2025-03-16 11:04:49,808 pop.CCCL_environment_mixins INFO     mongo_db = CCCLEnvironment, topic = CCCL/PURBACHAL/ENV_01 created 67d65bf10974c8a9b1312e15 succesfully
2025-03-16 11:04:49,824 pop.CCCL_environment_mixins INFO     mongo_db = TemporaryCCCLEnvironment, topic = CCCL/PURBACHAL/ENV_01 created 67d65bf10974c8a9b1312e16 succesfully
2025-03-16 11:04:49,833 pop.CCCL_environment_mixins INFO     mongo_db = TodayCCCLEnvironment, topic = CCCL/PURBACHAL/ENV_01 created 67d65bf10974c8a9b1312e17 succesfully
2025-03-16 11:04:55,194 pop.CPM_RT_mixins INFO     mongo_db = RTModelCPM, topic = MQTT_RT_DATA created 67d65bf70974c8a9b1312e18 succesfully
2025-03-16 11:04:55,206 pop.CPM_RT_mixins INFO     mongo_db = TemporaryRTModelCPM, topic = MQTT_RT_DATA created 67d65bf70974c8a9b1312e19 succesfully
2025-03-16 11:04:55,216 pop.CPM_RT_mixins INFO     mongo_db = TodayRTModelCPM, topic = MQTT_RT_DATA created 67d65bf70974c8a9b1312e1a succesfully
2025-03-16 11:05:14,689 pop.CCCL_generator_mixins INFO     mongo_db = CCCLGenerator, topic = CCCL/PURBACHAL/ENM_01 created 67d65c0a0974c8a9b1312e1b succesfully
2025-03-16 11:05:14,700 pop.CCCL_generator_mixins INFO     mongo_db = TemporaryCCCLGenerator, topic = CCCL/PURBACHAL/ENM_01 created 67d65c0a0974c8a9b1312e1c succesfully
2025-03-16 11:05:14,711 pop.CCCL_generator_mixins INFO     mongo_db = TodayCCCLGenerator, topic = CCCL/PURBACHAL/ENM_01 created 67d65c0a0974c8a9b1312e1d succesfully
2025-03-16 11:05:20,121 pop.CCCL_environment_mixins INFO     mongo_db = CCCLEnvironment, topic = CCCL/PURBACHAL/ENV_01 created 67d65c100974c8a9b1312e1e succesfully
2025-03-16 11:05:20,144 pop.CCCL_environment_mixins INFO     mongo_db = TemporaryCCCLEnvironment, topic = CCCL/PURBACHAL/ENV_01 created 67d65c100974c8a9b1312e1f succesfully
2025-03-16 11:05:20,153 pop.CCCL_environment_mixins INFO     mongo_db = TodayCCCLEnvironment, topic = CCCL/PURBACHAL/ENV_01 created 67d65c100974c8a9b1312e20 succesfully
2025-03-16 11:05:26,990 pop.CPM_RT_mixins INFO     mongo_db = RTModelCPM, topic = MQTT_RT_DATA created 67d65c160974c8a9b1312e21 succesfully
2025-03-16 11:05:27,005 pop.CPM_RT_mixins INFO     mongo_db = TemporaryRTModelCPM, topic = MQTT_RT_DATA created 67d65c170974c8a9b1312e22 succesfully
2025-03-16 11:05:27,018 pop.CPM_RT_mixins INFO     mongo_db = TodayRTModelCPM, topic = MQTT_RT_DATA created 67d65c170974c8a9b1312e23 succesfully
2025-03-16 11:05:50,446 pop.CCCL_environment_mixins INFO     mongo_db = CCCLEnvironment, topic = CCCL/PURBACHAL/ENV_01 created 67d65c2e0974c8a9b1312e24 succesfully
2025-03-16 11:05:50,458 pop.CCCL_environment_mixins INFO     mongo_db = TemporaryCCCLEnvironment, topic = CCCL/PURBACHAL/ENV_01 created 67d65c2e0974c8a9b1312e25 succesfully
2025-03-16 11:05:50,468 pop.CCCL_environment_mixins INFO     mongo_db = TodayCCCLEnvironment, topic = CCCL/PURBACHAL/ENV_01 created 67d65c2e0974c8a9b1312e26 succesfully
2025-03-16 11:05:56,627 pop.CPM_RT_mixins INFO     mongo_db = RTModelCPM, topic = MQTT_RT_DATA created 67d65c340974c8a9b1312e27 succesfully
2025-03-16 11:05:56,648 pop.CPM_RT_mixins INFO     mongo_db = TemporaryRTModelCPM, topic = MQTT_RT_DATA created 67d65c340974c8a9b1312e28 succesfully
2025-03-16 11:05:56,665 pop.CPM_RT_mixins INFO     mongo_db = TodayRTModelCPM, topic = MQTT_RT_DATA created 67d65c340974c8a9b1312e29 succesfully
2025-03-16 11:06:14,709 pop.CCCL_generator_mixins INFO     mongo_db = CCCLGenerator, topic = CCCL/PURBACHAL/ENM_01 created 67d65c460974c8a9b1312e2a succesfully
2025-03-16 11:06:14,725 pop.CCCL_generator_mixins INFO     mongo_db = TemporaryCCCLGenerator, topic = CCCL/PURBACHAL/ENM_01 created 67d65c460974c8a9b1312e2b succesfully
2025-03-16 11:06:14,736 pop.CCCL_generator_mixins INFO     mongo_db = TodayCCCLGenerator, topic = CCCL/PURBACHAL/ENM_01 created 67d65c460974c8a9b1312e2c succesfully
2025-03-16 11:06:20,748 pop.CCCL_environment_mixins INFO     mongo_db = CCCLEnvironment, topic = CCCL/PURBACHAL/ENV_01 created 67d65c4c0974c8a9b1312e2d succesfully
2025-03-16 11:06:20,771 pop.CCCL_environment_mixins INFO     mongo_db = TemporaryCCCLEnvironment, topic = CCCL/PURBACHAL/ENV_01 created 67d65c4c0974c8a9b1312e2e succesfully
2025-03-16 11:06:20,780 pop.CCCL_environment_mixins INFO     mongo_db = TodayCCCLEnvironment, topic = CCCL/PURBACHAL/ENV_01 created 67d65c4c0974c8a9b1312e2f succesfully
2025-03-16 11:06:25,810 pop.CPM_RT_mixins INFO     mongo_db = RTModelCPM, topic = MQTT_RT_DATA created 67d65c510974c8a9b1312e30 succesfully
2025-03-16 11:06:25,823 pop.CPM_RT_mixins INFO     mongo_db = TemporaryRTModelCPM, topic = MQTT_RT_DATA created 67d65c510974c8a9b1312e31 succesfully
2025-03-16 11:06:25,837 pop.CPM_RT_mixins INFO     mongo_db = TodayRTModelCPM, topic = MQTT_RT_DATA created 67d65c510974c8a9b1312e32 succesfully
2025-03-16 11:06:51,167 pop.CCCL_environment_mixins INFO     mongo_db = CCCLEnvironment, topic = CCCL/PURBACHAL/ENV_01 created 67d65c6b0974c8a9b1312e33 succesfully
2025-03-16 11:06:51,189 pop.CCCL_environment_mixins INFO     mongo_db = TemporaryCCCLEnvironment, topic = CCCL/PURBACHAL/ENV_01 created 67d65c6b0974c8a9b1312e34 succesfully
2025-03-16 11:06:51,203 pop.CCCL_environment_mixins INFO     mongo_db = TodayCCCLEnvironment, topic = CCCL/PURBACHAL/ENV_01 created 67d65c6b0974c8a9b1312e35 succesfully
2025-03-16 11:06:55,259 pop.CPM_RT_mixins INFO     mongo_db = RTModelCPM, topic = MQTT_RT_DATA created 67d65c6f0974c8a9b1312e36 succesfully
2025-03-16 11:06:55,270 pop.CPM_RT_mixins INFO     mongo_db = TemporaryRTModelCPM, topic = MQTT_RT_DATA created 67d65c6f0974c8a9b1312e37 succesfully
2025-03-16 11:06:55,284 pop.CPM_RT_mixins INFO     mongo_db = TodayRTModelCPM, topic = MQTT_RT_DATA created 67d65c6f0974c8a9b1312e38 succesfully
2025-03-16 11:07:14,716 pop.CCCL_generator_mixins INFO     mongo_db = CCCLGenerator, topic = CCCL/PURBACHAL/ENM_01 created 67d65c820974c8a9b1312e39 succesfully
2025-03-16 11:07:14,731 pop.CCCL_generator_mixins INFO     mongo_db = TemporaryCCCLGenerator, topic = CCCL/PURBACHAL/ENM_01 created 67d65c820974c8a9b1312e3a succesfully
2025-03-16 11:07:14,743 pop.CCCL_generator_mixins INFO     mongo_db = TodayCCCLGenerator, topic = CCCL/PURBACHAL/ENM_01 created 67d65c820974c8a9b1312e3b succesfully
2025-03-16 11:07:21,458 pop.CCCL_environment_mixins INFO     mongo_db = CCCLEnvironment, topic = CCCL/PURBACHAL/ENV_01 created 67d65c890974c8a9b1312e3c succesfully
2025-03-16 11:07:21,466 pop.CCCL_environment_mixins INFO     mongo_db = TemporaryCCCLEnvironment, topic = CCCL/PURBACHAL/ENV_01 created 67d65c890974c8a9b1312e3d succesfully
2025-03-16 11:07:21,474 pop.CCCL_environment_mixins INFO     mongo_db = TodayCCCLEnvironment, topic = CCCL/PURBACHAL/ENV_01 created 67d65c890974c8a9b1312e3e succesfully
2025-03-16 11:07:51,793 pop.CCCL_environment_mixins INFO     mongo_db = CCCLEnvironment, topic = CCCL/PURBACHAL/ENV_01 created 67d65ca70974c8a9b1312e3f succesfully
2025-03-16 11:07:51,813 pop.CCCL_environment_mixins INFO     mongo_db = TemporaryCCCLEnvironment, topic = CCCL/PURBACHAL/ENV_01 created 67d65ca70974c8a9b1312e40 succesfully
2025-03-16 11:07:51,824 pop.CCCL_environment_mixins INFO     mongo_db = TodayCCCLEnvironment, topic = CCCL/PURBACHAL/ENV_01 created 67d65ca70974c8a9b1312e41 succesfully
2025-03-16 11:07:55,797 pop.CPM_RT_mixins INFO     mongo_db = RTModelCPM, topic = MQTT_RT_DATA created 67d65cab0974c8a9b1312e42 succesfully
2025-03-16 11:07:55,811 pop.CPM_RT_mixins INFO     mongo_db = TemporaryRTModelCPM, topic = MQTT_RT_DATA created 67d65cab0974c8a9b1312e43 succesfully
2025-03-16 11:07:55,823 pop.CPM_RT_mixins INFO     mongo_db = TodayRTModelCPM, topic = MQTT_RT_DATA created 67d65cab0974c8a9b1312e44 succesfully
2025-03-16 11:08:14,712 pop.CCCL_generator_mixins INFO     mongo_db = CCCLGenerator, topic = CCCL/PURBACHAL/ENM_01 created 67d65cbe0974c8a9b1312e45 succesfully
2025-03-16 11:08:14,727 pop.CCCL_generator_mixins INFO     mongo_db = TemporaryCCCLGenerator, topic = CCCL/PURBACHAL/ENM_01 created 67d65cbe0974c8a9b1312e46 succesfully
2025-03-16 11:08:14,738 pop.CCCL_generator_mixins INFO     mongo_db = TodayCCCLGenerator, topic = CCCL/PURBACHAL/ENM_01 created 67d65cbe0974c8a9b1312e47 succesfully
2025-03-16 11:08:22,091 pop.CCCL_environment_mixins INFO     mongo_db = CCCLEnvironment, topic = CCCL/PURBACHAL/ENV_01 created 67d65cc60974c8a9b1312e48 succesfully
2025-03-16 11:08:22,112 pop.CCCL_environment_mixins INFO     mongo_db = TemporaryCCCLEnvironment, topic = CCCL/PURBACHAL/ENV_01 created 67d65cc60974c8a9b1312e49 succesfully
2025-03-16 11:08:22,130 pop.CCCL_environment_mixins INFO     mongo_db = TodayCCCLEnvironment, topic = CCCL/PURBACHAL/ENV_01 created 67d65cc60974c8a9b1312e4a succesfully
2025-03-16 11:08:52,409 pop.CCCL_environment_mixins INFO     mongo_db = CCCLEnvironment, topic = CCCL/PURBACHAL/ENV_01 created 67d65ce40974c8a9b1312e4b succesfully
2025-03-16 11:08:52,436 pop.CCCL_environment_mixins INFO     mongo_db = TemporaryCCCLEnvironment, topic = CCCL/PURBACHAL/ENV_01 created 67d65ce40974c8a9b1312e4c succesfully
2025-03-16 11:08:52,453 pop.CCCL_environment_mixins INFO     mongo_db = TodayCCCLEnvironment, topic = CCCL/PURBACHAL/ENV_01 created 67d65ce40974c8a9b1312e4d succesfully
2025-03-16 11:08:55,846 pop.CPM_RT_mixins INFO     mongo_db = RTModelCPM, topic = MQTT_RT_DATA created 67d65ce70974c8a9b1312e4e succesfully
2025-03-16 11:08:55,857 pop.CPM_RT_mixins INFO     mongo_db = TemporaryRTModelCPM, topic = MQTT_RT_DATA created 67d65ce70974c8a9b1312e4f succesfully
2025-03-16 11:08:55,868 pop.CPM_RT_mixins INFO     mongo_db = TodayRTModelCPM, topic = MQTT_RT_DATA created 67d65ce70974c8a9b1312e50 succesfully
2025-03-16 11:09:14,712 pop.CCCL_generator_mixins INFO     mongo_db = CCCLGenerator, topic = CCCL/PURBACHAL/ENM_01 created 67d65cfa0974c8a9b1312e51 succesfully
2025-03-16 11:09:14,727 pop.CCCL_generator_mixins INFO     mongo_db = TemporaryCCCLGenerator, topic = CCCL/PURBACHAL/ENM_01 created 67d65cfa0974c8a9b1312e52 succesfully
2025-03-16 11:09:14,741 pop.CCCL_generator_mixins INFO     mongo_db = TodayCCCLGenerator, topic = CCCL/PURBACHAL/ENM_01 created 67d65cfa0974c8a9b1312e53 succesfully
2025-03-16 11:09:22,718 pop.CCCL_environment_mixins INFO     mongo_db = CCCLEnvironment, topic = CCCL/PURBACHAL/ENV_01 created 67d65d020974c8a9b1312e54 succesfully
2025-03-16 11:09:22,742 pop.CCCL_environment_mixins INFO     mongo_db = TemporaryCCCLEnvironment, topic = CCCL/PURBACHAL/ENV_01 created 67d65d020974c8a9b1312e55 succesfully
2025-03-16 11:09:22,752 pop.CCCL_environment_mixins INFO     mongo_db = TodayCCCLEnvironment, topic = CCCL/PURBACHAL/ENV_01 created 67d65d020974c8a9b1312e56 succesfully
2025-03-16 11:09:24,456 pop.CPM_RT_mixins INFO     mongo_db = RTModelCPM, topic = MQTT_RT_DATA created 67d65d040974c8a9b1312e57 succesfully
2025-03-16 11:09:24,470 pop.CPM_RT_mixins INFO     mongo_db = TemporaryRTModelCPM, topic = MQTT_RT_DATA created 67d65d040974c8a9b1312e58 succesfully
2025-03-16 11:09:24,483 pop.CPM_RT_mixins INFO     mongo_db = TodayRTModelCPM, topic = MQTT_RT_DATA created 67d65d040974c8a9b1312e59 succesfully
2025-03-16 11:09:53,029 pop.CCCL_environment_mixins INFO     mongo_db = CCCLEnvironment, topic = CCCL/PURBACHAL/ENV_01 created 67d65d210974c8a9b1312e5a succesfully
2025-03-16 11:09:53,052 pop.CCCL_environment_mixins INFO     mongo_db = TemporaryCCCLEnvironment, topic = CCCL/PURBACHAL/ENV_01 created 67d65d210974c8a9b1312e5b succesfully
2025-03-16 11:09:53,063 pop.CCCL_environment_mixins INFO     mongo_db = TodayCCCLEnvironment, topic = CCCL/PURBACHAL/ENV_01 created 67d65d210974c8a9b1312e5c succesfully
2025-03-16 11:09:53,833 pop.CPM_RT_mixins INFO     mongo_db = RTModelCPM, topic = MQTT_RT_DATA created 67d65d210974c8a9b1312e5d succesfully
2025-03-16 11:09:53,844 pop.CPM_RT_mixins INFO     mongo_db = TemporaryRTModelCPM, topic = MQTT_RT_DATA created 67d65d210974c8a9b1312e5e succesfully
2025-03-16 11:09:53,855 pop.CPM_RT_mixins INFO     mongo_db = TodayRTModelCPM, topic = MQTT_RT_DATA created 67d65d210974c8a9b1312e5f succesfully
2025-03-16 11:10:14,708 pop.CCCL_generator_mixins INFO     mongo_db = CCCLGenerator, topic = CCCL/PURBACHAL/ENM_01 created 67d65d360974c8a9b1312e60 succesfully
2025-03-16 11:10:14,722 pop.CCCL_generator_mixins INFO     mongo_db = TemporaryCCCLGenerator, topic = CCCL/PURBACHAL/ENM_01 created 67d65d360974c8a9b1312e61 succesfully
2025-03-16 11:10:14,732 pop.CCCL_generator_mixins INFO     mongo_db = TodayCCCLGenerator, topic = CCCL/PURBACHAL/ENM_01 created 67d65d360974c8a9b1312e62 succesfully
2025-03-16 11:10:23,335 pop.CCCL_environment_mixins INFO     mongo_db = CCCLEnvironment, topic = CCCL/PURBACHAL/ENV_01 created 67d65d3f0974c8a9b1312e63 succesfully
2025-03-16 11:10:23,348 pop.CCCL_environment_mixins INFO     mongo_db = TemporaryCCCLEnvironment, topic = CCCL/PURBACHAL/ENV_01 created 67d65d3f0974c8a9b1312e64 succesfully
2025-03-16 11:10:23,359 pop.CCCL_environment_mixins INFO     mongo_db = TodayCCCLEnvironment, topic = CCCL/PURBACHAL/ENV_01 created 67d65d3f0974c8a9b1312e65 succesfully
2025-03-16 11:10:53,623 pop.CPM_RT_mixins INFO     mongo_db = RTModelCPM, topic = MQTT_RT_DATA created 67d65d5d0974c8a9b1312e66 succesfully
2025-03-16 11:10:53,637 pop.CPM_RT_mixins INFO     mongo_db = TemporaryRTModelCPM, topic = MQTT_RT_DATA created 67d65d5d0974c8a9b1312e67 succesfully
2025-03-16 11:10:53,650 pop.CPM_RT_mixins INFO     mongo_db = TodayRTModelCPM, topic = MQTT_RT_DATA created 67d65d5d0974c8a9b1312e68 succesfully
2025-03-16 11:10:53,763 pop.CCCL_environment_mixins INFO     mongo_db = CCCLEnvironment, topic = CCCL/PURBACHAL/ENV_01 created 67d65d5d0974c8a9b1312e69 succesfully
2025-03-16 11:10:53,780 pop.CCCL_environment_mixins INFO     mongo_db = TemporaryCCCLEnvironment, topic = CCCL/PURBACHAL/ENV_01 created 67d65d5d0974c8a9b1312e6a succesfully
2025-03-16 11:10:53,794 pop.CCCL_environment_mixins INFO     mongo_db = TodayCCCLEnvironment, topic = CCCL/PURBACHAL/ENV_01 created 67d65d5d0974c8a9b1312e6b succesfully
2025-03-16 11:11:14,713 pop.CCCL_generator_mixins INFO     mongo_db = CCCLGenerator, topic = CCCL/PURBACHAL/ENM_01 created 67d65d720974c8a9b1312e6c succesfully
2025-03-16 11:11:14,733 pop.CCCL_generator_mixins INFO     mongo_db = TemporaryCCCLGenerator, topic = CCCL/PURBACHAL/ENM_01 created 67d65d720974c8a9b1312e6d succesfully
2025-03-16 11:11:14,744 pop.CCCL_generator_mixins INFO     mongo_db = TodayCCCLGenerator, topic = CCCL/PURBACHAL/ENM_01 created 67d65d720974c8a9b1312e6e succesfully
2025-03-16 11:11:23,895 pop.CPM_RT_mixins INFO     mongo_db = RTModelCPM, topic = MQTT_RT_DATA created 67d65d7b0974c8a9b1312e6f succesfully
2025-03-16 11:11:23,912 pop.CPM_RT_mixins INFO     mongo_db = TemporaryRTModelCPM, topic = MQTT_RT_DATA created 67d65d7b0974c8a9b1312e70 succesfully
2025-03-16 11:11:23,927 pop.CPM_RT_mixins INFO     mongo_db = TodayRTModelCPM, topic = MQTT_RT_DATA created 67d65d7b0974c8a9b1312e71 succesfully
2025-03-16 11:11:24,058 pop.CCCL_environment_mixins INFO     mongo_db = CCCLEnvironment, topic = CCCL/PURBACHAL/ENV_01 created 67d65d7c0974c8a9b1312e72 succesfully
2025-03-16 11:11:24,070 pop.CCCL_environment_mixins INFO     mongo_db = TemporaryCCCLEnvironment, topic = CCCL/PURBACHAL/ENV_01 created 67d65d7c0974c8a9b1312e73 succesfully
2025-03-16 11:11:24,080 pop.CCCL_environment_mixins INFO     mongo_db = TodayCCCLEnvironment, topic = CCCL/PURBACHAL/ENV_01 created 67d65d7c0974c8a9b1312e74 succesfully
2025-03-16 11:11:54,385 pop.CCCL_environment_mixins INFO     mongo_db = CCCLEnvironment, topic = CCCL/PURBACHAL/ENV_01 created 67d65d9a0974c8a9b1312e75 succesfully
2025-03-16 11:11:54,409 pop.CCCL_environment_mixins INFO     mongo_db = TemporaryCCCLEnvironment, topic = CCCL/PURBACHAL/ENV_01 created 67d65d9a0974c8a9b1312e76 succesfully
2025-03-16 11:11:54,420 pop.CCCL_environment_mixins INFO     mongo_db = TodayCCCLEnvironment, topic = CCCL/PURBACHAL/ENV_01 created 67d65d9a0974c8a9b1312e77 succesfully
2025-03-16 11:11:54,462 pop.CPM_RT_mixins INFO     mongo_db = RTModelCPM, topic = MQTT_RT_DATA created 67d65d9a0974c8a9b1312e78 succesfully
2025-03-16 11:11:54,472 pop.CPM_RT_mixins INFO     mongo_db = TemporaryRTModelCPM, topic = MQTT_RT_DATA created 67d65d9a0974c8a9b1312e79 succesfully
2025-03-16 11:11:54,484 pop.CPM_RT_mixins INFO     mongo_db = TodayRTModelCPM, topic = MQTT_RT_DATA created 67d65d9a0974c8a9b1312e7a succesfully
2025-03-16 11:12:14,710 pop.CCCL_generator_mixins INFO     mongo_db = CCCLGenerator, topic = CCCL/PURBACHAL/ENM_01 created 67d65dae0974c8a9b1312e7b succesfully
2025-03-16 11:12:14,724 pop.CCCL_generator_mixins INFO     mongo_db = TemporaryCCCLGenerator, topic = CCCL/PURBACHAL/ENM_01 created 67d65dae0974c8a9b1312e7c succesfully
2025-03-16 11:12:14,740 pop.CCCL_generator_mixins INFO     mongo_db = TodayCCCLGenerator, topic = CCCL/PURBACHAL/ENM_01 created 67d65dae0974c8a9b1312e7d succesfully
2025-03-16 11:12:24,475 pop.CPM_RT_mixins INFO     mongo_db = RTModelCPM, topic = MQTT_RT_DATA created 67d65db80974c8a9b1312e7e succesfully
2025-03-16 11:12:24,487 pop.CPM_RT_mixins INFO     mongo_db = TemporaryRTModelCPM, topic = MQTT_RT_DATA created 67d65db80974c8a9b1312e7f succesfully
2025-03-16 11:12:24,499 pop.CPM_RT_mixins INFO     mongo_db = TodayRTModelCPM, topic = MQTT_RT_DATA created 67d65db80974c8a9b1312e80 succesfully
2025-03-16 11:12:24,693 pop.CCCL_environment_mixins INFO     mongo_db = CCCLEnvironment, topic = CCCL/PURBACHAL/ENV_01 created 67d65db80974c8a9b1312e81 succesfully
2025-03-16 11:12:24,716 pop.CCCL_environment_mixins INFO     mongo_db = TemporaryCCCLEnvironment, topic = CCCL/PURBACHAL/ENV_01 created 67d65db80974c8a9b1312e82 succesfully
2025-03-16 11:12:24,733 pop.CCCL_environment_mixins INFO     mongo_db = TodayCCCLEnvironment, topic = CCCL/PURBACHAL/ENV_01 created 67d65db80974c8a9b1312e83 succesfully
2025-03-16 11:12:54,416 pop.CPM_RT_mixins INFO     mongo_db = RTModelCPM, topic = MQTT_RT_DATA created 67d65dd60974c8a9b1312e84 succesfully
2025-03-16 11:12:54,427 pop.CPM_RT_mixins INFO     mongo_db = TemporaryRTModelCPM, topic = MQTT_RT_DATA created 67d65dd60974c8a9b1312e85 succesfully
2025-03-16 11:12:54,437 pop.CPM_RT_mixins INFO     mongo_db = TodayRTModelCPM, topic = MQTT_RT_DATA created 67d65dd60974c8a9b1312e86 succesfully
2025-03-16 11:12:55,008 pop.CCCL_environment_mixins INFO     mongo_db = CCCLEnvironment, topic = CCCL/PURBACHAL/ENV_01 created 67d65dd70974c8a9b1312e87 succesfully
2025-03-16 11:12:55,020 pop.CCCL_environment_mixins INFO     mongo_db = TemporaryCCCLEnvironment, topic = CCCL/PURBACHAL/ENV_01 created 67d65dd70974c8a9b1312e88 succesfully
2025-03-16 11:12:55,028 pop.CCCL_environment_mixins INFO     mongo_db = TodayCCCLEnvironment, topic = CCCL/PURBACHAL/ENV_01 created 67d65dd70974c8a9b1312e89 succesfully
2025-03-16 11:13:14,698 pop.CCCL_generator_mixins INFO     mongo_db = CCCLGenerator, topic = CCCL/PURBACHAL/ENM_01 created 67d65dea0974c8a9b1312e8a succesfully
2025-03-16 11:13:14,711 pop.CCCL_generator_mixins INFO     mongo_db = TemporaryCCCLGenerator, topic = CCCL/PURBACHAL/ENM_01 created 67d65dea0974c8a9b1312e8b succesfully
2025-03-16 11:13:14,724 pop.CCCL_generator_mixins INFO     mongo_db = TodayCCCLGenerator, topic = CCCL/PURBACHAL/ENM_01 created 67d65dea0974c8a9b1312e8c succesfully
2025-03-16 11:13:25,316 pop.CCCL_environment_mixins INFO     mongo_db = CCCLEnvironment, topic = CCCL/PURBACHAL/ENV_01 created 67d65df50974c8a9b1312e8d succesfully
2025-03-16 11:13:25,337 pop.CCCL_environment_mixins INFO     mongo_db = TemporaryCCCLEnvironment, topic = CCCL/PURBACHAL/ENV_01 created 67d65df50974c8a9b1312e8e succesfully
2025-03-16 11:13:25,352 pop.CCCL_environment_mixins INFO     mongo_db = TodayCCCLEnvironment, topic = CCCL/PURBACHAL/ENV_01 created 67d65df50974c8a9b1312e8f succesfully
2025-03-16 11:13:53,655 pop.CPM_RT_mixins INFO     mongo_db = RTModelCPM, topic = MQTT_RT_DATA created 67d65e110974c8a9b1312e90 succesfully
2025-03-16 11:13:53,667 pop.CPM_RT_mixins INFO     mongo_db = TemporaryRTModelCPM, topic = MQTT_RT_DATA created 67d65e110974c8a9b1312e91 succesfully
2025-03-16 11:13:53,678 pop.CPM_RT_mixins INFO     mongo_db = TodayRTModelCPM, topic = MQTT_RT_DATA created 67d65e110974c8a9b1312e92 succesfully
2025-03-16 11:13:55,629 pop.CCCL_environment_mixins INFO     mongo_db = CCCLEnvironment, topic = CCCL/PURBACHAL/ENV_01 created 67d65e130974c8a9b1312e93 succesfully
2025-03-16 11:13:55,652 pop.CCCL_environment_mixins INFO     mongo_db = TemporaryCCCLEnvironment, topic = CCCL/PURBACHAL/ENV_01 created 67d65e130974c8a9b1312e94 succesfully
2025-03-16 11:13:55,669 pop.CCCL_environment_mixins INFO     mongo_db = TodayCCCLEnvironment, topic = CCCL/PURBACHAL/ENV_01 created 67d65e130974c8a9b1312e95 succesfully
2025-03-16 11:14:14,691 pop.CCCL_generator_mixins INFO     mongo_db = CCCLGenerator, topic = CCCL/PURBACHAL/ENM_01 created 67d65e260974c8a9b1312e96 succesfully
2025-03-16 11:14:14,703 pop.CCCL_generator_mixins INFO     mongo_db = TemporaryCCCLGenerator, topic = CCCL/PURBACHAL/ENM_01 created 67d65e260974c8a9b1312e97 succesfully
2025-03-16 11:14:14,718 pop.CCCL_generator_mixins INFO     mongo_db = TodayCCCLGenerator, topic = CCCL/PURBACHAL/ENM_01 created 67d65e260974c8a9b1312e98 succesfully
2025-03-16 11:14:23,645 pop.CPM_RT_mixins INFO     mongo_db = RTModelCPM, topic = MQTT_RT_DATA created 67d65e2f0974c8a9b1312e99 succesfully
2025-03-16 11:14:23,662 pop.CPM_RT_mixins INFO     mongo_db = TemporaryRTModelCPM, topic = MQTT_RT_DATA created 67d65e2f0974c8a9b1312e9a succesfully
2025-03-16 11:14:23,672 pop.CPM_RT_mixins INFO     mongo_db = TodayRTModelCPM, topic = MQTT_RT_DATA created 67d65e2f0974c8a9b1312e9b succesfully
2025-03-16 11:14:25,947 pop.CCCL_environment_mixins INFO     mongo_db = CCCLEnvironment, topic = CCCL/PURBACHAL/ENV_01 created 67d65e310974c8a9b1312e9c succesfully
2025-03-16 11:14:25,960 pop.CCCL_environment_mixins INFO     mongo_db = TemporaryCCCLEnvironment, topic = CCCL/PURBACHAL/ENV_01 created 67d65e310974c8a9b1312e9d succesfully
2025-03-16 11:14:25,971 pop.CCCL_environment_mixins INFO     mongo_db = TodayCCCLEnvironment, topic = CCCL/PURBACHAL/ENV_01 created 67d65e310974c8a9b1312e9e succesfully
2025-03-16 11:14:54,275 pop.CPM_RT_mixins INFO     mongo_db = RTModelCPM, topic = MQTT_RT_DATA created 67d65e4e0974c8a9b1312e9f succesfully
2025-03-16 11:14:54,288 pop.CPM_RT_mixins INFO     mongo_db = TemporaryRTModelCPM, topic = MQTT_RT_DATA created 67d65e4e0974c8a9b1312ea0 succesfully
2025-03-16 11:14:54,299 pop.CPM_RT_mixins INFO     mongo_db = TodayRTModelCPM, topic = MQTT_RT_DATA created 67d65e4e0974c8a9b1312ea1 succesfully
2025-03-16 11:14:56,341 pop.CCCL_environment_mixins INFO     mongo_db = CCCLEnvironment, topic = CCCL/PURBACHAL/ENV_01 created 67d65e500974c8a9b1312ea2 succesfully
2025-03-16 11:14:56,352 pop.CCCL_environment_mixins INFO     mongo_db = TemporaryCCCLEnvironment, topic = CCCL/PURBACHAL/ENV_01 created 67d65e500974c8a9b1312ea3 succesfully
2025-03-16 11:14:56,361 pop.CCCL_environment_mixins INFO     mongo_db = TodayCCCLEnvironment, topic = CCCL/PURBACHAL/ENV_01 created 67d65e500974c8a9b1312ea4 succesfully
2025-03-16 11:15:14,685 pop.CCCL_generator_mixins INFO     mongo_db = CCCLGenerator, topic = CCCL/PURBACHAL/ENM_01 created 67d65e620974c8a9b1312ea5 succesfully
2025-03-16 11:15:14,696 pop.CCCL_generator_mixins INFO     mongo_db = TemporaryCCCLGenerator, topic = CCCL/PURBACHAL/ENM_01 created 67d65e620974c8a9b1312ea6 succesfully
2025-03-16 11:15:14,707 pop.CCCL_generator_mixins INFO     mongo_db = TodayCCCLGenerator, topic = CCCL/PURBACHAL/ENM_01 created 67d65e620974c8a9b1312ea7 succesfully
2025-03-16 11:15:23,659 pop.CPM_RT_mixins INFO     mongo_db = RTModelCPM, topic = MQTT_RT_DATA created 67d65e6b0974c8a9b1312ea8 succesfully
2025-03-16 11:15:23,672 pop.CPM_RT_mixins INFO     mongo_db = TemporaryRTModelCPM, topic = MQTT_RT_DATA created 67d65e6b0974c8a9b1312ea9 succesfully
2025-03-16 11:15:23,688 pop.CPM_RT_mixins INFO     mongo_db = TodayRTModelCPM, topic = MQTT_RT_DATA created 67d65e6b0974c8a9b1312eaa succesfully
2025-03-16 11:15:26,668 pop.CCCL_environment_mixins INFO     mongo_db = CCCLEnvironment, topic = CCCL/PURBACHAL/ENV_01 created 67d65e6e0974c8a9b1312eab succesfully
2025-03-16 11:15:26,697 pop.CCCL_environment_mixins INFO     mongo_db = TemporaryCCCLEnvironment, topic = CCCL/PURBACHAL/ENV_01 created 67d65e6e0974c8a9b1312eac succesfully
2025-03-16 11:15:26,710 pop.CCCL_environment_mixins INFO     mongo_db = TodayCCCLEnvironment, topic = CCCL/PURBACHAL/ENV_01 created 67d65e6e0974c8a9b1312ead succesfully
2025-03-16 11:15:53,764 pop.CPM_RT_mixins INFO     mongo_db = RTModelCPM, topic = MQTT_RT_DATA created 67d65e890974c8a9b1312eae succesfully
2025-03-16 11:15:53,776 pop.CPM_RT_mixins INFO     mongo_db = TemporaryRTModelCPM, topic = MQTT_RT_DATA created 67d65e890974c8a9b1312eaf succesfully
2025-03-16 11:15:53,791 pop.CPM_RT_mixins INFO     mongo_db = TodayRTModelCPM, topic = MQTT_RT_DATA created 67d65e890974c8a9b1312eb0 succesfully
2025-03-16 11:15:56,982 pop.CCCL_environment_mixins INFO     mongo_db = CCCLEnvironment, topic = CCCL/PURBACHAL/ENV_01 created 67d65e8c0974c8a9b1312eb1 succesfully
2025-03-16 11:15:57,008 pop.CCCL_environment_mixins INFO     mongo_db = TemporaryCCCLEnvironment, topic = CCCL/PURBACHAL/ENV_01 created 67d65e8d0974c8a9b1312eb2 succesfully
2025-03-16 11:15:57,023 pop.CCCL_environment_mixins INFO     mongo_db = TodayCCCLEnvironment, topic = CCCL/PURBACHAL/ENV_01 created 67d65e8d0974c8a9b1312eb3 succesfully
2025-03-16 11:16:14,704 pop.CCCL_generator_mixins INFO     mongo_db = CCCLGenerator, topic = CCCL/PURBACHAL/ENM_01 created 67d65e9e0974c8a9b1312eb4 succesfully
2025-03-16 11:16:14,715 pop.CCCL_generator_mixins INFO     mongo_db = TemporaryCCCLGenerator, topic = CCCL/PURBACHAL/ENM_01 created 67d65e9e0974c8a9b1312eb5 succesfully
2025-03-16 11:16:14,724 pop.CCCL_generator_mixins INFO     mongo_db = TodayCCCLGenerator, topic = CCCL/PURBACHAL/ENM_01 created 67d65e9e0974c8a9b1312eb6 succesfully
2025-03-16 11:16:27,192 pop.CCCL_environment_mixins INFO     mongo_db = CCCLEnvironment, topic = CCCL/PURBACHAL/ENV_01 created 67d65eab0974c8a9b1312eb7 succesfully
2025-03-16 11:16:27,213 pop.CCCL_environment_mixins INFO     mongo_db = TemporaryCCCLEnvironment, topic = CCCL/PURBACHAL/ENV_01 created 67d65eab0974c8a9b1312eb8 succesfully
2025-03-16 11:16:27,228 pop.CCCL_environment_mixins INFO     mongo_db = TodayCCCLEnvironment, topic = CCCL/PURBACHAL/ENV_01 created 67d65eab0974c8a9b1312eb9 succesfully
2025-03-16 11:16:54,333 pop.CPM_RT_mixins INFO     mongo_db = RTModelCPM, topic = MQTT_RT_DATA created 67d65ec60974c8a9b1312eba succesfully
2025-03-16 11:16:54,345 pop.CPM_RT_mixins INFO     mongo_db = TemporaryRTModelCPM, topic = MQTT_RT_DATA created 67d65ec60974c8a9b1312ebb succesfully
2025-03-16 11:16:54,356 pop.CPM_RT_mixins INFO     mongo_db = TodayRTModelCPM, topic = MQTT_RT_DATA created 67d65ec60974c8a9b1312ebc succesfully
2025-03-16 11:16:57,603 pop.CCCL_environment_mixins INFO     mongo_db = CCCLEnvironment, topic = CCCL/PURBACHAL/ENV_01 created 67d65ec90974c8a9b1312ebd succesfully
2025-03-16 11:16:57,624 pop.CCCL_environment_mixins INFO     mongo_db = TemporaryCCCLEnvironment, topic = CCCL/PURBACHAL/ENV_01 created 67d65ec90974c8a9b1312ebe succesfully
2025-03-16 11:16:57,635 pop.CCCL_environment_mixins INFO     mongo_db = TodayCCCLEnvironment, topic = CCCL/PURBACHAL/ENV_01 created 67d65ec90974c8a9b1312ebf succesfully
2025-03-16 11:17:14,699 pop.CCCL_generator_mixins INFO     mongo_db = CCCLGenerator, topic = CCCL/PURBACHAL/ENM_01 created 67d65eda0974c8a9b1312ec0 succesfully
2025-03-16 11:17:14,715 pop.CCCL_generator_mixins INFO     mongo_db = TemporaryCCCLGenerator, topic = CCCL/PURBACHAL/ENM_01 created 67d65eda0974c8a9b1312ec1 succesfully
2025-03-16 11:17:14,727 pop.CCCL_generator_mixins INFO     mongo_db = TodayCCCLGenerator, topic = CCCL/PURBACHAL/ENM_01 created 67d65eda0974c8a9b1312ec2 succesfully
2025-03-16 11:17:24,099 pop.CPM_RT_mixins INFO     mongo_db = RTModelCPM, topic = MQTT_RT_DATA created 67d65ee40974c8a9b1312ec3 succesfully
2025-03-16 11:17:24,115 pop.CPM_RT_mixins INFO     mongo_db = TemporaryRTModelCPM, topic = MQTT_RT_DATA created 67d65ee40974c8a9b1312ec4 succesfully
2025-03-16 11:17:24,130 pop.CPM_RT_mixins INFO     mongo_db = TodayRTModelCPM, topic = MQTT_RT_DATA created 67d65ee40974c8a9b1312ec5 succesfully
2025-03-16 11:17:27,919 pop.CCCL_environment_mixins INFO     mongo_db = CCCLEnvironment, topic = CCCL/PURBACHAL/ENV_01 created 67d65ee70974c8a9b1312ec6 succesfully
2025-03-16 11:17:27,932 pop.CCCL_environment_mixins INFO     mongo_db = TemporaryCCCLEnvironment, topic = CCCL/PURBACHAL/ENV_01 created 67d65ee70974c8a9b1312ec7 succesfully
2025-03-16 11:17:27,941 pop.CCCL_environment_mixins INFO     mongo_db = TodayCCCLEnvironment, topic = CCCL/PURBACHAL/ENV_01 created 67d65ee70974c8a9b1312ec8 succesfully
2025-03-16 11:17:53,396 pop.CPM_RT_mixins INFO     mongo_db = RTModelCPM, topic = MQTT_RT_DATA created 67d65f010974c8a9b1312ec9 succesfully
2025-03-16 11:17:53,406 pop.CPM_RT_mixins INFO     mongo_db = TemporaryRTModelCPM, topic = MQTT_RT_DATA created 67d65f010974c8a9b1312eca succesfully
2025-03-16 11:17:53,415 pop.CPM_RT_mixins INFO     mongo_db = TodayRTModelCPM, topic = MQTT_RT_DATA created 67d65f010974c8a9b1312ecb succesfully
2025-03-16 11:17:58,230 pop.CCCL_environment_mixins INFO     mongo_db = CCCLEnvironment, topic = CCCL/PURBACHAL/ENV_01 created 67d65f060974c8a9b1312ecc succesfully
2025-03-16 11:17:58,250 pop.CCCL_environment_mixins INFO     mongo_db = TemporaryCCCLEnvironment, topic = CCCL/PURBACHAL/ENV_01 created 67d65f060974c8a9b1312ecd succesfully
2025-03-16 11:17:58,261 pop.CCCL_environment_mixins INFO     mongo_db = TodayCCCLEnvironment, topic = CCCL/PURBACHAL/ENV_01 created 67d65f060974c8a9b1312ece succesfully
2025-03-16 11:18:14,690 pop.CCCL_generator_mixins INFO     mongo_db = CCCLGenerator, topic = CCCL/PURBACHAL/ENM_01 created 67d65f160974c8a9b1312ecf succesfully
2025-03-16 11:18:14,706 pop.CCCL_generator_mixins INFO     mongo_db = TemporaryCCCLGenerator, topic = CCCL/PURBACHAL/ENM_01 created 67d65f160974c8a9b1312ed0 succesfully
2025-03-16 11:18:14,717 pop.CCCL_generator_mixins INFO     mongo_db = TodayCCCLGenerator, topic = CCCL/PURBACHAL/ENM_01 created 67d65f160974c8a9b1312ed1 succesfully
2025-03-16 11:18:24,501 pop.CPM_RT_mixins INFO     mongo_db = RTModelCPM, topic = MQTT_RT_DATA created 67d65f200974c8a9b1312ed2 succesfully
2025-03-16 11:18:24,512 pop.CPM_RT_mixins INFO     mongo_db = TemporaryRTModelCPM, topic = MQTT_RT_DATA created 67d65f200974c8a9b1312ed3 succesfully
2025-03-16 11:18:24,522 pop.CPM_RT_mixins INFO     mongo_db = TodayRTModelCPM, topic = MQTT_RT_DATA created 67d65f200974c8a9b1312ed4 succesfully
2025-03-16 11:18:28,546 pop.CCCL_environment_mixins INFO     mongo_db = CCCLEnvironment, topic = CCCL/PURBACHAL/ENV_01 created 67d65f240974c8a9b1312ed5 succesfully
2025-03-16 11:18:28,575 pop.CCCL_environment_mixins INFO     mongo_db = TemporaryCCCLEnvironment, topic = CCCL/PURBACHAL/ENV_01 created 67d65f240974c8a9b1312ed6 succesfully
2025-03-16 11:18:28,594 pop.CCCL_environment_mixins INFO     mongo_db = TodayCCCLEnvironment, topic = CCCL/PURBACHAL/ENV_01 created 67d65f240974c8a9b1312ed7 succesfully
2025-03-16 11:18:54,082 pop.CPM_RT_mixins INFO     mongo_db = RTModelCPM, topic = MQTT_RT_DATA created 67d65f3e0974c8a9b1312ed8 succesfully
2025-03-16 11:18:54,095 pop.CPM_RT_mixins INFO     mongo_db = TemporaryRTModelCPM, topic = MQTT_RT_DATA created 67d65f3e0974c8a9b1312ed9 succesfully
2025-03-16 11:18:54,109 pop.CPM_RT_mixins INFO     mongo_db = TodayRTModelCPM, topic = MQTT_RT_DATA created 67d65f3e0974c8a9b1312eda succesfully
2025-03-16 11:18:58,858 pop.CCCL_environment_mixins INFO     mongo_db = CCCLEnvironment, topic = CCCL/PURBACHAL/ENV_01 created 67d65f420974c8a9b1312edb succesfully
2025-03-16 11:18:58,870 pop.CCCL_environment_mixins INFO     mongo_db = TemporaryCCCLEnvironment, topic = CCCL/PURBACHAL/ENV_01 created 67d65f420974c8a9b1312edc succesfully
2025-03-16 11:18:58,882 pop.CCCL_environment_mixins INFO     mongo_db = TodayCCCLEnvironment, topic = CCCL/PURBACHAL/ENV_01 created 67d65f420974c8a9b1312edd succesfully
2025-03-16 11:19:14,690 pop.CCCL_generator_mixins INFO     mongo_db = CCCLGenerator, topic = CCCL/PURBACHAL/ENM_01 created 67d65f520974c8a9b1312ede succesfully
2025-03-16 11:19:14,703 pop.CCCL_generator_mixins INFO     mongo_db = TemporaryCCCLGenerator, topic = CCCL/PURBACHAL/ENM_01 created 67d65f520974c8a9b1312edf succesfully
2025-03-16 11:19:14,713 pop.CCCL_generator_mixins INFO     mongo_db = TodayCCCLGenerator, topic = CCCL/PURBACHAL/ENM_01 created 67d65f520974c8a9b1312ee0 succesfully
2025-03-16 11:19:23,581 pop.CPM_RT_mixins INFO     mongo_db = RTModelCPM, topic = MQTT_RT_DATA created 67d65f5b0974c8a9b1312ee1 succesfully
2025-03-16 11:19:23,595 pop.CPM_RT_mixins INFO     mongo_db = TemporaryRTModelCPM, topic = MQTT_RT_DATA created 67d65f5b0974c8a9b1312ee2 succesfully
2025-03-16 11:19:23,606 pop.CPM_RT_mixins INFO     mongo_db = TodayRTModelCPM, topic = MQTT_RT_DATA created 67d65f5b0974c8a9b1312ee3 succesfully
2025-03-16 11:19:29,116 pop.CCCL_environment_mixins INFO     mongo_db = CCCLEnvironment, topic = CCCL/PURBACHAL/ENV_01 created 67d65f610974c8a9b1312ee4 succesfully
2025-03-16 11:19:29,127 pop.CCCL_environment_mixins INFO     mongo_db = TemporaryCCCLEnvironment, topic = CCCL/PURBACHAL/ENV_01 created 67d65f610974c8a9b1312ee5 succesfully
2025-03-16 11:19:29,138 pop.CCCL_environment_mixins INFO     mongo_db = TodayCCCLEnvironment, topic = CCCL/PURBACHAL/ENV_01 created 67d65f610974c8a9b1312ee6 succesfully
2025-03-16 11:19:54,233 pop.CPM_RT_mixins INFO     mongo_db = RTModelCPM, topic = MQTT_RT_DATA created 67d65f7a0974c8a9b1312ee7 succesfully
2025-03-16 11:19:54,244 pop.CPM_RT_mixins INFO     mongo_db = TemporaryRTModelCPM, topic = MQTT_RT_DATA created 67d65f7a0974c8a9b1312ee8 succesfully
2025-03-16 11:19:54,255 pop.CPM_RT_mixins INFO     mongo_db = TodayRTModelCPM, topic = MQTT_RT_DATA created 67d65f7a0974c8a9b1312ee9 succesfully
2025-03-16 11:19:59,464 pop.CCCL_environment_mixins INFO     mongo_db = CCCLEnvironment, topic = CCCL/PURBACHAL/ENV_01 created 67d65f7f0974c8a9b1312eea succesfully
2025-03-16 11:19:59,472 pop.CCCL_environment_mixins INFO     mongo_db = TemporaryCCCLEnvironment, topic = CCCL/PURBACHAL/ENV_01 created 67d65f7f0974c8a9b1312eeb succesfully
2025-03-16 11:19:59,482 pop.CCCL_environment_mixins INFO     mongo_db = TodayCCCLEnvironment, topic = CCCL/PURBACHAL/ENV_01 created 67d65f7f0974c8a9b1312eec succesfully
2025-03-16 11:20:14,706 pop.CCCL_generator_mixins INFO     mongo_db = CCCLGenerator, topic = CCCL/PURBACHAL/ENM_01 created 67d65f8e0974c8a9b1312eed succesfully
2025-03-16 11:20:14,720 pop.CCCL_generator_mixins INFO     mongo_db = TemporaryCCCLGenerator, topic = CCCL/PURBACHAL/ENM_01 created 67d65f8e0974c8a9b1312eee succesfully
2025-03-16 11:20:14,741 pop.CCCL_generator_mixins INFO     mongo_db = TodayCCCLGenerator, topic = CCCL/PURBACHAL/ENM_01 created 67d65f8e0974c8a9b1312eef succesfully
2025-03-16 11:20:24,460 pop.CPM_RT_mixins INFO     mongo_db = RTModelCPM, topic = MQTT_RT_DATA created 67d65f980974c8a9b1312ef0 succesfully
2025-03-16 11:20:24,471 pop.CPM_RT_mixins INFO     mongo_db = TemporaryRTModelCPM, topic = MQTT_RT_DATA created 67d65f980974c8a9b1312ef1 succesfully
2025-03-16 11:20:24,480 pop.CPM_RT_mixins INFO     mongo_db = TodayRTModelCPM, topic = MQTT_RT_DATA created 67d65f980974c8a9b1312ef2 succesfully
2025-03-16 11:20:29,784 pop.CCCL_environment_mixins INFO     mongo_db = CCCLEnvironment, topic = CCCL/PURBACHAL/ENV_01 created 67d65f9d0974c8a9b1312ef3 succesfully
2025-03-16 11:20:29,802 pop.CCCL_environment_mixins INFO     mongo_db = TemporaryCCCLEnvironment, topic = CCCL/PURBACHAL/ENV_01 created 67d65f9d0974c8a9b1312ef4 succesfully
2025-03-16 11:20:29,814 pop.CCCL_environment_mixins INFO     mongo_db = TodayCCCLEnvironment, topic = CCCL/PURBACHAL/ENV_01 created 67d65f9d0974c8a9b1312ef5 succesfully
2025-03-16 11:20:53,850 pop.CPM_RT_mixins INFO     mongo_db = RTModelCPM, topic = MQTT_RT_DATA created 67d65fb50974c8a9b1312ef6 succesfully
2025-03-16 11:20:53,863 pop.CPM_RT_mixins INFO     mongo_db = TemporaryRTModelCPM, topic = MQTT_RT_DATA created 67d65fb50974c8a9b1312ef7 succesfully
2025-03-16 11:20:53,875 pop.CPM_RT_mixins INFO     mongo_db = TodayRTModelCPM, topic = MQTT_RT_DATA created 67d65fb50974c8a9b1312ef8 succesfully
2025-03-16 11:21:00,199 pop.CCCL_environment_mixins INFO     mongo_db = CCCLEnvironment, topic = CCCL/PURBACHAL/ENV_01 created 67d65fbc0974c8a9b1312ef9 succesfully
2025-03-16 11:21:00,224 pop.CCCL_environment_mixins INFO     mongo_db = TemporaryCCCLEnvironment, topic = CCCL/PURBACHAL/ENV_01 created 67d65fbc0974c8a9b1312efa succesfully
2025-03-16 11:21:00,236 pop.CCCL_environment_mixins INFO     mongo_db = TodayCCCLEnvironment, topic = CCCL/PURBACHAL/ENV_01 created 67d65fbc0974c8a9b1312efb succesfully
2025-03-16 11:21:14,685 pop.CCCL_generator_mixins INFO     mongo_db = CCCLGenerator, topic = CCCL/PURBACHAL/ENM_01 created 67d65fca0974c8a9b1312efc succesfully
2025-03-16 11:21:14,696 pop.CCCL_generator_mixins INFO     mongo_db = TemporaryCCCLGenerator, topic = CCCL/PURBACHAL/ENM_01 created 67d65fca0974c8a9b1312efd succesfully
2025-03-16 11:21:14,707 pop.CCCL_generator_mixins INFO     mongo_db = TodayCCCLGenerator, topic = CCCL/PURBACHAL/ENM_01 created 67d65fca0974c8a9b1312efe succesfully
2025-03-16 11:21:24,669 pop.CPM_RT_mixins INFO     mongo_db = RTModelCPM, topic = MQTT_RT_DATA created 67d65fd40974c8a9b1312eff succesfully
2025-03-16 11:21:24,682 pop.CPM_RT_mixins INFO     mongo_db = TemporaryRTModelCPM, topic = MQTT_RT_DATA created 67d65fd40974c8a9b1312f00 succesfully
2025-03-16 11:21:24,696 pop.CPM_RT_mixins INFO     mongo_db = TodayRTModelCPM, topic = MQTT_RT_DATA created 67d65fd40974c8a9b1312f01 succesfully
2025-03-16 11:21:30,513 pop.CCCL_environment_mixins INFO     mongo_db = CCCLEnvironment, topic = CCCL/PURBACHAL/ENV_01 created 67d65fda0974c8a9b1312f02 succesfully
2025-03-16 11:21:30,540 pop.CCCL_environment_mixins INFO     mongo_db = TemporaryCCCLEnvironment, topic = CCCL/PURBACHAL/ENV_01 created 67d65fda0974c8a9b1312f03 succesfully
2025-03-16 11:21:30,551 pop.CCCL_environment_mixins INFO     mongo_db = TodayCCCLEnvironment, topic = CCCL/PURBACHAL/ENV_01 created 67d65fda0974c8a9b1312f04 succesfully
2025-03-16 11:21:54,768 pop.CPM_RT_mixins INFO     mongo_db = RTModelCPM, topic = MQTT_RT_DATA created 67d65ff20974c8a9b1312f05 succesfully
2025-03-16 11:21:54,780 pop.CPM_RT_mixins INFO     mongo_db = TemporaryRTModelCPM, topic = MQTT_RT_DATA created 67d65ff20974c8a9b1312f06 succesfully
2025-03-16 11:21:54,797 pop.CPM_RT_mixins INFO     mongo_db = TodayRTModelCPM, topic = MQTT_RT_DATA created 67d65ff20974c8a9b1312f07 succesfully
2025-03-16 11:22:00,825 pop.CCCL_environment_mixins INFO     mongo_db = CCCLEnvironment, topic = CCCL/PURBACHAL/ENV_01 created 67d65ff80974c8a9b1312f08 succesfully
2025-03-16 11:22:00,845 pop.CCCL_environment_mixins INFO     mongo_db = TemporaryCCCLEnvironment, topic = CCCL/PURBACHAL/ENV_01 created 67d65ff80974c8a9b1312f09 succesfully
2025-03-16 11:22:00,858 pop.CCCL_environment_mixins INFO     mongo_db = TodayCCCLEnvironment, topic = CCCL/PURBACHAL/ENV_01 created 67d65ff80974c8a9b1312f0a succesfully
2025-03-16 11:22:14,687 pop.CCCL_generator_mixins INFO     mongo_db = CCCLGenerator, topic = CCCL/PURBACHAL/ENM_01 created 67d660060974c8a9b1312f0b succesfully
2025-03-16 11:22:14,697 pop.CCCL_generator_mixins INFO     mongo_db = TemporaryCCCLGenerator, topic = CCCL/PURBACHAL/ENM_01 created 67d660060974c8a9b1312f0c succesfully
2025-03-16 11:22:14,709 pop.CCCL_generator_mixins INFO     mongo_db = TodayCCCLGenerator, topic = CCCL/PURBACHAL/ENM_01 created 67d660060974c8a9b1312f0d succesfully
2025-03-16 11:22:31,138 pop.CCCL_environment_mixins INFO     mongo_db = CCCLEnvironment, topic = CCCL/PURBACHAL/ENV_01 created 67d660170974c8a9b1312f0e succesfully
2025-03-16 11:22:31,161 pop.CCCL_environment_mixins INFO     mongo_db = TemporaryCCCLEnvironment, topic = CCCL/PURBACHAL/ENV_01 created 67d660170974c8a9b1312f0f succesfully
2025-03-16 11:22:31,172 pop.CCCL_environment_mixins INFO     mongo_db = TodayCCCLEnvironment, topic = CCCL/PURBACHAL/ENV_01 created 67d660170974c8a9b1312f10 succesfully
2025-03-16 11:22:54,366 pop.CPM_RT_mixins INFO     mongo_db = RTModelCPM, topic = MQTT_RT_DATA created 67d6602e0974c8a9b1312f11 succesfully
2025-03-16 11:22:54,377 pop.CPM_RT_mixins INFO     mongo_db = TemporaryRTModelCPM, topic = MQTT_RT_DATA created 67d6602e0974c8a9b1312f12 succesfully
2025-03-16 11:22:54,387 pop.CPM_RT_mixins INFO     mongo_db = TodayRTModelCPM, topic = MQTT_RT_DATA created 67d6602e0974c8a9b1312f13 succesfully
2025-03-16 11:23:01,759 pop.CCCL_environment_mixins INFO     mongo_db = CCCLEnvironment, topic = CCCL/PURBACHAL/ENV_01 created 67d660350974c8a9b1312f14 succesfully
2025-03-16 11:23:01,785 pop.CCCL_environment_mixins INFO     mongo_db = TemporaryCCCLEnvironment, topic = CCCL/PURBACHAL/ENV_01 created 67d660350974c8a9b1312f15 succesfully
2025-03-16 11:23:01,803 pop.CCCL_environment_mixins INFO     mongo_db = TodayCCCLEnvironment, topic = CCCL/PURBACHAL/ENV_01 created 67d660350974c8a9b1312f16 succesfully
2025-03-16 11:23:14,700 pop.CCCL_generator_mixins INFO     mongo_db = CCCLGenerator, topic = CCCL/PURBACHAL/ENM_01 created 67d660420974c8a9b1312f17 succesfully
2025-03-16 11:23:14,715 pop.CCCL_generator_mixins INFO     mongo_db = TemporaryCCCLGenerator, topic = CCCL/PURBACHAL/ENM_01 created 67d660420974c8a9b1312f18 succesfully
2025-03-16 11:23:14,727 pop.CCCL_generator_mixins INFO     mongo_db = TodayCCCLGenerator, topic = CCCL/PURBACHAL/ENM_01 created 67d660420974c8a9b1312f19 succesfully
2025-03-16 11:23:24,591 pop.CPM_RT_mixins INFO     mongo_db = RTModelCPM, topic = MQTT_RT_DATA created 67d6604c0974c8a9b1312f1a succesfully
2025-03-16 11:23:24,606 pop.CPM_RT_mixins INFO     mongo_db = TemporaryRTModelCPM, topic = MQTT_RT_DATA created 67d6604c0974c8a9b1312f1b succesfully
2025-03-16 11:23:24,616 pop.CPM_RT_mixins INFO     mongo_db = TodayRTModelCPM, topic = MQTT_RT_DATA created 67d6604c0974c8a9b1312f1c succesfully
2025-03-16 11:23:32,072 pop.CCCL_environment_mixins INFO     mongo_db = CCCLEnvironment, topic = CCCL/PURBACHAL/ENV_01 created 67d660540974c8a9b1312f1d succesfully
2025-03-16 11:23:32,083 pop.CCCL_environment_mixins INFO     mongo_db = TemporaryCCCLEnvironment, topic = CCCL/PURBACHAL/ENV_01 created 67d660540974c8a9b1312f1e succesfully
2025-03-16 11:23:32,091 pop.CCCL_environment_mixins INFO     mongo_db = TodayCCCLEnvironment, topic = CCCL/PURBACHAL/ENV_01 created 67d660540974c8a9b1312f1f succesfully
2025-03-16 11:23:53,792 pop.CPM_RT_mixins INFO     mongo_db = RTModelCPM, topic = MQTT_RT_DATA created 67d660690974c8a9b1312f20 succesfully
2025-03-16 11:23:53,803 pop.CPM_RT_mixins INFO     mongo_db = TemporaryRTModelCPM, topic = MQTT_RT_DATA created 67d660690974c8a9b1312f21 succesfully
2025-03-16 11:23:53,813 pop.CPM_RT_mixins INFO     mongo_db = TodayRTModelCPM, topic = MQTT_RT_DATA created 67d660690974c8a9b1312f22 succesfully
2025-03-16 11:24:02,378 pop.CCCL_environment_mixins INFO     mongo_db = CCCLEnvironment, topic = CCCL/PURBACHAL/ENV_01 created 67d660720974c8a9b1312f23 succesfully
2025-03-16 11:24:02,399 pop.CCCL_environment_mixins INFO     mongo_db = TemporaryCCCLEnvironment, topic = CCCL/PURBACHAL/ENV_01 created 67d660720974c8a9b1312f24 succesfully
2025-03-16 11:24:02,412 pop.CCCL_environment_mixins INFO     mongo_db = TodayCCCLEnvironment, topic = CCCL/PURBACHAL/ENV_01 created 67d660720974c8a9b1312f25 succesfully
2025-03-16 11:24:14,701 pop.CCCL_generator_mixins INFO     mongo_db = CCCLGenerator, topic = CCCL/PURBACHAL/ENM_01 created 67d6607e0974c8a9b1312f26 succesfully
2025-03-16 11:24:14,716 pop.CCCL_generator_mixins INFO     mongo_db = TemporaryCCCLGenerator, topic = CCCL/PURBACHAL/ENM_01 created 67d6607e0974c8a9b1312f27 succesfully
2025-03-16 11:24:14,727 pop.CCCL_generator_mixins INFO     mongo_db = TodayCCCLGenerator, topic = CCCL/PURBACHAL/ENM_01 created 67d6607e0974c8a9b1312f28 succesfully
2025-03-16 11:24:24,647 pop.CPM_RT_mixins INFO     mongo_db = RTModelCPM, topic = MQTT_RT_DATA created 67d660880974c8a9b1312f29 succesfully
2025-03-16 11:24:24,660 pop.CPM_RT_mixins INFO     mongo_db = TemporaryRTModelCPM, topic = MQTT_RT_DATA created 67d660880974c8a9b1312f2a succesfully
2025-03-16 11:24:24,670 pop.CPM_RT_mixins INFO     mongo_db = TodayRTModelCPM, topic = MQTT_RT_DATA created 67d660880974c8a9b1312f2b succesfully
2025-03-16 11:24:32,717 pop.CCCL_environment_mixins INFO     mongo_db = CCCLEnvironment, topic = CCCL/PURBACHAL/ENV_01 created 67d660900974c8a9b1312f2c succesfully
2025-03-16 11:24:32,730 pop.CCCL_environment_mixins INFO     mongo_db = TemporaryCCCLEnvironment, topic = CCCL/PURBACHAL/ENV_01 created 67d660900974c8a9b1312f2d succesfully
2025-03-16 11:24:32,740 pop.CCCL_environment_mixins INFO     mongo_db = TodayCCCLEnvironment, topic = CCCL/PURBACHAL/ENV_01 created 67d660900974c8a9b1312f2e succesfully
2025-03-16 11:24:54,660 pop.CPM_RT_mixins INFO     mongo_db = RTModelCPM, topic = MQTT_RT_DATA created 67d660a60974c8a9b1312f2f succesfully
2025-03-16 11:24:54,670 pop.CPM_RT_mixins INFO     mongo_db = TemporaryRTModelCPM, topic = MQTT_RT_DATA created 67d660a60974c8a9b1312f30 succesfully
2025-03-16 11:24:54,680 pop.CPM_RT_mixins INFO     mongo_db = TodayRTModelCPM, topic = MQTT_RT_DATA created 67d660a60974c8a9b1312f31 succesfully
2025-03-16 11:25:03,007 pop.CCCL_environment_mixins INFO     mongo_db = CCCLEnvironment, topic = CCCL/PURBACHAL/ENV_01 created 67d660af0974c8a9b1312f32 succesfully
2025-03-16 11:25:03,020 pop.CCCL_environment_mixins INFO     mongo_db = TemporaryCCCLEnvironment, topic = CCCL/PURBACHAL/ENV_01 created 67d660af0974c8a9b1312f33 succesfully
2025-03-16 11:25:03,033 pop.CCCL_environment_mixins INFO     mongo_db = TodayCCCLEnvironment, topic = CCCL/PURBACHAL/ENV_01 created 67d660af0974c8a9b1312f34 succesfully
2025-03-16 11:25:14,696 pop.CCCL_generator_mixins INFO     mongo_db = CCCLGenerator, topic = CCCL/PURBACHAL/ENM_01 created 67d660ba0974c8a9b1312f35 succesfully
2025-03-16 11:25:14,708 pop.CCCL_generator_mixins INFO     mongo_db = TemporaryCCCLGenerator, topic = CCCL/PURBACHAL/ENM_01 created 67d660ba0974c8a9b1312f36 succesfully
2025-03-16 11:25:14,721 pop.CCCL_generator_mixins INFO     mongo_db = TodayCCCLGenerator, topic = CCCL/PURBACHAL/ENM_01 created 67d660ba0974c8a9b1312f37 succesfully
2025-03-16 11:25:24,499 pop.CPM_RT_mixins INFO     mongo_db = RTModelCPM, topic = MQTT_RT_DATA created 67d660c40974c8a9b1312f38 succesfully
2025-03-16 11:25:24,511 pop.CPM_RT_mixins INFO     mongo_db = TemporaryRTModelCPM, topic = MQTT_RT_DATA created 67d660c40974c8a9b1312f39 succesfully
2025-03-16 11:25:24,522 pop.CPM_RT_mixins INFO     mongo_db = TodayRTModelCPM, topic = MQTT_RT_DATA created 67d660c40974c8a9b1312f3a succesfully
2025-03-16 11:25:33,305 pop.CCCL_environment_mixins INFO     mongo_db = CCCLEnvironment, topic = CCCL/PURBACHAL/ENV_01 created 67d660cd0974c8a9b1312f3b succesfully
2025-03-16 11:25:33,317 pop.CCCL_environment_mixins INFO     mongo_db = TemporaryCCCLEnvironment, topic = CCCL/PURBACHAL/ENV_01 created 67d660cd0974c8a9b1312f3c succesfully
2025-03-16 11:25:33,328 pop.CCCL_environment_mixins INFO     mongo_db = TodayCCCLEnvironment, topic = CCCL/PURBACHAL/ENV_01 created 67d660cd0974c8a9b1312f3d succesfully
2025-03-16 11:25:53,400 pop.CPM_RT_mixins INFO     mongo_db = RTModelCPM, topic = MQTT_RT_DATA created 67d660e10974c8a9b1312f3e succesfully
2025-03-16 11:25:53,413 pop.CPM_RT_mixins INFO     mongo_db = TemporaryRTModelCPM, topic = MQTT_RT_DATA created 67d660e10974c8a9b1312f3f succesfully
2025-03-16 11:25:53,427 pop.CPM_RT_mixins INFO     mongo_db = TodayRTModelCPM, topic = MQTT_RT_DATA created 67d660e10974c8a9b1312f40 succesfully
2025-03-16 11:26:03,627 pop.CCCL_environment_mixins INFO     mongo_db = CCCLEnvironment, topic = CCCL/PURBACHAL/ENV_01 created 67d660eb0974c8a9b1312f41 succesfully
2025-03-16 11:26:03,658 pop.CCCL_environment_mixins INFO     mongo_db = TemporaryCCCLEnvironment, topic = CCCL/PURBACHAL/ENV_01 created 67d660eb0974c8a9b1312f42 succesfully
2025-03-16 11:26:03,670 pop.CCCL_environment_mixins INFO     mongo_db = TodayCCCLEnvironment, topic = CCCL/PURBACHAL/ENV_01 created 67d660eb0974c8a9b1312f43 succesfully
2025-03-16 11:26:14,698 pop.CCCL_generator_mixins INFO     mongo_db = CCCLGenerator, topic = CCCL/PURBACHAL/ENM_01 created 67d660f60974c8a9b1312f44 succesfully
2025-03-16 11:26:14,711 pop.CCCL_generator_mixins INFO     mongo_db = TemporaryCCCLGenerator, topic = CCCL/PURBACHAL/ENM_01 created 67d660f60974c8a9b1312f45 succesfully
2025-03-16 11:26:14,721 pop.CCCL_generator_mixins INFO     mongo_db = TodayCCCLGenerator, topic = CCCL/PURBACHAL/ENM_01 created 67d660f60974c8a9b1312f46 succesfully
2025-03-16 11:26:33,947 pop.CCCL_environment_mixins INFO     mongo_db = CCCLEnvironment, topic = CCCL/PURBACHAL/ENV_01 created 67d661090974c8a9b1312f47 succesfully
2025-03-16 11:26:33,961 pop.CCCL_environment_mixins INFO     mongo_db = TemporaryCCCLEnvironment, topic = CCCL/PURBACHAL/ENV_01 created 67d661090974c8a9b1312f48 succesfully
2025-03-16 11:26:33,971 pop.CCCL_environment_mixins INFO     mongo_db = TodayCCCLEnvironment, topic = CCCL/PURBACHAL/ENV_01 created 67d661090974c8a9b1312f49 succesfully
2025-03-16 11:26:53,506 pop.CPM_RT_mixins INFO     mongo_db = RTModelCPM, topic = MQTT_RT_DATA created 67d6611d0974c8a9b1312f4a succesfully
2025-03-16 11:26:53,520 pop.CPM_RT_mixins INFO     mongo_db = TemporaryRTModelCPM, topic = MQTT_RT_DATA created 67d6611d0974c8a9b1312f4b succesfully
2025-03-16 11:26:53,532 pop.CPM_RT_mixins INFO     mongo_db = TodayRTModelCPM, topic = MQTT_RT_DATA created 67d6611d0974c8a9b1312f4c succesfully
2025-03-16 11:27:04,351 pop.CCCL_environment_mixins INFO     mongo_db = CCCLEnvironment, topic = CCCL/PURBACHAL/ENV_01 created 67d661280974c8a9b1312f4d succesfully
2025-03-16 11:27:04,364 pop.CCCL_environment_mixins INFO     mongo_db = TemporaryCCCLEnvironment, topic = CCCL/PURBACHAL/ENV_01 created 67d661280974c8a9b1312f4e succesfully
2025-03-16 11:27:04,371 pop.CCCL_environment_mixins INFO     mongo_db = TodayCCCLEnvironment, topic = CCCL/PURBACHAL/ENV_01 created 67d661280974c8a9b1312f4f succesfully
2025-03-16 11:27:14,698 pop.CCCL_generator_mixins INFO     mongo_db = CCCLGenerator, topic = CCCL/PURBACHAL/ENM_01 created 67d661320974c8a9b1312f50 succesfully
2025-03-16 11:27:14,716 pop.CCCL_generator_mixins INFO     mongo_db = TemporaryCCCLGenerator, topic = CCCL/PURBACHAL/ENM_01 created 67d661320974c8a9b1312f51 succesfully
2025-03-16 11:27:14,729 pop.CCCL_generator_mixins INFO     mongo_db = TodayCCCLGenerator, topic = CCCL/PURBACHAL/ENM_01 created 67d661320974c8a9b1312f52 succesfully
2025-03-16 11:27:24,663 pop.CPM_RT_mixins INFO     mongo_db = RTModelCPM, topic = MQTT_RT_DATA created 67d6613c0974c8a9b1312f53 succesfully
2025-03-16 11:27:24,678 pop.CPM_RT_mixins INFO     mongo_db = TemporaryRTModelCPM, topic = MQTT_RT_DATA created 67d6613c0974c8a9b1312f54 succesfully
2025-03-16 11:27:24,693 pop.CPM_RT_mixins INFO     mongo_db = TodayRTModelCPM, topic = MQTT_RT_DATA created 67d6613c0974c8a9b1312f55 succesfully
2025-03-16 11:27:34,665 pop.CCCL_environment_mixins INFO     mongo_db = CCCLEnvironment, topic = CCCL/PURBACHAL/ENV_01 created 67d661460974c8a9b1312f56 succesfully
2025-03-16 11:27:34,677 pop.CCCL_environment_mixins INFO     mongo_db = TemporaryCCCLEnvironment, topic = CCCL/PURBACHAL/ENV_01 created 67d661460974c8a9b1312f57 succesfully
2025-03-16 11:27:34,686 pop.CCCL_environment_mixins INFO     mongo_db = TodayCCCLEnvironment, topic = CCCL/PURBACHAL/ENV_01 created 67d661460974c8a9b1312f58 succesfully
2025-03-16 11:27:54,570 pop.CPM_RT_mixins INFO     mongo_db = RTModelCPM, topic = MQTT_RT_DATA created 67d6615a0974c8a9b1312f59 succesfully
2025-03-16 11:27:54,582 pop.CPM_RT_mixins INFO     mongo_db = TemporaryRTModelCPM, topic = MQTT_RT_DATA created 67d6615a0974c8a9b1312f5a succesfully
2025-03-16 11:27:54,595 pop.CPM_RT_mixins INFO     mongo_db = TodayRTModelCPM, topic = MQTT_RT_DATA created 67d6615a0974c8a9b1312f5b succesfully
2025-03-16 11:28:04,969 pop.CCCL_environment_mixins INFO     mongo_db = CCCLEnvironment, topic = CCCL/PURBACHAL/ENV_01 created 67d661640974c8a9b1312f5c succesfully
2025-03-16 11:28:04,988 pop.CCCL_environment_mixins INFO     mongo_db = TemporaryCCCLEnvironment, topic = CCCL/PURBACHAL/ENV_01 created 67d661640974c8a9b1312f5d succesfully
2025-03-16 11:28:05,002 pop.CCCL_environment_mixins INFO     mongo_db = TodayCCCLEnvironment, topic = CCCL/PURBACHAL/ENV_01 created 67d661650974c8a9b1312f5e succesfully
2025-03-16 11:28:14,690 pop.CCCL_generator_mixins INFO     mongo_db = CCCLGenerator, topic = CCCL/PURBACHAL/ENM_01 created 67d6616e0974c8a9b1312f5f succesfully
2025-03-16 11:28:14,704 pop.CCCL_generator_mixins INFO     mongo_db = TemporaryCCCLGenerator, topic = CCCL/PURBACHAL/ENM_01 created 67d6616e0974c8a9b1312f60 succesfully
2025-03-16 11:28:14,721 pop.CCCL_generator_mixins INFO     mongo_db = TodayCCCLGenerator, topic = CCCL/PURBACHAL/ENM_01 created 67d6616e0974c8a9b1312f61 succesfully
2025-03-16 11:28:24,631 pop.CPM_RT_mixins INFO     mongo_db = RTModelCPM, topic = MQTT_RT_DATA created 67d661780974c8a9b1312f62 succesfully
2025-03-16 11:28:24,648 pop.CPM_RT_mixins INFO     mongo_db = TemporaryRTModelCPM, topic = MQTT_RT_DATA created 67d661780974c8a9b1312f63 succesfully
2025-03-16 11:28:24,670 pop.CPM_RT_mixins INFO     mongo_db = TodayRTModelCPM, topic = MQTT_RT_DATA created 67d661780974c8a9b1312f64 succesfully
2025-03-16 11:28:35,271 pop.CCCL_environment_mixins INFO     mongo_db = CCCLEnvironment, topic = CCCL/PURBACHAL/ENV_01 created 67d661830974c8a9b1312f65 succesfully
2025-03-16 11:28:35,279 pop.CCCL_environment_mixins INFO     mongo_db = TemporaryCCCLEnvironment, topic = CCCL/PURBACHAL/ENV_01 created 67d661830974c8a9b1312f66 succesfully
2025-03-16 11:28:35,289 pop.CCCL_environment_mixins INFO     mongo_db = TodayCCCLEnvironment, topic = CCCL/PURBACHAL/ENV_01 created 67d661830974c8a9b1312f67 succesfully
2025-03-16 11:28:54,753 pop.CPM_RT_mixins INFO     mongo_db = RTModelCPM, topic = MQTT_RT_DATA created 67d661960974c8a9b1312f68 succesfully
2025-03-16 11:28:54,764 pop.CPM_RT_mixins INFO     mongo_db = TemporaryRTModelCPM, topic = MQTT_RT_DATA created 67d661960974c8a9b1312f69 succesfully
2025-03-16 11:28:54,775 pop.CPM_RT_mixins INFO     mongo_db = TodayRTModelCPM, topic = MQTT_RT_DATA created 67d661960974c8a9b1312f6a succesfully
2025-03-16 11:29:05,599 pop.CCCL_environment_mixins INFO     mongo_db = CCCLEnvironment, topic = CCCL/PURBACHAL/ENV_01 created 67d661a10974c8a9b1312f6b succesfully
2025-03-16 11:29:05,625 pop.CCCL_environment_mixins INFO     mongo_db = TemporaryCCCLEnvironment, topic = CCCL/PURBACHAL/ENV_01 created 67d661a10974c8a9b1312f6c succesfully
2025-03-16 11:29:05,641 pop.CCCL_environment_mixins INFO     mongo_db = TodayCCCLEnvironment, topic = CCCL/PURBACHAL/ENV_01 created 67d661a10974c8a9b1312f6d succesfully
2025-03-16 11:29:14,691 pop.CCCL_generator_mixins INFO     mongo_db = CCCLGenerator, topic = CCCL/PURBACHAL/ENM_01 created 67d661aa0974c8a9b1312f6e succesfully
2025-03-16 11:29:14,705 pop.CCCL_generator_mixins INFO     mongo_db = TemporaryCCCLGenerator, topic = CCCL/PURBACHAL/ENM_01 created 67d661aa0974c8a9b1312f6f succesfully
2025-03-16 11:29:14,717 pop.CCCL_generator_mixins INFO     mongo_db = TodayCCCLGenerator, topic = CCCL/PURBACHAL/ENM_01 created 67d661aa0974c8a9b1312f70 succesfully
2025-03-16 11:29:24,105 pop.CPM_RT_mixins INFO     mongo_db = RTModelCPM, topic = MQTT_RT_DATA created 67d661b40974c8a9b1312f71 succesfully
2025-03-16 11:29:24,118 pop.CPM_RT_mixins INFO     mongo_db = TemporaryRTModelCPM, topic = MQTT_RT_DATA created 67d661b40974c8a9b1312f72 succesfully
2025-03-16 11:29:24,129 pop.CPM_RT_mixins INFO     mongo_db = TodayRTModelCPM, topic = MQTT_RT_DATA created 67d661b40974c8a9b1312f73 succesfully
2025-03-16 11:29:35,904 pop.CCCL_environment_mixins INFO     mongo_db = CCCLEnvironment, topic = CCCL/PURBACHAL/ENV_01 created 67d661bf0974c8a9b1312f74 succesfully
2025-03-16 11:29:35,937 pop.CCCL_environment_mixins INFO     mongo_db = TemporaryCCCLEnvironment, topic = CCCL/PURBACHAL/ENV_01 created 67d661bf0974c8a9b1312f75 succesfully
2025-03-16 11:29:35,946 pop.CCCL_environment_mixins INFO     mongo_db = TodayCCCLEnvironment, topic = CCCL/PURBACHAL/ENV_01 created 67d661bf0974c8a9b1312f76 succesfully
2025-03-16 11:29:53,680 pop.CPM_RT_mixins INFO     mongo_db = RTModelCPM, topic = MQTT_RT_DATA created 67d661d10974c8a9b1312f77 succesfully
2025-03-16 11:29:53,698 pop.CPM_RT_mixins INFO     mongo_db = TemporaryRTModelCPM, topic = MQTT_RT_DATA created 67d661d10974c8a9b1312f78 succesfully
2025-03-16 11:29:53,709 pop.CPM_RT_mixins INFO     mongo_db = TodayRTModelCPM, topic = MQTT_RT_DATA created 67d661d10974c8a9b1312f79 succesfully
2025-03-16 11:30:06,527 pop.CCCL_environment_mixins INFO     mongo_db = CCCLEnvironment, topic = CCCL/PURBACHAL/ENV_01 created 67d661de0974c8a9b1312f7a succesfully
2025-03-16 11:30:06,544 pop.CCCL_environment_mixins INFO     mongo_db = TemporaryCCCLEnvironment, topic = CCCL/PURBACHAL/ENV_01 created 67d661de0974c8a9b1312f7b succesfully
2025-03-16 11:30:06,557 pop.CCCL_environment_mixins INFO     mongo_db = TodayCCCLEnvironment, topic = CCCL/PURBACHAL/ENV_01 created 67d661de0974c8a9b1312f7c succesfully
2025-03-16 11:30:14,701 pop.CCCL_generator_mixins INFO     mongo_db = CCCLGenerator, topic = CCCL/PURBACHAL/ENM_01 created 67d661e60974c8a9b1312f7d succesfully
2025-03-16 11:30:14,721 pop.CCCL_generator_mixins INFO     mongo_db = TemporaryCCCLGenerator, topic = CCCL/PURBACHAL/ENM_01 created 67d661e60974c8a9b1312f7e succesfully
2025-03-16 11:30:14,737 pop.CCCL_generator_mixins INFO     mongo_db = TodayCCCLGenerator, topic = CCCL/PURBACHAL/ENM_01 created 67d661e60974c8a9b1312f7f succesfully
2025-03-16 11:30:24,819 pop.CPM_RT_mixins INFO     mongo_db = RTModelCPM, topic = MQTT_RT_DATA created 67d661f00974c8a9b1312f80 succesfully
2025-03-16 11:30:24,832 pop.CPM_RT_mixins INFO     mongo_db = TemporaryRTModelCPM, topic = MQTT_RT_DATA created 67d661f00974c8a9b1312f81 succesfully
2025-03-16 11:30:24,844 pop.CPM_RT_mixins INFO     mongo_db = TodayRTModelCPM, topic = MQTT_RT_DATA created 67d661f00974c8a9b1312f82 succesfully
2025-03-16 11:30:36,734 pop.CCCL_environment_mixins INFO     mongo_db = CCCLEnvironment, topic = CCCL/PURBACHAL/ENV_01 created 67d661fc0974c8a9b1312f83 succesfully
2025-03-16 11:30:36,747 pop.CCCL_environment_mixins INFO     mongo_db = TemporaryCCCLEnvironment, topic = CCCL/PURBACHAL/ENV_01 created 67d661fc0974c8a9b1312f84 succesfully
2025-03-16 11:30:36,755 pop.CCCL_environment_mixins INFO     mongo_db = TodayCCCLEnvironment, topic = CCCL/PURBACHAL/ENV_01 created 67d661fc0974c8a9b1312f85 succesfully
2025-03-16 11:30:54,876 pop.CPM_RT_mixins INFO     mongo_db = RTModelCPM, topic = MQTT_RT_DATA created 67d6620e0974c8a9b1312f86 succesfully
2025-03-16 11:30:54,887 pop.CPM_RT_mixins INFO     mongo_db = TemporaryRTModelCPM, topic = MQTT_RT_DATA created 67d6620e0974c8a9b1312f87 succesfully
2025-03-16 11:30:54,899 pop.CPM_RT_mixins INFO     mongo_db = TodayRTModelCPM, topic = MQTT_RT_DATA created 67d6620e0974c8a9b1312f88 succesfully
2025-03-16 11:31:07,030 pop.CCCL_environment_mixins INFO     mongo_db = CCCLEnvironment, topic = CCCL/PURBACHAL/ENV_01 created 67d6621b0974c8a9b1312f89 succesfully
2025-03-16 11:31:07,038 pop.CCCL_environment_mixins INFO     mongo_db = TemporaryCCCLEnvironment, topic = CCCL/PURBACHAL/ENV_01 created 67d6621b0974c8a9b1312f8a succesfully
2025-03-16 11:31:07,046 pop.CCCL_environment_mixins INFO     mongo_db = TodayCCCLEnvironment, topic = CCCL/PURBACHAL/ENV_01 created 67d6621b0974c8a9b1312f8b succesfully
2025-03-16 11:31:14,676 pop.CCCL_generator_mixins INFO     mongo_db = CCCLGenerator, topic = CCCL/PURBACHAL/ENM_01 created 67d662220974c8a9b1312f8c succesfully
2025-03-16 11:31:14,688 pop.CCCL_generator_mixins INFO     mongo_db = TemporaryCCCLGenerator, topic = CCCL/PURBACHAL/ENM_01 created 67d662220974c8a9b1312f8d succesfully
2025-03-16 11:31:14,700 pop.CCCL_generator_mixins INFO     mongo_db = TodayCCCLGenerator, topic = CCCL/PURBACHAL/ENM_01 created 67d662220974c8a9b1312f8e succesfully
2025-03-16 11:31:23,571 pop.CPM_RT_mixins INFO     mongo_db = RTModelCPM, topic = MQTT_RT_DATA created 67d6622b0974c8a9b1312f8f succesfully
2025-03-16 11:31:23,588 pop.CPM_RT_mixins INFO     mongo_db = TemporaryRTModelCPM, topic = MQTT_RT_DATA created 67d6622b0974c8a9b1312f90 succesfully
2025-03-16 11:31:23,598 pop.CPM_RT_mixins INFO     mongo_db = TodayRTModelCPM, topic = MQTT_RT_DATA created 67d6622b0974c8a9b1312f91 succesfully
2025-03-16 11:59:18,507 django.request WARNING  Unauthorized: /api/v1.0/accounts/token/
2025-03-16 11:59:25,812 django.request WARNING  Unauthorized: /api/v1.0/accounts/token/
2025-03-16 12:00:50,014 django.request WARNING  Unauthorized: /api/v1.0/accounts/token/
2025-03-16 12:01:26,071 django.request WARNING  Not Found: /favicon.ico
2025-03-16 12:28:24,675 pop.CPM_ENY_FRZ_mongo_mixins INFO     mongo_db = EnyFrzDataModelCPM, topic = MQTT_ENY_FRZ created 67d66f88af9d772a7d28878a succesfully
2025-03-16 12:28:24,728 pop.CPM_DAY_DATA_mongo_mixins INFO     mongo_db = DayDataModelCPM, topic = MQTT_DAY_DATA created 67d66f88af9d772a7d28878b succesfully
2025-03-16 12:28:24,821 pop.CPM_ENY_NOW_mongo_mixins INFO     mongo_db = EnyNowDataModelCPM, topic = MQTT_ENY_NOW created 67d66f88af9d772a7d28878c succesfully
2025-03-16 12:28:24,866 pop.CPM_ENY_NOW_mongo_mixins INFO     mongo_db = TemporaryEnyNowDataModelCPM, topic = MQTT_ENY_NOW created 67d66f88af9d772a7d28878d succesfully
2025-03-16 12:28:24,913 pop.CPM_ENY_NOW_mongo_mixins INFO     mongo_db = TodayEnyNowDataModelCPM, topic = MQTT_ENY_NOW created 67d66f88af9d772a7d28878e succesfully
2025-03-16 12:28:24,960 pop.CPM_ENY_NOW_mongo_mixins INFO     mongo_db = Last7DaysEnyNowDataModelCPM, topic = MQTT_ENY_NOW created 67d66f88af9d772a7d28878f succesfully
2025-03-16 12:28:25,006 pop.CPM_RT_mixins INFO     mongo_db = RTModelCPM, topic = MQTT_RT_DATA created 67d66f88af9d772a7d288790 succesfully
2025-03-16 12:28:25,046 pop.CPM_RT_mixins INFO     mongo_db = TemporaryRTModelCPM, topic = MQTT_RT_DATA created 67d66f89af9d772a7d288791 succesfully
2025-03-16 12:28:25,081 pop.CPM_RT_mixins INFO     mongo_db = TodayRTModelCPM, topic = MQTT_RT_DATA created 67d66f89af9d772a7d288792 succesfully
2025-03-16 12:28:53,542 pop.CPM_RT_mixins INFO     mongo_db = RTModelCPM, topic = MQTT_RT_DATA created 67d66fa5af9d772a7d288793 succesfully
2025-03-16 12:28:53,552 pop.CPM_RT_mixins INFO     mongo_db = TemporaryRTModelCPM, topic = MQTT_RT_DATA created 67d66fa5af9d772a7d288794 succesfully
2025-03-16 12:28:53,566 pop.CPM_RT_mixins INFO     mongo_db = TodayRTModelCPM, topic = MQTT_RT_DATA created 67d66fa5af9d772a7d288795 succesfully
2025-03-16 12:29:23,647 pop.CPM_RT_mixins INFO     mongo_db = RTModelCPM, topic = MQTT_RT_DATA created 67d66fc3af9d772a7d288796 succesfully
2025-03-16 12:29:23,658 pop.CPM_RT_mixins INFO     mongo_db = TemporaryRTModelCPM, topic = MQTT_RT_DATA created 67d66fc3af9d772a7d288797 succesfully
2025-03-16 12:29:23,670 pop.CPM_RT_mixins INFO     mongo_db = TodayRTModelCPM, topic = MQTT_RT_DATA created 67d66fc3af9d772a7d288798 succesfully
2025-03-16 12:29:53,540 pop.CPM_RT_mixins INFO     mongo_db = RTModelCPM, topic = MQTT_RT_DATA created 67d66fe1af9d772a7d288799 succesfully
2025-03-16 12:29:53,570 pop.CPM_RT_mixins INFO     mongo_db = TemporaryRTModelCPM, topic = MQTT_RT_DATA created 67d66fe1af9d772a7d28879a succesfully
2025-03-16 12:29:53,597 pop.CPM_RT_mixins INFO     mongo_db = TodayRTModelCPM, topic = MQTT_RT_DATA created 67d66fe1af9d772a7d28879b succesfully
2025-03-16 12:30:37,235 django.request WARNING  Unauthorized: /api/v1.0/pop/cpm-latest-enynow-data/
2025-03-16 12:30:37,237 django.request WARNING  Unauthorized: /api/v1.0/pop/cpm-latest-rt-data/
2025-03-16 12:30:37,246 django.request WARNING  Unauthorized: /api/v1.0/pop/pop-devices/
2025-03-16 12:30:37,267 django.request WARNING  Unauthorized: /api/v1.0/pop/thermohygrometer-data/
2025-03-16 12:30:37,287 django.request WARNING  Unauthorized: /api/v1.0/pop/cpm-latest-rt-data/
2025-03-16 12:30:37,289 django.request WARNING  Unauthorized: /api/v1.0/pop/cpm-latest-enynow-data/
2025-03-16 12:30:37,302 django.request WARNING  Unauthorized: /api/v1.0/pop/thermohygrometer-data/
2025-03-16 12:30:42,821 django.request WARNING  Unauthorized: /api/v1.0/pop/cpm-enynow-data/
2025-03-16 12:30:42,821 django.request WARNING  Unauthorized: /api/v1.0/pop/cpm-data/
2025-03-16 12:30:53,733 pop.CPM_RT_mixins INFO     mongo_db = RTModelCPM, topic = MQTT_RT_DATA created 67d6701daf9d772a7d28879c succesfully
2025-03-16 12:30:53,744 pop.CPM_RT_mixins INFO     mongo_db = TemporaryRTModelCPM, topic = MQTT_RT_DATA created 67d6701daf9d772a7d28879d succesfully
2025-03-16 12:30:53,753 pop.CPM_RT_mixins INFO     mongo_db = TodayRTModelCPM, topic = MQTT_RT_DATA created 67d6701daf9d772a7d28879e succesfully
2025-03-16 12:31:40,245 django.request WARNING  Unauthorized: /api/v1.0/pop/pop-devices/
2025-03-16 12:31:40,775 django.request WARNING  Unauthorized: /api/v1.0/pop/cpm-enynow-data/
2025-03-16 12:31:40,781 django.request WARNING  Unauthorized: /api/v1.0/pop/cpm-data/
2025-03-16 12:31:54,814 pop.CPM_RT_mixins INFO     mongo_db = RTModelCPM, topic = MQTT_RT_DATA created 67d6705aaf9d772a7d28879f succesfully
2025-03-16 12:31:54,825 pop.CPM_RT_mixins INFO     mongo_db = TemporaryRTModelCPM, topic = MQTT_RT_DATA created 67d6705aaf9d772a7d2887a0 succesfully
2025-03-16 12:31:54,836 pop.CPM_RT_mixins INFO     mongo_db = TodayRTModelCPM, topic = MQTT_RT_DATA created 67d6705aaf9d772a7d2887a1 succesfully
2025-03-16 12:32:23,989 pop.CPM_RT_mixins INFO     mongo_db = RTModelCPM, topic = MQTT_RT_DATA created 67d67077af9d772a7d2887a2 succesfully
2025-03-16 12:32:24,003 pop.CPM_RT_mixins INFO     mongo_db = TemporaryRTModelCPM, topic = MQTT_RT_DATA created 67d67078af9d772a7d2887a3 succesfully
2025-03-16 12:32:24,014 pop.CPM_RT_mixins INFO     mongo_db = TodayRTModelCPM, topic = MQTT_RT_DATA created 67d67078af9d772a7d2887a4 succesfully
2025-03-16 12:32:54,523 pop.CPM_RT_mixins INFO     mongo_db = RTModelCPM, topic = MQTT_RT_DATA created 67d67096af9d772a7d2887a5 succesfully
2025-03-16 12:32:54,537 pop.CPM_RT_mixins INFO     mongo_db = TemporaryRTModelCPM, topic = MQTT_RT_DATA created 67d67096af9d772a7d2887a6 succesfully
2025-03-16 12:32:54,556 pop.CPM_RT_mixins INFO     mongo_db = TodayRTModelCPM, topic = MQTT_RT_DATA created 67d67096af9d772a7d2887a7 succesfully
2025-03-16 12:33:04,753 django.request WARNING  Unauthorized: /api/v1.0/pop/pop-devices/
2025-03-16 12:33:04,757 django.request WARNING  Unauthorized: /api/v1.0/pop/cpm-latest-enynow-data/
2025-03-16 12:33:04,764 django.request WARNING  Unauthorized: /api/v1.0/pop/thermohygrometer-data/
2025-03-16 12:33:04,786 django.request WARNING  Unauthorized: /api/v1.0/pop/cpm-latest-rt-data/
2025-03-16 12:33:04,804 django.request WARNING  Unauthorized: /api/v1.0/pop/thermohygrometer-data/
2025-03-16 12:33:04,805 django.request WARNING  Unauthorized: /api/v1.0/pop/cpm-latest-enynow-data/
2025-03-16 12:33:04,815 django.request WARNING  Unauthorized: /api/v1.0/pop/cpm-latest-rt-data/
2025-03-16 12:33:15,445 django.request WARNING  Unauthorized: /api/v1.0/pop/cpm-data/
2025-03-16 12:33:15,450 django.request WARNING  Unauthorized: /api/v1.0/pop/cpm-enynow-data/
2025-03-16 12:33:24,495 pop.CPM_RT_mixins INFO     mongo_db = RTModelCPM, topic = MQTT_RT_DATA created 67d670b4af9d772a7d2887a8 succesfully
2025-03-16 12:33:24,513 pop.CPM_RT_mixins INFO     mongo_db = TemporaryRTModelCPM, topic = MQTT_RT_DATA created 67d670b4af9d772a7d2887a9 succesfully
2025-03-16 12:33:24,525 pop.CPM_RT_mixins INFO     mongo_db = TodayRTModelCPM, topic = MQTT_RT_DATA created 67d670b4af9d772a7d2887aa succesfully
2025-03-16 12:33:54,673 pop.CPM_RT_mixins INFO     mongo_db = RTModelCPM, topic = MQTT_RT_DATA created 67d670d2af9d772a7d2887ab succesfully
2025-03-16 12:33:54,693 pop.CPM_RT_mixins INFO     mongo_db = TemporaryRTModelCPM, topic = MQTT_RT_DATA created 67d670d2af9d772a7d2887ac succesfully
2025-03-16 12:33:54,707 pop.CPM_RT_mixins INFO     mongo_db = TodayRTModelCPM, topic = MQTT_RT_DATA created 67d670d2af9d772a7d2887ad succesfully
2025-03-16 12:34:15,450 django.request WARNING  Unauthorized: /api/v1.0/pop/cpm-data/
2025-03-16 12:34:23,936 pop.CPM_RT_mixins INFO     mongo_db = RTModelCPM, topic = MQTT_RT_DATA created 67d670efaf9d772a7d2887ae succesfully
2025-03-16 12:34:23,948 pop.CPM_RT_mixins INFO     mongo_db = TemporaryRTModelCPM, topic = MQTT_RT_DATA created 67d670efaf9d772a7d2887af succesfully
2025-03-16 12:34:23,968 pop.CPM_RT_mixins INFO     mongo_db = TodayRTModelCPM, topic = MQTT_RT_DATA created 67d670efaf9d772a7d2887b0 succesfully
2025-03-16 12:34:54,334 pop.CPM_RT_mixins INFO     mongo_db = RTModelCPM, topic = MQTT_RT_DATA created 67d6710eaf9d772a7d2887b1 succesfully
2025-03-16 12:34:54,348 pop.CPM_RT_mixins INFO     mongo_db = TemporaryRTModelCPM, topic = MQTT_RT_DATA created 67d6710eaf9d772a7d2887b2 succesfully
2025-03-16 12:34:54,364 pop.CPM_RT_mixins INFO     mongo_db = TodayRTModelCPM, topic = MQTT_RT_DATA created 67d6710eaf9d772a7d2887b3 succesfully
2025-03-16 12:35:15,443 django.request WARNING  Unauthorized: /api/v1.0/pop/cpm-data/
2025-03-16 12:35:53,289 pop.CPM_RT_mixins INFO     mongo_db = RTModelCPM, topic = MQTT_RT_DATA created 67d67149af9d772a7d2887b4 succesfully
2025-03-16 12:35:53,301 pop.CPM_RT_mixins INFO     mongo_db = TemporaryRTModelCPM, topic = MQTT_RT_DATA created 67d67149af9d772a7d2887b5 succesfully
2025-03-16 12:35:53,312 pop.CPM_RT_mixins INFO     mongo_db = TodayRTModelCPM, topic = MQTT_RT_DATA created 67d67149af9d772a7d2887b6 succesfully
2025-03-16 12:36:16,718 django.request WARNING  Unauthorized: /api/v1.0/pop/pop-devices/
2025-03-16 12:36:17,230 django.request WARNING  Unauthorized: /api/v1.0/pop/cpm-enynow-data/
2025-03-16 12:36:17,230 django.request WARNING  Unauthorized: /api/v1.0/pop/cpm-data/
2025-03-16 12:36:55,071 pop.CPM_RT_mixins INFO     mongo_db = RTModelCPM, topic = MQTT_RT_DATA created 67d67187af9d772a7d2887b7 succesfully
2025-03-16 12:36:55,085 pop.CPM_RT_mixins INFO     mongo_db = TemporaryRTModelCPM, topic = MQTT_RT_DATA created 67d67187af9d772a7d2887b8 succesfully
2025-03-16 12:36:55,097 pop.CPM_RT_mixins INFO     mongo_db = TodayRTModelCPM, topic = MQTT_RT_DATA created 67d67187af9d772a7d2887b9 succesfully
2025-03-16 12:37:15,028 django.request WARNING  Unauthorized: /api/v1.0/pop/cpm-latest-enynow-data/
2025-03-16 12:37:15,033 django.request WARNING  Unauthorized: /api/v1.0/pop/pop-devices/
2025-03-16 12:37:15,039 django.request WARNING  Unauthorized: /api/v1.0/pop/cpm-latest-rt-data/
2025-03-16 12:37:15,041 django.request WARNING  Unauthorized: /api/v1.0/pop/thermohygrometer-data/
2025-03-16 12:37:15,081 django.request WARNING  Unauthorized: /api/v1.0/pop/cpm-latest-enynow-data/
2025-03-16 12:37:15,093 django.request WARNING  Unauthorized: /api/v1.0/pop/cpm-latest-rt-data/
2025-03-16 12:37:15,098 django.request WARNING  Unauthorized: /api/v1.0/pop/thermohygrometer-data/
2025-03-16 12:37:24,664 pop.CPM_RT_mixins INFO     mongo_db = RTModelCPM, topic = MQTT_RT_DATA created 67d671a4af9d772a7d2887ba succesfully
2025-03-16 12:37:24,676 pop.CPM_RT_mixins INFO     mongo_db = TemporaryRTModelCPM, topic = MQTT_RT_DATA created 67d671a4af9d772a7d2887bb succesfully
2025-03-16 12:37:24,688 pop.CPM_RT_mixins INFO     mongo_db = TodayRTModelCPM, topic = MQTT_RT_DATA created 67d671a4af9d772a7d2887bc succesfully
2025-03-16 12:37:53,648 pop.CPM_RT_mixins INFO     mongo_db = RTModelCPM, topic = MQTT_RT_DATA created 67d671c1af9d772a7d2887bd succesfully
2025-03-16 12:37:53,660 pop.CPM_RT_mixins INFO     mongo_db = TemporaryRTModelCPM, topic = MQTT_RT_DATA created 67d671c1af9d772a7d2887be succesfully
2025-03-16 12:37:53,672 pop.CPM_RT_mixins INFO     mongo_db = TodayRTModelCPM, topic = MQTT_RT_DATA created 67d671c1af9d772a7d2887bf succesfully
2025-03-16 12:38:23,500 pop.CPM_RT_mixins INFO     mongo_db = RTModelCPM, topic = MQTT_RT_DATA created 67d671dfaf9d772a7d2887c0 succesfully
2025-03-16 12:38:23,512 pop.CPM_RT_mixins INFO     mongo_db = TemporaryRTModelCPM, topic = MQTT_RT_DATA created 67d671dfaf9d772a7d2887c1 succesfully
2025-03-16 12:38:23,523 pop.CPM_RT_mixins INFO     mongo_db = TodayRTModelCPM, topic = MQTT_RT_DATA created 67d671dfaf9d772a7d2887c2 succesfully
2025-03-16 12:38:53,474 pop.CPM_RT_mixins INFO     mongo_db = RTModelCPM, topic = MQTT_RT_DATA created 67d671fdaf9d772a7d2887c3 succesfully
2025-03-16 12:38:53,487 pop.CPM_RT_mixins INFO     mongo_db = TemporaryRTModelCPM, topic = MQTT_RT_DATA created 67d671fdaf9d772a7d2887c4 succesfully
2025-03-16 12:38:53,496 pop.CPM_RT_mixins INFO     mongo_db = TodayRTModelCPM, topic = MQTT_RT_DATA created 67d671fdaf9d772a7d2887c5 succesfully
2025-03-16 12:39:00,248 pop.CPM_ENY_NOW_mongo_mixins INFO     mongo_db = EnyNowDataModelCPM, topic = MQTT_ENY_NOW created 67d67204af9d772a7d2887c6 succesfully
2025-03-16 12:39:00,256 pop.CPM_ENY_NOW_mongo_mixins INFO     mongo_db = TemporaryEnyNowDataModelCPM, topic = MQTT_ENY_NOW created 67d67204af9d772a7d2887c7 succesfully
2025-03-16 12:39:00,262 pop.CPM_ENY_NOW_mongo_mixins INFO     mongo_db = TodayEnyNowDataModelCPM, topic = MQTT_ENY_NOW created 67d67204af9d772a7d2887c8 succesfully
2025-03-16 12:39:00,269 pop.CPM_ENY_NOW_mongo_mixins INFO     mongo_db = Last7DaysEnyNowDataModelCPM, topic = MQTT_ENY_NOW created 67d67204af9d772a7d2887c9 succesfully
2025-03-16 12:39:24,695 pop.CPM_RT_mixins INFO     mongo_db = RTModelCPM, topic = MQTT_RT_DATA created 67d6721caf9d772a7d2887ca succesfully
2025-03-16 12:39:24,706 pop.CPM_RT_mixins INFO     mongo_db = TemporaryRTModelCPM, topic = MQTT_RT_DATA created 67d6721caf9d772a7d2887cb succesfully
2025-03-16 12:39:24,717 pop.CPM_RT_mixins INFO     mongo_db = TodayRTModelCPM, topic = MQTT_RT_DATA created 67d6721caf9d772a7d2887cc succesfully
2025-03-16 12:39:54,561 pop.CPM_RT_mixins INFO     mongo_db = RTModelCPM, topic = MQTT_RT_DATA created 67d6723aaf9d772a7d2887cd succesfully
2025-03-16 12:39:54,573 pop.CPM_RT_mixins INFO     mongo_db = TemporaryRTModelCPM, topic = MQTT_RT_DATA created 67d6723aaf9d772a7d2887ce succesfully
2025-03-16 12:39:54,586 pop.CPM_RT_mixins INFO     mongo_db = TodayRTModelCPM, topic = MQTT_RT_DATA created 67d6723aaf9d772a7d2887cf succesfully
2025-03-16 12:40:23,820 pop.CPM_RT_mixins INFO     mongo_db = RTModelCPM, topic = MQTT_RT_DATA created 67d67257af9d772a7d2887d0 succesfully
2025-03-16 12:40:23,839 pop.CPM_RT_mixins INFO     mongo_db = TemporaryRTModelCPM, topic = MQTT_RT_DATA created 67d67257af9d772a7d2887d1 succesfully
2025-03-16 12:40:23,851 pop.CPM_RT_mixins INFO     mongo_db = TodayRTModelCPM, topic = MQTT_RT_DATA created 67d67257af9d772a7d2887d2 succesfully
2025-03-16 12:40:54,872 pop.CPM_RT_mixins INFO     mongo_db = RTModelCPM, topic = MQTT_RT_DATA created 67d67276af9d772a7d2887d3 succesfully
2025-03-16 12:40:54,883 pop.CPM_RT_mixins INFO     mongo_db = TemporaryRTModelCPM, topic = MQTT_RT_DATA created 67d67276af9d772a7d2887d4 succesfully
2025-03-16 12:40:54,896 pop.CPM_RT_mixins INFO     mongo_db = TodayRTModelCPM, topic = MQTT_RT_DATA created 67d67276af9d772a7d2887d5 succesfully
2025-03-16 12:41:23,933 pop.CPM_RT_mixins INFO     mongo_db = RTModelCPM, topic = MQTT_RT_DATA created 67d67293af9d772a7d2887d6 succesfully
2025-03-16 12:41:23,946 pop.CPM_RT_mixins INFO     mongo_db = TemporaryRTModelCPM, topic = MQTT_RT_DATA created 67d67293af9d772a7d2887d7 succesfully
2025-03-16 12:41:23,956 pop.CPM_RT_mixins INFO     mongo_db = TodayRTModelCPM, topic = MQTT_RT_DATA created 67d67293af9d772a7d2887d8 succesfully
2025-03-16 12:41:54,401 pop.CPM_RT_mixins INFO     mongo_db = RTModelCPM, topic = MQTT_RT_DATA created 67d672b2af9d772a7d2887d9 succesfully
2025-03-16 12:41:54,412 pop.CPM_RT_mixins INFO     mongo_db = TemporaryRTModelCPM, topic = MQTT_RT_DATA created 67d672b2af9d772a7d2887da succesfully
2025-03-16 12:41:54,423 pop.CPM_RT_mixins INFO     mongo_db = TodayRTModelCPM, topic = MQTT_RT_DATA created 67d672b2af9d772a7d2887db succesfully
2025-03-16 12:42:24,911 pop.CPM_RT_mixins INFO     mongo_db = RTModelCPM, topic = MQTT_RT_DATA created 67d672d0af9d772a7d2887dc succesfully
2025-03-16 12:42:24,925 pop.CPM_RT_mixins INFO     mongo_db = TemporaryRTModelCPM, topic = MQTT_RT_DATA created 67d672d0af9d772a7d2887dd succesfully
2025-03-16 12:42:24,936 pop.CPM_RT_mixins INFO     mongo_db = TodayRTModelCPM, topic = MQTT_RT_DATA created 67d672d0af9d772a7d2887de succesfully
2025-03-16 12:42:53,742 pop.CPM_RT_mixins INFO     mongo_db = RTModelCPM, topic = MQTT_RT_DATA created 67d672edaf9d772a7d2887df succesfully
2025-03-16 12:42:53,756 pop.CPM_RT_mixins INFO     mongo_db = TemporaryRTModelCPM, topic = MQTT_RT_DATA created 67d672edaf9d772a7d2887e0 succesfully
2025-03-16 12:42:53,769 pop.CPM_RT_mixins INFO     mongo_db = TodayRTModelCPM, topic = MQTT_RT_DATA created 67d672edaf9d772a7d2887e1 succesfully
2025-03-16 12:43:23,644 pop.CPM_RT_mixins INFO     mongo_db = RTModelCPM, topic = MQTT_RT_DATA created 67d6730baf9d772a7d2887e2 succesfully
2025-03-16 12:43:23,657 pop.CPM_RT_mixins INFO     mongo_db = TemporaryRTModelCPM, topic = MQTT_RT_DATA created 67d6730baf9d772a7d2887e3 succesfully
2025-03-16 12:43:23,672 pop.CPM_RT_mixins INFO     mongo_db = TodayRTModelCPM, topic = MQTT_RT_DATA created 67d6730baf9d772a7d2887e4 succesfully
2025-03-16 12:43:54,537 pop.CPM_RT_mixins INFO     mongo_db = RTModelCPM, topic = MQTT_RT_DATA created 67d6732aaf9d772a7d2887e5 succesfully
2025-03-16 12:43:54,550 pop.CPM_RT_mixins INFO     mongo_db = TemporaryRTModelCPM, topic = MQTT_RT_DATA created 67d6732aaf9d772a7d2887e6 succesfully
2025-03-16 12:43:54,562 pop.CPM_RT_mixins INFO     mongo_db = TodayRTModelCPM, topic = MQTT_RT_DATA created 67d6732aaf9d772a7d2887e7 succesfully
2025-03-16 12:44:23,464 pop.CPM_RT_mixins INFO     mongo_db = RTModelCPM, topic = MQTT_RT_DATA created 67d67347af9d772a7d2887e8 succesfully
2025-03-16 12:44:23,476 pop.CPM_RT_mixins INFO     mongo_db = TemporaryRTModelCPM, topic = MQTT_RT_DATA created 67d67347af9d772a7d2887e9 succesfully
2025-03-16 12:44:23,486 pop.CPM_RT_mixins INFO     mongo_db = TodayRTModelCPM, topic = MQTT_RT_DATA created 67d67347af9d772a7d2887ea succesfully
2025-03-16 12:44:53,580 pop.CPM_RT_mixins INFO     mongo_db = RTModelCPM, topic = MQTT_RT_DATA created 67d67365af9d772a7d2887eb succesfully
2025-03-16 12:44:53,592 pop.CPM_RT_mixins INFO     mongo_db = TemporaryRTModelCPM, topic = MQTT_RT_DATA created 67d67365af9d772a7d2887ec succesfully
2025-03-16 12:44:53,604 pop.CPM_RT_mixins INFO     mongo_db = TodayRTModelCPM, topic = MQTT_RT_DATA created 67d67365af9d772a7d2887ed succesfully
2025-03-16 12:45:53,608 pop.CPM_RT_mixins INFO     mongo_db = RTModelCPM, topic = MQTT_RT_DATA created 67d673a1af9d772a7d2887ee succesfully
2025-03-16 12:45:53,622 pop.CPM_RT_mixins INFO     mongo_db = TemporaryRTModelCPM, topic = MQTT_RT_DATA created 67d673a1af9d772a7d2887ef succesfully
2025-03-16 12:45:53,634 pop.CPM_RT_mixins INFO     mongo_db = TodayRTModelCPM, topic = MQTT_RT_DATA created 67d673a1af9d772a7d2887f0 succesfully
2025-03-16 12:46:24,938 pop.CPM_RT_mixins INFO     mongo_db = RTModelCPM, topic = MQTT_RT_DATA created 67d673c0af9d772a7d2887f1 succesfully
2025-03-16 12:46:24,951 pop.CPM_RT_mixins INFO     mongo_db = TemporaryRTModelCPM, topic = MQTT_RT_DATA created 67d673c0af9d772a7d2887f2 succesfully
2025-03-16 12:46:24,961 pop.CPM_RT_mixins INFO     mongo_db = TodayRTModelCPM, topic = MQTT_RT_DATA created 67d673c0af9d772a7d2887f3 succesfully
2025-03-16 12:46:54,593 pop.CPM_RT_mixins INFO     mongo_db = RTModelCPM, topic = MQTT_RT_DATA created 67d673deaf9d772a7d2887f4 succesfully
2025-03-16 12:46:54,610 pop.CPM_RT_mixins INFO     mongo_db = TemporaryRTModelCPM, topic = MQTT_RT_DATA created 67d673deaf9d772a7d2887f5 succesfully
2025-03-16 12:46:54,626 pop.CPM_RT_mixins INFO     mongo_db = TodayRTModelCPM, topic = MQTT_RT_DATA created 67d673deaf9d772a7d2887f6 succesfully
2025-03-16 12:47:23,662 pop.CPM_RT_mixins INFO     mongo_db = RTModelCPM, topic = MQTT_RT_DATA created 67d673fbaf9d772a7d2887f7 succesfully
2025-03-16 12:47:23,675 pop.CPM_RT_mixins INFO     mongo_db = TemporaryRTModelCPM, topic = MQTT_RT_DATA created 67d673fbaf9d772a7d2887f8 succesfully
2025-03-16 12:47:23,687 pop.CPM_RT_mixins INFO     mongo_db = TodayRTModelCPM, topic = MQTT_RT_DATA created 67d673fbaf9d772a7d2887f9 succesfully
2025-03-16 12:47:53,902 pop.CPM_RT_mixins INFO     mongo_db = RTModelCPM, topic = MQTT_RT_DATA created 67d67419af9d772a7d2887fa succesfully
2025-03-16 12:47:53,914 pop.CPM_RT_mixins INFO     mongo_db = TemporaryRTModelCPM, topic = MQTT_RT_DATA created 67d67419af9d772a7d2887fb succesfully
2025-03-16 12:47:53,926 pop.CPM_RT_mixins INFO     mongo_db = TodayRTModelCPM, topic = MQTT_RT_DATA created 67d67419af9d772a7d2887fc succesfully
2025-03-16 12:48:25,209 pop.CPM_RT_mixins INFO     mongo_db = RTModelCPM, topic = MQTT_RT_DATA created 67d67439af9d772a7d2887fd succesfully
2025-03-16 12:48:25,222 pop.CPM_RT_mixins INFO     mongo_db = TemporaryRTModelCPM, topic = MQTT_RT_DATA created 67d67439af9d772a7d2887fe succesfully
2025-03-16 12:48:25,233 pop.CPM_RT_mixins INFO     mongo_db = TodayRTModelCPM, topic = MQTT_RT_DATA created 67d67439af9d772a7d2887ff succesfully
2025-03-16 12:48:54,616 pop.CPM_RT_mixins INFO     mongo_db = RTModelCPM, topic = MQTT_RT_DATA created 67d67456af9d772a7d288800 succesfully
2025-03-16 12:48:54,627 pop.CPM_RT_mixins INFO     mongo_db = TemporaryRTModelCPM, topic = MQTT_RT_DATA created 67d67456af9d772a7d288801 succesfully
2025-03-16 12:48:54,637 pop.CPM_RT_mixins INFO     mongo_db = TodayRTModelCPM, topic = MQTT_RT_DATA created 67d67456af9d772a7d288802 succesfully
2025-03-16 12:49:24,535 pop.CPM_RT_mixins INFO     mongo_db = RTModelCPM, topic = MQTT_RT_DATA created 67d67474af9d772a7d288803 succesfully
2025-03-16 12:49:24,548 pop.CPM_RT_mixins INFO     mongo_db = TemporaryRTModelCPM, topic = MQTT_RT_DATA created 67d67474af9d772a7d288804 succesfully
2025-03-16 12:49:24,562 pop.CPM_RT_mixins INFO     mongo_db = TodayRTModelCPM, topic = MQTT_RT_DATA created 67d67474af9d772a7d288805 succesfully
2025-03-16 12:49:54,540 pop.CPM_RT_mixins INFO     mongo_db = RTModelCPM, topic = MQTT_RT_DATA created 67d67492af9d772a7d288806 succesfully
2025-03-16 12:49:54,552 pop.CPM_RT_mixins INFO     mongo_db = TemporaryRTModelCPM, topic = MQTT_RT_DATA created 67d67492af9d772a7d288807 succesfully
2025-03-16 12:49:54,562 pop.CPM_RT_mixins INFO     mongo_db = TodayRTModelCPM, topic = MQTT_RT_DATA created 67d67492af9d772a7d288808 succesfully
2025-03-16 12:50:23,954 pop.CPM_RT_mixins INFO     mongo_db = RTModelCPM, topic = MQTT_RT_DATA created 67d674afaf9d772a7d288809 succesfully
2025-03-16 12:50:23,965 pop.CPM_RT_mixins INFO     mongo_db = TemporaryRTModelCPM, topic = MQTT_RT_DATA created 67d674afaf9d772a7d28880a succesfully
2025-03-16 12:50:23,976 pop.CPM_RT_mixins INFO     mongo_db = TodayRTModelCPM, topic = MQTT_RT_DATA created 67d674afaf9d772a7d28880b succesfully
2025-03-16 12:50:53,862 pop.CPM_RT_mixins INFO     mongo_db = RTModelCPM, topic = MQTT_RT_DATA created 67d674cdaf9d772a7d28880c succesfully
2025-03-16 12:50:53,875 pop.CPM_RT_mixins INFO     mongo_db = TemporaryRTModelCPM, topic = MQTT_RT_DATA created 67d674cdaf9d772a7d28880d succesfully
2025-03-16 12:50:53,889 pop.CPM_RT_mixins INFO     mongo_db = TodayRTModelCPM, topic = MQTT_RT_DATA created 67d674cdaf9d772a7d28880e succesfully
2025-03-16 12:51:23,891 pop.CPM_RT_mixins INFO     mongo_db = RTModelCPM, topic = MQTT_RT_DATA created 67d674ebaf9d772a7d28880f succesfully
2025-03-16 12:51:23,902 pop.CPM_RT_mixins INFO     mongo_db = TemporaryRTModelCPM, topic = MQTT_RT_DATA created 67d674ebaf9d772a7d288810 succesfully
2025-03-16 12:51:23,913 pop.CPM_RT_mixins INFO     mongo_db = TodayRTModelCPM, topic = MQTT_RT_DATA created 67d674ebaf9d772a7d288811 succesfully
2025-03-16 12:51:54,416 pop.CPM_RT_mixins INFO     mongo_db = RTModelCPM, topic = MQTT_RT_DATA created 67d6750aaf9d772a7d288812 succesfully
2025-03-16 12:51:54,430 pop.CPM_RT_mixins INFO     mongo_db = TemporaryRTModelCPM, topic = MQTT_RT_DATA created 67d6750aaf9d772a7d288813 succesfully
2025-03-16 12:51:54,440 pop.CPM_RT_mixins INFO     mongo_db = TodayRTModelCPM, topic = MQTT_RT_DATA created 67d6750aaf9d772a7d288814 succesfully
2025-03-16 12:52:25,552 pop.CPM_RT_mixins INFO     mongo_db = RTModelCPM, topic = MQTT_RT_DATA created 67d67529af9d772a7d288815 succesfully
2025-03-16 12:52:25,563 pop.CPM_RT_mixins INFO     mongo_db = TemporaryRTModelCPM, topic = MQTT_RT_DATA created 67d67529af9d772a7d288816 succesfully
2025-03-16 12:52:25,573 pop.CPM_RT_mixins INFO     mongo_db = TodayRTModelCPM, topic = MQTT_RT_DATA created 67d67529af9d772a7d288817 succesfully
2025-03-16 12:53:10,817 pop.CPM_ENY_FRZ_mongo_mixins INFO     mongo_db = EnyFrzDataModelCPM, topic = MQTT_ENY_FRZ created 67d6755650cc8007ad0daaa9 succesfully
2025-03-16 12:53:10,839 pop.CPM_DAY_DATA_mongo_mixins INFO     mongo_db = DayDataModelCPM, topic = MQTT_DAY_DATA created 67d6755650cc8007ad0daaaa succesfully
2025-03-16 12:53:10,895 pop.CPM_ENY_NOW_mongo_mixins INFO     mongo_db = EnyNowDataModelCPM, topic = MQTT_ENY_NOW created 67d6755650cc8007ad0daaab succesfully
2025-03-16 12:53:10,911 pop.CPM_ENY_NOW_mongo_mixins INFO     mongo_db = TemporaryEnyNowDataModelCPM, topic = MQTT_ENY_NOW created 67d6755650cc8007ad0daaac succesfully
2025-03-16 12:53:10,930 pop.CPM_ENY_NOW_mongo_mixins INFO     mongo_db = TodayEnyNowDataModelCPM, topic = MQTT_ENY_NOW created 67d6755650cc8007ad0daaad succesfully
2025-03-16 12:53:10,949 pop.CPM_ENY_NOW_mongo_mixins INFO     mongo_db = Last7DaysEnyNowDataModelCPM, topic = MQTT_ENY_NOW created 67d6755650cc8007ad0daaae succesfully
2025-03-16 12:53:10,999 pop.CPM_RT_mixins INFO     mongo_db = RTModelCPM, topic = MQTT_RT_DATA created 67d6755650cc8007ad0daaaf succesfully
2025-03-16 12:53:11,029 pop.CPM_RT_mixins INFO     mongo_db = TemporaryRTModelCPM, topic = MQTT_RT_DATA created 67d6755750cc8007ad0daab0 succesfully
2025-03-16 12:53:11,053 pop.CPM_RT_mixins INFO     mongo_db = TodayRTModelCPM, topic = MQTT_RT_DATA created 67d6755750cc8007ad0daab1 succesfully
2025-03-16 12:53:14,568 pop.CCCL_generator_mixins INFO     mongo_db = CCCLGenerator, topic = CCCL/PURBACHAL/ENM_01 created 67d6755a50cc8007ad0daab2 succesfully
2025-03-16 12:53:14,584 pop.CCCL_generator_mixins INFO     mongo_db = TemporaryCCCLGenerator, topic = CCCL/PURBACHAL/ENM_01 created 67d6755a50cc8007ad0daab3 succesfully
2025-03-16 12:53:14,599 pop.CCCL_generator_mixins INFO     mongo_db = TodayCCCLGenerator, topic = CCCL/PURBACHAL/ENM_01 created 67d6755a50cc8007ad0daab4 succesfully
2025-03-16 12:53:23,709 pop.CPM_RT_mixins INFO     mongo_db = RTModelCPM, topic = MQTT_RT_DATA created 67d6756350cc8007ad0daab8 succesfully
2025-03-16 12:53:23,722 pop.CPM_RT_mixins INFO     mongo_db = TemporaryRTModelCPM, topic = MQTT_RT_DATA created 67d6756350cc8007ad0daab9 succesfully
2025-03-16 12:53:23,732 pop.CPM_RT_mixins INFO     mongo_db = TodayRTModelCPM, topic = MQTT_RT_DATA created 67d6756350cc8007ad0daaba succesfully
2025-03-16 12:53:31,467 pop.CCCL_environment_mixins INFO     mongo_db = CCCLEnvironment, topic = CCCL/PURBACHAL/ENV_01 created 67d6756b50cc8007ad0daabb succesfully
2025-03-16 12:53:31,482 pop.CCCL_environment_mixins INFO     mongo_db = TemporaryCCCLEnvironment, topic = CCCL/PURBACHAL/ENV_01 created 67d6756b50cc8007ad0daabc succesfully
2025-03-16 12:53:31,495 pop.CCCL_environment_mixins INFO     mongo_db = TodayCCCLEnvironment, topic = CCCL/PURBACHAL/ENV_01 created 67d6756b50cc8007ad0daabd succesfully
2025-03-16 12:53:53,867 pop.CPM_RT_mixins INFO     mongo_db = RTModelCPM, topic = MQTT_RT_DATA created 67d6758150cc8007ad0daac1 succesfully
2025-03-16 12:53:53,880 pop.CPM_RT_mixins INFO     mongo_db = TemporaryRTModelCPM, topic = MQTT_RT_DATA created 67d6758150cc8007ad0daac2 succesfully
2025-03-16 12:53:53,891 pop.CPM_RT_mixins INFO     mongo_db = TodayRTModelCPM, topic = MQTT_RT_DATA created 67d6758150cc8007ad0daac3 succesfully
2025-03-16 12:54:00,630 pop.CPM_ENY_NOW_mongo_mixins INFO     mongo_db = EnyNowDataModelCPM, topic = MQTT_ENY_NOW created 67d6758850cc8007ad0daac4 succesfully
2025-03-16 12:54:00,640 pop.CPM_ENY_NOW_mongo_mixins INFO     mongo_db = TemporaryEnyNowDataModelCPM, topic = MQTT_ENY_NOW created 67d6758850cc8007ad0daac5 succesfully
2025-03-16 12:54:00,654 pop.CPM_ENY_NOW_mongo_mixins INFO     mongo_db = TodayEnyNowDataModelCPM, topic = MQTT_ENY_NOW created 67d6758850cc8007ad0daac6 succesfully
2025-03-16 12:54:00,664 pop.CPM_ENY_NOW_mongo_mixins INFO     mongo_db = Last7DaysEnyNowDataModelCPM, topic = MQTT_ENY_NOW created 67d6758850cc8007ad0daac7 succesfully
2025-03-16 12:54:01,836 pop.CCCL_environment_mixins INFO     mongo_db = CCCLEnvironment, topic = CCCL/PURBACHAL/ENV_01 created 67d6758950cc8007ad0daac8 succesfully
2025-03-16 12:54:01,849 pop.CCCL_environment_mixins INFO     mongo_db = TemporaryCCCLEnvironment, topic = CCCL/PURBACHAL/ENV_01 created 67d6758950cc8007ad0daac9 succesfully
2025-03-16 12:54:01,863 pop.CCCL_environment_mixins INFO     mongo_db = TodayCCCLEnvironment, topic = CCCL/PURBACHAL/ENV_01 created 67d6758950cc8007ad0daaca succesfully
2025-03-16 12:54:14,631 pop.CCCL_generator_mixins INFO     mongo_db = CCCLGenerator, topic = CCCL/PURBACHAL/ENM_01 created 67d6759650cc8007ad0daacb succesfully
2025-03-16 12:54:14,679 pop.CCCL_generator_mixins INFO     mongo_db = TemporaryCCCLGenerator, topic = CCCL/PURBACHAL/ENM_01 created 67d6759650cc8007ad0daacc succesfully
2025-03-16 12:54:14,714 pop.CCCL_generator_mixins INFO     mongo_db = TodayCCCLGenerator, topic = CCCL/PURBACHAL/ENM_01 created 67d6759650cc8007ad0daacd succesfully
2025-03-16 12:54:23,824 pop.CPM_RT_mixins INFO     mongo_db = RTModelCPM, topic = MQTT_RT_DATA created 67d6759f50cc8007ad0daad1 succesfully
2025-03-16 12:54:23,870 pop.CPM_RT_mixins INFO     mongo_db = TemporaryRTModelCPM, topic = MQTT_RT_DATA created 67d6759f50cc8007ad0daad2 succesfully
2025-03-16 12:54:23,916 pop.CPM_RT_mixins INFO     mongo_db = TodayRTModelCPM, topic = MQTT_RT_DATA created 67d6759f50cc8007ad0daad3 succesfully
2025-03-16 12:54:32,250 pop.CCCL_environment_mixins INFO     mongo_db = CCCLEnvironment, topic = CCCL/PURBACHAL/ENV_01 created 67d675a850cc8007ad0daad4 succesfully
2025-03-16 12:54:32,289 pop.CCCL_environment_mixins INFO     mongo_db = TemporaryCCCLEnvironment, topic = CCCL/PURBACHAL/ENV_01 created 67d675a850cc8007ad0daad5 succesfully
2025-03-16 12:54:32,326 pop.CCCL_environment_mixins INFO     mongo_db = TodayCCCLEnvironment, topic = CCCL/PURBACHAL/ENV_01 created 67d675a850cc8007ad0daad6 succesfully
2025-03-16 12:54:55,065 pop.CPM_RT_mixins INFO     mongo_db = RTModelCPM, topic = MQTT_RT_DATA created 67d675bf50cc8007ad0daada succesfully
2025-03-16 12:54:55,078 pop.CPM_RT_mixins INFO     mongo_db = TemporaryRTModelCPM, topic = MQTT_RT_DATA created 67d675bf50cc8007ad0daadb succesfully
2025-03-16 12:54:55,090 pop.CPM_RT_mixins INFO     mongo_db = TodayRTModelCPM, topic = MQTT_RT_DATA created 67d675bf50cc8007ad0daadc succesfully
2025-03-16 12:55:02,503 pop.CCCL_environment_mixins INFO     mongo_db = CCCLEnvironment, topic = CCCL/PURBACHAL/ENV_01 created 67d675c650cc8007ad0daadd succesfully
2025-03-16 12:55:02,516 pop.CCCL_environment_mixins INFO     mongo_db = TemporaryCCCLEnvironment, topic = CCCL/PURBACHAL/ENV_01 created 67d675c650cc8007ad0daade succesfully
2025-03-16 12:55:02,528 pop.CCCL_environment_mixins INFO     mongo_db = TodayCCCLEnvironment, topic = CCCL/PURBACHAL/ENV_01 created 67d675c650cc8007ad0daadf succesfully
2025-03-16 12:55:14,580 pop.CCCL_generator_mixins INFO     mongo_db = CCCLGenerator, topic = CCCL/PURBACHAL/ENM_01 created 67d675d250cc8007ad0daae0 succesfully
2025-03-16 12:55:14,601 pop.CCCL_generator_mixins INFO     mongo_db = TemporaryCCCLGenerator, topic = CCCL/PURBACHAL/ENM_01 created 67d675d250cc8007ad0daae1 succesfully
2025-03-16 12:55:14,616 pop.CCCL_generator_mixins INFO     mongo_db = TodayCCCLGenerator, topic = CCCL/PURBACHAL/ENM_01 created 67d675d250cc8007ad0daae2 succesfully
2025-03-16 12:55:24,107 pop.CPM_RT_mixins INFO     mongo_db = RTModelCPM, topic = MQTT_RT_DATA created 67d675dc50cc8007ad0daae6 succesfully
2025-03-16 12:55:24,121 pop.CPM_RT_mixins INFO     mongo_db = TemporaryRTModelCPM, topic = MQTT_RT_DATA created 67d675dc50cc8007ad0daae7 succesfully
2025-03-16 12:55:24,133 pop.CPM_RT_mixins INFO     mongo_db = TodayRTModelCPM, topic = MQTT_RT_DATA created 67d675dc50cc8007ad0daae8 succesfully
2025-03-16 12:55:32,814 pop.CCCL_environment_mixins INFO     mongo_db = CCCLEnvironment, topic = CCCL/PURBACHAL/ENV_01 created 67d675e450cc8007ad0daae9 succesfully
2025-03-16 12:55:32,833 pop.CCCL_environment_mixins INFO     mongo_db = TemporaryCCCLEnvironment, topic = CCCL/PURBACHAL/ENV_01 created 67d675e450cc8007ad0daaea succesfully
2025-03-16 12:55:32,843 pop.CCCL_environment_mixins INFO     mongo_db = TodayCCCLEnvironment, topic = CCCL/PURBACHAL/ENV_01 created 67d675e450cc8007ad0daaeb succesfully
2025-03-16 12:55:53,528 pop.CPM_RT_mixins INFO     mongo_db = RTModelCPM, topic = MQTT_RT_DATA created 67d675f950cc8007ad0daaef succesfully
2025-03-16 12:55:53,544 pop.CPM_RT_mixins INFO     mongo_db = TemporaryRTModelCPM, topic = MQTT_RT_DATA created 67d675f950cc8007ad0daaf0 succesfully
2025-03-16 12:55:53,556 pop.CPM_RT_mixins INFO     mongo_db = TodayRTModelCPM, topic = MQTT_RT_DATA created 67d675f950cc8007ad0daaf1 succesfully
2025-03-16 12:56:03,121 pop.CCCL_environment_mixins INFO     mongo_db = CCCLEnvironment, topic = CCCL/PURBACHAL/ENV_01 created 67d6760350cc8007ad0daaf2 succesfully
2025-03-16 12:56:03,131 pop.CCCL_environment_mixins INFO     mongo_db = TemporaryCCCLEnvironment, topic = CCCL/PURBACHAL/ENV_01 created 67d6760350cc8007ad0daaf3 succesfully
2025-03-16 12:56:03,139 pop.CCCL_environment_mixins INFO     mongo_db = TodayCCCLEnvironment, topic = CCCL/PURBACHAL/ENV_01 created 67d6760350cc8007ad0daaf4 succesfully
2025-03-16 12:56:14,606 pop.CCCL_generator_mixins INFO     mongo_db = CCCLGenerator, topic = CCCL/PURBACHAL/ENM_01 created 67d6760e50cc8007ad0daaf5 succesfully
2025-03-16 12:56:14,653 pop.CCCL_generator_mixins INFO     mongo_db = TemporaryCCCLGenerator, topic = CCCL/PURBACHAL/ENM_01 created 67d6760e50cc8007ad0daaf6 succesfully
2025-03-16 12:56:14,693 pop.CCCL_generator_mixins INFO     mongo_db = TodayCCCLGenerator, topic = CCCL/PURBACHAL/ENM_01 created 67d6760e50cc8007ad0daaf7 succesfully
2025-03-16 12:56:33,418 pop.CCCL_environment_mixins INFO     mongo_db = CCCLEnvironment, topic = CCCL/PURBACHAL/ENV_01 created 67d6762150cc8007ad0daafb succesfully
2025-03-16 12:56:33,428 pop.CCCL_environment_mixins INFO     mongo_db = TemporaryCCCLEnvironment, topic = CCCL/PURBACHAL/ENV_01 created 67d6762150cc8007ad0daafc succesfully
2025-03-16 12:56:33,436 pop.CCCL_environment_mixins INFO     mongo_db = TodayCCCLEnvironment, topic = CCCL/PURBACHAL/ENV_01 created 67d6762150cc8007ad0daafd succesfully
2025-03-16 12:56:53,597 pop.CPM_RT_mixins INFO     mongo_db = RTModelCPM, topic = MQTT_RT_DATA created 67d6763550cc8007ad0dab01 succesfully
2025-03-16 12:56:53,613 pop.CPM_RT_mixins INFO     mongo_db = TemporaryRTModelCPM, topic = MQTT_RT_DATA created 67d6763550cc8007ad0dab02 succesfully
2025-03-16 12:56:53,625 pop.CPM_RT_mixins INFO     mongo_db = TodayRTModelCPM, topic = MQTT_RT_DATA created 67d6763550cc8007ad0dab03 succesfully
2025-03-16 12:57:03,747 pop.CCCL_environment_mixins INFO     mongo_db = CCCLEnvironment, topic = CCCL/PURBACHAL/ENV_01 created 67d6763f50cc8007ad0dab04 succesfully
2025-03-16 12:57:03,762 pop.CCCL_environment_mixins INFO     mongo_db = TemporaryCCCLEnvironment, topic = CCCL/PURBACHAL/ENV_01 created 67d6763f50cc8007ad0dab05 succesfully
2025-03-16 12:57:03,769 pop.CCCL_environment_mixins INFO     mongo_db = TodayCCCLEnvironment, topic = CCCL/PURBACHAL/ENV_01 created 67d6763f50cc8007ad0dab06 succesfully
2025-03-16 12:57:14,564 pop.CCCL_generator_mixins INFO     mongo_db = CCCLGenerator, topic = CCCL/PURBACHAL/ENM_01 created 67d6764a50cc8007ad0dab07 succesfully
2025-03-16 12:57:14,582 pop.CCCL_generator_mixins INFO     mongo_db = TemporaryCCCLGenerator, topic = CCCL/PURBACHAL/ENM_01 created 67d6764a50cc8007ad0dab08 succesfully
2025-03-16 12:57:14,593 pop.CCCL_generator_mixins INFO     mongo_db = TodayCCCLGenerator, topic = CCCL/PURBACHAL/ENM_01 created 67d6764a50cc8007ad0dab09 succesfully
2025-03-16 12:57:34,058 pop.CCCL_environment_mixins INFO     mongo_db = CCCLEnvironment, topic = CCCL/PURBACHAL/ENV_01 created 67d6765e50cc8007ad0dab0d succesfully
2025-03-16 12:57:34,070 pop.CCCL_environment_mixins INFO     mongo_db = TemporaryCCCLEnvironment, topic = CCCL/PURBACHAL/ENV_01 created 67d6765e50cc8007ad0dab0e succesfully
2025-03-16 12:57:34,081 pop.CCCL_environment_mixins INFO     mongo_db = TodayCCCLEnvironment, topic = CCCL/PURBACHAL/ENV_01 created 67d6765e50cc8007ad0dab0f succesfully
2025-03-16 12:57:53,747 pop.CPM_RT_mixins INFO     mongo_db = RTModelCPM, topic = MQTT_RT_DATA created 67d6767150cc8007ad0dab13 succesfully
2025-03-16 12:57:53,759 pop.CPM_RT_mixins INFO     mongo_db = TemporaryRTModelCPM, topic = MQTT_RT_DATA created 67d6767150cc8007ad0dab14 succesfully
2025-03-16 12:57:53,770 pop.CPM_RT_mixins INFO     mongo_db = TodayRTModelCPM, topic = MQTT_RT_DATA created 67d6767150cc8007ad0dab15 succesfully
2025-03-16 12:58:04,681 pop.CCCL_environment_mixins INFO     mongo_db = CCCLEnvironment, topic = CCCL/PURBACHAL/ENV_01 created 67d6767c50cc8007ad0dab16 succesfully
2025-03-16 12:58:04,699 pop.CCCL_environment_mixins INFO     mongo_db = TemporaryCCCLEnvironment, topic = CCCL/PURBACHAL/ENV_01 created 67d6767c50cc8007ad0dab17 succesfully
2025-03-16 12:58:04,711 pop.CCCL_environment_mixins INFO     mongo_db = TodayCCCLEnvironment, topic = CCCL/PURBACHAL/ENV_01 created 67d6767c50cc8007ad0dab18 succesfully
2025-03-16 12:58:14,581 pop.CCCL_generator_mixins INFO     mongo_db = CCCLGenerator, topic = CCCL/PURBACHAL/ENM_01 created 67d6768650cc8007ad0dab19 succesfully
2025-03-16 12:58:14,604 pop.CCCL_generator_mixins INFO     mongo_db = TemporaryCCCLGenerator, topic = CCCL/PURBACHAL/ENM_01 created 67d6768650cc8007ad0dab1a succesfully
2025-03-16 12:58:14,616 pop.CCCL_generator_mixins INFO     mongo_db = TodayCCCLGenerator, topic = CCCL/PURBACHAL/ENM_01 created 67d6768650cc8007ad0dab1b succesfully
2025-03-16 12:58:34,985 pop.CCCL_environment_mixins INFO     mongo_db = CCCLEnvironment, topic = CCCL/PURBACHAL/ENV_01 created 67d6769a50cc8007ad0dab1f succesfully
2025-03-16 12:58:35,005 pop.CCCL_environment_mixins INFO     mongo_db = TemporaryCCCLEnvironment, topic = CCCL/PURBACHAL/ENV_01 created 67d6769b50cc8007ad0dab20 succesfully
2025-03-16 12:58:35,015 pop.CCCL_environment_mixins INFO     mongo_db = TodayCCCLEnvironment, topic = CCCL/PURBACHAL/ENV_01 created 67d6769b50cc8007ad0dab21 succesfully
2025-03-16 12:58:54,837 pop.CPM_RT_mixins INFO     mongo_db = RTModelCPM, topic = MQTT_RT_DATA created 67d676ae50cc8007ad0dab25 succesfully
2025-03-16 12:58:54,848 pop.CPM_RT_mixins INFO     mongo_db = TemporaryRTModelCPM, topic = MQTT_RT_DATA created 67d676ae50cc8007ad0dab26 succesfully
2025-03-16 12:58:54,860 pop.CPM_RT_mixins INFO     mongo_db = TodayRTModelCPM, topic = MQTT_RT_DATA created 67d676ae50cc8007ad0dab27 succesfully
2025-03-16 12:59:05,404 pop.CCCL_environment_mixins INFO     mongo_db = CCCLEnvironment, topic = CCCL/PURBACHAL/ENV_01 created 67d676b950cc8007ad0dab28 succesfully
2025-03-16 12:59:05,432 pop.CCCL_environment_mixins INFO     mongo_db = TemporaryCCCLEnvironment, topic = CCCL/PURBACHAL/ENV_01 created 67d676b950cc8007ad0dab29 succesfully
2025-03-16 12:59:05,446 pop.CCCL_environment_mixins INFO     mongo_db = TodayCCCLEnvironment, topic = CCCL/PURBACHAL/ENV_01 created 67d676b950cc8007ad0dab2a succesfully
2025-03-16 12:59:14,663 pop.CCCL_generator_mixins INFO     mongo_db = CCCLGenerator, topic = CCCL/PURBACHAL/ENM_01 created 67d676c250cc8007ad0dab2b succesfully
2025-03-16 12:59:14,680 pop.CCCL_generator_mixins INFO     mongo_db = TemporaryCCCLGenerator, topic = CCCL/PURBACHAL/ENM_01 created 67d676c250cc8007ad0dab2c succesfully
2025-03-16 12:59:14,691 pop.CCCL_generator_mixins INFO     mongo_db = TodayCCCLGenerator, topic = CCCL/PURBACHAL/ENM_01 created 67d676c250cc8007ad0dab2d succesfully
2025-03-16 12:59:24,737 pop.CPM_RT_mixins INFO     mongo_db = RTModelCPM, topic = MQTT_RT_DATA created 67d676cc50cc8007ad0dab31 succesfully
2025-03-16 12:59:24,750 pop.CPM_RT_mixins INFO     mongo_db = TemporaryRTModelCPM, topic = MQTT_RT_DATA created 67d676cc50cc8007ad0dab32 succesfully
2025-03-16 12:59:24,760 pop.CPM_RT_mixins INFO     mongo_db = TodayRTModelCPM, topic = MQTT_RT_DATA created 67d676cc50cc8007ad0dab33 succesfully
2025-03-16 12:59:35,712 pop.CCCL_environment_mixins INFO     mongo_db = CCCLEnvironment, topic = CCCL/PURBACHAL/ENV_01 created 67d676d750cc8007ad0dab34 succesfully
2025-03-16 12:59:35,733 pop.CCCL_environment_mixins INFO     mongo_db = TemporaryCCCLEnvironment, topic = CCCL/PURBACHAL/ENV_01 created 67d676d750cc8007ad0dab35 succesfully
2025-03-16 12:59:35,745 pop.CCCL_environment_mixins INFO     mongo_db = TodayCCCLEnvironment, topic = CCCL/PURBACHAL/ENV_01 created 67d676d750cc8007ad0dab36 succesfully
2025-03-16 12:59:53,744 pop.CPM_RT_mixins INFO     mongo_db = RTModelCPM, topic = MQTT_RT_DATA created 67d676e950cc8007ad0dab37 succesfully
2025-03-16 12:59:53,755 pop.CPM_RT_mixins INFO     mongo_db = TemporaryRTModelCPM, topic = MQTT_RT_DATA created 67d676e950cc8007ad0dab38 succesfully
2025-03-16 12:59:53,766 pop.CPM_RT_mixins INFO     mongo_db = TodayRTModelCPM, topic = MQTT_RT_DATA created 67d676e950cc8007ad0dab39 succesfully
2025-03-16 13:00:06,014 pop.CCCL_environment_mixins INFO     mongo_db = CCCLEnvironment, topic = CCCL/PURBACHAL/ENV_01 created 67d676f650cc8007ad0dab3d succesfully
2025-03-16 13:00:06,027 pop.CCCL_environment_mixins INFO     mongo_db = TemporaryCCCLEnvironment, topic = CCCL/PURBACHAL/ENV_01 created 67d676f650cc8007ad0dab3e succesfully
2025-03-16 13:00:06,037 pop.CCCL_environment_mixins INFO     mongo_db = TodayCCCLEnvironment, topic = CCCL/PURBACHAL/ENV_01 created 67d676f650cc8007ad0dab3f succesfully
2025-03-16 13:00:14,583 pop.CCCL_generator_mixins INFO     mongo_db = CCCLGenerator, topic = CCCL/PURBACHAL/ENM_01 created 67d676fe50cc8007ad0dab40 succesfully
2025-03-16 13:00:14,600 pop.CCCL_generator_mixins INFO     mongo_db = TemporaryCCCLGenerator, topic = CCCL/PURBACHAL/ENM_01 created 67d676fe50cc8007ad0dab41 succesfully
2025-03-16 13:00:14,613 pop.CCCL_generator_mixins INFO     mongo_db = TodayCCCLGenerator, topic = CCCL/PURBACHAL/ENM_01 created 67d676fe50cc8007ad0dab42 succesfully
2025-03-16 13:00:25,137 pop.CPM_RT_mixins INFO     mongo_db = RTModelCPM, topic = MQTT_RT_DATA created 67d6770950cc8007ad0dab46 succesfully
2025-03-16 13:00:25,150 pop.CPM_RT_mixins INFO     mongo_db = TemporaryRTModelCPM, topic = MQTT_RT_DATA created 67d6770950cc8007ad0dab47 succesfully
2025-03-16 13:00:25,161 pop.CPM_RT_mixins INFO     mongo_db = TodayRTModelCPM, topic = MQTT_RT_DATA created 67d6770950cc8007ad0dab48 succesfully
2025-03-16 13:00:36,335 pop.CCCL_environment_mixins INFO     mongo_db = CCCLEnvironment, topic = CCCL/PURBACHAL/ENV_01 created 67d6771450cc8007ad0dab49 succesfully
2025-03-16 13:00:36,360 pop.CCCL_environment_mixins INFO     mongo_db = TemporaryCCCLEnvironment, topic = CCCL/PURBACHAL/ENV_01 created 67d6771450cc8007ad0dab4a succesfully
2025-03-16 13:00:36,380 pop.CCCL_environment_mixins INFO     mongo_db = TodayCCCLEnvironment, topic = CCCL/PURBACHAL/ENV_01 created 67d6771450cc8007ad0dab4b succesfully
2025-03-16 13:00:54,800 pop.CPM_RT_mixins INFO     mongo_db = RTModelCPM, topic = MQTT_RT_DATA created 67d6772650cc8007ad0dab4c succesfully
2025-03-16 13:00:54,812 pop.CPM_RT_mixins INFO     mongo_db = TemporaryRTModelCPM, topic = MQTT_RT_DATA created 67d6772650cc8007ad0dab4d succesfully
2025-03-16 13:00:54,823 pop.CPM_RT_mixins INFO     mongo_db = TodayRTModelCPM, topic = MQTT_RT_DATA created 67d6772650cc8007ad0dab4e succesfully
2025-03-16 13:01:06,636 pop.CCCL_environment_mixins INFO     mongo_db = CCCLEnvironment, topic = CCCL/PURBACHAL/ENV_01 created 67d6773250cc8007ad0dab52 succesfully
2025-03-16 13:01:06,644 pop.CCCL_environment_mixins INFO     mongo_db = TemporaryCCCLEnvironment, topic = CCCL/PURBACHAL/ENV_01 created 67d6773250cc8007ad0dab53 succesfully
2025-03-16 13:01:06,653 pop.CCCL_environment_mixins INFO     mongo_db = TodayCCCLEnvironment, topic = CCCL/PURBACHAL/ENV_01 created 67d6773250cc8007ad0dab54 succesfully
2025-03-16 13:01:14,575 pop.CCCL_generator_mixins INFO     mongo_db = CCCLGenerator, topic = CCCL/PURBACHAL/ENM_01 created 67d6773a50cc8007ad0dab55 succesfully
2025-03-16 13:01:14,598 pop.CCCL_generator_mixins INFO     mongo_db = TemporaryCCCLGenerator, topic = CCCL/PURBACHAL/ENM_01 created 67d6773a50cc8007ad0dab56 succesfully
2025-03-16 13:01:14,614 pop.CCCL_generator_mixins INFO     mongo_db = TodayCCCLGenerator, topic = CCCL/PURBACHAL/ENM_01 created 67d6773a50cc8007ad0dab57 succesfully
2025-03-16 13:01:24,062 pop.CPM_RT_mixins INFO     mongo_db = RTModelCPM, topic = MQTT_RT_DATA created 67d6774450cc8007ad0dab58 succesfully
2025-03-16 13:01:24,112 pop.CPM_RT_mixins INFO     mongo_db = TemporaryRTModelCPM, topic = MQTT_RT_DATA created 67d6774450cc8007ad0dab59 succesfully
2025-03-16 13:01:24,129 pop.CPM_RT_mixins INFO     mongo_db = TodayRTModelCPM, topic = MQTT_RT_DATA created 67d6774450cc8007ad0dab5a succesfully
2025-03-16 13:01:36,963 pop.CCCL_environment_mixins INFO     mongo_db = CCCLEnvironment, topic = CCCL/PURBACHAL/ENV_01 created 67d6775050cc8007ad0dab5e succesfully
2025-03-16 13:01:36,983 pop.CCCL_environment_mixins INFO     mongo_db = TemporaryCCCLEnvironment, topic = CCCL/PURBACHAL/ENV_01 created 67d6775050cc8007ad0dab5f succesfully
2025-03-16 13:01:36,999 pop.CCCL_environment_mixins INFO     mongo_db = TodayCCCLEnvironment, topic = CCCL/PURBACHAL/ENV_01 created 67d6775050cc8007ad0dab60 succesfully
2025-03-16 13:01:53,894 pop.CPM_RT_mixins INFO     mongo_db = RTModelCPM, topic = MQTT_RT_DATA created 67d6776150cc8007ad0dab61 succesfully
2025-03-16 13:01:53,907 pop.CPM_RT_mixins INFO     mongo_db = TemporaryRTModelCPM, topic = MQTT_RT_DATA created 67d6776150cc8007ad0dab62 succesfully
2025-03-16 13:01:53,917 pop.CPM_RT_mixins INFO     mongo_db = TodayRTModelCPM, topic = MQTT_RT_DATA created 67d6776150cc8007ad0dab63 succesfully
2025-03-16 13:02:07,360 pop.CCCL_environment_mixins INFO     mongo_db = CCCLEnvironment, topic = CCCL/PURBACHAL/ENV_01 created 67d6776f50cc8007ad0dab67 succesfully
2025-03-16 13:02:07,368 pop.CCCL_environment_mixins INFO     mongo_db = TemporaryCCCLEnvironment, topic = CCCL/PURBACHAL/ENV_01 created 67d6776f50cc8007ad0dab68 succesfully
2025-03-16 13:02:07,378 pop.CCCL_environment_mixins INFO     mongo_db = TodayCCCLEnvironment, topic = CCCL/PURBACHAL/ENV_01 created 67d6776f50cc8007ad0dab69 succesfully
2025-03-16 13:02:14,580 pop.CCCL_generator_mixins INFO     mongo_db = CCCLGenerator, topic = CCCL/PURBACHAL/ENM_01 created 67d6777650cc8007ad0dab6a succesfully
2025-03-16 13:02:14,598 pop.CCCL_generator_mixins INFO     mongo_db = TemporaryCCCLGenerator, topic = CCCL/PURBACHAL/ENM_01 created 67d6777650cc8007ad0dab6b succesfully
2025-03-16 13:02:14,613 pop.CCCL_generator_mixins INFO     mongo_db = TodayCCCLGenerator, topic = CCCL/PURBACHAL/ENM_01 created 67d6777650cc8007ad0dab6c succesfully
2025-03-16 13:02:25,315 pop.CPM_RT_mixins INFO     mongo_db = RTModelCPM, topic = MQTT_RT_DATA created 67d6778150cc8007ad0dab6d succesfully
2025-03-16 13:02:25,328 pop.CPM_RT_mixins INFO     mongo_db = TemporaryRTModelCPM, topic = MQTT_RT_DATA created 67d6778150cc8007ad0dab6e succesfully
2025-03-16 13:02:25,339 pop.CPM_RT_mixins INFO     mongo_db = TodayRTModelCPM, topic = MQTT_RT_DATA created 67d6778150cc8007ad0dab6f succesfully
2025-03-16 13:02:37,687 pop.CCCL_environment_mixins INFO     mongo_db = CCCLEnvironment, topic = CCCL/PURBACHAL/ENV_01 created 67d6778d50cc8007ad0dab73 succesfully
2025-03-16 13:02:37,709 pop.CCCL_environment_mixins INFO     mongo_db = TemporaryCCCLEnvironment, topic = CCCL/PURBACHAL/ENV_01 created 67d6778d50cc8007ad0dab74 succesfully
2025-03-16 13:02:37,720 pop.CCCL_environment_mixins INFO     mongo_db = TodayCCCLEnvironment, topic = CCCL/PURBACHAL/ENV_01 created 67d6778d50cc8007ad0dab75 succesfully
2025-03-16 13:02:54,700 pop.CPM_RT_mixins INFO     mongo_db = RTModelCPM, topic = MQTT_RT_DATA created 67d6779e50cc8007ad0dab76 succesfully
2025-03-16 13:02:54,713 pop.CPM_RT_mixins INFO     mongo_db = TemporaryRTModelCPM, topic = MQTT_RT_DATA created 67d6779e50cc8007ad0dab77 succesfully
2025-03-16 13:02:54,725 pop.CPM_RT_mixins INFO     mongo_db = TodayRTModelCPM, topic = MQTT_RT_DATA created 67d6779e50cc8007ad0dab78 succesfully
2025-03-16 13:03:07,998 pop.CCCL_environment_mixins INFO     mongo_db = CCCLEnvironment, topic = CCCL/PURBACHAL/ENV_01 created 67d677ab50cc8007ad0dab7c succesfully
2025-03-16 13:03:08,019 pop.CCCL_environment_mixins INFO     mongo_db = TemporaryCCCLEnvironment, topic = CCCL/PURBACHAL/ENV_01 created 67d677ac50cc8007ad0dab7d succesfully
2025-03-16 13:03:08,030 pop.CCCL_environment_mixins INFO     mongo_db = TodayCCCLEnvironment, topic = CCCL/PURBACHAL/ENV_01 created 67d677ac50cc8007ad0dab7e succesfully
2025-03-16 13:03:14,588 pop.CCCL_generator_mixins INFO     mongo_db = CCCLGenerator, topic = CCCL/PURBACHAL/ENM_01 created 67d677b250cc8007ad0dab7f succesfully
2025-03-16 13:03:14,604 pop.CCCL_generator_mixins INFO     mongo_db = TemporaryCCCLGenerator, topic = CCCL/PURBACHAL/ENM_01 created 67d677b250cc8007ad0dab80 succesfully
2025-03-16 13:03:14,618 pop.CCCL_generator_mixins INFO     mongo_db = TodayCCCLGenerator, topic = CCCL/PURBACHAL/ENM_01 created 67d677b250cc8007ad0dab81 succesfully
2025-03-16 13:03:23,996 pop.CPM_RT_mixins INFO     mongo_db = RTModelCPM, topic = MQTT_RT_DATA created 67d677bb50cc8007ad0dab82 succesfully
2025-03-16 13:03:24,010 pop.CPM_RT_mixins INFO     mongo_db = TemporaryRTModelCPM, topic = MQTT_RT_DATA created 67d677bc50cc8007ad0dab83 succesfully
2025-03-16 13:03:24,020 pop.CPM_RT_mixins INFO     mongo_db = TodayRTModelCPM, topic = MQTT_RT_DATA created 67d677bc50cc8007ad0dab84 succesfully
2025-03-16 13:03:38,212 pop.CCCL_environment_mixins INFO     mongo_db = CCCLEnvironment, topic = CCCL/PURBACHAL/ENV_01 created 67d677ca50cc8007ad0dab88 succesfully
2025-03-16 13:03:38,226 pop.CCCL_environment_mixins INFO     mongo_db = TemporaryCCCLEnvironment, topic = CCCL/PURBACHAL/ENV_01 created 67d677ca50cc8007ad0dab89 succesfully
2025-03-16 13:03:38,235 pop.CCCL_environment_mixins INFO     mongo_db = TodayCCCLEnvironment, topic = CCCL/PURBACHAL/ENV_01 created 67d677ca50cc8007ad0dab8a succesfully
2025-03-16 13:03:54,479 pop.CPM_RT_mixins INFO     mongo_db = RTModelCPM, topic = MQTT_RT_DATA created 67d677da50cc8007ad0dab8b succesfully
2025-03-16 13:03:54,509 pop.CPM_RT_mixins INFO     mongo_db = TemporaryRTModelCPM, topic = MQTT_RT_DATA created 67d677da50cc8007ad0dab8c succesfully
2025-03-16 13:03:54,539 pop.CPM_RT_mixins INFO     mongo_db = TodayRTModelCPM, topic = MQTT_RT_DATA created 67d677da50cc8007ad0dab8d succesfully
2025-03-16 13:04:08,619 pop.CCCL_environment_mixins INFO     mongo_db = CCCLEnvironment, topic = CCCL/PURBACHAL/ENV_01 created 67d677e850cc8007ad0dab91 succesfully
2025-03-16 13:04:08,629 pop.CCCL_environment_mixins INFO     mongo_db = TemporaryCCCLEnvironment, topic = CCCL/PURBACHAL/ENV_01 created 67d677e850cc8007ad0dab92 succesfully
2025-03-16 13:04:08,638 pop.CCCL_environment_mixins INFO     mongo_db = TodayCCCLEnvironment, topic = CCCL/PURBACHAL/ENV_01 created 67d677e850cc8007ad0dab93 succesfully
2025-03-16 13:04:14,578 pop.CCCL_generator_mixins INFO     mongo_db = CCCLGenerator, topic = CCCL/PURBACHAL/ENM_01 created 67d677ee50cc8007ad0dab94 succesfully
2025-03-16 13:04:14,594 pop.CCCL_generator_mixins INFO     mongo_db = TemporaryCCCLGenerator, topic = CCCL/PURBACHAL/ENM_01 created 67d677ee50cc8007ad0dab95 succesfully
2025-03-16 13:04:14,605 pop.CCCL_generator_mixins INFO     mongo_db = TodayCCCLGenerator, topic = CCCL/PURBACHAL/ENM_01 created 67d677ee50cc8007ad0dab96 succesfully
2025-03-16 13:04:23,466 pop.CPM_RT_mixins INFO     mongo_db = RTModelCPM, topic = MQTT_RT_DATA created 67d677f750cc8007ad0dab97 succesfully
2025-03-16 13:04:23,476 pop.CPM_RT_mixins INFO     mongo_db = TemporaryRTModelCPM, topic = MQTT_RT_DATA created 67d677f750cc8007ad0dab98 succesfully
2025-03-16 13:04:23,486 pop.CPM_RT_mixins INFO     mongo_db = TodayRTModelCPM, topic = MQTT_RT_DATA created 67d677f750cc8007ad0dab99 succesfully
2025-03-16 13:04:38,935 pop.CCCL_environment_mixins INFO     mongo_db = CCCLEnvironment, topic = CCCL/PURBACHAL/ENV_01 created 67d6780650cc8007ad0dab9d succesfully
2025-03-16 13:04:38,972 pop.CCCL_environment_mixins INFO     mongo_db = TemporaryCCCLEnvironment, topic = CCCL/PURBACHAL/ENV_01 created 67d6780650cc8007ad0dab9e succesfully
2025-03-16 13:04:38,983 pop.CCCL_environment_mixins INFO     mongo_db = TodayCCCLEnvironment, topic = CCCL/PURBACHAL/ENV_01 created 67d6780650cc8007ad0dab9f succesfully
2025-03-16 13:04:53,496 pop.CPM_RT_mixins INFO     mongo_db = RTModelCPM, topic = MQTT_RT_DATA created 67d6781550cc8007ad0daba0 succesfully
2025-03-16 13:04:53,508 pop.CPM_RT_mixins INFO     mongo_db = TemporaryRTModelCPM, topic = MQTT_RT_DATA created 67d6781550cc8007ad0daba1 succesfully
2025-03-16 13:04:53,521 pop.CPM_RT_mixins INFO     mongo_db = TodayRTModelCPM, topic = MQTT_RT_DATA created 67d6781550cc8007ad0daba2 succesfully
2025-03-16 13:05:09,244 pop.CCCL_environment_mixins INFO     mongo_db = CCCLEnvironment, topic = CCCL/PURBACHAL/ENV_01 created 67d6782550cc8007ad0daba6 succesfully
2025-03-16 13:05:09,274 pop.CCCL_environment_mixins INFO     mongo_db = TemporaryCCCLEnvironment, topic = CCCL/PURBACHAL/ENV_01 created 67d6782550cc8007ad0daba7 succesfully
2025-03-16 13:05:09,289 pop.CCCL_environment_mixins INFO     mongo_db = TodayCCCLEnvironment, topic = CCCL/PURBACHAL/ENV_01 created 67d6782550cc8007ad0daba8 succesfully
2025-03-16 13:05:14,577 pop.CCCL_generator_mixins INFO     mongo_db = CCCLGenerator, topic = CCCL/PURBACHAL/ENM_01 created 67d6782a50cc8007ad0daba9 succesfully
2025-03-16 13:05:14,603 pop.CCCL_generator_mixins INFO     mongo_db = TemporaryCCCLGenerator, topic = CCCL/PURBACHAL/ENM_01 created 67d6782a50cc8007ad0dabaa succesfully
2025-03-16 13:05:14,614 pop.CCCL_generator_mixins INFO     mongo_db = TodayCCCLGenerator, topic = CCCL/PURBACHAL/ENM_01 created 67d6782a50cc8007ad0dabab succesfully
2025-03-16 13:05:25,245 pop.CPM_RT_mixins INFO     mongo_db = RTModelCPM, topic = MQTT_RT_DATA created 67d6783550cc8007ad0dabac succesfully
2025-03-16 13:05:25,261 pop.CPM_RT_mixins INFO     mongo_db = TemporaryRTModelCPM, topic = MQTT_RT_DATA created 67d6783550cc8007ad0dabad succesfully
2025-03-16 13:05:25,272 pop.CPM_RT_mixins INFO     mongo_db = TodayRTModelCPM, topic = MQTT_RT_DATA created 67d6783550cc8007ad0dabae succesfully
2025-03-16 13:05:39,558 pop.CCCL_environment_mixins INFO     mongo_db = CCCLEnvironment, topic = CCCL/PURBACHAL/ENV_01 created 67d6784350cc8007ad0dabb2 succesfully
2025-03-16 13:05:39,576 pop.CCCL_environment_mixins INFO     mongo_db = TemporaryCCCLEnvironment, topic = CCCL/PURBACHAL/ENV_01 created 67d6784350cc8007ad0dabb3 succesfully
2025-03-16 13:05:39,587 pop.CCCL_environment_mixins INFO     mongo_db = TodayCCCLEnvironment, topic = CCCL/PURBACHAL/ENV_01 created 67d6784350cc8007ad0dabb4 succesfully
2025-03-16 13:05:54,325 pop.CPM_RT_mixins INFO     mongo_db = RTModelCPM, topic = MQTT_RT_DATA created 67d6785250cc8007ad0dabb5 succesfully
2025-03-16 13:05:54,336 pop.CPM_RT_mixins INFO     mongo_db = TemporaryRTModelCPM, topic = MQTT_RT_DATA created 67d6785250cc8007ad0dabb6 succesfully
2025-03-16 13:05:54,359 pop.CPM_RT_mixins INFO     mongo_db = TodayRTModelCPM, topic = MQTT_RT_DATA created 67d6785250cc8007ad0dabb7 succesfully
2025-03-16 13:06:09,866 pop.CCCL_environment_mixins INFO     mongo_db = CCCLEnvironment, topic = CCCL/PURBACHAL/ENV_01 created 67d6786150cc8007ad0dabbb succesfully
2025-03-16 13:06:09,887 pop.CCCL_environment_mixins INFO     mongo_db = TemporaryCCCLEnvironment, topic = CCCL/PURBACHAL/ENV_01 created 67d6786150cc8007ad0dabbc succesfully
2025-03-16 13:06:09,897 pop.CCCL_environment_mixins INFO     mongo_db = TodayCCCLEnvironment, topic = CCCL/PURBACHAL/ENV_01 created 67d6786150cc8007ad0dabbd succesfully
2025-03-16 13:06:14,576 pop.CCCL_generator_mixins INFO     mongo_db = CCCLGenerator, topic = CCCL/PURBACHAL/ENM_01 created 67d6786650cc8007ad0dabbe succesfully
2025-03-16 13:06:14,591 pop.CCCL_generator_mixins INFO     mongo_db = TemporaryCCCLGenerator, topic = CCCL/PURBACHAL/ENM_01 created 67d6786650cc8007ad0dabbf succesfully
2025-03-16 13:06:14,601 pop.CCCL_generator_mixins INFO     mongo_db = TodayCCCLGenerator, topic = CCCL/PURBACHAL/ENM_01 created 67d6786650cc8007ad0dabc0 succesfully
2025-03-16 13:06:24,004 pop.CPM_RT_mixins INFO     mongo_db = RTModelCPM, topic = MQTT_RT_DATA created 67d6787050cc8007ad0dabc1 succesfully
2025-03-16 13:06:24,015 pop.CPM_RT_mixins INFO     mongo_db = TemporaryRTModelCPM, topic = MQTT_RT_DATA created 67d6787050cc8007ad0dabc2 succesfully
2025-03-16 13:06:24,032 pop.CPM_RT_mixins INFO     mongo_db = TodayRTModelCPM, topic = MQTT_RT_DATA created 67d6787050cc8007ad0dabc3 succesfully
2025-03-16 13:06:40,177 pop.CCCL_environment_mixins INFO     mongo_db = CCCLEnvironment, topic = CCCL/PURBACHAL/ENV_01 created 67d6788050cc8007ad0dabc7 succesfully
2025-03-16 13:06:40,199 pop.CCCL_environment_mixins INFO     mongo_db = TemporaryCCCLEnvironment, topic = CCCL/PURBACHAL/ENV_01 created 67d6788050cc8007ad0dabc8 succesfully
2025-03-16 13:06:40,214 pop.CCCL_environment_mixins INFO     mongo_db = TodayCCCLEnvironment, topic = CCCL/PURBACHAL/ENV_01 created 67d6788050cc8007ad0dabc9 succesfully
2025-03-16 13:06:53,921 pop.CPM_RT_mixins INFO     mongo_db = RTModelCPM, topic = MQTT_RT_DATA created 67d6788d50cc8007ad0dabca succesfully
2025-03-16 13:06:53,934 pop.CPM_RT_mixins INFO     mongo_db = TemporaryRTModelCPM, topic = MQTT_RT_DATA created 67d6788d50cc8007ad0dabcb succesfully
2025-03-16 13:06:53,944 pop.CPM_RT_mixins INFO     mongo_db = TodayRTModelCPM, topic = MQTT_RT_DATA created 67d6788d50cc8007ad0dabcc succesfully
2025-03-16 13:07:10,497 pop.CCCL_environment_mixins INFO     mongo_db = CCCLEnvironment, topic = CCCL/PURBACHAL/ENV_01 created 67d6789e50cc8007ad0dabd0 succesfully
2025-03-16 13:07:10,510 pop.CCCL_environment_mixins INFO     mongo_db = TemporaryCCCLEnvironment, topic = CCCL/PURBACHAL/ENV_01 created 67d6789e50cc8007ad0dabd1 succesfully
2025-03-16 13:07:10,521 pop.CCCL_environment_mixins INFO     mongo_db = TodayCCCLEnvironment, topic = CCCL/PURBACHAL/ENV_01 created 67d6789e50cc8007ad0dabd2 succesfully
2025-03-16 13:07:14,581 pop.CCCL_generator_mixins INFO     mongo_db = CCCLGenerator, topic = CCCL/PURBACHAL/ENM_01 created 67d678a250cc8007ad0dabd3 succesfully
2025-03-16 13:07:14,596 pop.CCCL_generator_mixins INFO     mongo_db = TemporaryCCCLGenerator, topic = CCCL/PURBACHAL/ENM_01 created 67d678a250cc8007ad0dabd4 succesfully
2025-03-16 13:07:14,607 pop.CCCL_generator_mixins INFO     mongo_db = TodayCCCLGenerator, topic = CCCL/PURBACHAL/ENM_01 created 67d678a250cc8007ad0dabd5 succesfully
2025-03-16 13:07:40,801 pop.CCCL_environment_mixins INFO     mongo_db = CCCLEnvironment, topic = CCCL/PURBACHAL/ENV_01 created 67d678bc50cc8007ad0dabd9 succesfully
2025-03-16 13:07:40,827 pop.CCCL_environment_mixins INFO     mongo_db = TemporaryCCCLEnvironment, topic = CCCL/PURBACHAL/ENV_01 created 67d678bc50cc8007ad0dabda succesfully
2025-03-16 13:07:40,846 pop.CCCL_environment_mixins INFO     mongo_db = TodayCCCLEnvironment, topic = CCCL/PURBACHAL/ENV_01 created 67d678bc50cc8007ad0dabdb succesfully
2025-03-16 13:07:54,672 pop.CPM_RT_mixins INFO     mongo_db = RTModelCPM, topic = MQTT_RT_DATA created 67d678ca50cc8007ad0dabdc succesfully
2025-03-16 13:07:54,686 pop.CPM_RT_mixins INFO     mongo_db = TemporaryRTModelCPM, topic = MQTT_RT_DATA created 67d678ca50cc8007ad0dabdd succesfully
2025-03-16 13:07:54,698 pop.CPM_RT_mixins INFO     mongo_db = TodayRTModelCPM, topic = MQTT_RT_DATA created 67d678ca50cc8007ad0dabde succesfully
2025-03-16 13:08:11,110 pop.CCCL_environment_mixins INFO     mongo_db = CCCLEnvironment, topic = CCCL/PURBACHAL/ENV_01 created 67d678db50cc8007ad0dabe2 succesfully
2025-03-16 13:08:11,133 pop.CCCL_environment_mixins INFO     mongo_db = TemporaryCCCLEnvironment, topic = CCCL/PURBACHAL/ENV_01 created 67d678db50cc8007ad0dabe3 succesfully
2025-03-16 13:08:11,148 pop.CCCL_environment_mixins INFO     mongo_db = TodayCCCLEnvironment, topic = CCCL/PURBACHAL/ENV_01 created 67d678db50cc8007ad0dabe4 succesfully
2025-03-16 13:08:14,579 pop.CCCL_generator_mixins INFO     mongo_db = CCCLGenerator, topic = CCCL/PURBACHAL/ENM_01 created 67d678de50cc8007ad0dabe5 succesfully
2025-03-16 13:08:14,594 pop.CCCL_generator_mixins INFO     mongo_db = TemporaryCCCLGenerator, topic = CCCL/PURBACHAL/ENM_01 created 67d678de50cc8007ad0dabe6 succesfully
2025-03-16 13:08:14,604 pop.CCCL_generator_mixins INFO     mongo_db = TodayCCCLGenerator, topic = CCCL/PURBACHAL/ENM_01 created 67d678de50cc8007ad0dabe7 succesfully
2025-03-16 13:08:41,419 pop.CCCL_environment_mixins INFO     mongo_db = CCCLEnvironment, topic = CCCL/PURBACHAL/ENV_01 created 67d678f950cc8007ad0dabeb succesfully
2025-03-16 13:08:41,432 pop.CCCL_environment_mixins INFO     mongo_db = TemporaryCCCLEnvironment, topic = CCCL/PURBACHAL/ENV_01 created 67d678f950cc8007ad0dabec succesfully
2025-03-16 13:08:41,440 pop.CCCL_environment_mixins INFO     mongo_db = TodayCCCLEnvironment, topic = CCCL/PURBACHAL/ENV_01 created 67d678f950cc8007ad0dabed succesfully
2025-03-16 13:08:54,011 pop.CPM_RT_mixins INFO     mongo_db = RTModelCPM, topic = MQTT_RT_DATA created 67d6790650cc8007ad0dabee succesfully
2025-03-16 13:08:54,022 pop.CPM_RT_mixins INFO     mongo_db = TemporaryRTModelCPM, topic = MQTT_RT_DATA created 67d6790650cc8007ad0dabef succesfully
2025-03-16 13:08:54,034 pop.CPM_RT_mixins INFO     mongo_db = TodayRTModelCPM, topic = MQTT_RT_DATA created 67d6790650cc8007ad0dabf0 succesfully
2025-03-16 13:09:00,903 pop.CPM_ENY_NOW_mongo_mixins INFO     mongo_db = EnyNowDataModelCPM, topic = MQTT_ENY_NOW created 67d6790c50cc8007ad0dabf1 succesfully
2025-03-16 13:09:00,935 pop.CPM_ENY_NOW_mongo_mixins INFO     mongo_db = TemporaryEnyNowDataModelCPM, topic = MQTT_ENY_NOW created 67d6790c50cc8007ad0dabf2 succesfully
2025-03-16 13:09:00,963 pop.CPM_ENY_NOW_mongo_mixins INFO     mongo_db = TodayEnyNowDataModelCPM, topic = MQTT_ENY_NOW created 67d6790c50cc8007ad0dabf3 succesfully
2025-03-16 13:09:00,991 pop.CPM_ENY_NOW_mongo_mixins INFO     mongo_db = Last7DaysEnyNowDataModelCPM, topic = MQTT_ENY_NOW created 67d6790c50cc8007ad0dabf4 succesfully
2025-03-16 13:09:11,731 pop.CCCL_environment_mixins INFO     mongo_db = CCCLEnvironment, topic = CCCL/PURBACHAL/ENV_01 created 67d6791750cc8007ad0dabf8 succesfully
2025-03-16 13:09:11,752 pop.CCCL_environment_mixins INFO     mongo_db = TemporaryCCCLEnvironment, topic = CCCL/PURBACHAL/ENV_01 created 67d6791750cc8007ad0dabf9 succesfully
2025-03-16 13:09:11,764 pop.CCCL_environment_mixins INFO     mongo_db = TodayCCCLEnvironment, topic = CCCL/PURBACHAL/ENV_01 created 67d6791750cc8007ad0dabfa succesfully
2025-03-16 13:09:14,571 pop.CCCL_generator_mixins INFO     mongo_db = CCCLGenerator, topic = CCCL/PURBACHAL/ENM_01 created 67d6791a50cc8007ad0dabfb succesfully
2025-03-16 13:09:14,589 pop.CCCL_generator_mixins INFO     mongo_db = TemporaryCCCLGenerator, topic = CCCL/PURBACHAL/ENM_01 created 67d6791a50cc8007ad0dabfc succesfully
2025-03-16 13:09:14,598 pop.CCCL_generator_mixins INFO     mongo_db = TodayCCCLGenerator, topic = CCCL/PURBACHAL/ENM_01 created 67d6791a50cc8007ad0dabfd succesfully
2025-03-16 13:09:24,428 pop.CPM_RT_mixins INFO     mongo_db = RTModelCPM, topic = MQTT_RT_DATA created 67d6792450cc8007ad0dabfe succesfully
2025-03-16 13:09:24,440 pop.CPM_RT_mixins INFO     mongo_db = TemporaryRTModelCPM, topic = MQTT_RT_DATA created 67d6792450cc8007ad0dabff succesfully
2025-03-16 13:09:24,454 pop.CPM_RT_mixins INFO     mongo_db = TodayRTModelCPM, topic = MQTT_RT_DATA created 67d6792450cc8007ad0dac00 succesfully
2025-03-16 13:09:42,044 pop.CCCL_environment_mixins INFO     mongo_db = CCCLEnvironment, topic = CCCL/PURBACHAL/ENV_01 created 67d6793650cc8007ad0dac04 succesfully
2025-03-16 13:09:42,063 pop.CCCL_environment_mixins INFO     mongo_db = TemporaryCCCLEnvironment, topic = CCCL/PURBACHAL/ENV_01 created 67d6793650cc8007ad0dac05 succesfully
2025-03-16 13:09:42,078 pop.CCCL_environment_mixins INFO     mongo_db = TodayCCCLEnvironment, topic = CCCL/PURBACHAL/ENV_01 created 67d6793650cc8007ad0dac06 succesfully
2025-03-16 13:09:54,683 pop.CPM_RT_mixins INFO     mongo_db = RTModelCPM, topic = MQTT_RT_DATA created 67d6794250cc8007ad0dac07 succesfully
2025-03-16 13:09:54,696 pop.CPM_RT_mixins INFO     mongo_db = TemporaryRTModelCPM, topic = MQTT_RT_DATA created 67d6794250cc8007ad0dac08 succesfully
2025-03-16 13:09:54,706 pop.CPM_RT_mixins INFO     mongo_db = TodayRTModelCPM, topic = MQTT_RT_DATA created 67d6794250cc8007ad0dac09 succesfully
2025-03-16 13:10:12,360 pop.CCCL_environment_mixins INFO     mongo_db = CCCLEnvironment, topic = CCCL/PURBACHAL/ENV_01 created 67d6795450cc8007ad0dac0d succesfully
2025-03-16 13:10:12,372 pop.CCCL_environment_mixins INFO     mongo_db = TemporaryCCCLEnvironment, topic = CCCL/PURBACHAL/ENV_01 created 67d6795450cc8007ad0dac0e succesfully
2025-03-16 13:10:12,382 pop.CCCL_environment_mixins INFO     mongo_db = TodayCCCLEnvironment, topic = CCCL/PURBACHAL/ENV_01 created 67d6795450cc8007ad0dac0f succesfully
2025-03-16 13:10:14,554 pop.CCCL_generator_mixins INFO     mongo_db = CCCLGenerator, topic = CCCL/PURBACHAL/ENM_01 created 67d6795650cc8007ad0dac10 succesfully
2025-03-16 13:10:14,573 pop.CCCL_generator_mixins INFO     mongo_db = TemporaryCCCLGenerator, topic = CCCL/PURBACHAL/ENM_01 created 67d6795650cc8007ad0dac11 succesfully
2025-03-16 13:10:14,590 pop.CCCL_generator_mixins INFO     mongo_db = TodayCCCLGenerator, topic = CCCL/PURBACHAL/ENM_01 created 67d6795650cc8007ad0dac12 succesfully
2025-03-16 13:10:42,658 pop.CCCL_environment_mixins INFO     mongo_db = CCCLEnvironment, topic = CCCL/PURBACHAL/ENV_01 created 67d6797250cc8007ad0dac16 succesfully
2025-03-16 13:10:42,666 pop.CCCL_environment_mixins INFO     mongo_db = TemporaryCCCLEnvironment, topic = CCCL/PURBACHAL/ENV_01 created 67d6797250cc8007ad0dac17 succesfully
2025-03-16 13:10:42,676 pop.CCCL_environment_mixins INFO     mongo_db = TodayCCCLEnvironment, topic = CCCL/PURBACHAL/ENV_01 created 67d6797250cc8007ad0dac18 succesfully
2025-03-16 13:10:53,534 pop.CPM_RT_mixins INFO     mongo_db = RTModelCPM, topic = MQTT_RT_DATA created 67d6797d50cc8007ad0dac19 succesfully
2025-03-16 13:10:53,547 pop.CPM_RT_mixins INFO     mongo_db = TemporaryRTModelCPM, topic = MQTT_RT_DATA created 67d6797d50cc8007ad0dac1a succesfully
2025-03-16 13:10:53,558 pop.CPM_RT_mixins INFO     mongo_db = TodayRTModelCPM, topic = MQTT_RT_DATA created 67d6797d50cc8007ad0dac1b succesfully
2025-03-16 13:11:13,080 pop.CCCL_environment_mixins INFO     mongo_db = CCCLEnvironment, topic = CCCL/PURBACHAL/ENV_01 created 67d6799150cc8007ad0dac1f succesfully
2025-03-16 13:11:13,110 pop.CCCL_environment_mixins INFO     mongo_db = TemporaryCCCLEnvironment, topic = CCCL/PURBACHAL/ENV_01 created 67d6799150cc8007ad0dac20 succesfully
2025-03-16 13:11:13,122 pop.CCCL_environment_mixins INFO     mongo_db = TodayCCCLEnvironment, topic = CCCL/PURBACHAL/ENV_01 created 67d6799150cc8007ad0dac21 succesfully
2025-03-16 13:11:14,570 pop.CCCL_generator_mixins INFO     mongo_db = CCCLGenerator, topic = CCCL/PURBACHAL/ENM_01 created 67d6799250cc8007ad0dac22 succesfully
2025-03-16 13:11:14,589 pop.CCCL_generator_mixins INFO     mongo_db = TemporaryCCCLGenerator, topic = CCCL/PURBACHAL/ENM_01 created 67d6799250cc8007ad0dac23 succesfully
2025-03-16 13:11:14,600 pop.CCCL_generator_mixins INFO     mongo_db = TodayCCCLGenerator, topic = CCCL/PURBACHAL/ENM_01 created 67d6799250cc8007ad0dac24 succesfully
2025-03-16 13:11:43,390 pop.CCCL_environment_mixins INFO     mongo_db = CCCLEnvironment, topic = CCCL/PURBACHAL/ENV_01 created 67d679af50cc8007ad0dac28 succesfully
2025-03-16 13:11:43,411 pop.CCCL_environment_mixins INFO     mongo_db = TemporaryCCCLEnvironment, topic = CCCL/PURBACHAL/ENV_01 created 67d679af50cc8007ad0dac29 succesfully
2025-03-16 13:11:43,422 pop.CCCL_environment_mixins INFO     mongo_db = TodayCCCLEnvironment, topic = CCCL/PURBACHAL/ENV_01 created 67d679af50cc8007ad0dac2a succesfully
2025-03-16 13:11:55,638 pop.CPM_RT_mixins INFO     mongo_db = RTModelCPM, topic = MQTT_RT_DATA created 67d679bb50cc8007ad0dac2b succesfully
2025-03-16 13:11:55,650 pop.CPM_RT_mixins INFO     mongo_db = TemporaryRTModelCPM, topic = MQTT_RT_DATA created 67d679bb50cc8007ad0dac2c succesfully
2025-03-16 13:11:55,663 pop.CPM_RT_mixins INFO     mongo_db = TodayRTModelCPM, topic = MQTT_RT_DATA created 67d679bb50cc8007ad0dac2d succesfully
2025-03-16 13:12:13,704 pop.CCCL_environment_mixins INFO     mongo_db = CCCLEnvironment, topic = CCCL/PURBACHAL/ENV_01 created 67d679cd50cc8007ad0dac31 succesfully
2025-03-16 13:12:13,719 pop.CCCL_environment_mixins INFO     mongo_db = TemporaryCCCLEnvironment, topic = CCCL/PURBACHAL/ENV_01 created 67d679cd50cc8007ad0dac32 succesfully
2025-03-16 13:12:13,727 pop.CCCL_environment_mixins INFO     mongo_db = TodayCCCLEnvironment, topic = CCCL/PURBACHAL/ENV_01 created 67d679cd50cc8007ad0dac33 succesfully
2025-03-16 13:12:14,573 pop.CCCL_generator_mixins INFO     mongo_db = CCCLGenerator, topic = CCCL/PURBACHAL/ENM_01 created 67d679ce50cc8007ad0dac34 succesfully
2025-03-16 13:12:14,593 pop.CCCL_generator_mixins INFO     mongo_db = TemporaryCCCLGenerator, topic = CCCL/PURBACHAL/ENM_01 created 67d679ce50cc8007ad0dac35 succesfully
2025-03-16 13:12:14,604 pop.CCCL_generator_mixins INFO     mongo_db = TodayCCCLGenerator, topic = CCCL/PURBACHAL/ENM_01 created 67d679ce50cc8007ad0dac36 succesfully
2025-03-16 13:12:25,018 pop.CPM_RT_mixins INFO     mongo_db = RTModelCPM, topic = MQTT_RT_DATA created 67d679d950cc8007ad0dac37 succesfully
2025-03-16 13:12:25,030 pop.CPM_RT_mixins INFO     mongo_db = TemporaryRTModelCPM, topic = MQTT_RT_DATA created 67d679d950cc8007ad0dac38 succesfully
2025-03-16 13:12:25,040 pop.CPM_RT_mixins INFO     mongo_db = TodayRTModelCPM, topic = MQTT_RT_DATA created 67d679d950cc8007ad0dac39 succesfully
2025-03-16 13:12:44,007 pop.CCCL_environment_mixins INFO     mongo_db = CCCLEnvironment, topic = CCCL/PURBACHAL/ENV_01 created 67d679ec50cc8007ad0dac3d succesfully
2025-03-16 13:12:44,026 pop.CCCL_environment_mixins INFO     mongo_db = TemporaryCCCLEnvironment, topic = CCCL/PURBACHAL/ENV_01 created 67d679ec50cc8007ad0dac3e succesfully
2025-03-16 13:12:44,039 pop.CCCL_environment_mixins INFO     mongo_db = TodayCCCLEnvironment, topic = CCCL/PURBACHAL/ENV_01 created 67d679ec50cc8007ad0dac3f succesfully
2025-03-16 13:12:53,710 pop.CPM_RT_mixins INFO     mongo_db = RTModelCPM, topic = MQTT_RT_DATA created 67d679f550cc8007ad0dac40 succesfully
2025-03-16 13:12:53,723 pop.CPM_RT_mixins INFO     mongo_db = TemporaryRTModelCPM, topic = MQTT_RT_DATA created 67d679f550cc8007ad0dac41 succesfully
2025-03-16 13:12:53,733 pop.CPM_RT_mixins INFO     mongo_db = TodayRTModelCPM, topic = MQTT_RT_DATA created 67d679f550cc8007ad0dac42 succesfully
2025-03-16 13:13:14,312 pop.CCCL_environment_mixins INFO     mongo_db = CCCLEnvironment, topic = CCCL/PURBACHAL/ENV_01 created 67d67a0a50cc8007ad0dac46 succesfully
2025-03-16 13:13:14,322 pop.CCCL_environment_mixins INFO     mongo_db = TemporaryCCCLEnvironment, topic = CCCL/PURBACHAL/ENV_01 created 67d67a0a50cc8007ad0dac47 succesfully
2025-03-16 13:13:14,333 pop.CCCL_environment_mixins INFO     mongo_db = TodayCCCLEnvironment, topic = CCCL/PURBACHAL/ENV_01 created 67d67a0a50cc8007ad0dac48 succesfully
2025-03-16 13:13:14,570 pop.CCCL_generator_mixins INFO     mongo_db = CCCLGenerator, topic = CCCL/PURBACHAL/ENM_01 created 67d67a0a50cc8007ad0dac49 succesfully
2025-03-16 13:13:14,591 pop.CCCL_generator_mixins INFO     mongo_db = TemporaryCCCLGenerator, topic = CCCL/PURBACHAL/ENM_01 created 67d67a0a50cc8007ad0dac4a succesfully
2025-03-16 13:13:14,603 pop.CCCL_generator_mixins INFO     mongo_db = TodayCCCLGenerator, topic = CCCL/PURBACHAL/ENM_01 created 67d67a0a50cc8007ad0dac4b succesfully
2025-03-16 13:13:44,636 pop.CCCL_environment_mixins INFO     mongo_db = CCCLEnvironment, topic = CCCL/PURBACHAL/ENV_01 created 67d67a2850cc8007ad0dac4f succesfully
2025-03-16 13:13:44,650 pop.CCCL_environment_mixins INFO     mongo_db = TemporaryCCCLEnvironment, topic = CCCL/PURBACHAL/ENV_01 created 67d67a2850cc8007ad0dac50 succesfully
2025-03-16 13:13:44,658 pop.CCCL_environment_mixins INFO     mongo_db = TodayCCCLEnvironment, topic = CCCL/PURBACHAL/ENV_01 created 67d67a2850cc8007ad0dac51 succesfully
2025-03-16 13:13:54,316 pop.CPM_RT_mixins INFO     mongo_db = RTModelCPM, topic = MQTT_RT_DATA created 67d67a3250cc8007ad0dac52 succesfully
2025-03-16 13:13:54,327 pop.CPM_RT_mixins INFO     mongo_db = TemporaryRTModelCPM, topic = MQTT_RT_DATA created 67d67a3250cc8007ad0dac53 succesfully
2025-03-16 13:13:54,339 pop.CPM_RT_mixins INFO     mongo_db = TodayRTModelCPM, topic = MQTT_RT_DATA created 67d67a3250cc8007ad0dac54 succesfully
2025-03-16 13:14:14,567 pop.CCCL_generator_mixins INFO     mongo_db = CCCLGenerator, topic = CCCL/PURBACHAL/ENM_01 created 67d67a4650cc8007ad0dac58 succesfully
2025-03-16 13:14:14,585 pop.CCCL_generator_mixins INFO     mongo_db = TemporaryCCCLGenerator, topic = CCCL/PURBACHAL/ENM_01 created 67d67a4650cc8007ad0dac59 succesfully
2025-03-16 13:14:14,601 pop.CCCL_generator_mixins INFO     mongo_db = TodayCCCLGenerator, topic = CCCL/PURBACHAL/ENM_01 created 67d67a4650cc8007ad0dac5a succesfully
2025-03-16 13:14:14,948 pop.CCCL_environment_mixins INFO     mongo_db = CCCLEnvironment, topic = CCCL/PURBACHAL/ENV_01 created 67d67a4650cc8007ad0dac5b succesfully
2025-03-16 13:14:14,969 pop.CCCL_environment_mixins INFO     mongo_db = TemporaryCCCLEnvironment, topic = CCCL/PURBACHAL/ENV_01 created 67d67a4650cc8007ad0dac5c succesfully
2025-03-16 13:14:14,982 pop.CCCL_environment_mixins INFO     mongo_db = TodayCCCLEnvironment, topic = CCCL/PURBACHAL/ENV_01 created 67d67a4650cc8007ad0dac5d succesfully
2025-03-16 13:14:25,267 pop.CPM_RT_mixins INFO     mongo_db = RTModelCPM, topic = MQTT_RT_DATA created 67d67a5150cc8007ad0dac5e succesfully
2025-03-16 13:14:25,279 pop.CPM_RT_mixins INFO     mongo_db = TemporaryRTModelCPM, topic = MQTT_RT_DATA created 67d67a5150cc8007ad0dac5f succesfully
2025-03-16 13:14:25,290 pop.CPM_RT_mixins INFO     mongo_db = TodayRTModelCPM, topic = MQTT_RT_DATA created 67d67a5150cc8007ad0dac60 succesfully
2025-03-16 13:14:45,257 pop.CCCL_environment_mixins INFO     mongo_db = CCCLEnvironment, topic = CCCL/PURBACHAL/ENV_01 created 67d67a6550cc8007ad0dac64 succesfully
2025-03-16 13:14:45,277 pop.CCCL_environment_mixins INFO     mongo_db = TemporaryCCCLEnvironment, topic = CCCL/PURBACHAL/ENV_01 created 67d67a6550cc8007ad0dac65 succesfully
2025-03-16 13:14:45,289 pop.CCCL_environment_mixins INFO     mongo_db = TodayCCCLEnvironment, topic = CCCL/PURBACHAL/ENV_01 created 67d67a6550cc8007ad0dac66 succesfully
2025-03-16 13:14:54,014 pop.CPM_RT_mixins INFO     mongo_db = RTModelCPM, topic = MQTT_RT_DATA created 67d67a6e50cc8007ad0dac67 succesfully
2025-03-16 13:14:54,025 pop.CPM_RT_mixins INFO     mongo_db = TemporaryRTModelCPM, topic = MQTT_RT_DATA created 67d67a6e50cc8007ad0dac68 succesfully
2025-03-16 13:14:54,037 pop.CPM_RT_mixins INFO     mongo_db = TodayRTModelCPM, topic = MQTT_RT_DATA created 67d67a6e50cc8007ad0dac69 succesfully
2025-03-16 13:15:14,573 pop.CCCL_generator_mixins INFO     mongo_db = CCCLGenerator, topic = CCCL/PURBACHAL/ENM_01 created 67d67a8250cc8007ad0dac6d succesfully
2025-03-16 13:15:14,586 pop.CCCL_generator_mixins INFO     mongo_db = TemporaryCCCLGenerator, topic = CCCL/PURBACHAL/ENM_01 created 67d67a8250cc8007ad0dac6e succesfully
2025-03-16 13:15:14,597 pop.CCCL_generator_mixins INFO     mongo_db = TodayCCCLGenerator, topic = CCCL/PURBACHAL/ENM_01 created 67d67a8250cc8007ad0dac6f succesfully
2025-03-16 13:15:15,572 pop.CCCL_environment_mixins INFO     mongo_db = CCCLEnvironment, topic = CCCL/PURBACHAL/ENV_01 created 67d67a8350cc8007ad0dac70 succesfully
2025-03-16 13:15:15,596 pop.CCCL_environment_mixins INFO     mongo_db = TemporaryCCCLEnvironment, topic = CCCL/PURBACHAL/ENV_01 created 67d67a8350cc8007ad0dac71 succesfully
2025-03-16 13:15:15,607 pop.CCCL_environment_mixins INFO     mongo_db = TodayCCCLEnvironment, topic = CCCL/PURBACHAL/ENV_01 created 67d67a8350cc8007ad0dac72 succesfully
2025-03-16 13:15:24,804 pop.CPM_RT_mixins INFO     mongo_db = RTModelCPM, topic = MQTT_RT_DATA created 67d67a8c50cc8007ad0dac73 succesfully
2025-03-16 13:15:24,815 pop.CPM_RT_mixins INFO     mongo_db = TemporaryRTModelCPM, topic = MQTT_RT_DATA created 67d67a8c50cc8007ad0dac74 succesfully
2025-03-16 13:15:24,827 pop.CPM_RT_mixins INFO     mongo_db = TodayRTModelCPM, topic = MQTT_RT_DATA created 67d67a8c50cc8007ad0dac75 succesfully
2025-03-16 13:15:45,871 pop.CCCL_environment_mixins INFO     mongo_db = CCCLEnvironment, topic = CCCL/PURBACHAL/ENV_01 created 67d67aa150cc8007ad0dac79 succesfully
2025-03-16 13:15:45,879 pop.CCCL_environment_mixins INFO     mongo_db = TemporaryCCCLEnvironment, topic = CCCL/PURBACHAL/ENV_01 created 67d67aa150cc8007ad0dac7a succesfully
2025-03-16 13:15:45,887 pop.CCCL_environment_mixins INFO     mongo_db = TodayCCCLEnvironment, topic = CCCL/PURBACHAL/ENV_01 created 67d67aa150cc8007ad0dac7b succesfully
2025-03-16 13:15:53,784 pop.CPM_RT_mixins INFO     mongo_db = RTModelCPM, topic = MQTT_RT_DATA created 67d67aa950cc8007ad0dac7c succesfully
2025-03-16 13:15:53,797 pop.CPM_RT_mixins INFO     mongo_db = TemporaryRTModelCPM, topic = MQTT_RT_DATA created 67d67aa950cc8007ad0dac7d succesfully
2025-03-16 13:15:53,807 pop.CPM_RT_mixins INFO     mongo_db = TodayRTModelCPM, topic = MQTT_RT_DATA created 67d67aa950cc8007ad0dac7e succesfully
2025-03-16 13:16:14,552 pop.CCCL_generator_mixins INFO     mongo_db = CCCLGenerator, topic = CCCL/PURBACHAL/ENM_01 created 67d67abe50cc8007ad0dac82 succesfully
2025-03-16 13:16:14,565 pop.CCCL_generator_mixins INFO     mongo_db = TemporaryCCCLGenerator, topic = CCCL/PURBACHAL/ENM_01 created 67d67abe50cc8007ad0dac83 succesfully
2025-03-16 13:16:14,579 pop.CCCL_generator_mixins INFO     mongo_db = TodayCCCLGenerator, topic = CCCL/PURBACHAL/ENM_01 created 67d67abe50cc8007ad0dac84 succesfully
2025-03-16 13:16:16,192 pop.CCCL_environment_mixins INFO     mongo_db = CCCLEnvironment, topic = CCCL/PURBACHAL/ENV_01 created 67d67ac050cc8007ad0dac85 succesfully
2025-03-16 13:16:16,218 pop.CCCL_environment_mixins INFO     mongo_db = TemporaryCCCLEnvironment, topic = CCCL/PURBACHAL/ENV_01 created 67d67ac050cc8007ad0dac86 succesfully
2025-03-16 13:16:16,233 pop.CCCL_environment_mixins INFO     mongo_db = TodayCCCLEnvironment, topic = CCCL/PURBACHAL/ENV_01 created 67d67ac050cc8007ad0dac87 succesfully
2025-03-16 13:16:25,204 pop.CPM_RT_mixins INFO     mongo_db = RTModelCPM, topic = MQTT_RT_DATA created 67d67ac950cc8007ad0dac88 succesfully
2025-03-16 13:16:25,216 pop.CPM_RT_mixins INFO     mongo_db = TemporaryRTModelCPM, topic = MQTT_RT_DATA created 67d67ac950cc8007ad0dac89 succesfully
2025-03-16 13:16:25,228 pop.CPM_RT_mixins INFO     mongo_db = TodayRTModelCPM, topic = MQTT_RT_DATA created 67d67ac950cc8007ad0dac8a succesfully
2025-03-16 13:16:46,502 pop.CCCL_environment_mixins INFO     mongo_db = CCCLEnvironment, topic = CCCL/PURBACHAL/ENV_01 created 67d67ade50cc8007ad0dac8e succesfully
2025-03-16 13:16:46,521 pop.CCCL_environment_mixins INFO     mongo_db = TemporaryCCCLEnvironment, topic = CCCL/PURBACHAL/ENV_01 created 67d67ade50cc8007ad0dac8f succesfully
2025-03-16 13:16:46,534 pop.CCCL_environment_mixins INFO     mongo_db = TodayCCCLEnvironment, topic = CCCL/PURBACHAL/ENV_01 created 67d67ade50cc8007ad0dac90 succesfully
2025-03-16 13:16:54,066 pop.CPM_RT_mixins INFO     mongo_db = RTModelCPM, topic = MQTT_RT_DATA created 67d67ae650cc8007ad0dac91 succesfully
2025-03-16 13:16:54,078 pop.CPM_RT_mixins INFO     mongo_db = TemporaryRTModelCPM, topic = MQTT_RT_DATA created 67d67ae650cc8007ad0dac92 succesfully
2025-03-16 13:16:54,089 pop.CPM_RT_mixins INFO     mongo_db = TodayRTModelCPM, topic = MQTT_RT_DATA created 67d67ae650cc8007ad0dac93 succesfully
2025-03-16 13:17:14,571 pop.CCCL_generator_mixins INFO     mongo_db = CCCLGenerator, topic = CCCL/PURBACHAL/ENM_01 created 67d67afa50cc8007ad0dac97 succesfully
2025-03-16 13:17:14,594 pop.CCCL_generator_mixins INFO     mongo_db = TemporaryCCCLGenerator, topic = CCCL/PURBACHAL/ENM_01 created 67d67afa50cc8007ad0dac98 succesfully
2025-03-16 13:17:14,611 pop.CCCL_generator_mixins INFO     mongo_db = TodayCCCLGenerator, topic = CCCL/PURBACHAL/ENM_01 created 67d67afa50cc8007ad0dac99 succesfully
2025-03-16 13:17:16,814 pop.CCCL_environment_mixins INFO     mongo_db = CCCLEnvironment, topic = CCCL/PURBACHAL/ENV_01 created 67d67afc50cc8007ad0dac9a succesfully
2025-03-16 13:17:16,838 pop.CCCL_environment_mixins INFO     mongo_db = TemporaryCCCLEnvironment, topic = CCCL/PURBACHAL/ENV_01 created 67d67afc50cc8007ad0dac9b succesfully
2025-03-16 13:17:16,853 pop.CCCL_environment_mixins INFO     mongo_db = TodayCCCLEnvironment, topic = CCCL/PURBACHAL/ENV_01 created 67d67afc50cc8007ad0dac9c succesfully
2025-03-16 13:17:23,779 pop.CPM_RT_mixins INFO     mongo_db = RTModelCPM, topic = MQTT_RT_DATA created 67d67b0350cc8007ad0dac9d succesfully
2025-03-16 13:17:23,790 pop.CPM_RT_mixins INFO     mongo_db = TemporaryRTModelCPM, topic = MQTT_RT_DATA created 67d67b0350cc8007ad0dac9e succesfully
2025-03-16 13:17:23,801 pop.CPM_RT_mixins INFO     mongo_db = TodayRTModelCPM, topic = MQTT_RT_DATA created 67d67b0350cc8007ad0dac9f succesfully
2025-03-16 13:17:47,016 pop.CCCL_environment_mixins INFO     mongo_db = CCCLEnvironment, topic = CCCL/PURBACHAL/ENV_01 created 67d67b1b50cc8007ad0daca3 succesfully
2025-03-16 13:17:47,025 pop.CCCL_environment_mixins INFO     mongo_db = TemporaryCCCLEnvironment, topic = CCCL/PURBACHAL/ENV_01 created 67d67b1b50cc8007ad0daca4 succesfully
2025-03-16 13:17:47,033 pop.CCCL_environment_mixins INFO     mongo_db = TodayCCCLEnvironment, topic = CCCL/PURBACHAL/ENV_01 created 67d67b1b50cc8007ad0daca5 succesfully
2025-03-16 13:17:54,057 pop.CPM_RT_mixins INFO     mongo_db = RTModelCPM, topic = MQTT_RT_DATA created 67d67b2250cc8007ad0daca6 succesfully
2025-03-16 13:17:54,069 pop.CPM_RT_mixins INFO     mongo_db = TemporaryRTModelCPM, topic = MQTT_RT_DATA created 67d67b2250cc8007ad0daca7 succesfully
2025-03-16 13:17:54,081 pop.CPM_RT_mixins INFO     mongo_db = TodayRTModelCPM, topic = MQTT_RT_DATA created 67d67b2250cc8007ad0daca8 succesfully
2025-03-16 13:18:14,567 pop.CCCL_generator_mixins INFO     mongo_db = CCCLGenerator, topic = CCCL/PURBACHAL/ENM_01 created 67d67b3650cc8007ad0dacac succesfully
2025-03-16 13:18:14,580 pop.CCCL_generator_mixins INFO     mongo_db = TemporaryCCCLGenerator, topic = CCCL/PURBACHAL/ENM_01 created 67d67b3650cc8007ad0dacad succesfully
2025-03-16 13:18:14,593 pop.CCCL_generator_mixins INFO     mongo_db = TodayCCCLGenerator, topic = CCCL/PURBACHAL/ENM_01 created 67d67b3650cc8007ad0dacae succesfully
2025-03-16 13:18:17,436 pop.CCCL_environment_mixins INFO     mongo_db = CCCLEnvironment, topic = CCCL/PURBACHAL/ENV_01 created 67d67b3950cc8007ad0dacaf succesfully
2025-03-16 13:18:17,448 pop.CCCL_environment_mixins INFO     mongo_db = TemporaryCCCLEnvironment, topic = CCCL/PURBACHAL/ENV_01 created 67d67b3950cc8007ad0dacb0 succesfully
2025-03-16 13:18:17,458 pop.CCCL_environment_mixins INFO     mongo_db = TodayCCCLEnvironment, topic = CCCL/PURBACHAL/ENV_01 created 67d67b3950cc8007ad0dacb1 succesfully
2025-03-16 13:18:23,823 pop.CPM_RT_mixins INFO     mongo_db = RTModelCPM, topic = MQTT_RT_DATA created 67d67b3f50cc8007ad0dacb2 succesfully
2025-03-16 13:18:23,836 pop.CPM_RT_mixins INFO     mongo_db = TemporaryRTModelCPM, topic = MQTT_RT_DATA created 67d67b3f50cc8007ad0dacb3 succesfully
2025-03-16 13:18:23,847 pop.CPM_RT_mixins INFO     mongo_db = TodayRTModelCPM, topic = MQTT_RT_DATA created 67d67b3f50cc8007ad0dacb4 succesfully
2025-03-16 13:18:47,748 pop.CCCL_environment_mixins INFO     mongo_db = CCCLEnvironment, topic = CCCL/PURBACHAL/ENV_01 created 67d67b5750cc8007ad0dacb8 succesfully
2025-03-16 13:18:47,768 pop.CCCL_environment_mixins INFO     mongo_db = TemporaryCCCLEnvironment, topic = CCCL/PURBACHAL/ENV_01 created 67d67b5750cc8007ad0dacb9 succesfully
2025-03-16 13:18:47,778 pop.CCCL_environment_mixins INFO     mongo_db = TodayCCCLEnvironment, topic = CCCL/PURBACHAL/ENV_01 created 67d67b5750cc8007ad0dacba succesfully
2025-03-16 13:18:54,098 pop.CPM_RT_mixins INFO     mongo_db = RTModelCPM, topic = MQTT_RT_DATA created 67d67b5e50cc8007ad0dacbb succesfully
2025-03-16 13:18:54,110 pop.CPM_RT_mixins INFO     mongo_db = TemporaryRTModelCPM, topic = MQTT_RT_DATA created 67d67b5e50cc8007ad0dacbc succesfully
2025-03-16 13:18:54,122 pop.CPM_RT_mixins INFO     mongo_db = TodayRTModelCPM, topic = MQTT_RT_DATA created 67d67b5e50cc8007ad0dacbd succesfully
2025-03-16 13:19:14,562 pop.CCCL_generator_mixins INFO     mongo_db = CCCLGenerator, topic = CCCL/PURBACHAL/ENM_01 created 67d67b7250cc8007ad0dacc1 succesfully
2025-03-16 13:19:14,580 pop.CCCL_generator_mixins INFO     mongo_db = TemporaryCCCLGenerator, topic = CCCL/PURBACHAL/ENM_01 created 67d67b7250cc8007ad0dacc2 succesfully
2025-03-16 13:19:14,592 pop.CCCL_generator_mixins INFO     mongo_db = TodayCCCLGenerator, topic = CCCL/PURBACHAL/ENM_01 created 67d67b7250cc8007ad0dacc3 succesfully
2025-03-16 13:19:18,054 pop.CCCL_environment_mixins INFO     mongo_db = CCCLEnvironment, topic = CCCL/PURBACHAL/ENV_01 created 67d67b7650cc8007ad0dacc4 succesfully
2025-03-16 13:19:18,074 pop.CCCL_environment_mixins INFO     mongo_db = TemporaryCCCLEnvironment, topic = CCCL/PURBACHAL/ENV_01 created 67d67b7650cc8007ad0dacc5 succesfully
2025-03-16 13:19:18,086 pop.CCCL_environment_mixins INFO     mongo_db = TodayCCCLEnvironment, topic = CCCL/PURBACHAL/ENV_01 created 67d67b7650cc8007ad0dacc6 succesfully
2025-03-16 13:19:24,499 pop.CPM_RT_mixins INFO     mongo_db = RTModelCPM, topic = MQTT_RT_DATA created 67d67b7c50cc8007ad0dacc7 succesfully
2025-03-16 13:19:24,511 pop.CPM_RT_mixins INFO     mongo_db = TemporaryRTModelCPM, topic = MQTT_RT_DATA created 67d67b7c50cc8007ad0dacc8 succesfully
2025-03-16 13:19:24,522 pop.CPM_RT_mixins INFO     mongo_db = TodayRTModelCPM, topic = MQTT_RT_DATA created 67d67b7c50cc8007ad0dacc9 succesfully
2025-03-16 13:19:48,381 pop.CCCL_environment_mixins INFO     mongo_db = CCCLEnvironment, topic = CCCL/PURBACHAL/ENV_01 created 67d67b9450cc8007ad0daccd succesfully
2025-03-16 13:19:48,403 pop.CCCL_environment_mixins INFO     mongo_db = TemporaryCCCLEnvironment, topic = CCCL/PURBACHAL/ENV_01 created 67d67b9450cc8007ad0dacce succesfully
2025-03-16 13:19:48,420 pop.CCCL_environment_mixins INFO     mongo_db = TodayCCCLEnvironment, topic = CCCL/PURBACHAL/ENV_01 created 67d67b9450cc8007ad0daccf succesfully
2025-03-16 13:19:53,792 pop.CPM_RT_mixins INFO     mongo_db = RTModelCPM, topic = MQTT_RT_DATA created 67d67b9950cc8007ad0dacd0 succesfully
2025-03-16 13:19:53,804 pop.CPM_RT_mixins INFO     mongo_db = TemporaryRTModelCPM, topic = MQTT_RT_DATA created 67d67b9950cc8007ad0dacd1 succesfully
2025-03-16 13:19:53,814 pop.CPM_RT_mixins INFO     mongo_db = TodayRTModelCPM, topic = MQTT_RT_DATA created 67d67b9950cc8007ad0dacd2 succesfully
2025-03-16 13:20:14,553 pop.CCCL_generator_mixins INFO     mongo_db = CCCLGenerator, topic = CCCL/PURBACHAL/ENM_01 created 67d67bae50cc8007ad0dacd6 succesfully
2025-03-16 13:20:14,566 pop.CCCL_generator_mixins INFO     mongo_db = TemporaryCCCLGenerator, topic = CCCL/PURBACHAL/ENM_01 created 67d67bae50cc8007ad0dacd7 succesfully
2025-03-16 13:20:14,577 pop.CCCL_generator_mixins INFO     mongo_db = TodayCCCLGenerator, topic = CCCL/PURBACHAL/ENM_01 created 67d67bae50cc8007ad0dacd8 succesfully
2025-03-16 13:20:18,783 pop.CCCL_environment_mixins INFO     mongo_db = CCCLEnvironment, topic = CCCL/PURBACHAL/ENV_01 created 67d67bb250cc8007ad0dacd9 succesfully
2025-03-16 13:20:18,801 pop.CCCL_environment_mixins INFO     mongo_db = TemporaryCCCLEnvironment, topic = CCCL/PURBACHAL/ENV_01 created 67d67bb250cc8007ad0dacda succesfully
2025-03-16 13:20:18,813 pop.CCCL_environment_mixins INFO     mongo_db = TodayCCCLEnvironment, topic = CCCL/PURBACHAL/ENV_01 created 67d67bb250cc8007ad0dacdb succesfully
2025-03-16 13:20:25,598 pop.CPM_RT_mixins INFO     mongo_db = RTModelCPM, topic = MQTT_RT_DATA created 67d67bb950cc8007ad0dacdc succesfully
2025-03-16 13:20:25,611 pop.CPM_RT_mixins INFO     mongo_db = TemporaryRTModelCPM, topic = MQTT_RT_DATA created 67d67bb950cc8007ad0dacdd succesfully
2025-03-16 13:20:25,626 pop.CPM_RT_mixins INFO     mongo_db = TodayRTModelCPM, topic = MQTT_RT_DATA created 67d67bb950cc8007ad0dacde succesfully
2025-03-16 13:20:49,096 pop.CCCL_environment_mixins INFO     mongo_db = CCCLEnvironment, topic = CCCL/PURBACHAL/ENV_01 created 67d67bd150cc8007ad0dace2 succesfully
2025-03-16 13:20:49,120 pop.CCCL_environment_mixins INFO     mongo_db = TemporaryCCCLEnvironment, topic = CCCL/PURBACHAL/ENV_01 created 67d67bd150cc8007ad0dace3 succesfully
2025-03-16 13:20:49,137 pop.CCCL_environment_mixins INFO     mongo_db = TodayCCCLEnvironment, topic = CCCL/PURBACHAL/ENV_01 created 67d67bd150cc8007ad0dace4 succesfully
2025-03-16 13:20:53,800 pop.CPM_RT_mixins INFO     mongo_db = RTModelCPM, topic = MQTT_RT_DATA created 67d67bd550cc8007ad0dace5 succesfully
2025-03-16 13:20:53,817 pop.CPM_RT_mixins INFO     mongo_db = TemporaryRTModelCPM, topic = MQTT_RT_DATA created 67d67bd550cc8007ad0dace6 succesfully
2025-03-16 13:20:53,828 pop.CPM_RT_mixins INFO     mongo_db = TodayRTModelCPM, topic = MQTT_RT_DATA created 67d67bd550cc8007ad0dace7 succesfully
2025-03-16 13:21:14,545 pop.CCCL_generator_mixins INFO     mongo_db = CCCLGenerator, topic = CCCL/PURBACHAL/ENM_01 created 67d67bea50cc8007ad0daceb succesfully
2025-03-16 13:21:14,555 pop.CCCL_generator_mixins INFO     mongo_db = TemporaryCCCLGenerator, topic = CCCL/PURBACHAL/ENM_01 created 67d67bea50cc8007ad0dacec succesfully
2025-03-16 13:21:14,563 pop.CCCL_generator_mixins INFO     mongo_db = TodayCCCLGenerator, topic = CCCL/PURBACHAL/ENM_01 created 67d67bea50cc8007ad0daced succesfully
2025-03-16 13:21:19,510 pop.CCCL_environment_mixins INFO     mongo_db = CCCLEnvironment, topic = CCCL/PURBACHAL/ENV_01 created 67d67bef50cc8007ad0dacee succesfully
2025-03-16 13:21:19,530 pop.CCCL_environment_mixins INFO     mongo_db = TemporaryCCCLEnvironment, topic = CCCL/PURBACHAL/ENV_01 created 67d67bef50cc8007ad0dacef succesfully
2025-03-16 13:21:19,541 pop.CCCL_environment_mixins INFO     mongo_db = TodayCCCLEnvironment, topic = CCCL/PURBACHAL/ENV_01 created 67d67bef50cc8007ad0dacf0 succesfully
2025-03-16 13:21:49,839 pop.CCCL_environment_mixins INFO     mongo_db = CCCLEnvironment, topic = CCCL/PURBACHAL/ENV_01 created 67d67c0d50cc8007ad0dacf4 succesfully
2025-03-16 13:21:49,859 pop.CCCL_environment_mixins INFO     mongo_db = TemporaryCCCLEnvironment, topic = CCCL/PURBACHAL/ENV_01 created 67d67c0d50cc8007ad0dacf5 succesfully
2025-03-16 13:21:49,869 pop.CCCL_environment_mixins INFO     mongo_db = TodayCCCLEnvironment, topic = CCCL/PURBACHAL/ENV_01 created 67d67c0d50cc8007ad0dacf6 succesfully
2025-03-16 13:21:53,892 pop.CPM_RT_mixins INFO     mongo_db = RTModelCPM, topic = MQTT_RT_DATA created 67d67c1150cc8007ad0dacf7 succesfully
2025-03-16 13:21:53,904 pop.CPM_RT_mixins INFO     mongo_db = TemporaryRTModelCPM, topic = MQTT_RT_DATA created 67d67c1150cc8007ad0dacf8 succesfully
2025-03-16 13:21:53,914 pop.CPM_RT_mixins INFO     mongo_db = TodayRTModelCPM, topic = MQTT_RT_DATA created 67d67c1150cc8007ad0dacf9 succesfully
2025-03-16 13:22:14,563 pop.CCCL_generator_mixins INFO     mongo_db = CCCLGenerator, topic = CCCL/PURBACHAL/ENM_01 created 67d67c2650cc8007ad0dacfd succesfully
2025-03-16 13:22:14,587 pop.CCCL_generator_mixins INFO     mongo_db = TemporaryCCCLGenerator, topic = CCCL/PURBACHAL/ENM_01 created 67d67c2650cc8007ad0dacfe succesfully
2025-03-16 13:22:14,611 pop.CCCL_generator_mixins INFO     mongo_db = TodayCCCLGenerator, topic = CCCL/PURBACHAL/ENM_01 created 67d67c2650cc8007ad0dacff succesfully
2025-03-16 13:22:20,239 pop.CCCL_environment_mixins INFO     mongo_db = CCCLEnvironment, topic = CCCL/PURBACHAL/ENV_01 created 67d67c2c50cc8007ad0dad00 succesfully
2025-03-16 13:22:20,261 pop.CCCL_environment_mixins INFO     mongo_db = TemporaryCCCLEnvironment, topic = CCCL/PURBACHAL/ENV_01 created 67d67c2c50cc8007ad0dad01 succesfully
2025-03-16 13:22:20,272 pop.CCCL_environment_mixins INFO     mongo_db = TodayCCCLEnvironment, topic = CCCL/PURBACHAL/ENV_01 created 67d67c2c50cc8007ad0dad02 succesfully
2025-03-16 13:22:24,634 pop.CPM_RT_mixins INFO     mongo_db = RTModelCPM, topic = MQTT_RT_DATA created 67d67c3050cc8007ad0dad03 succesfully
2025-03-16 13:22:24,645 pop.CPM_RT_mixins INFO     mongo_db = TemporaryRTModelCPM, topic = MQTT_RT_DATA created 67d67c3050cc8007ad0dad04 succesfully
2025-03-16 13:22:24,657 pop.CPM_RT_mixins INFO     mongo_db = TodayRTModelCPM, topic = MQTT_RT_DATA created 67d67c3050cc8007ad0dad05 succesfully
2025-03-16 13:22:50,547 pop.CCCL_environment_mixins INFO     mongo_db = CCCLEnvironment, topic = CCCL/PURBACHAL/ENV_01 created 67d67c4a50cc8007ad0dad09 succesfully
2025-03-16 13:22:50,567 pop.CCCL_environment_mixins INFO     mongo_db = TemporaryCCCLEnvironment, topic = CCCL/PURBACHAL/ENV_01 created 67d67c4a50cc8007ad0dad0a succesfully
2025-03-16 13:22:50,578 pop.CCCL_environment_mixins INFO     mongo_db = TodayCCCLEnvironment, topic = CCCL/PURBACHAL/ENV_01 created 67d67c4a50cc8007ad0dad0b succesfully
2025-03-16 13:22:54,159 pop.CPM_RT_mixins INFO     mongo_db = RTModelCPM, topic = MQTT_RT_DATA created 67d67c4e50cc8007ad0dad0c succesfully
2025-03-16 13:22:54,170 pop.CPM_RT_mixins INFO     mongo_db = TemporaryRTModelCPM, topic = MQTT_RT_DATA created 67d67c4e50cc8007ad0dad0d succesfully
2025-03-16 13:22:54,180 pop.CPM_RT_mixins INFO     mongo_db = TodayRTModelCPM, topic = MQTT_RT_DATA created 67d67c4e50cc8007ad0dad0e succesfully
2025-03-16 13:23:14,564 pop.CCCL_generator_mixins INFO     mongo_db = CCCLGenerator, topic = CCCL/PURBACHAL/ENM_01 created 67d67c6250cc8007ad0dad0f succesfully
2025-03-16 13:23:14,588 pop.CCCL_generator_mixins INFO     mongo_db = TemporaryCCCLGenerator, topic = CCCL/PURBACHAL/ENM_01 created 67d67c6250cc8007ad0dad10 succesfully
2025-03-16 13:23:14,606 pop.CCCL_generator_mixins INFO     mongo_db = TodayCCCLGenerator, topic = CCCL/PURBACHAL/ENM_01 created 67d67c6250cc8007ad0dad11 succesfully
2025-03-16 13:23:20,857 pop.CCCL_environment_mixins INFO     mongo_db = CCCLEnvironment, topic = CCCL/PURBACHAL/ENV_01 created 67d67c6850cc8007ad0dad15 succesfully
2025-03-16 13:23:20,871 pop.CCCL_environment_mixins INFO     mongo_db = TemporaryCCCLEnvironment, topic = CCCL/PURBACHAL/ENV_01 created 67d67c6850cc8007ad0dad16 succesfully
2025-03-16 13:23:20,880 pop.CCCL_environment_mixins INFO     mongo_db = TodayCCCLEnvironment, topic = CCCL/PURBACHAL/ENV_01 created 67d67c6850cc8007ad0dad17 succesfully
2025-03-16 13:23:51,172 pop.CCCL_environment_mixins INFO     mongo_db = CCCLEnvironment, topic = CCCL/PURBACHAL/ENV_01 created 67d67c8750cc8007ad0dad1b succesfully
2025-03-16 13:23:51,189 pop.CCCL_environment_mixins INFO     mongo_db = TemporaryCCCLEnvironment, topic = CCCL/PURBACHAL/ENV_01 created 67d67c8750cc8007ad0dad1c succesfully
2025-03-16 13:23:51,198 pop.CCCL_environment_mixins INFO     mongo_db = TodayCCCLEnvironment, topic = CCCL/PURBACHAL/ENV_01 created 67d67c8750cc8007ad0dad1d succesfully
2025-03-16 13:23:54,585 pop.CPM_RT_mixins INFO     mongo_db = RTModelCPM, topic = MQTT_RT_DATA created 67d67c8a50cc8007ad0dad1e succesfully
2025-03-16 13:23:54,598 pop.CPM_RT_mixins INFO     mongo_db = TemporaryRTModelCPM, topic = MQTT_RT_DATA created 67d67c8a50cc8007ad0dad1f succesfully
2025-03-16 13:23:54,610 pop.CPM_RT_mixins INFO     mongo_db = TodayRTModelCPM, topic = MQTT_RT_DATA created 67d67c8a50cc8007ad0dad20 succesfully
2025-03-16 13:24:02,048 pop.CPM_ENY_NOW_mongo_mixins INFO     mongo_db = EnyNowDataModelCPM, topic = MQTT_ENY_NOW created 67d67c9250cc8007ad0dad21 succesfully
2025-03-16 13:24:02,057 pop.CPM_ENY_NOW_mongo_mixins INFO     mongo_db = TemporaryEnyNowDataModelCPM, topic = MQTT_ENY_NOW created 67d67c9250cc8007ad0dad22 succesfully
2025-03-16 13:24:02,063 pop.CPM_ENY_NOW_mongo_mixins INFO     mongo_db = TodayEnyNowDataModelCPM, topic = MQTT_ENY_NOW created 67d67c9250cc8007ad0dad23 succesfully
2025-03-16 13:24:02,072 pop.CPM_ENY_NOW_mongo_mixins INFO     mongo_db = Last7DaysEnyNowDataModelCPM, topic = MQTT_ENY_NOW created 67d67c9250cc8007ad0dad24 succesfully
2025-03-16 13:24:14,561 pop.CCCL_generator_mixins INFO     mongo_db = CCCLGenerator, topic = CCCL/PURBACHAL/ENM_01 created 67d67c9e50cc8007ad0dad25 succesfully
2025-03-16 13:24:14,577 pop.CCCL_generator_mixins INFO     mongo_db = TemporaryCCCLGenerator, topic = CCCL/PURBACHAL/ENM_01 created 67d67c9e50cc8007ad0dad26 succesfully
2025-03-16 13:24:14,588 pop.CCCL_generator_mixins INFO     mongo_db = TodayCCCLGenerator, topic = CCCL/PURBACHAL/ENM_01 created 67d67c9e50cc8007ad0dad27 succesfully
2025-03-16 13:24:21,585 pop.CCCL_environment_mixins INFO     mongo_db = CCCLEnvironment, topic = CCCL/PURBACHAL/ENV_01 created 67d67ca550cc8007ad0dad2b succesfully
2025-03-16 13:24:21,605 pop.CCCL_environment_mixins INFO     mongo_db = TemporaryCCCLEnvironment, topic = CCCL/PURBACHAL/ENV_01 created 67d67ca550cc8007ad0dad2c succesfully
2025-03-16 13:24:21,618 pop.CCCL_environment_mixins INFO     mongo_db = TodayCCCLEnvironment, topic = CCCL/PURBACHAL/ENV_01 created 67d67ca550cc8007ad0dad2d succesfully
2025-03-16 13:24:24,241 pop.CPM_RT_mixins INFO     mongo_db = RTModelCPM, topic = MQTT_RT_DATA created 67d67ca850cc8007ad0dad2e succesfully
2025-03-16 13:24:24,252 pop.CPM_RT_mixins INFO     mongo_db = TemporaryRTModelCPM, topic = MQTT_RT_DATA created 67d67ca850cc8007ad0dad2f succesfully
2025-03-16 13:24:24,263 pop.CPM_RT_mixins INFO     mongo_db = TodayRTModelCPM, topic = MQTT_RT_DATA created 67d67ca850cc8007ad0dad30 succesfully
2025-03-16 13:24:51,898 pop.CCCL_environment_mixins INFO     mongo_db = CCCLEnvironment, topic = CCCL/PURBACHAL/ENV_01 created 67d67cc350cc8007ad0dad34 succesfully
2025-03-16 13:24:51,920 pop.CCCL_environment_mixins INFO     mongo_db = TemporaryCCCLEnvironment, topic = CCCL/PURBACHAL/ENV_01 created 67d67cc350cc8007ad0dad35 succesfully
2025-03-16 13:24:51,929 pop.CCCL_environment_mixins INFO     mongo_db = TodayCCCLEnvironment, topic = CCCL/PURBACHAL/ENV_01 created 67d67cc350cc8007ad0dad36 succesfully
2025-03-16 13:24:55,137 pop.CPM_RT_mixins INFO     mongo_db = RTModelCPM, topic = MQTT_RT_DATA created 67d67cc750cc8007ad0dad37 succesfully
2025-03-16 13:24:55,149 pop.CPM_RT_mixins INFO     mongo_db = TemporaryRTModelCPM, topic = MQTT_RT_DATA created 67d67cc750cc8007ad0dad38 succesfully
2025-03-16 13:24:55,160 pop.CPM_RT_mixins INFO     mongo_db = TodayRTModelCPM, topic = MQTT_RT_DATA created 67d67cc750cc8007ad0dad39 succesfully
2025-03-16 13:25:14,561 pop.CCCL_generator_mixins INFO     mongo_db = CCCLGenerator, topic = CCCL/PURBACHAL/ENM_01 created 67d67cda50cc8007ad0dad3a succesfully
2025-03-16 13:25:14,578 pop.CCCL_generator_mixins INFO     mongo_db = TemporaryCCCLGenerator, topic = CCCL/PURBACHAL/ENM_01 created 67d67cda50cc8007ad0dad3b succesfully
2025-03-16 13:25:14,588 pop.CCCL_generator_mixins INFO     mongo_db = TodayCCCLGenerator, topic = CCCL/PURBACHAL/ENM_01 created 67d67cda50cc8007ad0dad3c succesfully
2025-03-16 13:25:22,192 pop.CCCL_environment_mixins INFO     mongo_db = CCCLEnvironment, topic = CCCL/PURBACHAL/ENV_01 created 67d67ce250cc8007ad0dad40 succesfully
2025-03-16 13:25:22,198 pop.CCCL_environment_mixins INFO     mongo_db = TemporaryCCCLEnvironment, topic = CCCL/PURBACHAL/ENV_01 created 67d67ce250cc8007ad0dad41 succesfully
2025-03-16 13:25:22,205 pop.CCCL_environment_mixins INFO     mongo_db = TodayCCCLEnvironment, topic = CCCL/PURBACHAL/ENV_01 created 67d67ce250cc8007ad0dad42 succesfully
2025-03-16 13:25:24,414 pop.CPM_RT_mixins INFO     mongo_db = RTModelCPM, topic = MQTT_RT_DATA created 67d67ce450cc8007ad0dad43 succesfully
2025-03-16 13:25:24,425 pop.CPM_RT_mixins INFO     mongo_db = TemporaryRTModelCPM, topic = MQTT_RT_DATA created 67d67ce450cc8007ad0dad44 succesfully
2025-03-16 13:25:24,435 pop.CPM_RT_mixins INFO     mongo_db = TodayRTModelCPM, topic = MQTT_RT_DATA created 67d67ce450cc8007ad0dad45 succesfully
2025-03-16 13:25:52,524 pop.CCCL_environment_mixins INFO     mongo_db = CCCLEnvironment, topic = CCCL/PURBACHAL/ENV_01 created 67d67d0050cc8007ad0dad49 succesfully
2025-03-16 13:25:52,543 pop.CCCL_environment_mixins INFO     mongo_db = TemporaryCCCLEnvironment, topic = CCCL/PURBACHAL/ENV_01 created 67d67d0050cc8007ad0dad4a succesfully
2025-03-16 13:25:52,555 pop.CCCL_environment_mixins INFO     mongo_db = TodayCCCLEnvironment, topic = CCCL/PURBACHAL/ENV_01 created 67d67d0050cc8007ad0dad4b succesfully
2025-03-16 13:25:54,096 pop.CPM_RT_mixins INFO     mongo_db = RTModelCPM, topic = MQTT_RT_DATA created 67d67d0250cc8007ad0dad4c succesfully
2025-03-16 13:25:54,107 pop.CPM_RT_mixins INFO     mongo_db = TemporaryRTModelCPM, topic = MQTT_RT_DATA created 67d67d0250cc8007ad0dad4d succesfully
2025-03-16 13:25:54,118 pop.CPM_RT_mixins INFO     mongo_db = TodayRTModelCPM, topic = MQTT_RT_DATA created 67d67d0250cc8007ad0dad4e succesfully
2025-03-16 13:26:14,544 pop.CCCL_generator_mixins INFO     mongo_db = CCCLGenerator, topic = CCCL/PURBACHAL/ENM_01 created 67d67d1650cc8007ad0dad4f succesfully
2025-03-16 13:26:14,556 pop.CCCL_generator_mixins INFO     mongo_db = TemporaryCCCLGenerator, topic = CCCL/PURBACHAL/ENM_01 created 67d67d1650cc8007ad0dad50 succesfully
2025-03-16 13:26:14,567 pop.CCCL_generator_mixins INFO     mongo_db = TodayCCCLGenerator, topic = CCCL/PURBACHAL/ENM_01 created 67d67d1650cc8007ad0dad51 succesfully
2025-03-16 13:26:22,936 pop.CCCL_environment_mixins INFO     mongo_db = CCCLEnvironment, topic = CCCL/PURBACHAL/ENV_01 created 67d67d1e50cc8007ad0dad55 succesfully
2025-03-16 13:26:22,955 pop.CCCL_environment_mixins INFO     mongo_db = TemporaryCCCLEnvironment, topic = CCCL/PURBACHAL/ENV_01 created 67d67d1e50cc8007ad0dad56 succesfully
2025-03-16 13:26:22,969 pop.CCCL_environment_mixins INFO     mongo_db = TodayCCCLEnvironment, topic = CCCL/PURBACHAL/ENV_01 created 67d67d1e50cc8007ad0dad57 succesfully
2025-03-16 13:26:53,253 pop.CCCL_environment_mixins INFO     mongo_db = CCCLEnvironment, topic = CCCL/PURBACHAL/ENV_01 created 67d67d3d50cc8007ad0dad5b succesfully
2025-03-16 13:26:53,274 pop.CCCL_environment_mixins INFO     mongo_db = TemporaryCCCLEnvironment, topic = CCCL/PURBACHAL/ENV_01 created 67d67d3d50cc8007ad0dad5c succesfully
2025-03-16 13:26:53,287 pop.CCCL_environment_mixins INFO     mongo_db = TodayCCCLEnvironment, topic = CCCL/PURBACHAL/ENV_01 created 67d67d3d50cc8007ad0dad5d succesfully
2025-03-16 13:26:54,193 pop.CPM_RT_mixins INFO     mongo_db = RTModelCPM, topic = MQTT_RT_DATA created 67d67d3e50cc8007ad0dad5e succesfully
2025-03-16 13:26:54,204 pop.CPM_RT_mixins INFO     mongo_db = TemporaryRTModelCPM, topic = MQTT_RT_DATA created 67d67d3e50cc8007ad0dad5f succesfully
2025-03-16 13:26:54,214 pop.CPM_RT_mixins INFO     mongo_db = TodayRTModelCPM, topic = MQTT_RT_DATA created 67d67d3e50cc8007ad0dad60 succesfully
2025-03-16 13:27:14,547 pop.CCCL_generator_mixins INFO     mongo_db = CCCLGenerator, topic = CCCL/PURBACHAL/ENM_01 created 67d67d5250cc8007ad0dad61 succesfully
2025-03-16 13:27:14,560 pop.CCCL_generator_mixins INFO     mongo_db = TemporaryCCCLGenerator, topic = CCCL/PURBACHAL/ENM_01 created 67d67d5250cc8007ad0dad62 succesfully
2025-03-16 13:27:14,572 pop.CCCL_generator_mixins INFO     mongo_db = TodayCCCLGenerator, topic = CCCL/PURBACHAL/ENM_01 created 67d67d5250cc8007ad0dad63 succesfully
2025-03-16 13:27:23,472 pop.CCCL_environment_mixins INFO     mongo_db = CCCLEnvironment, topic = CCCL/PURBACHAL/ENV_01 created 67d67d5b50cc8007ad0dad67 succesfully
2025-03-16 13:27:23,502 pop.CCCL_environment_mixins INFO     mongo_db = TemporaryCCCLEnvironment, topic = CCCL/PURBACHAL/ENV_01 created 67d67d5b50cc8007ad0dad68 succesfully
2025-03-16 13:27:23,513 pop.CCCL_environment_mixins INFO     mongo_db = TodayCCCLEnvironment, topic = CCCL/PURBACHAL/ENV_01 created 67d67d5b50cc8007ad0dad69 succesfully
2025-03-16 13:27:24,233 pop.CPM_RT_mixins INFO     mongo_db = RTModelCPM, topic = MQTT_RT_DATA created 67d67d5c50cc8007ad0dad6a succesfully
2025-03-16 13:27:24,245 pop.CPM_RT_mixins INFO     mongo_db = TemporaryRTModelCPM, topic = MQTT_RT_DATA created 67d67d5c50cc8007ad0dad6b succesfully
2025-03-16 13:27:24,256 pop.CPM_RT_mixins INFO     mongo_db = TodayRTModelCPM, topic = MQTT_RT_DATA created 67d67d5c50cc8007ad0dad6c succesfully
2025-03-16 13:27:53,666 pop.CCCL_environment_mixins INFO     mongo_db = CCCLEnvironment, topic = CCCL/PURBACHAL/ENV_01 created 67d67d7950cc8007ad0dad70 succesfully
2025-03-16 13:27:53,684 pop.CCCL_environment_mixins INFO     mongo_db = TemporaryCCCLEnvironment, topic = CCCL/PURBACHAL/ENV_01 created 67d67d7950cc8007ad0dad71 succesfully
2025-03-16 13:27:53,694 pop.CCCL_environment_mixins INFO     mongo_db = TodayCCCLEnvironment, topic = CCCL/PURBACHAL/ENV_01 created 67d67d7950cc8007ad0dad72 succesfully
2025-03-16 13:27:54,178 pop.CPM_RT_mixins INFO     mongo_db = RTModelCPM, topic = MQTT_RT_DATA created 67d67d7a50cc8007ad0dad73 succesfully
2025-03-16 13:27:54,189 pop.CPM_RT_mixins INFO     mongo_db = TemporaryRTModelCPM, topic = MQTT_RT_DATA created 67d67d7a50cc8007ad0dad74 succesfully
2025-03-16 13:27:54,200 pop.CPM_RT_mixins INFO     mongo_db = TodayRTModelCPM, topic = MQTT_RT_DATA created 67d67d7a50cc8007ad0dad75 succesfully
2025-03-16 13:28:14,566 pop.CCCL_generator_mixins INFO     mongo_db = CCCLGenerator, topic = CCCL/PURBACHAL/ENM_01 created 67d67d8e50cc8007ad0dad76 succesfully
2025-03-16 13:28:14,584 pop.CCCL_generator_mixins INFO     mongo_db = TemporaryCCCLGenerator, topic = CCCL/PURBACHAL/ENM_01 created 67d67d8e50cc8007ad0dad77 succesfully
2025-03-16 13:28:14,600 pop.CCCL_generator_mixins INFO     mongo_db = TodayCCCLGenerator, topic = CCCL/PURBACHAL/ENM_01 created 67d67d8e50cc8007ad0dad78 succesfully
2025-03-16 13:28:23,983 pop.CCCL_environment_mixins INFO     mongo_db = CCCLEnvironment, topic = CCCL/PURBACHAL/ENV_01 created 67d67d9750cc8007ad0dad7c succesfully
2025-03-16 13:28:23,999 pop.CCCL_environment_mixins INFO     mongo_db = TemporaryCCCLEnvironment, topic = CCCL/PURBACHAL/ENV_01 created 67d67d9750cc8007ad0dad7d succesfully
2025-03-16 13:28:24,009 pop.CCCL_environment_mixins INFO     mongo_db = TodayCCCLEnvironment, topic = CCCL/PURBACHAL/ENV_01 created 67d67d9850cc8007ad0dad7e succesfully
2025-03-16 13:28:25,089 pop.CPM_RT_mixins INFO     mongo_db = RTModelCPM, topic = MQTT_RT_DATA created 67d67d9950cc8007ad0dad7f succesfully
2025-03-16 13:28:25,100 pop.CPM_RT_mixins INFO     mongo_db = TemporaryRTModelCPM, topic = MQTT_RT_DATA created 67d67d9950cc8007ad0dad80 succesfully
2025-03-16 13:28:25,110 pop.CPM_RT_mixins INFO     mongo_db = TodayRTModelCPM, topic = MQTT_RT_DATA created 67d67d9950cc8007ad0dad81 succesfully
2025-03-16 13:28:54,292 pop.CCCL_environment_mixins INFO     mongo_db = CCCLEnvironment, topic = CCCL/PURBACHAL/ENV_01 created 67d67db650cc8007ad0dad85 succesfully
2025-03-16 13:28:54,314 pop.CCCL_environment_mixins INFO     mongo_db = TemporaryCCCLEnvironment, topic = CCCL/PURBACHAL/ENV_01 created 67d67db650cc8007ad0dad86 succesfully
2025-03-16 13:28:54,326 pop.CCCL_environment_mixins INFO     mongo_db = TodayCCCLEnvironment, topic = CCCL/PURBACHAL/ENV_01 created 67d67db650cc8007ad0dad87 succesfully
2025-03-16 13:28:54,388 pop.CPM_RT_mixins INFO     mongo_db = RTModelCPM, topic = MQTT_RT_DATA created 67d67db650cc8007ad0dad88 succesfully
2025-03-16 13:28:54,403 pop.CPM_RT_mixins INFO     mongo_db = TemporaryRTModelCPM, topic = MQTT_RT_DATA created 67d67db650cc8007ad0dad89 succesfully
2025-03-16 13:28:54,414 pop.CPM_RT_mixins INFO     mongo_db = TodayRTModelCPM, topic = MQTT_RT_DATA created 67d67db650cc8007ad0dad8a succesfully
2025-03-16 13:29:14,569 pop.CCCL_generator_mixins INFO     mongo_db = CCCLGenerator, topic = CCCL/PURBACHAL/ENM_01 created 67d67dca50cc8007ad0dad8b succesfully
2025-03-16 13:29:14,585 pop.CCCL_generator_mixins INFO     mongo_db = TemporaryCCCLGenerator, topic = CCCL/PURBACHAL/ENM_01 created 67d67dca50cc8007ad0dad8c succesfully
2025-03-16 13:29:14,597 pop.CCCL_generator_mixins INFO     mongo_db = TodayCCCLGenerator, topic = CCCL/PURBACHAL/ENM_01 created 67d67dca50cc8007ad0dad8d succesfully
2025-03-16 13:29:24,423 pop.CPM_RT_mixins INFO     mongo_db = RTModelCPM, topic = MQTT_RT_DATA created 67d67dd450cc8007ad0dad91 succesfully
2025-03-16 13:29:24,434 pop.CPM_RT_mixins INFO     mongo_db = TemporaryRTModelCPM, topic = MQTT_RT_DATA created 67d67dd450cc8007ad0dad92 succesfully
2025-03-16 13:29:24,446 pop.CPM_RT_mixins INFO     mongo_db = TodayRTModelCPM, topic = MQTT_RT_DATA created 67d67dd450cc8007ad0dad93 succesfully
2025-03-16 13:29:24,669 pop.CCCL_environment_mixins INFO     mongo_db = CCCLEnvironment, topic = CCCL/PURBACHAL/ENV_01 created 67d67dd450cc8007ad0dad94 succesfully
2025-03-16 13:29:24,696 pop.CCCL_environment_mixins INFO     mongo_db = TemporaryCCCLEnvironment, topic = CCCL/PURBACHAL/ENV_01 created 67d67dd450cc8007ad0dad95 succesfully
2025-03-16 13:29:24,706 pop.CCCL_environment_mixins INFO     mongo_db = TodayCCCLEnvironment, topic = CCCL/PURBACHAL/ENV_01 created 67d67dd450cc8007ad0dad96 succesfully
2025-03-16 13:29:54,531 pop.CPM_RT_mixins INFO     mongo_db = RTModelCPM, topic = MQTT_RT_DATA created 67d67df250cc8007ad0dad9a succesfully
2025-03-16 13:29:54,542 pop.CPM_RT_mixins INFO     mongo_db = TemporaryRTModelCPM, topic = MQTT_RT_DATA created 67d67df250cc8007ad0dad9b succesfully
2025-03-16 13:29:54,553 pop.CPM_RT_mixins INFO     mongo_db = TodayRTModelCPM, topic = MQTT_RT_DATA created 67d67df250cc8007ad0dad9c succesfully
2025-03-16 13:29:54,909 pop.CCCL_environment_mixins INFO     mongo_db = CCCLEnvironment, topic = CCCL/PURBACHAL/ENV_01 created 67d67df250cc8007ad0dad9d succesfully
2025-03-16 13:29:54,917 pop.CCCL_environment_mixins INFO     mongo_db = TemporaryCCCLEnvironment, topic = CCCL/PURBACHAL/ENV_01 created 67d67df250cc8007ad0dad9e succesfully
2025-03-16 13:29:54,927 pop.CCCL_environment_mixins INFO     mongo_db = TodayCCCLEnvironment, topic = CCCL/PURBACHAL/ENV_01 created 67d67df250cc8007ad0dad9f succesfully
2025-03-16 13:30:14,556 pop.CCCL_generator_mixins INFO     mongo_db = CCCLGenerator, topic = CCCL/PURBACHAL/ENM_01 created 67d67e0650cc8007ad0dada0 succesfully
2025-03-16 13:30:14,568 pop.CCCL_generator_mixins INFO     mongo_db = TemporaryCCCLGenerator, topic = CCCL/PURBACHAL/ENM_01 created 67d67e0650cc8007ad0dada1 succesfully
2025-03-16 13:30:14,579 pop.CCCL_generator_mixins INFO     mongo_db = TodayCCCLGenerator, topic = CCCL/PURBACHAL/ENM_01 created 67d67e0650cc8007ad0dada2 succesfully
2025-03-16 13:30:25,364 pop.CCCL_environment_mixins INFO     mongo_db = CCCLEnvironment, topic = CCCL/PURBACHAL/ENV_01 created 67d67e1150cc8007ad0dada6 succesfully
2025-03-16 13:30:25,387 pop.CCCL_environment_mixins INFO     mongo_db = TemporaryCCCLEnvironment, topic = CCCL/PURBACHAL/ENV_01 created 67d67e1150cc8007ad0dada7 succesfully
2025-03-16 13:30:25,401 pop.CCCL_environment_mixins INFO     mongo_db = TodayCCCLEnvironment, topic = CCCL/PURBACHAL/ENV_01 created 67d67e1150cc8007ad0dada8 succesfully
2025-03-16 13:30:25,850 pop.CPM_RT_mixins INFO     mongo_db = RTModelCPM, topic = MQTT_RT_DATA created 67d67e1150cc8007ad0dada9 succesfully
2025-03-16 13:30:25,862 pop.CPM_RT_mixins INFO     mongo_db = TemporaryRTModelCPM, topic = MQTT_RT_DATA created 67d67e1150cc8007ad0dadaa succesfully
2025-03-16 13:30:25,873 pop.CPM_RT_mixins INFO     mongo_db = TodayRTModelCPM, topic = MQTT_RT_DATA created 67d67e1150cc8007ad0dadab succesfully
2025-03-16 13:30:55,564 pop.CCCL_environment_mixins INFO     mongo_db = CCCLEnvironment, topic = CCCL/PURBACHAL/ENV_01 created 67d67e2f50cc8007ad0dadaf succesfully
2025-03-16 13:30:55,582 pop.CCCL_environment_mixins INFO     mongo_db = TemporaryCCCLEnvironment, topic = CCCL/PURBACHAL/ENV_01 created 67d67e2f50cc8007ad0dadb0 succesfully
2025-03-16 13:30:55,591 pop.CCCL_environment_mixins INFO     mongo_db = TodayCCCLEnvironment, topic = CCCL/PURBACHAL/ENV_01 created 67d67e2f50cc8007ad0dadb1 succesfully
2025-03-16 13:30:55,966 pop.CPM_RT_mixins INFO     mongo_db = RTModelCPM, topic = MQTT_RT_DATA created 67d67e2f50cc8007ad0dadb2 succesfully
2025-03-16 13:30:55,977 pop.CPM_RT_mixins INFO     mongo_db = TemporaryRTModelCPM, topic = MQTT_RT_DATA created 67d67e2f50cc8007ad0dadb3 succesfully
2025-03-16 13:30:55,987 pop.CPM_RT_mixins INFO     mongo_db = TodayRTModelCPM, topic = MQTT_RT_DATA created 67d67e2f50cc8007ad0dadb4 succesfully
2025-03-16 13:31:14,577 pop.CCCL_generator_mixins INFO     mongo_db = CCCLGenerator, topic = CCCL/PURBACHAL/ENM_01 created 67d67e4250cc8007ad0dadb5 succesfully
2025-03-16 13:31:14,600 pop.CCCL_generator_mixins INFO     mongo_db = TemporaryCCCLGenerator, topic = CCCL/PURBACHAL/ENM_01 created 67d67e4250cc8007ad0dadb6 succesfully
2025-03-16 13:31:14,611 pop.CCCL_generator_mixins INFO     mongo_db = TodayCCCLGenerator, topic = CCCL/PURBACHAL/ENM_01 created 67d67e4250cc8007ad0dadb7 succesfully
2025-03-16 13:31:25,773 pop.CCCL_environment_mixins INFO     mongo_db = CCCLEnvironment, topic = CCCL/PURBACHAL/ENV_01 created 67d67e4d50cc8007ad0dadbb succesfully
2025-03-16 13:31:25,790 pop.CCCL_environment_mixins INFO     mongo_db = TemporaryCCCLEnvironment, topic = CCCL/PURBACHAL/ENV_01 created 67d67e4d50cc8007ad0dadbc succesfully
2025-03-16 13:31:25,802 pop.CCCL_environment_mixins INFO     mongo_db = TodayCCCLEnvironment, topic = CCCL/PURBACHAL/ENV_01 created 67d67e4d50cc8007ad0dadbd succesfully
2025-03-16 13:31:25,876 pop.CPM_RT_mixins INFO     mongo_db = RTModelCPM, topic = MQTT_RT_DATA created 67d67e4d50cc8007ad0dadbe succesfully
2025-03-16 13:31:25,891 pop.CPM_RT_mixins INFO     mongo_db = TemporaryRTModelCPM, topic = MQTT_RT_DATA created 67d67e4d50cc8007ad0dadbf succesfully
2025-03-16 13:31:25,903 pop.CPM_RT_mixins INFO     mongo_db = TodayRTModelCPM, topic = MQTT_RT_DATA created 67d67e4d50cc8007ad0dadc0 succesfully
2025-03-16 13:31:54,539 pop.CPM_RT_mixins INFO     mongo_db = RTModelCPM, topic = MQTT_RT_DATA created 67d67e6a50cc8007ad0dadc4 succesfully
2025-03-16 13:31:54,550 pop.CPM_RT_mixins INFO     mongo_db = TemporaryRTModelCPM, topic = MQTT_RT_DATA created 67d67e6a50cc8007ad0dadc5 succesfully
2025-03-16 13:31:54,560 pop.CPM_RT_mixins INFO     mongo_db = TodayRTModelCPM, topic = MQTT_RT_DATA created 67d67e6a50cc8007ad0dadc6 succesfully
2025-03-16 13:31:56,075 pop.CCCL_environment_mixins INFO     mongo_db = CCCLEnvironment, topic = CCCL/PURBACHAL/ENV_01 created 67d67e6c50cc8007ad0dadc7 succesfully
2025-03-16 13:31:56,090 pop.CCCL_environment_mixins INFO     mongo_db = TemporaryCCCLEnvironment, topic = CCCL/PURBACHAL/ENV_01 created 67d67e6c50cc8007ad0dadc8 succesfully
2025-03-16 13:31:56,098 pop.CCCL_environment_mixins INFO     mongo_db = TodayCCCLEnvironment, topic = CCCL/PURBACHAL/ENV_01 created 67d67e6c50cc8007ad0dadc9 succesfully
2025-03-16 13:32:14,582 pop.CCCL_generator_mixins INFO     mongo_db = CCCLGenerator, topic = CCCL/PURBACHAL/ENM_01 created 67d67e7e50cc8007ad0dadca succesfully
2025-03-16 13:32:14,603 pop.CCCL_generator_mixins INFO     mongo_db = TemporaryCCCLGenerator, topic = CCCL/PURBACHAL/ENM_01 created 67d67e7e50cc8007ad0dadcb succesfully
2025-03-16 13:32:14,623 pop.CCCL_generator_mixins INFO     mongo_db = TodayCCCLGenerator, topic = CCCL/PURBACHAL/ENM_01 created 67d67e7e50cc8007ad0dadcc succesfully
2025-03-16 13:32:26,384 pop.CCCL_environment_mixins INFO     mongo_db = CCCLEnvironment, topic = CCCL/PURBACHAL/ENV_01 created 67d67e8a50cc8007ad0dadd0 succesfully
2025-03-16 13:32:26,407 pop.CCCL_environment_mixins INFO     mongo_db = TemporaryCCCLEnvironment, topic = CCCL/PURBACHAL/ENV_01 created 67d67e8a50cc8007ad0dadd1 succesfully
2025-03-16 13:32:26,426 pop.CCCL_environment_mixins INFO     mongo_db = TodayCCCLEnvironment, topic = CCCL/PURBACHAL/ENV_01 created 67d67e8a50cc8007ad0dadd2 succesfully
2025-03-16 13:32:55,682 pop.CPM_RT_mixins INFO     mongo_db = RTModelCPM, topic = MQTT_RT_DATA created 67d67ea750cc8007ad0dadd6 succesfully
2025-03-16 13:32:55,692 pop.CPM_RT_mixins INFO     mongo_db = TemporaryRTModelCPM, topic = MQTT_RT_DATA created 67d67ea750cc8007ad0dadd7 succesfully
2025-03-16 13:32:55,703 pop.CPM_RT_mixins INFO     mongo_db = TodayRTModelCPM, topic = MQTT_RT_DATA created 67d67ea750cc8007ad0dadd8 succesfully
2025-03-16 13:32:56,697 pop.CCCL_environment_mixins INFO     mongo_db = CCCLEnvironment, topic = CCCL/PURBACHAL/ENV_01 created 67d67ea850cc8007ad0dadd9 succesfully
2025-03-16 13:32:56,710 pop.CCCL_environment_mixins INFO     mongo_db = TemporaryCCCLEnvironment, topic = CCCL/PURBACHAL/ENV_01 created 67d67ea850cc8007ad0dadda succesfully
2025-03-16 13:32:56,718 pop.CCCL_environment_mixins INFO     mongo_db = TodayCCCLEnvironment, topic = CCCL/PURBACHAL/ENV_01 created 67d67ea850cc8007ad0daddb succesfully
2025-03-16 13:33:14,580 pop.CCCL_generator_mixins INFO     mongo_db = CCCLGenerator, topic = CCCL/PURBACHAL/ENM_01 created 67d67eba50cc8007ad0daddc succesfully
2025-03-16 13:33:14,606 pop.CCCL_generator_mixins INFO     mongo_db = TemporaryCCCLGenerator, topic = CCCL/PURBACHAL/ENM_01 created 67d67eba50cc8007ad0daddd succesfully
2025-03-16 13:33:14,624 pop.CCCL_generator_mixins INFO     mongo_db = TodayCCCLGenerator, topic = CCCL/PURBACHAL/ENM_01 created 67d67eba50cc8007ad0dadde succesfully
2025-03-16 13:33:25,881 pop.CPM_RT_mixins INFO     mongo_db = RTModelCPM, topic = MQTT_RT_DATA created 67d67ec550cc8007ad0dade2 succesfully
2025-03-16 13:33:25,894 pop.CPM_RT_mixins INFO     mongo_db = TemporaryRTModelCPM, topic = MQTT_RT_DATA created 67d67ec550cc8007ad0dade3 succesfully
2025-03-16 13:33:25,916 pop.CPM_RT_mixins INFO     mongo_db = TodayRTModelCPM, topic = MQTT_RT_DATA created 67d67ec550cc8007ad0dade4 succesfully
2025-03-16 13:33:27,015 pop.CCCL_environment_mixins INFO     mongo_db = CCCLEnvironment, topic = CCCL/PURBACHAL/ENV_01 created 67d67ec750cc8007ad0dade5 succesfully
2025-03-16 13:33:27,039 pop.CCCL_environment_mixins INFO     mongo_db = TemporaryCCCLEnvironment, topic = CCCL/PURBACHAL/ENV_01 created 67d67ec750cc8007ad0dade6 succesfully
2025-03-16 13:33:27,049 pop.CCCL_environment_mixins INFO     mongo_db = TodayCCCLEnvironment, topic = CCCL/PURBACHAL/ENV_01 created 67d67ec750cc8007ad0dade7 succesfully
2025-03-16 13:33:54,509 pop.CPM_RT_mixins INFO     mongo_db = RTModelCPM, topic = MQTT_RT_DATA created 67d67ee250cc8007ad0dade8 succesfully
2025-03-16 13:33:54,522 pop.CPM_RT_mixins INFO     mongo_db = TemporaryRTModelCPM, topic = MQTT_RT_DATA created 67d67ee250cc8007ad0dade9 succesfully
2025-03-16 13:33:54,533 pop.CPM_RT_mixins INFO     mongo_db = TodayRTModelCPM, topic = MQTT_RT_DATA created 67d67ee250cc8007ad0dadea succesfully
2025-03-16 13:33:57,327 pop.CCCL_environment_mixins INFO     mongo_db = CCCLEnvironment, topic = CCCL/PURBACHAL/ENV_01 created 67d67ee550cc8007ad0dadee succesfully
2025-03-16 13:33:57,353 pop.CCCL_environment_mixins INFO     mongo_db = TemporaryCCCLEnvironment, topic = CCCL/PURBACHAL/ENV_01 created 67d67ee550cc8007ad0dadef succesfully
2025-03-16 13:33:57,372 pop.CCCL_environment_mixins INFO     mongo_db = TodayCCCLEnvironment, topic = CCCL/PURBACHAL/ENV_01 created 67d67ee550cc8007ad0dadf0 succesfully
2025-03-16 13:34:14,580 pop.CCCL_generator_mixins INFO     mongo_db = CCCLGenerator, topic = CCCL/PURBACHAL/ENM_01 created 67d67ef650cc8007ad0dadf1 succesfully
2025-03-16 13:34:14,595 pop.CCCL_generator_mixins INFO     mongo_db = TemporaryCCCLGenerator, topic = CCCL/PURBACHAL/ENM_01 created 67d67ef650cc8007ad0dadf2 succesfully
2025-03-16 13:34:14,605 pop.CCCL_generator_mixins INFO     mongo_db = TodayCCCLGenerator, topic = CCCL/PURBACHAL/ENM_01 created 67d67ef650cc8007ad0dadf3 succesfully
2025-03-16 13:34:27,706 pop.CCCL_environment_mixins INFO     mongo_db = CCCLEnvironment, topic = CCCL/PURBACHAL/ENV_01 created 67d67f0350cc8007ad0dadf7 succesfully
2025-03-16 13:34:27,719 pop.CCCL_environment_mixins INFO     mongo_db = TemporaryCCCLEnvironment, topic = CCCL/PURBACHAL/ENV_01 created 67d67f0350cc8007ad0dadf8 succesfully
2025-03-16 13:34:27,727 pop.CCCL_environment_mixins INFO     mongo_db = TodayCCCLEnvironment, topic = CCCL/PURBACHAL/ENV_01 created 67d67f0350cc8007ad0dadf9 succesfully
2025-03-16 13:34:54,277 pop.CPM_RT_mixins INFO     mongo_db = RTModelCPM, topic = MQTT_RT_DATA created 67d67f1e50cc8007ad0dadfa succesfully
2025-03-16 13:34:54,290 pop.CPM_RT_mixins INFO     mongo_db = TemporaryRTModelCPM, topic = MQTT_RT_DATA created 67d67f1e50cc8007ad0dadfb succesfully
2025-03-16 13:34:54,302 pop.CPM_RT_mixins INFO     mongo_db = TodayRTModelCPM, topic = MQTT_RT_DATA created 67d67f1e50cc8007ad0dadfc succesfully
2025-03-16 13:34:57,950 pop.CCCL_environment_mixins INFO     mongo_db = CCCLEnvironment, topic = CCCL/PURBACHAL/ENV_01 created 67d67f2150cc8007ad0dae00 succesfully
2025-03-16 13:34:57,964 pop.CCCL_environment_mixins INFO     mongo_db = TemporaryCCCLEnvironment, topic = CCCL/PURBACHAL/ENV_01 created 67d67f2150cc8007ad0dae01 succesfully
2025-03-16 13:34:57,976 pop.CCCL_environment_mixins INFO     mongo_db = TodayCCCLEnvironment, topic = CCCL/PURBACHAL/ENV_01 created 67d67f2150cc8007ad0dae02 succesfully
2025-03-16 13:35:14,585 pop.CCCL_generator_mixins INFO     mongo_db = CCCLGenerator, topic = CCCL/PURBACHAL/ENM_01 created 67d67f3250cc8007ad0dae03 succesfully
2025-03-16 13:35:14,610 pop.CCCL_generator_mixins INFO     mongo_db = TemporaryCCCLGenerator, topic = CCCL/PURBACHAL/ENM_01 created 67d67f3250cc8007ad0dae04 succesfully
2025-03-16 13:35:14,629 pop.CCCL_generator_mixins INFO     mongo_db = TodayCCCLGenerator, topic = CCCL/PURBACHAL/ENM_01 created 67d67f3250cc8007ad0dae05 succesfully
2025-03-16 13:35:28,298 pop.CCCL_environment_mixins INFO     mongo_db = CCCLEnvironment, topic = CCCL/PURBACHAL/ENV_01 created 67d67f4050cc8007ad0dae09 succesfully
2025-03-16 13:35:28,314 pop.CCCL_environment_mixins INFO     mongo_db = TemporaryCCCLEnvironment, topic = CCCL/PURBACHAL/ENV_01 created 67d67f4050cc8007ad0dae0a succesfully
2025-03-16 13:35:28,322 pop.CCCL_environment_mixins INFO     mongo_db = TodayCCCLEnvironment, topic = CCCL/PURBACHAL/ENV_01 created 67d67f4050cc8007ad0dae0b succesfully
2025-03-16 13:35:54,039 pop.CPM_RT_mixins INFO     mongo_db = RTModelCPM, topic = MQTT_RT_DATA created 67d67f5a50cc8007ad0dae0c succesfully
2025-03-16 13:35:54,054 pop.CPM_RT_mixins INFO     mongo_db = TemporaryRTModelCPM, topic = MQTT_RT_DATA created 67d67f5a50cc8007ad0dae0d succesfully
2025-03-16 13:35:54,064 pop.CPM_RT_mixins INFO     mongo_db = TodayRTModelCPM, topic = MQTT_RT_DATA created 67d67f5a50cc8007ad0dae0e succesfully
2025-03-16 13:35:58,575 pop.CCCL_environment_mixins INFO     mongo_db = CCCLEnvironment, topic = CCCL/PURBACHAL/ENV_01 created 67d67f5e50cc8007ad0dae12 succesfully
2025-03-16 13:35:58,601 pop.CCCL_environment_mixins INFO     mongo_db = TemporaryCCCLEnvironment, topic = CCCL/PURBACHAL/ENV_01 created 67d67f5e50cc8007ad0dae13 succesfully
2025-03-16 13:35:58,616 pop.CCCL_environment_mixins INFO     mongo_db = TodayCCCLEnvironment, topic = CCCL/PURBACHAL/ENV_01 created 67d67f5e50cc8007ad0dae14 succesfully
2025-03-16 13:36:14,588 pop.CCCL_generator_mixins INFO     mongo_db = CCCLGenerator, topic = CCCL/PURBACHAL/ENM_01 created 67d67f6e50cc8007ad0dae15 succesfully
2025-03-16 13:36:14,609 pop.CCCL_generator_mixins INFO     mongo_db = TemporaryCCCLGenerator, topic = CCCL/PURBACHAL/ENM_01 created 67d67f6e50cc8007ad0dae16 succesfully
2025-03-16 13:36:14,620 pop.CCCL_generator_mixins INFO     mongo_db = TodayCCCLGenerator, topic = CCCL/PURBACHAL/ENM_01 created 67d67f6e50cc8007ad0dae17 succesfully
2025-03-16 13:36:28,990 pop.CCCL_environment_mixins INFO     mongo_db = CCCLEnvironment, topic = CCCL/PURBACHAL/ENV_01 created 67d67f7c50cc8007ad0dae1b succesfully
2025-03-16 13:36:29,024 pop.CCCL_environment_mixins INFO     mongo_db = TemporaryCCCLEnvironment, topic = CCCL/PURBACHAL/ENV_01 created 67d67f7d50cc8007ad0dae1c succesfully
2025-03-16 13:36:29,036 pop.CCCL_environment_mixins INFO     mongo_db = TodayCCCLEnvironment, topic = CCCL/PURBACHAL/ENV_01 created 67d67f7d50cc8007ad0dae1d succesfully
2025-03-16 13:36:54,091 pop.CPM_RT_mixins INFO     mongo_db = RTModelCPM, topic = MQTT_RT_DATA created 67d67f9650cc8007ad0dae1e succesfully
2025-03-16 13:36:54,102 pop.CPM_RT_mixins INFO     mongo_db = TemporaryRTModelCPM, topic = MQTT_RT_DATA created 67d67f9650cc8007ad0dae1f succesfully
2025-03-16 13:36:54,114 pop.CPM_RT_mixins INFO     mongo_db = TodayRTModelCPM, topic = MQTT_RT_DATA created 67d67f9650cc8007ad0dae20 succesfully
2025-03-16 13:36:59,302 pop.CCCL_environment_mixins INFO     mongo_db = CCCLEnvironment, topic = CCCL/PURBACHAL/ENV_01 created 67d67f9b50cc8007ad0dae24 succesfully
2025-03-16 13:36:59,335 pop.CCCL_environment_mixins INFO     mongo_db = TemporaryCCCLEnvironment, topic = CCCL/PURBACHAL/ENV_01 created 67d67f9b50cc8007ad0dae25 succesfully
2025-03-16 13:36:59,348 pop.CCCL_environment_mixins INFO     mongo_db = TodayCCCLEnvironment, topic = CCCL/PURBACHAL/ENV_01 created 67d67f9b50cc8007ad0dae26 succesfully
2025-03-16 13:37:14,589 pop.CCCL_generator_mixins INFO     mongo_db = CCCLGenerator, topic = CCCL/PURBACHAL/ENM_01 created 67d67faa50cc8007ad0dae27 succesfully
2025-03-16 13:37:14,611 pop.CCCL_generator_mixins INFO     mongo_db = TemporaryCCCLGenerator, topic = CCCL/PURBACHAL/ENM_01 created 67d67faa50cc8007ad0dae28 succesfully
2025-03-16 13:37:14,627 pop.CCCL_generator_mixins INFO     mongo_db = TodayCCCLGenerator, topic = CCCL/PURBACHAL/ENM_01 created 67d67faa50cc8007ad0dae29 succesfully
2025-03-16 13:37:24,594 pop.CPM_RT_mixins INFO     mongo_db = RTModelCPM, topic = MQTT_RT_DATA created 67d67fb450cc8007ad0dae2a succesfully
2025-03-16 13:37:24,605 pop.CPM_RT_mixins INFO     mongo_db = TemporaryRTModelCPM, topic = MQTT_RT_DATA created 67d67fb450cc8007ad0dae2b succesfully
2025-03-16 13:37:24,617 pop.CPM_RT_mixins INFO     mongo_db = TodayRTModelCPM, topic = MQTT_RT_DATA created 67d67fb450cc8007ad0dae2c succesfully
2025-03-16 13:37:29,716 pop.CCCL_environment_mixins INFO     mongo_db = CCCLEnvironment, topic = CCCL/PURBACHAL/ENV_01 created 67d67fb950cc8007ad0dae30 succesfully
2025-03-16 13:37:29,727 pop.CCCL_environment_mixins INFO     mongo_db = TemporaryCCCLEnvironment, topic = CCCL/PURBACHAL/ENV_01 created 67d67fb950cc8007ad0dae31 succesfully
2025-03-16 13:37:29,736 pop.CCCL_environment_mixins INFO     mongo_db = TodayCCCLEnvironment, topic = CCCL/PURBACHAL/ENV_01 created 67d67fb950cc8007ad0dae32 succesfully
2025-03-16 13:37:54,378 pop.CPM_RT_mixins INFO     mongo_db = RTModelCPM, topic = MQTT_RT_DATA created 67d67fd250cc8007ad0dae33 succesfully
2025-03-16 13:37:54,390 pop.CPM_RT_mixins INFO     mongo_db = TemporaryRTModelCPM, topic = MQTT_RT_DATA created 67d67fd250cc8007ad0dae34 succesfully
2025-03-16 13:37:54,401 pop.CPM_RT_mixins INFO     mongo_db = TodayRTModelCPM, topic = MQTT_RT_DATA created 67d67fd250cc8007ad0dae35 succesfully
2025-03-16 13:38:00,029 pop.CCCL_environment_mixins INFO     mongo_db = CCCLEnvironment, topic = CCCL/PURBACHAL/ENV_01 created 67d67fd850cc8007ad0dae39 succesfully
2025-03-16 13:38:00,045 pop.CCCL_environment_mixins INFO     mongo_db = TemporaryCCCLEnvironment, topic = CCCL/PURBACHAL/ENV_01 created 67d67fd850cc8007ad0dae3a succesfully
2025-03-16 13:38:00,055 pop.CCCL_environment_mixins INFO     mongo_db = TodayCCCLEnvironment, topic = CCCL/PURBACHAL/ENV_01 created 67d67fd850cc8007ad0dae3b succesfully
2025-03-16 13:38:14,603 pop.CCCL_generator_mixins INFO     mongo_db = CCCLGenerator, topic = CCCL/PURBACHAL/ENM_01 created 67d67fe650cc8007ad0dae3c succesfully
2025-03-16 13:38:14,616 pop.CCCL_generator_mixins INFO     mongo_db = TemporaryCCCLGenerator, topic = CCCL/PURBACHAL/ENM_01 created 67d67fe650cc8007ad0dae3d succesfully
2025-03-16 13:38:14,628 pop.CCCL_generator_mixins INFO     mongo_db = TodayCCCLGenerator, topic = CCCL/PURBACHAL/ENM_01 created 67d67fe650cc8007ad0dae3e succesfully
2025-03-16 13:38:25,881 pop.CPM_RT_mixins INFO     mongo_db = RTModelCPM, topic = MQTT_RT_DATA created 67d67ff150cc8007ad0dae3f succesfully
2025-03-16 13:38:25,894 pop.CPM_RT_mixins INFO     mongo_db = TemporaryRTModelCPM, topic = MQTT_RT_DATA created 67d67ff150cc8007ad0dae40 succesfully
2025-03-16 13:38:25,908 pop.CPM_RT_mixins INFO     mongo_db = TodayRTModelCPM, topic = MQTT_RT_DATA created 67d67ff150cc8007ad0dae41 succesfully
2025-03-16 13:38:30,338 pop.CCCL_environment_mixins INFO     mongo_db = CCCLEnvironment, topic = CCCL/PURBACHAL/ENV_01 created 67d67ff650cc8007ad0dae45 succesfully
2025-03-16 13:38:30,361 pop.CCCL_environment_mixins INFO     mongo_db = TemporaryCCCLEnvironment, topic = CCCL/PURBACHAL/ENV_01 created 67d67ff650cc8007ad0dae46 succesfully
2025-03-16 13:38:30,373 pop.CCCL_environment_mixins INFO     mongo_db = TodayCCCLEnvironment, topic = CCCL/PURBACHAL/ENV_01 created 67d67ff650cc8007ad0dae47 succesfully
2025-03-16 13:38:54,594 pop.CPM_RT_mixins INFO     mongo_db = RTModelCPM, topic = MQTT_RT_DATA created 67d6800e50cc8007ad0dae48 succesfully
2025-03-16 13:38:54,604 pop.CPM_RT_mixins INFO     mongo_db = TemporaryRTModelCPM, topic = MQTT_RT_DATA created 67d6800e50cc8007ad0dae49 succesfully
2025-03-16 13:38:54,617 pop.CPM_RT_mixins INFO     mongo_db = TodayRTModelCPM, topic = MQTT_RT_DATA created 67d6800e50cc8007ad0dae4a succesfully
2025-03-16 13:39:00,603 pop.CCCL_environment_mixins INFO     mongo_db = CCCLEnvironment, topic = CCCL/PURBACHAL/ENV_01 created 67d6801450cc8007ad0dae4e succesfully
2025-03-16 13:39:00,627 pop.CCCL_environment_mixins INFO     mongo_db = TemporaryCCCLEnvironment, topic = CCCL/PURBACHAL/ENV_01 created 67d6801450cc8007ad0dae4f succesfully
2025-03-16 13:39:00,643 pop.CCCL_environment_mixins INFO     mongo_db = TodayCCCLEnvironment, topic = CCCL/PURBACHAL/ENV_01 created 67d6801450cc8007ad0dae50 succesfully
2025-03-16 13:39:03,368 pop.CPM_ENY_NOW_mongo_mixins INFO     mongo_db = EnyNowDataModelCPM, topic = MQTT_ENY_NOW created 67d6801750cc8007ad0dae51 succesfully
2025-03-16 13:39:03,375 pop.CPM_ENY_NOW_mongo_mixins INFO     mongo_db = TemporaryEnyNowDataModelCPM, topic = MQTT_ENY_NOW created 67d6801750cc8007ad0dae52 succesfully
2025-03-16 13:39:03,382 pop.CPM_ENY_NOW_mongo_mixins INFO     mongo_db = TodayEnyNowDataModelCPM, topic = MQTT_ENY_NOW created 67d6801750cc8007ad0dae53 succesfully
2025-03-16 13:39:03,389 pop.CPM_ENY_NOW_mongo_mixins INFO     mongo_db = Last7DaysEnyNowDataModelCPM, topic = MQTT_ENY_NOW created 67d6801750cc8007ad0dae54 succesfully
2025-03-16 13:39:14,578 pop.CCCL_generator_mixins INFO     mongo_db = CCCLGenerator, topic = CCCL/PURBACHAL/ENM_01 created 67d6802250cc8007ad0dae55 succesfully
2025-03-16 13:39:14,590 pop.CCCL_generator_mixins INFO     mongo_db = TemporaryCCCLGenerator, topic = CCCL/PURBACHAL/ENM_01 created 67d6802250cc8007ad0dae56 succesfully
2025-03-16 13:39:14,601 pop.CCCL_generator_mixins INFO     mongo_db = TodayCCCLGenerator, topic = CCCL/PURBACHAL/ENM_01 created 67d6802250cc8007ad0dae57 succesfully
2025-03-16 13:39:31,067 pop.CCCL_environment_mixins INFO     mongo_db = CCCLEnvironment, topic = CCCL/PURBACHAL/ENV_01 created 67d6803350cc8007ad0dae5b succesfully
2025-03-16 13:39:31,091 pop.CCCL_environment_mixins INFO     mongo_db = TemporaryCCCLEnvironment, topic = CCCL/PURBACHAL/ENV_01 created 67d6803350cc8007ad0dae5c succesfully
2025-03-16 13:39:31,107 pop.CCCL_environment_mixins INFO     mongo_db = TodayCCCLEnvironment, topic = CCCL/PURBACHAL/ENV_01 created 67d6803350cc8007ad0dae5d succesfully
2025-03-16 13:39:54,278 pop.CPM_RT_mixins INFO     mongo_db = RTModelCPM, topic = MQTT_RT_DATA created 67d6804a50cc8007ad0dae5e succesfully
2025-03-16 13:39:54,291 pop.CPM_RT_mixins INFO     mongo_db = TemporaryRTModelCPM, topic = MQTT_RT_DATA created 67d6804a50cc8007ad0dae5f succesfully
2025-03-16 13:39:54,301 pop.CPM_RT_mixins INFO     mongo_db = TodayRTModelCPM, topic = MQTT_RT_DATA created 67d6804a50cc8007ad0dae60 succesfully
2025-03-16 13:40:01,394 pop.CCCL_environment_mixins INFO     mongo_db = CCCLEnvironment, topic = CCCL/PURBACHAL/ENV_01 created 67d6805150cc8007ad0dae64 succesfully
2025-03-16 13:40:01,404 pop.CCCL_environment_mixins INFO     mongo_db = TemporaryCCCLEnvironment, topic = CCCL/PURBACHAL/ENV_01 created 67d6805150cc8007ad0dae65 succesfully
2025-03-16 13:40:01,413 pop.CCCL_environment_mixins INFO     mongo_db = TodayCCCLEnvironment, topic = CCCL/PURBACHAL/ENV_01 created 67d6805150cc8007ad0dae66 succesfully
2025-03-16 13:40:14,593 pop.CCCL_generator_mixins INFO     mongo_db = CCCLGenerator, topic = CCCL/PURBACHAL/ENM_01 created 67d6805e50cc8007ad0dae67 succesfully
2025-03-16 13:40:14,612 pop.CCCL_generator_mixins INFO     mongo_db = TemporaryCCCLGenerator, topic = CCCL/PURBACHAL/ENM_01 created 67d6805e50cc8007ad0dae68 succesfully
2025-03-16 13:40:14,623 pop.CCCL_generator_mixins INFO     mongo_db = TodayCCCLGenerator, topic = CCCL/PURBACHAL/ENM_01 created 67d6805e50cc8007ad0dae69 succesfully
2025-03-16 13:40:25,443 pop.CPM_RT_mixins INFO     mongo_db = RTModelCPM, topic = MQTT_RT_DATA created 67d6806950cc8007ad0dae6a succesfully
2025-03-16 13:40:25,454 pop.CPM_RT_mixins INFO     mongo_db = TemporaryRTModelCPM, topic = MQTT_RT_DATA created 67d6806950cc8007ad0dae6b succesfully
2025-03-16 13:40:25,464 pop.CPM_RT_mixins INFO     mongo_db = TodayRTModelCPM, topic = MQTT_RT_DATA created 67d6806950cc8007ad0dae6c succesfully
2025-03-16 13:40:31,895 pop.CCCL_environment_mixins INFO     mongo_db = CCCLEnvironment, topic = CCCL/PURBACHAL/ENV_01 created 67d6806f50cc8007ad0dae70 succesfully
2025-03-16 13:40:31,921 pop.CCCL_environment_mixins INFO     mongo_db = TemporaryCCCLEnvironment, topic = CCCL/PURBACHAL/ENV_01 created 67d6806f50cc8007ad0dae71 succesfully
2025-03-16 13:40:31,932 pop.CCCL_environment_mixins INFO     mongo_db = TodayCCCLEnvironment, topic = CCCL/PURBACHAL/ENV_01 created 67d6806f50cc8007ad0dae72 succesfully
2025-03-16 13:40:54,166 pop.CPM_RT_mixins INFO     mongo_db = RTModelCPM, topic = MQTT_RT_DATA created 67d6808650cc8007ad0dae73 succesfully
2025-03-16 13:40:54,177 pop.CPM_RT_mixins INFO     mongo_db = TemporaryRTModelCPM, topic = MQTT_RT_DATA created 67d6808650cc8007ad0dae74 succesfully
2025-03-16 13:40:54,187 pop.CPM_RT_mixins INFO     mongo_db = TodayRTModelCPM, topic = MQTT_RT_DATA created 67d6808650cc8007ad0dae75 succesfully
2025-03-16 13:41:02,205 pop.CCCL_environment_mixins INFO     mongo_db = CCCLEnvironment, topic = CCCL/PURBACHAL/ENV_01 created 67d6808e50cc8007ad0dae79 succesfully
2025-03-16 13:41:02,223 pop.CCCL_environment_mixins INFO     mongo_db = TemporaryCCCLEnvironment, topic = CCCL/PURBACHAL/ENV_01 created 67d6808e50cc8007ad0dae7a succesfully
2025-03-16 13:41:02,232 pop.CCCL_environment_mixins INFO     mongo_db = TodayCCCLEnvironment, topic = CCCL/PURBACHAL/ENV_01 created 67d6808e50cc8007ad0dae7b succesfully
2025-03-16 13:41:14,590 pop.CCCL_generator_mixins INFO     mongo_db = CCCLGenerator, topic = CCCL/PURBACHAL/ENM_01 created 67d6809a50cc8007ad0dae7c succesfully
2025-03-16 13:41:14,610 pop.CCCL_generator_mixins INFO     mongo_db = TemporaryCCCLGenerator, topic = CCCL/PURBACHAL/ENM_01 created 67d6809a50cc8007ad0dae7d succesfully
2025-03-16 13:41:14,625 pop.CCCL_generator_mixins INFO     mongo_db = TodayCCCLGenerator, topic = CCCL/PURBACHAL/ENM_01 created 67d6809a50cc8007ad0dae7e succesfully
2025-03-16 13:41:32,616 pop.CCCL_environment_mixins INFO     mongo_db = CCCLEnvironment, topic = CCCL/PURBACHAL/ENV_01 created 67d680ac50cc8007ad0dae7f succesfully
2025-03-16 13:41:32,640 pop.CCCL_environment_mixins INFO     mongo_db = TemporaryCCCLEnvironment, topic = CCCL/PURBACHAL/ENV_01 created 67d680ac50cc8007ad0dae80 succesfully
2025-03-16 13:41:32,655 pop.CCCL_environment_mixins INFO     mongo_db = TodayCCCLEnvironment, topic = CCCL/PURBACHAL/ENV_01 created 67d680ac50cc8007ad0dae81 succesfully
2025-03-16 13:41:55,470 pop.CPM_RT_mixins INFO     mongo_db = RTModelCPM, topic = MQTT_RT_DATA created 67d680c350cc8007ad0dae82 succesfully
2025-03-16 13:41:55,480 pop.CPM_RT_mixins INFO     mongo_db = TemporaryRTModelCPM, topic = MQTT_RT_DATA created 67d680c350cc8007ad0dae83 succesfully
2025-03-16 13:41:55,491 pop.CPM_RT_mixins INFO     mongo_db = TodayRTModelCPM, topic = MQTT_RT_DATA created 67d680c350cc8007ad0dae84 succesfully
2025-03-16 13:42:03,229 pop.CCCL_environment_mixins INFO     mongo_db = CCCLEnvironment, topic = CCCL/PURBACHAL/ENV_01 created 67d680cb50cc8007ad0dae88 succesfully
2025-03-16 13:42:03,239 pop.CCCL_environment_mixins INFO     mongo_db = TemporaryCCCLEnvironment, topic = CCCL/PURBACHAL/ENV_01 created 67d680cb50cc8007ad0dae89 succesfully
2025-03-16 13:42:03,246 pop.CCCL_environment_mixins INFO     mongo_db = TodayCCCLEnvironment, topic = CCCL/PURBACHAL/ENV_01 created 67d680cb50cc8007ad0dae8a succesfully
2025-03-16 13:42:14,597 pop.CCCL_generator_mixins INFO     mongo_db = CCCLGenerator, topic = CCCL/PURBACHAL/ENM_01 created 67d680d650cc8007ad0dae8b succesfully
2025-03-16 13:42:14,620 pop.CCCL_generator_mixins INFO     mongo_db = TemporaryCCCLGenerator, topic = CCCL/PURBACHAL/ENM_01 created 67d680d650cc8007ad0dae8c succesfully
2025-03-16 13:42:14,640 pop.CCCL_generator_mixins INFO     mongo_db = TodayCCCLGenerator, topic = CCCL/PURBACHAL/ENM_01 created 67d680d650cc8007ad0dae8d succesfully
2025-03-16 13:42:25,102 pop.CPM_RT_mixins INFO     mongo_db = RTModelCPM, topic = MQTT_RT_DATA created 67d680e150cc8007ad0dae8e succesfully
2025-03-16 13:42:25,113 pop.CPM_RT_mixins INFO     mongo_db = TemporaryRTModelCPM, topic = MQTT_RT_DATA created 67d680e150cc8007ad0dae8f succesfully
2025-03-16 13:42:25,123 pop.CPM_RT_mixins INFO     mongo_db = TodayRTModelCPM, topic = MQTT_RT_DATA created 67d680e150cc8007ad0dae90 succesfully
2025-03-16 13:42:33,755 pop.CCCL_environment_mixins INFO     mongo_db = CCCLEnvironment, topic = CCCL/PURBACHAL/ENV_01 created 67d680e950cc8007ad0dae94 succesfully
2025-03-16 13:42:33,776 pop.CCCL_environment_mixins INFO     mongo_db = TemporaryCCCLEnvironment, topic = CCCL/PURBACHAL/ENV_01 created 67d680e950cc8007ad0dae95 succesfully
2025-03-16 13:42:33,788 pop.CCCL_environment_mixins INFO     mongo_db = TodayCCCLEnvironment, topic = CCCL/PURBACHAL/ENV_01 created 67d680e950cc8007ad0dae96 succesfully
2025-03-16 13:42:54,028 pop.CPM_RT_mixins INFO     mongo_db = RTModelCPM, topic = MQTT_RT_DATA created 67d680fe50cc8007ad0dae97 succesfully
2025-03-16 13:42:54,037 pop.CPM_RT_mixins INFO     mongo_db = TemporaryRTModelCPM, topic = MQTT_RT_DATA created 67d680fe50cc8007ad0dae98 succesfully
2025-03-16 13:42:54,048 pop.CPM_RT_mixins INFO     mongo_db = TodayRTModelCPM, topic = MQTT_RT_DATA created 67d680fe50cc8007ad0dae99 succesfully
2025-03-16 13:43:04,066 pop.CCCL_environment_mixins INFO     mongo_db = CCCLEnvironment, topic = CCCL/PURBACHAL/ENV_01 created 67d6810850cc8007ad0dae9a succesfully
2025-03-16 13:43:04,088 pop.CCCL_environment_mixins INFO     mongo_db = TemporaryCCCLEnvironment, topic = CCCL/PURBACHAL/ENV_01 created 67d6810850cc8007ad0dae9b succesfully
2025-03-16 13:43:04,100 pop.CCCL_environment_mixins INFO     mongo_db = TodayCCCLEnvironment, topic = CCCL/PURBACHAL/ENV_01 created 67d6810850cc8007ad0dae9c succesfully
2025-03-16 13:43:14,600 pop.CCCL_generator_mixins INFO     mongo_db = CCCLGenerator, topic = CCCL/PURBACHAL/ENM_01 created 67d6811250cc8007ad0dae9d succesfully
2025-03-16 13:43:14,620 pop.CCCL_generator_mixins INFO     mongo_db = TemporaryCCCLGenerator, topic = CCCL/PURBACHAL/ENM_01 created 67d6811250cc8007ad0dae9e succesfully
2025-03-16 13:43:14,632 pop.CCCL_generator_mixins INFO     mongo_db = TodayCCCLGenerator, topic = CCCL/PURBACHAL/ENM_01 created 67d6811250cc8007ad0dae9f succesfully
2025-03-16 13:43:24,345 pop.CPM_RT_mixins INFO     mongo_db = RTModelCPM, topic = MQTT_RT_DATA created 67d6811c50cc8007ad0daea0 succesfully
2025-03-16 13:43:24,357 pop.CPM_RT_mixins INFO     mongo_db = TemporaryRTModelCPM, topic = MQTT_RT_DATA created 67d6811c50cc8007ad0daea1 succesfully
2025-03-16 13:43:24,369 pop.CPM_RT_mixins INFO     mongo_db = TodayRTModelCPM, topic = MQTT_RT_DATA created 67d6811c50cc8007ad0daea2 succesfully
2025-03-16 13:43:34,488 pop.CCCL_environment_mixins INFO     mongo_db = CCCLEnvironment, topic = CCCL/PURBACHAL/ENV_01 created 67d6812650cc8007ad0daea6 succesfully
2025-03-16 13:43:34,504 pop.CCCL_environment_mixins INFO     mongo_db = TemporaryCCCLEnvironment, topic = CCCL/PURBACHAL/ENV_01 created 67d6812650cc8007ad0daea7 succesfully
2025-03-16 13:43:34,518 pop.CCCL_environment_mixins INFO     mongo_db = TodayCCCLEnvironment, topic = CCCL/PURBACHAL/ENV_01 created 67d6812650cc8007ad0daea8 succesfully
2025-03-16 13:43:57,677 pop.CPM_RT_mixins INFO     mongo_db = RTModelCPM, topic = MQTT_RT_DATA created 67d6813d50cc8007ad0daea9 succesfully
2025-03-16 13:43:57,692 pop.CPM_RT_mixins INFO     mongo_db = TemporaryRTModelCPM, topic = MQTT_RT_DATA created 67d6813d50cc8007ad0daeaa succesfully
2025-03-16 13:43:57,704 pop.CPM_RT_mixins INFO     mongo_db = TodayRTModelCPM, topic = MQTT_RT_DATA created 67d6813d50cc8007ad0daeab succesfully
2025-03-16 13:44:05,387 pop.CCCL_environment_mixins INFO     mongo_db = CCCLEnvironment, topic = CCCL/PURBACHAL/ENV_01 created 67d6814550cc8007ad0daeac succesfully
2025-03-16 13:44:05,398 pop.CCCL_environment_mixins INFO     mongo_db = TemporaryCCCLEnvironment, topic = CCCL/PURBACHAL/ENV_01 created 67d6814550cc8007ad0daead succesfully
2025-03-16 13:44:05,407 pop.CCCL_environment_mixins INFO     mongo_db = TodayCCCLEnvironment, topic = CCCL/PURBACHAL/ENV_01 created 67d6814550cc8007ad0daeae succesfully
2025-03-16 13:44:14,604 pop.CCCL_generator_mixins INFO     mongo_db = CCCLGenerator, topic = CCCL/PURBACHAL/ENM_01 created 67d6814e50cc8007ad0daeb2 succesfully
2025-03-16 13:44:14,621 pop.CCCL_generator_mixins INFO     mongo_db = TemporaryCCCLGenerator, topic = CCCL/PURBACHAL/ENM_01 created 67d6814e50cc8007ad0daeb3 succesfully
2025-03-16 13:44:14,631 pop.CCCL_generator_mixins INFO     mongo_db = TodayCCCLGenerator, topic = CCCL/PURBACHAL/ENM_01 created 67d6814e50cc8007ad0daeb4 succesfully
2025-03-16 13:44:35,109 pop.CCCL_environment_mixins INFO     mongo_db = CCCLEnvironment, topic = CCCL/PURBACHAL/ENV_01 created 67d6816350cc8007ad0daeb5 succesfully
2025-03-16 13:44:35,136 pop.CCCL_environment_mixins INFO     mongo_db = TemporaryCCCLEnvironment, topic = CCCL/PURBACHAL/ENV_01 created 67d6816350cc8007ad0daeb6 succesfully
2025-03-16 13:44:35,150 pop.CCCL_environment_mixins INFO     mongo_db = TodayCCCLEnvironment, topic = CCCL/PURBACHAL/ENV_01 created 67d6816350cc8007ad0daeb7 succesfully
2025-03-16 13:44:54,801 pop.CPM_RT_mixins INFO     mongo_db = RTModelCPM, topic = MQTT_RT_DATA created 67d6817650cc8007ad0daebb succesfully
2025-03-16 13:44:54,814 pop.CPM_RT_mixins INFO     mongo_db = TemporaryRTModelCPM, topic = MQTT_RT_DATA created 67d6817650cc8007ad0daebc succesfully
2025-03-16 13:44:54,828 pop.CPM_RT_mixins INFO     mongo_db = TodayRTModelCPM, topic = MQTT_RT_DATA created 67d6817650cc8007ad0daebd succesfully
2025-03-16 13:45:05,420 pop.CCCL_environment_mixins INFO     mongo_db = CCCLEnvironment, topic = CCCL/PURBACHAL/ENV_01 created 67d6818150cc8007ad0daebe succesfully
2025-03-16 13:45:05,443 pop.CCCL_environment_mixins INFO     mongo_db = TemporaryCCCLEnvironment, topic = CCCL/PURBACHAL/ENV_01 created 67d6818150cc8007ad0daebf succesfully
2025-03-16 13:45:05,454 pop.CCCL_environment_mixins INFO     mongo_db = TodayCCCLEnvironment, topic = CCCL/PURBACHAL/ENV_01 created 67d6818150cc8007ad0daec0 succesfully
2025-03-16 13:45:14,601 pop.CCCL_generator_mixins INFO     mongo_db = CCCLGenerator, topic = CCCL/PURBACHAL/ENM_01 created 67d6818a50cc8007ad0daec4 succesfully
2025-03-16 13:45:14,616 pop.CCCL_generator_mixins INFO     mongo_db = TemporaryCCCLGenerator, topic = CCCL/PURBACHAL/ENM_01 created 67d6818a50cc8007ad0daec5 succesfully
2025-03-16 13:45:14,630 pop.CCCL_generator_mixins INFO     mongo_db = TodayCCCLGenerator, topic = CCCL/PURBACHAL/ENM_01 created 67d6818a50cc8007ad0daec6 succesfully
2025-03-16 13:45:25,072 pop.CPM_RT_mixins INFO     mongo_db = RTModelCPM, topic = MQTT_RT_DATA created 67d6819550cc8007ad0daec7 succesfully
2025-03-16 13:45:25,085 pop.CPM_RT_mixins INFO     mongo_db = TemporaryRTModelCPM, topic = MQTT_RT_DATA created 67d6819550cc8007ad0daec8 succesfully
2025-03-16 13:45:25,096 pop.CPM_RT_mixins INFO     mongo_db = TodayRTModelCPM, topic = MQTT_RT_DATA created 67d6819550cc8007ad0daec9 succesfully
2025-03-16 13:45:35,735 pop.CCCL_environment_mixins INFO     mongo_db = CCCLEnvironment, topic = CCCL/PURBACHAL/ENV_01 created 67d6819f50cc8007ad0daeca succesfully
2025-03-16 13:45:35,753 pop.CCCL_environment_mixins INFO     mongo_db = TemporaryCCCLEnvironment, topic = CCCL/PURBACHAL/ENV_01 created 67d6819f50cc8007ad0daecb succesfully
2025-03-16 13:45:35,764 pop.CCCL_environment_mixins INFO     mongo_db = TodayCCCLEnvironment, topic = CCCL/PURBACHAL/ENV_01 created 67d6819f50cc8007ad0daecc succesfully
2025-03-16 13:45:54,198 pop.CPM_RT_mixins INFO     mongo_db = RTModelCPM, topic = MQTT_RT_DATA created 67d681b250cc8007ad0daed0 succesfully
2025-03-16 13:45:54,210 pop.CPM_RT_mixins INFO     mongo_db = TemporaryRTModelCPM, topic = MQTT_RT_DATA created 67d681b250cc8007ad0daed1 succesfully
2025-03-16 13:45:54,221 pop.CPM_RT_mixins INFO     mongo_db = TodayRTModelCPM, topic = MQTT_RT_DATA created 67d681b250cc8007ad0daed2 succesfully
2025-03-16 13:46:06,044 pop.CCCL_environment_mixins INFO     mongo_db = CCCLEnvironment, topic = CCCL/PURBACHAL/ENV_01 created 67d681be50cc8007ad0daed3 succesfully
2025-03-16 13:46:06,061 pop.CCCL_environment_mixins INFO     mongo_db = TemporaryCCCLEnvironment, topic = CCCL/PURBACHAL/ENV_01 created 67d681be50cc8007ad0daed4 succesfully
2025-03-16 13:46:06,070 pop.CCCL_environment_mixins INFO     mongo_db = TodayCCCLEnvironment, topic = CCCL/PURBACHAL/ENV_01 created 67d681be50cc8007ad0daed5 succesfully
2025-03-16 13:46:14,621 pop.CCCL_generator_mixins INFO     mongo_db = CCCLGenerator, topic = CCCL/PURBACHAL/ENM_01 created 67d681c650cc8007ad0daed9 succesfully
2025-03-16 13:46:14,634 pop.CCCL_generator_mixins INFO     mongo_db = TemporaryCCCLGenerator, topic = CCCL/PURBACHAL/ENM_01 created 67d681c650cc8007ad0daeda succesfully
2025-03-16 13:46:14,646 pop.CCCL_generator_mixins INFO     mongo_db = TodayCCCLGenerator, topic = CCCL/PURBACHAL/ENM_01 created 67d681c650cc8007ad0daedb succesfully
2025-03-16 13:46:24,125 pop.CPM_RT_mixins INFO     mongo_db = RTModelCPM, topic = MQTT_RT_DATA created 67d681d050cc8007ad0daedc succesfully
2025-03-16 13:46:24,136 pop.CPM_RT_mixins INFO     mongo_db = TemporaryRTModelCPM, topic = MQTT_RT_DATA created 67d681d050cc8007ad0daedd succesfully
2025-03-16 13:46:24,146 pop.CPM_RT_mixins INFO     mongo_db = TodayRTModelCPM, topic = MQTT_RT_DATA created 67d681d050cc8007ad0daede succesfully
2025-03-16 13:46:36,356 pop.CCCL_environment_mixins INFO     mongo_db = CCCLEnvironment, topic = CCCL/PURBACHAL/ENV_01 created 67d681dc50cc8007ad0daedf succesfully
2025-03-16 13:46:36,376 pop.CCCL_environment_mixins INFO     mongo_db = TemporaryCCCLEnvironment, topic = CCCL/PURBACHAL/ENV_01 created 67d681dc50cc8007ad0daee0 succesfully
2025-03-16 13:46:36,390 pop.CCCL_environment_mixins INFO     mongo_db = TodayCCCLEnvironment, topic = CCCL/PURBACHAL/ENV_01 created 67d681dc50cc8007ad0daee1 succesfully
2025-03-16 13:46:54,012 pop.CPM_RT_mixins INFO     mongo_db = RTModelCPM, topic = MQTT_RT_DATA created 67d681ee50cc8007ad0daee5 succesfully
2025-03-16 13:46:54,023 pop.CPM_RT_mixins INFO     mongo_db = TemporaryRTModelCPM, topic = MQTT_RT_DATA created 67d681ee50cc8007ad0daee6 succesfully
2025-03-16 13:46:54,034 pop.CPM_RT_mixins INFO     mongo_db = TodayRTModelCPM, topic = MQTT_RT_DATA created 67d681ee50cc8007ad0daee7 succesfully
2025-03-16 13:47:06,665 pop.CCCL_environment_mixins INFO     mongo_db = CCCLEnvironment, topic = CCCL/PURBACHAL/ENV_01 created 67d681fa50cc8007ad0daee8 succesfully
2025-03-16 13:47:06,696 pop.CCCL_environment_mixins INFO     mongo_db = TemporaryCCCLEnvironment, topic = CCCL/PURBACHAL/ENV_01 created 67d681fa50cc8007ad0daee9 succesfully
2025-03-16 13:47:06,708 pop.CCCL_environment_mixins INFO     mongo_db = TodayCCCLEnvironment, topic = CCCL/PURBACHAL/ENV_01 created 67d681fa50cc8007ad0daeea succesfully
2025-03-16 13:47:14,588 pop.CCCL_generator_mixins INFO     mongo_db = CCCLGenerator, topic = CCCL/PURBACHAL/ENM_01 created 67d6820250cc8007ad0daeeb succesfully
2025-03-16 13:47:14,603 pop.CCCL_generator_mixins INFO     mongo_db = TemporaryCCCLGenerator, topic = CCCL/PURBACHAL/ENM_01 created 67d6820250cc8007ad0daeec succesfully
2025-03-16 13:47:14,619 pop.CCCL_generator_mixins INFO     mongo_db = TodayCCCLGenerator, topic = CCCL/PURBACHAL/ENM_01 created 67d6820250cc8007ad0daeed succesfully
2025-03-16 13:47:25,054 pop.CPM_RT_mixins INFO     mongo_db = RTModelCPM, topic = MQTT_RT_DATA created 67d6820d50cc8007ad0daef1 succesfully
2025-03-16 13:47:25,068 pop.CPM_RT_mixins INFO     mongo_db = TemporaryRTModelCPM, topic = MQTT_RT_DATA created 67d6820d50cc8007ad0daef2 succesfully
2025-03-16 13:47:25,084 pop.CPM_RT_mixins INFO     mongo_db = TodayRTModelCPM, topic = MQTT_RT_DATA created 67d6820d50cc8007ad0daef3 succesfully
2025-03-16 13:47:36,962 pop.CCCL_environment_mixins INFO     mongo_db = CCCLEnvironment, topic = CCCL/PURBACHAL/ENV_01 created 67d6821850cc8007ad0daef4 succesfully
2025-03-16 13:47:36,975 pop.CCCL_environment_mixins INFO     mongo_db = TemporaryCCCLEnvironment, topic = CCCL/PURBACHAL/ENV_01 created 67d6821850cc8007ad0daef5 succesfully
2025-03-16 13:47:36,984 pop.CCCL_environment_mixins INFO     mongo_db = TodayCCCLEnvironment, topic = CCCL/PURBACHAL/ENV_01 created 67d6821850cc8007ad0daef6 succesfully
2025-03-16 13:47:55,463 pop.CPM_RT_mixins INFO     mongo_db = RTModelCPM, topic = MQTT_RT_DATA created 67d6822b50cc8007ad0daefa succesfully
2025-03-16 13:47:55,475 pop.CPM_RT_mixins INFO     mongo_db = TemporaryRTModelCPM, topic = MQTT_RT_DATA created 67d6822b50cc8007ad0daefb succesfully
2025-03-16 13:47:55,485 pop.CPM_RT_mixins INFO     mongo_db = TodayRTModelCPM, topic = MQTT_RT_DATA created 67d6822b50cc8007ad0daefc succesfully
2025-03-16 13:48:07,293 pop.CCCL_environment_mixins INFO     mongo_db = CCCLEnvironment, topic = CCCL/PURBACHAL/ENV_01 created 67d6823750cc8007ad0daefd succesfully
2025-03-16 13:48:07,302 pop.CCCL_environment_mixins INFO     mongo_db = TemporaryCCCLEnvironment, topic = CCCL/PURBACHAL/ENV_01 created 67d6823750cc8007ad0daefe succesfully
2025-03-16 13:48:07,311 pop.CCCL_environment_mixins INFO     mongo_db = TodayCCCLEnvironment, topic = CCCL/PURBACHAL/ENV_01 created 67d6823750cc8007ad0daeff succesfully
2025-03-16 13:48:14,605 pop.CCCL_generator_mixins INFO     mongo_db = CCCLGenerator, topic = CCCL/PURBACHAL/ENM_01 created 67d6823e50cc8007ad0daf00 succesfully
2025-03-16 13:48:14,621 pop.CCCL_generator_mixins INFO     mongo_db = TemporaryCCCLGenerator, topic = CCCL/PURBACHAL/ENM_01 created 67d6823e50cc8007ad0daf01 succesfully
2025-03-16 13:48:14,631 pop.CCCL_generator_mixins INFO     mongo_db = TodayCCCLGenerator, topic = CCCL/PURBACHAL/ENM_01 created 67d6823e50cc8007ad0daf02 succesfully
2025-03-16 13:48:25,171 pop.CPM_RT_mixins INFO     mongo_db = RTModelCPM, topic = MQTT_RT_DATA created 67d6824950cc8007ad0daf06 succesfully
2025-03-16 13:48:25,183 pop.CPM_RT_mixins INFO     mongo_db = TemporaryRTModelCPM, topic = MQTT_RT_DATA created 67d6824950cc8007ad0daf07 succesfully
2025-03-16 13:48:25,194 pop.CPM_RT_mixins INFO     mongo_db = TodayRTModelCPM, topic = MQTT_RT_DATA created 67d6824950cc8007ad0daf08 succesfully
2025-03-16 13:48:37,601 pop.CCCL_environment_mixins INFO     mongo_db = CCCLEnvironment, topic = CCCL/PURBACHAL/ENV_01 created 67d6825550cc8007ad0daf09 succesfully
2025-03-16 13:48:37,619 pop.CCCL_environment_mixins INFO     mongo_db = TemporaryCCCLEnvironment, topic = CCCL/PURBACHAL/ENV_01 created 67d6825550cc8007ad0daf0a succesfully
2025-03-16 13:48:37,628 pop.CCCL_environment_mixins INFO     mongo_db = TodayCCCLEnvironment, topic = CCCL/PURBACHAL/ENV_01 created 67d6825550cc8007ad0daf0b succesfully
2025-03-16 13:48:54,193 pop.CPM_RT_mixins INFO     mongo_db = RTModelCPM, topic = MQTT_RT_DATA created 67d6826650cc8007ad0daf0f succesfully
2025-03-16 13:48:54,205 pop.CPM_RT_mixins INFO     mongo_db = TemporaryRTModelCPM, topic = MQTT_RT_DATA created 67d6826650cc8007ad0daf10 succesfully
2025-03-16 13:48:54,216 pop.CPM_RT_mixins INFO     mongo_db = TodayRTModelCPM, topic = MQTT_RT_DATA created 67d6826650cc8007ad0daf11 succesfully
2025-03-16 13:49:07,901 pop.CCCL_environment_mixins INFO     mongo_db = CCCLEnvironment, topic = CCCL/PURBACHAL/ENV_01 created 67d6827350cc8007ad0daf12 succesfully
2025-03-16 13:49:07,917 pop.CCCL_environment_mixins INFO     mongo_db = TemporaryCCCLEnvironment, topic = CCCL/PURBACHAL/ENV_01 created 67d6827350cc8007ad0daf13 succesfully
2025-03-16 13:49:07,933 pop.CCCL_environment_mixins INFO     mongo_db = TodayCCCLEnvironment, topic = CCCL/PURBACHAL/ENV_01 created 67d6827350cc8007ad0daf14 succesfully
2025-03-16 13:49:14,618 pop.CCCL_generator_mixins INFO     mongo_db = CCCLGenerator, topic = CCCL/PURBACHAL/ENM_01 created 67d6827a50cc8007ad0daf15 succesfully
2025-03-16 13:49:14,668 pop.CCCL_generator_mixins INFO     mongo_db = TemporaryCCCLGenerator, topic = CCCL/PURBACHAL/ENM_01 created 67d6827a50cc8007ad0daf16 succesfully
2025-03-16 13:49:14,690 pop.CCCL_generator_mixins INFO     mongo_db = TodayCCCLGenerator, topic = CCCL/PURBACHAL/ENM_01 created 67d6827a50cc8007ad0daf17 succesfully
2025-03-16 13:49:25,539 pop.CPM_RT_mixins INFO     mongo_db = RTModelCPM, topic = MQTT_RT_DATA created 67d6828550cc8007ad0daf1b succesfully
2025-03-16 13:49:25,554 pop.CPM_RT_mixins INFO     mongo_db = TemporaryRTModelCPM, topic = MQTT_RT_DATA created 67d6828550cc8007ad0daf1c succesfully
2025-03-16 13:49:25,564 pop.CPM_RT_mixins INFO     mongo_db = TodayRTModelCPM, topic = MQTT_RT_DATA created 67d6828550cc8007ad0daf1d succesfully
2025-03-16 13:49:38,210 pop.CCCL_environment_mixins INFO     mongo_db = CCCLEnvironment, topic = CCCL/PURBACHAL/ENV_01 created 67d6829250cc8007ad0daf1e succesfully
2025-03-16 13:49:38,220 pop.CCCL_environment_mixins INFO     mongo_db = TemporaryCCCLEnvironment, topic = CCCL/PURBACHAL/ENV_01 created 67d6829250cc8007ad0daf1f succesfully
2025-03-16 13:49:38,231 pop.CCCL_environment_mixins INFO     mongo_db = TodayCCCLEnvironment, topic = CCCL/PURBACHAL/ENV_01 created 67d6829250cc8007ad0daf20 succesfully
2025-03-16 13:49:55,254 pop.CPM_RT_mixins INFO     mongo_db = RTModelCPM, topic = MQTT_RT_DATA created 67d682a350cc8007ad0daf24 succesfully
2025-03-16 13:49:55,271 pop.CPM_RT_mixins INFO     mongo_db = TemporaryRTModelCPM, topic = MQTT_RT_DATA created 67d682a350cc8007ad0daf25 succesfully
2025-03-16 13:49:55,284 pop.CPM_RT_mixins INFO     mongo_db = TodayRTModelCPM, topic = MQTT_RT_DATA created 67d682a350cc8007ad0daf26 succesfully
2025-03-16 13:50:08,529 pop.CCCL_environment_mixins INFO     mongo_db = CCCLEnvironment, topic = CCCL/PURBACHAL/ENV_01 created 67d682b050cc8007ad0daf27 succesfully
2025-03-16 13:50:08,540 pop.CCCL_environment_mixins INFO     mongo_db = TemporaryCCCLEnvironment, topic = CCCL/PURBACHAL/ENV_01 created 67d682b050cc8007ad0daf28 succesfully
2025-03-16 13:50:08,551 pop.CCCL_environment_mixins INFO     mongo_db = TodayCCCLEnvironment, topic = CCCL/PURBACHAL/ENV_01 created 67d682b050cc8007ad0daf29 succesfully
2025-03-16 13:50:14,601 pop.CCCL_generator_mixins INFO     mongo_db = CCCLGenerator, topic = CCCL/PURBACHAL/ENM_01 created 67d682b650cc8007ad0daf2a succesfully
2025-03-16 13:50:14,618 pop.CCCL_generator_mixins INFO     mongo_db = TemporaryCCCLGenerator, topic = CCCL/PURBACHAL/ENM_01 created 67d682b650cc8007ad0daf2b succesfully
2025-03-16 13:50:14,632 pop.CCCL_generator_mixins INFO     mongo_db = TodayCCCLGenerator, topic = CCCL/PURBACHAL/ENM_01 created 67d682b650cc8007ad0daf2c succesfully
2025-03-16 13:50:25,257 pop.CPM_RT_mixins INFO     mongo_db = RTModelCPM, topic = MQTT_RT_DATA created 67d682c150cc8007ad0daf30 succesfully
2025-03-16 13:50:25,271 pop.CPM_RT_mixins INFO     mongo_db = TemporaryRTModelCPM, topic = MQTT_RT_DATA created 67d682c150cc8007ad0daf31 succesfully
2025-03-16 13:50:25,289 pop.CPM_RT_mixins INFO     mongo_db = TodayRTModelCPM, topic = MQTT_RT_DATA created 67d682c150cc8007ad0daf32 succesfully
2025-03-16 13:50:38,851 pop.CCCL_environment_mixins INFO     mongo_db = CCCLEnvironment, topic = CCCL/PURBACHAL/ENV_01 created 67d682ce50cc8007ad0daf33 succesfully
2025-03-16 13:50:38,873 pop.CCCL_environment_mixins INFO     mongo_db = TemporaryCCCLEnvironment, topic = CCCL/PURBACHAL/ENV_01 created 67d682ce50cc8007ad0daf34 succesfully
2025-03-16 13:50:38,886 pop.CCCL_environment_mixins INFO     mongo_db = TodayCCCLEnvironment, topic = CCCL/PURBACHAL/ENV_01 created 67d682ce50cc8007ad0daf35 succesfully
2025-03-16 13:50:55,872 pop.CPM_RT_mixins INFO     mongo_db = RTModelCPM, topic = MQTT_RT_DATA created 67d682df50cc8007ad0daf39 succesfully
2025-03-16 13:50:55,883 pop.CPM_RT_mixins INFO     mongo_db = TemporaryRTModelCPM, topic = MQTT_RT_DATA created 67d682df50cc8007ad0daf3a succesfully
2025-03-16 13:50:55,893 pop.CPM_RT_mixins INFO     mongo_db = TodayRTModelCPM, topic = MQTT_RT_DATA created 67d682df50cc8007ad0daf3b succesfully
2025-03-16 13:51:09,164 pop.CCCL_environment_mixins INFO     mongo_db = CCCLEnvironment, topic = CCCL/PURBACHAL/ENV_01 created 67d682ed50cc8007ad0daf3c succesfully
2025-03-16 13:51:09,186 pop.CCCL_environment_mixins INFO     mongo_db = TemporaryCCCLEnvironment, topic = CCCL/PURBACHAL/ENV_01 created 67d682ed50cc8007ad0daf3d succesfully
2025-03-16 13:51:09,195 pop.CCCL_environment_mixins INFO     mongo_db = TodayCCCLEnvironment, topic = CCCL/PURBACHAL/ENV_01 created 67d682ed50cc8007ad0daf3e succesfully
2025-03-16 13:51:14,591 pop.CCCL_generator_mixins INFO     mongo_db = CCCLGenerator, topic = CCCL/PURBACHAL/ENM_01 created 67d682f250cc8007ad0daf3f succesfully
2025-03-16 13:51:14,613 pop.CCCL_generator_mixins INFO     mongo_db = TemporaryCCCLGenerator, topic = CCCL/PURBACHAL/ENM_01 created 67d682f250cc8007ad0daf40 succesfully
2025-03-16 13:51:14,631 pop.CCCL_generator_mixins INFO     mongo_db = TodayCCCLGenerator, topic = CCCL/PURBACHAL/ENM_01 created 67d682f250cc8007ad0daf41 succesfully
2025-03-16 13:51:25,263 pop.CPM_RT_mixins INFO     mongo_db = RTModelCPM, topic = MQTT_RT_DATA created 67d682fd50cc8007ad0daf45 succesfully
2025-03-16 13:51:25,274 pop.CPM_RT_mixins INFO     mongo_db = TemporaryRTModelCPM, topic = MQTT_RT_DATA created 67d682fd50cc8007ad0daf46 succesfully
2025-03-16 13:51:25,285 pop.CPM_RT_mixins INFO     mongo_db = TodayRTModelCPM, topic = MQTT_RT_DATA created 67d682fd50cc8007ad0daf47 succesfully
2025-03-16 13:51:39,578 pop.CCCL_environment_mixins INFO     mongo_db = CCCLEnvironment, topic = CCCL/PURBACHAL/ENV_01 created 67d6830b50cc8007ad0daf48 succesfully
2025-03-16 13:51:39,598 pop.CCCL_environment_mixins INFO     mongo_db = TemporaryCCCLEnvironment, topic = CCCL/PURBACHAL/ENV_01 created 67d6830b50cc8007ad0daf49 succesfully
2025-03-16 13:51:39,613 pop.CCCL_environment_mixins INFO     mongo_db = TodayCCCLEnvironment, topic = CCCL/PURBACHAL/ENV_01 created 67d6830b50cc8007ad0daf4a succesfully
2025-03-16 13:51:54,014 pop.CPM_RT_mixins INFO     mongo_db = RTModelCPM, topic = MQTT_RT_DATA created 67d6831a50cc8007ad0daf4e succesfully
2025-03-16 13:51:54,031 pop.CPM_RT_mixins INFO     mongo_db = TemporaryRTModelCPM, topic = MQTT_RT_DATA created 67d6831a50cc8007ad0daf4f succesfully
2025-03-16 13:51:54,049 pop.CPM_RT_mixins INFO     mongo_db = TodayRTModelCPM, topic = MQTT_RT_DATA created 67d6831a50cc8007ad0daf50 succesfully
2025-03-16 13:52:09,867 pop.CCCL_environment_mixins INFO     mongo_db = CCCLEnvironment, topic = CCCL/PURBACHAL/ENV_01 created 67d6832950cc8007ad0daf51 succesfully
2025-03-16 13:52:09,873 pop.CCCL_environment_mixins INFO     mongo_db = TemporaryCCCLEnvironment, topic = CCCL/PURBACHAL/ENV_01 created 67d6832950cc8007ad0daf52 succesfully
2025-03-16 13:52:09,880 pop.CCCL_environment_mixins INFO     mongo_db = TodayCCCLEnvironment, topic = CCCL/PURBACHAL/ENV_01 created 67d6832950cc8007ad0daf53 succesfully
2025-03-16 13:52:14,588 pop.CCCL_generator_mixins INFO     mongo_db = CCCLGenerator, topic = CCCL/PURBACHAL/ENM_01 created 67d6832e50cc8007ad0daf54 succesfully
2025-03-16 13:52:14,598 pop.CCCL_generator_mixins INFO     mongo_db = TemporaryCCCLGenerator, topic = CCCL/PURBACHAL/ENM_01 created 67d6832e50cc8007ad0daf55 succesfully
2025-03-16 13:52:14,609 pop.CCCL_generator_mixins INFO     mongo_db = TodayCCCLGenerator, topic = CCCL/PURBACHAL/ENM_01 created 67d6832e50cc8007ad0daf56 succesfully
2025-03-16 13:52:40,182 pop.CCCL_environment_mixins INFO     mongo_db = CCCLEnvironment, topic = CCCL/PURBACHAL/ENV_01 created 67d6834850cc8007ad0daf5a succesfully
2025-03-16 13:52:40,193 pop.CCCL_environment_mixins INFO     mongo_db = TemporaryCCCLEnvironment, topic = CCCL/PURBACHAL/ENV_01 created 67d6834850cc8007ad0daf5b succesfully
2025-03-16 13:52:40,202 pop.CCCL_environment_mixins INFO     mongo_db = TodayCCCLEnvironment, topic = CCCL/PURBACHAL/ENV_01 created 67d6834850cc8007ad0daf5c succesfully
2025-03-16 13:52:54,008 pop.CPM_RT_mixins INFO     mongo_db = RTModelCPM, topic = MQTT_RT_DATA created 67d6835650cc8007ad0daf60 succesfully
2025-03-16 13:52:54,019 pop.CPM_RT_mixins INFO     mongo_db = TemporaryRTModelCPM, topic = MQTT_RT_DATA created 67d6835650cc8007ad0daf61 succesfully
2025-03-16 13:52:54,030 pop.CPM_RT_mixins INFO     mongo_db = TodayRTModelCPM, topic = MQTT_RT_DATA created 67d6835650cc8007ad0daf62 succesfully
2025-03-16 13:53:10,514 pop.CCCL_environment_mixins INFO     mongo_db = CCCLEnvironment, topic = CCCL/PURBACHAL/ENV_01 created 67d6836650cc8007ad0daf63 succesfully
2025-03-16 13:53:10,545 pop.CCCL_environment_mixins INFO     mongo_db = TemporaryCCCLEnvironment, topic = CCCL/PURBACHAL/ENV_01 created 67d6836650cc8007ad0daf64 succesfully
2025-03-16 13:53:10,559 pop.CCCL_environment_mixins INFO     mongo_db = TodayCCCLEnvironment, topic = CCCL/PURBACHAL/ENV_01 created 67d6836650cc8007ad0daf65 succesfully
2025-03-16 13:53:14,588 pop.CCCL_generator_mixins INFO     mongo_db = CCCLGenerator, topic = CCCL/PURBACHAL/ENM_01 created 67d6836a50cc8007ad0daf66 succesfully
2025-03-16 13:53:14,599 pop.CCCL_generator_mixins INFO     mongo_db = TemporaryCCCLGenerator, topic = CCCL/PURBACHAL/ENM_01 created 67d6836a50cc8007ad0daf67 succesfully
2025-03-16 13:53:14,612 pop.CCCL_generator_mixins INFO     mongo_db = TodayCCCLGenerator, topic = CCCL/PURBACHAL/ENM_01 created 67d6836a50cc8007ad0daf68 succesfully
2025-03-16 13:53:25,294 pop.CPM_RT_mixins INFO     mongo_db = RTModelCPM, topic = MQTT_RT_DATA created 67d6837550cc8007ad0daf6c succesfully
2025-03-16 13:53:25,319 pop.CPM_RT_mixins INFO     mongo_db = TemporaryRTModelCPM, topic = MQTT_RT_DATA created 67d6837550cc8007ad0daf6d succesfully
2025-03-16 13:53:25,343 pop.CPM_RT_mixins INFO     mongo_db = TodayRTModelCPM, topic = MQTT_RT_DATA created 67d6837550cc8007ad0daf6e succesfully
2025-03-16 13:53:40,818 pop.CCCL_environment_mixins INFO     mongo_db = CCCLEnvironment, topic = CCCL/PURBACHAL/ENV_01 created 67d6838450cc8007ad0daf6f succesfully
2025-03-16 13:53:40,836 pop.CCCL_environment_mixins INFO     mongo_db = TemporaryCCCLEnvironment, topic = CCCL/PURBACHAL/ENV_01 created 67d6838450cc8007ad0daf70 succesfully
2025-03-16 13:53:40,847 pop.CCCL_environment_mixins INFO     mongo_db = TodayCCCLEnvironment, topic = CCCL/PURBACHAL/ENV_01 created 67d6838450cc8007ad0daf71 succesfully
2025-03-16 13:53:54,881 pop.CPM_RT_mixins INFO     mongo_db = RTModelCPM, topic = MQTT_RT_DATA created 67d6839250cc8007ad0daf75 succesfully
2025-03-16 13:53:54,898 pop.CPM_RT_mixins INFO     mongo_db = TemporaryRTModelCPM, topic = MQTT_RT_DATA created 67d6839250cc8007ad0daf76 succesfully
2025-03-16 13:53:54,912 pop.CPM_RT_mixins INFO     mongo_db = TodayRTModelCPM, topic = MQTT_RT_DATA created 67d6839250cc8007ad0daf77 succesfully
2025-03-16 13:54:02,691 pop.CPM_ENY_NOW_mongo_mixins INFO     mongo_db = EnyNowDataModelCPM, topic = MQTT_ENY_NOW created 67d6839a50cc8007ad0daf78 succesfully
2025-03-16 13:54:02,698 pop.CPM_ENY_NOW_mongo_mixins INFO     mongo_db = TemporaryEnyNowDataModelCPM, topic = MQTT_ENY_NOW created 67d6839a50cc8007ad0daf79 succesfully
2025-03-16 13:54:02,704 pop.CPM_ENY_NOW_mongo_mixins INFO     mongo_db = TodayEnyNowDataModelCPM, topic = MQTT_ENY_NOW created 67d6839a50cc8007ad0daf7a succesfully
2025-03-16 13:54:02,711 pop.CPM_ENY_NOW_mongo_mixins INFO     mongo_db = Last7DaysEnyNowDataModelCPM, topic = MQTT_ENY_NOW created 67d6839a50cc8007ad0daf7b succesfully
2025-03-16 13:54:11,131 pop.CCCL_environment_mixins INFO     mongo_db = CCCLEnvironment, topic = CCCL/PURBACHAL/ENV_01 created 67d683a350cc8007ad0daf7c succesfully
2025-03-16 13:54:11,153 pop.CCCL_environment_mixins INFO     mongo_db = TemporaryCCCLEnvironment, topic = CCCL/PURBACHAL/ENV_01 created 67d683a350cc8007ad0daf7d succesfully
2025-03-16 13:54:11,165 pop.CCCL_environment_mixins INFO     mongo_db = TodayCCCLEnvironment, topic = CCCL/PURBACHAL/ENV_01 created 67d683a350cc8007ad0daf7e succesfully
2025-03-16 13:54:14,605 pop.CCCL_generator_mixins INFO     mongo_db = CCCLGenerator, topic = CCCL/PURBACHAL/ENM_01 created 67d683a650cc8007ad0daf7f succesfully
2025-03-16 13:54:14,624 pop.CCCL_generator_mixins INFO     mongo_db = TemporaryCCCLGenerator, topic = CCCL/PURBACHAL/ENM_01 created 67d683a650cc8007ad0daf80 succesfully
2025-03-16 13:54:14,634 pop.CCCL_generator_mixins INFO     mongo_db = TodayCCCLGenerator, topic = CCCL/PURBACHAL/ENM_01 created 67d683a650cc8007ad0daf81 succesfully
2025-03-16 13:54:26,937 pop.CPM_RT_mixins INFO     mongo_db = RTModelCPM, topic = MQTT_RT_DATA created 67d683b250cc8007ad0daf85 succesfully
2025-03-16 13:54:26,950 pop.CPM_RT_mixins INFO     mongo_db = TemporaryRTModelCPM, topic = MQTT_RT_DATA created 67d683b250cc8007ad0daf86 succesfully
2025-03-16 13:54:26,960 pop.CPM_RT_mixins INFO     mongo_db = TodayRTModelCPM, topic = MQTT_RT_DATA created 67d683b250cc8007ad0daf87 succesfully
2025-03-16 13:54:41,445 pop.CCCL_environment_mixins INFO     mongo_db = CCCLEnvironment, topic = CCCL/PURBACHAL/ENV_01 created 67d683c150cc8007ad0daf88 succesfully
2025-03-16 13:54:41,466 pop.CCCL_environment_mixins INFO     mongo_db = TemporaryCCCLEnvironment, topic = CCCL/PURBACHAL/ENV_01 created 67d683c150cc8007ad0daf89 succesfully
2025-03-16 13:54:41,477 pop.CCCL_environment_mixins INFO     mongo_db = TodayCCCLEnvironment, topic = CCCL/PURBACHAL/ENV_01 created 67d683c150cc8007ad0daf8a succesfully
2025-03-16 13:54:55,639 pop.CPM_RT_mixins INFO     mongo_db = RTModelCPM, topic = MQTT_RT_DATA created 67d683cf50cc8007ad0daf8e succesfully
2025-03-16 13:54:55,650 pop.CPM_RT_mixins INFO     mongo_db = TemporaryRTModelCPM, topic = MQTT_RT_DATA created 67d683cf50cc8007ad0daf8f succesfully
2025-03-16 13:54:55,662 pop.CPM_RT_mixins INFO     mongo_db = TodayRTModelCPM, topic = MQTT_RT_DATA created 67d683cf50cc8007ad0daf90 succesfully
2025-03-16 13:55:11,759 pop.CCCL_environment_mixins INFO     mongo_db = CCCLEnvironment, topic = CCCL/PURBACHAL/ENV_01 created 67d683df50cc8007ad0daf91 succesfully
2025-03-16 13:55:11,779 pop.CCCL_environment_mixins INFO     mongo_db = TemporaryCCCLEnvironment, topic = CCCL/PURBACHAL/ENV_01 created 67d683df50cc8007ad0daf92 succesfully
2025-03-16 13:55:11,789 pop.CCCL_environment_mixins INFO     mongo_db = TodayCCCLEnvironment, topic = CCCL/PURBACHAL/ENV_01 created 67d683df50cc8007ad0daf93 succesfully
2025-03-16 13:55:14,593 pop.CCCL_generator_mixins INFO     mongo_db = CCCLGenerator, topic = CCCL/PURBACHAL/ENM_01 created 67d683e250cc8007ad0daf94 succesfully
2025-03-16 13:55:14,611 pop.CCCL_generator_mixins INFO     mongo_db = TemporaryCCCLGenerator, topic = CCCL/PURBACHAL/ENM_01 created 67d683e250cc8007ad0daf95 succesfully
2025-03-16 13:55:14,623 pop.CCCL_generator_mixins INFO     mongo_db = TodayCCCLGenerator, topic = CCCL/PURBACHAL/ENM_01 created 67d683e250cc8007ad0daf96 succesfully
2025-03-16 13:55:24,271 pop.CPM_RT_mixins INFO     mongo_db = RTModelCPM, topic = MQTT_RT_DATA created 67d683ec50cc8007ad0daf97 succesfully
2025-03-16 13:55:24,282 pop.CPM_RT_mixins INFO     mongo_db = TemporaryRTModelCPM, topic = MQTT_RT_DATA created 67d683ec50cc8007ad0daf98 succesfully
2025-03-16 13:55:24,293 pop.CPM_RT_mixins INFO     mongo_db = TodayRTModelCPM, topic = MQTT_RT_DATA created 67d683ec50cc8007ad0daf99 succesfully
2025-03-16 13:55:42,052 pop.CCCL_environment_mixins INFO     mongo_db = CCCLEnvironment, topic = CCCL/PURBACHAL/ENV_01 created 67d683fe50cc8007ad0daf9d succesfully
2025-03-16 13:55:42,059 pop.CCCL_environment_mixins INFO     mongo_db = TemporaryCCCLEnvironment, topic = CCCL/PURBACHAL/ENV_01 created 67d683fe50cc8007ad0daf9e succesfully
2025-03-16 13:55:42,067 pop.CCCL_environment_mixins INFO     mongo_db = TodayCCCLEnvironment, topic = CCCL/PURBACHAL/ENV_01 created 67d683fe50cc8007ad0daf9f succesfully
2025-03-16 13:55:54,259 pop.CPM_RT_mixins INFO     mongo_db = RTModelCPM, topic = MQTT_RT_DATA created 67d6840a50cc8007ad0dafa0 succesfully
2025-03-16 13:55:54,271 pop.CPM_RT_mixins INFO     mongo_db = TemporaryRTModelCPM, topic = MQTT_RT_DATA created 67d6840a50cc8007ad0dafa1 succesfully
2025-03-16 13:55:54,282 pop.CPM_RT_mixins INFO     mongo_db = TodayRTModelCPM, topic = MQTT_RT_DATA created 67d6840a50cc8007ad0dafa2 succesfully
2025-03-16 13:56:36,693 pop.CPM_ENY_FRZ_mongo_mixins INFO     mongo_db = EnyFrzDataModelCPM, topic = MQTT_ENY_FRZ created 67d684347fb52019d5081665 succesfully
2025-03-16 13:56:36,769 pop.CPM_DAY_DATA_mongo_mixins INFO     mongo_db = DayDataModelCPM, topic = MQTT_DAY_DATA created 67d684347fb52019d5081666 succesfully
2025-03-16 13:56:36,823 pop.CPM_ENY_NOW_mongo_mixins INFO     mongo_db = EnyNowDataModelCPM, topic = MQTT_ENY_NOW created 67d684347fb52019d5081667 succesfully
2025-03-16 13:56:36,841 pop.CPM_ENY_NOW_mongo_mixins INFO     mongo_db = TemporaryEnyNowDataModelCPM, topic = MQTT_ENY_NOW created 67d684347fb52019d5081668 succesfully
2025-03-16 13:56:36,860 pop.CPM_ENY_NOW_mongo_mixins INFO     mongo_db = TodayEnyNowDataModelCPM, topic = MQTT_ENY_NOW created 67d684347fb52019d5081669 succesfully
2025-03-16 13:56:36,878 pop.CPM_ENY_NOW_mongo_mixins INFO     mongo_db = Last7DaysEnyNowDataModelCPM, topic = MQTT_ENY_NOW created 67d684347fb52019d508166a succesfully
2025-03-16 13:56:36,926 pop.CPM_RT_mixins INFO     mongo_db = RTModelCPM, topic = MQTT_RT_DATA created 67d684347fb52019d508166b succesfully
2025-03-16 13:56:36,959 pop.CPM_RT_mixins INFO     mongo_db = TemporaryRTModelCPM, topic = MQTT_RT_DATA created 67d684347fb52019d508166c succesfully
2025-03-16 13:56:36,988 pop.CPM_RT_mixins INFO     mongo_db = TodayRTModelCPM, topic = MQTT_RT_DATA created 67d684347fb52019d508166d succesfully
2025-03-16 13:56:42,779 pop.CCCL_environment_mixins INFO     mongo_db = CCCLEnvironment, topic = CCCL/PURBACHAL/ENV_01 created 67d6843a7fb52019d508166e succesfully
2025-03-16 13:56:42,788 pop.CCCL_environment_mixins INFO     mongo_db = TemporaryCCCLEnvironment, topic = CCCL/PURBACHAL/ENV_01 created 67d6843a7fb52019d508166f succesfully
2025-03-16 13:56:42,798 pop.CCCL_environment_mixins INFO     mongo_db = TodayCCCLEnvironment, topic = CCCL/PURBACHAL/ENV_01 created 67d6843a7fb52019d5081670 succesfully
2025-03-16 13:56:54,439 pop.CPM_RT_mixins INFO     mongo_db = RTModelCPM, topic = MQTT_RT_DATA created 67d684467fb52019d5081671 succesfully
2025-03-16 13:56:54,450 pop.CPM_RT_mixins INFO     mongo_db = TemporaryRTModelCPM, topic = MQTT_RT_DATA created 67d684467fb52019d5081672 succesfully
2025-03-16 13:56:54,467 pop.CPM_RT_mixins INFO     mongo_db = TodayRTModelCPM, topic = MQTT_RT_DATA created 67d684467fb52019d5081673 succesfully
2025-03-16 13:57:13,101 pop.CCCL_environment_mixins INFO     mongo_db = CCCLEnvironment, topic = CCCL/PURBACHAL/ENV_01 created 67d684597fb52019d5081677 succesfully
2025-03-16 13:57:13,120 pop.CCCL_environment_mixins INFO     mongo_db = TemporaryCCCLEnvironment, topic = CCCL/PURBACHAL/ENV_01 created 67d684597fb52019d5081678 succesfully
2025-03-16 13:57:13,134 pop.CCCL_environment_mixins INFO     mongo_db = TodayCCCLEnvironment, topic = CCCL/PURBACHAL/ENV_01 created 67d684597fb52019d5081679 succesfully
2025-03-16 13:57:14,611 pop.CCCL_generator_mixins INFO     mongo_db = CCCLGenerator, topic = CCCL/PURBACHAL/ENM_01 created 67d6845a7fb52019d508167a succesfully
2025-03-16 13:57:14,625 pop.CCCL_generator_mixins INFO     mongo_db = TemporaryCCCLGenerator, topic = CCCL/PURBACHAL/ENM_01 created 67d6845a7fb52019d508167b succesfully
2025-03-16 13:57:14,644 pop.CCCL_generator_mixins INFO     mongo_db = TodayCCCLGenerator, topic = CCCL/PURBACHAL/ENM_01 created 67d6845a7fb52019d508167c succesfully
2025-03-16 13:57:25,310 pop.CPM_RT_mixins INFO     mongo_db = RTModelCPM, topic = MQTT_RT_DATA created 67d684657fb52019d508167d succesfully
2025-03-16 13:57:25,326 pop.CPM_RT_mixins INFO     mongo_db = TemporaryRTModelCPM, topic = MQTT_RT_DATA created 67d684657fb52019d508167e succesfully
2025-03-16 13:57:25,338 pop.CPM_RT_mixins INFO     mongo_db = TodayRTModelCPM, topic = MQTT_RT_DATA created 67d684657fb52019d508167f succesfully
2025-03-16 13:57:43,408 pop.CCCL_environment_mixins INFO     mongo_db = CCCLEnvironment, topic = CCCL/PURBACHAL/ENV_01 created 67d684777fb52019d5081683 succesfully
2025-03-16 13:57:43,418 pop.CCCL_environment_mixins INFO     mongo_db = TemporaryCCCLEnvironment, topic = CCCL/PURBACHAL/ENV_01 created 67d684777fb52019d5081684 succesfully
2025-03-16 13:57:43,429 pop.CCCL_environment_mixins INFO     mongo_db = TodayCCCLEnvironment, topic = CCCL/PURBACHAL/ENV_01 created 67d684777fb52019d5081685 succesfully
2025-03-16 13:57:55,151 pop.CPM_RT_mixins INFO     mongo_db = RTModelCPM, topic = MQTT_RT_DATA created 67d684837fb52019d5081686 succesfully
2025-03-16 13:57:55,166 pop.CPM_RT_mixins INFO     mongo_db = TemporaryRTModelCPM, topic = MQTT_RT_DATA created 67d684837fb52019d5081687 succesfully
2025-03-16 13:57:55,179 pop.CPM_RT_mixins INFO     mongo_db = TodayRTModelCPM, topic = MQTT_RT_DATA created 67d684837fb52019d5081688 succesfully
2025-03-16 13:58:13,837 pop.CCCL_environment_mixins INFO     mongo_db = CCCLEnvironment, topic = CCCL/PURBACHAL/ENV_01 created 67d684957fb52019d508168c succesfully
2025-03-16 13:58:13,861 pop.CCCL_environment_mixins INFO     mongo_db = TemporaryCCCLEnvironment, topic = CCCL/PURBACHAL/ENV_01 created 67d684957fb52019d508168d succesfully
2025-03-16 13:58:13,880 pop.CCCL_environment_mixins INFO     mongo_db = TodayCCCLEnvironment, topic = CCCL/PURBACHAL/ENV_01 created 67d684957fb52019d508168e succesfully
2025-03-16 13:58:14,595 pop.CCCL_generator_mixins INFO     mongo_db = CCCLGenerator, topic = CCCL/PURBACHAL/ENM_01 created 67d684967fb52019d508168f succesfully
2025-03-16 13:58:14,610 pop.CCCL_generator_mixins INFO     mongo_db = TemporaryCCCLGenerator, topic = CCCL/PURBACHAL/ENM_01 created 67d684967fb52019d5081690 succesfully
2025-03-16 13:58:14,628 pop.CCCL_generator_mixins INFO     mongo_db = TodayCCCLGenerator, topic = CCCL/PURBACHAL/ENM_01 created 67d684967fb52019d5081691 succesfully
2025-03-16 13:58:25,547 pop.CPM_RT_mixins INFO     mongo_db = RTModelCPM, topic = MQTT_RT_DATA created 67d684a17fb52019d5081692 succesfully
2025-03-16 13:58:25,564 pop.CPM_RT_mixins INFO     mongo_db = TemporaryRTModelCPM, topic = MQTT_RT_DATA created 67d684a17fb52019d5081693 succesfully
2025-03-16 13:58:25,579 pop.CPM_RT_mixins INFO     mongo_db = TodayRTModelCPM, topic = MQTT_RT_DATA created 67d684a17fb52019d5081694 succesfully
2025-03-16 13:58:44,452 pop.CCCL_environment_mixins INFO     mongo_db = CCCLEnvironment, topic = CCCL/PURBACHAL/ENV_01 created 67d684b47fb52019d5081698 succesfully
2025-03-16 13:58:44,482 pop.CCCL_environment_mixins INFO     mongo_db = TemporaryCCCLEnvironment, topic = CCCL/PURBACHAL/ENV_01 created 67d684b47fb52019d5081699 succesfully
2025-03-16 13:58:44,494 pop.CCCL_environment_mixins INFO     mongo_db = TodayCCCLEnvironment, topic = CCCL/PURBACHAL/ENV_01 created 67d684b47fb52019d508169a succesfully
2025-03-16 13:58:54,599 pop.CPM_RT_mixins INFO     mongo_db = RTModelCPM, topic = MQTT_RT_DATA created 67d684be7fb52019d508169b succesfully
2025-03-16 13:58:54,612 pop.CPM_RT_mixins INFO     mongo_db = TemporaryRTModelCPM, topic = MQTT_RT_DATA created 67d684be7fb52019d508169c succesfully
2025-03-16 13:58:54,626 pop.CPM_RT_mixins INFO     mongo_db = TodayRTModelCPM, topic = MQTT_RT_DATA created 67d684be7fb52019d508169d succesfully
2025-03-16 13:59:14,608 pop.CCCL_generator_mixins INFO     mongo_db = CCCLGenerator, topic = CCCL/PURBACHAL/ENM_01 created 67d684d27fb52019d50816a1 succesfully
2025-03-16 13:59:14,622 pop.CCCL_generator_mixins INFO     mongo_db = TemporaryCCCLGenerator, topic = CCCL/PURBACHAL/ENM_01 created 67d684d27fb52019d50816a2 succesfully
2025-03-16 13:59:14,639 pop.CCCL_generator_mixins INFO     mongo_db = TodayCCCLGenerator, topic = CCCL/PURBACHAL/ENM_01 created 67d684d27fb52019d50816a3 succesfully
2025-03-16 13:59:14,762 pop.CCCL_environment_mixins INFO     mongo_db = CCCLEnvironment, topic = CCCL/PURBACHAL/ENV_01 created 67d684d27fb52019d50816a4 succesfully
2025-03-16 13:59:14,776 pop.CCCL_environment_mixins INFO     mongo_db = TemporaryCCCLEnvironment, topic = CCCL/PURBACHAL/ENV_01 created 67d684d27fb52019d50816a5 succesfully
2025-03-16 13:59:14,784 pop.CCCL_environment_mixins INFO     mongo_db = TodayCCCLEnvironment, topic = CCCL/PURBACHAL/ENV_01 created 67d684d27fb52019d50816a6 succesfully
2025-03-16 13:59:25,389 pop.CPM_RT_mixins INFO     mongo_db = RTModelCPM, topic = MQTT_RT_DATA created 67d684dd7fb52019d50816a7 succesfully
2025-03-16 13:59:25,400 pop.CPM_RT_mixins INFO     mongo_db = TemporaryRTModelCPM, topic = MQTT_RT_DATA created 67d684dd7fb52019d50816a8 succesfully
2025-03-16 13:59:25,413 pop.CPM_RT_mixins INFO     mongo_db = TodayRTModelCPM, topic = MQTT_RT_DATA created 67d684dd7fb52019d50816a9 succesfully
2025-03-16 13:59:45,170 pop.CCCL_environment_mixins INFO     mongo_db = CCCLEnvironment, topic = CCCL/PURBACHAL/ENV_01 created 67d684f17fb52019d50816ad succesfully
2025-03-16 13:59:45,190 pop.CCCL_environment_mixins INFO     mongo_db = TemporaryCCCLEnvironment, topic = CCCL/PURBACHAL/ENV_01 created 67d684f17fb52019d50816ae succesfully
2025-03-16 13:59:45,209 pop.CCCL_environment_mixins INFO     mongo_db = TodayCCCLEnvironment, topic = CCCL/PURBACHAL/ENV_01 created 67d684f17fb52019d50816af succesfully
2025-03-16 13:59:55,795 pop.CPM_RT_mixins INFO     mongo_db = RTModelCPM, topic = MQTT_RT_DATA created 67d684fb7fb52019d50816b0 succesfully
2025-03-16 13:59:55,809 pop.CPM_RT_mixins INFO     mongo_db = TemporaryRTModelCPM, topic = MQTT_RT_DATA created 67d684fb7fb52019d50816b1 succesfully
2025-03-16 13:59:55,822 pop.CPM_RT_mixins INFO     mongo_db = TodayRTModelCPM, topic = MQTT_RT_DATA created 67d684fb7fb52019d50816b2 succesfully
2025-03-16 14:00:14,592 pop.CCCL_generator_mixins INFO     mongo_db = CCCLGenerator, topic = CCCL/PURBACHAL/ENM_01 created 67d6850e7fb52019d50816b6 succesfully
2025-03-16 14:00:14,605 pop.CCCL_generator_mixins INFO     mongo_db = TemporaryCCCLGenerator, topic = CCCL/PURBACHAL/ENM_01 created 67d6850e7fb52019d50816b7 succesfully
2025-03-16 14:00:14,615 pop.CCCL_generator_mixins INFO     mongo_db = TodayCCCLGenerator, topic = CCCL/PURBACHAL/ENM_01 created 67d6850e7fb52019d50816b8 succesfully
2025-03-16 14:00:15,499 pop.CCCL_environment_mixins INFO     mongo_db = CCCLEnvironment, topic = CCCL/PURBACHAL/ENV_01 created 67d6850f7fb52019d50816b9 succesfully
2025-03-16 14:00:15,516 pop.CCCL_environment_mixins INFO     mongo_db = TemporaryCCCLEnvironment, topic = CCCL/PURBACHAL/ENV_01 created 67d6850f7fb52019d50816ba succesfully
2025-03-16 14:00:15,539 pop.CCCL_environment_mixins INFO     mongo_db = TodayCCCLEnvironment, topic = CCCL/PURBACHAL/ENV_01 created 67d6850f7fb52019d50816bb succesfully
2025-03-16 14:00:24,367 pop.CPM_RT_mixins INFO     mongo_db = RTModelCPM, topic = MQTT_RT_DATA created 67d685187fb52019d50816bc succesfully
2025-03-16 14:00:24,381 pop.CPM_RT_mixins INFO     mongo_db = TemporaryRTModelCPM, topic = MQTT_RT_DATA created 67d685187fb52019d50816bd succesfully
2025-03-16 14:00:24,395 pop.CPM_RT_mixins INFO     mongo_db = TodayRTModelCPM, topic = MQTT_RT_DATA created 67d685187fb52019d50816be succesfully
2025-03-16 14:00:45,810 pop.CCCL_environment_mixins INFO     mongo_db = CCCLEnvironment, topic = CCCL/PURBACHAL/ENV_01 created 67d6852d7fb52019d50816c2 succesfully
2025-03-16 14:00:45,821 pop.CCCL_environment_mixins INFO     mongo_db = TemporaryCCCLEnvironment, topic = CCCL/PURBACHAL/ENV_01 created 67d6852d7fb52019d50816c3 succesfully
2025-03-16 14:00:45,831 pop.CCCL_environment_mixins INFO     mongo_db = TodayCCCLEnvironment, topic = CCCL/PURBACHAL/ENV_01 created 67d6852d7fb52019d50816c4 succesfully
2025-03-16 14:00:55,477 pop.CPM_RT_mixins INFO     mongo_db = RTModelCPM, topic = MQTT_RT_DATA created 67d685377fb52019d50816c5 succesfully
2025-03-16 14:00:55,489 pop.CPM_RT_mixins INFO     mongo_db = TemporaryRTModelCPM, topic = MQTT_RT_DATA created 67d685377fb52019d50816c6 succesfully
2025-03-16 14:00:55,498 pop.CPM_RT_mixins INFO     mongo_db = TodayRTModelCPM, topic = MQTT_RT_DATA created 67d685377fb52019d50816c7 succesfully
2025-03-16 14:01:14,584 pop.CCCL_generator_mixins INFO     mongo_db = CCCLGenerator, topic = CCCL/PURBACHAL/ENM_01 created 67d6854a7fb52019d50816cb succesfully
2025-03-16 14:01:14,604 pop.CCCL_generator_mixins INFO     mongo_db = TemporaryCCCLGenerator, topic = CCCL/PURBACHAL/ENM_01 created 67d6854a7fb52019d50816cc succesfully
2025-03-16 14:01:14,617 pop.CCCL_generator_mixins INFO     mongo_db = TodayCCCLGenerator, topic = CCCL/PURBACHAL/ENM_01 created 67d6854a7fb52019d50816cd succesfully
2025-03-16 14:01:16,105 pop.CCCL_environment_mixins INFO     mongo_db = CCCLEnvironment, topic = CCCL/PURBACHAL/ENV_01 created 67d6854c7fb52019d50816ce succesfully
2025-03-16 14:01:16,120 pop.CCCL_environment_mixins INFO     mongo_db = TemporaryCCCLEnvironment, topic = CCCL/PURBACHAL/ENV_01 created 67d6854c7fb52019d50816cf succesfully
2025-03-16 14:01:16,130 pop.CCCL_environment_mixins INFO     mongo_db = TodayCCCLEnvironment, topic = CCCL/PURBACHAL/ENV_01 created 67d6854c7fb52019d50816d0 succesfully
2025-03-16 14:01:24,548 pop.CPM_RT_mixins INFO     mongo_db = RTModelCPM, topic = MQTT_RT_DATA created 67d685547fb52019d50816d1 succesfully
2025-03-16 14:01:24,559 pop.CPM_RT_mixins INFO     mongo_db = TemporaryRTModelCPM, topic = MQTT_RT_DATA created 67d685547fb52019d50816d2 succesfully
2025-03-16 14:01:24,568 pop.CPM_RT_mixins INFO     mongo_db = TodayRTModelCPM, topic = MQTT_RT_DATA created 67d685547fb52019d50816d3 succesfully
2025-03-16 14:01:46,526 pop.CCCL_environment_mixins INFO     mongo_db = CCCLEnvironment, topic = CCCL/PURBACHAL/ENV_01 created 67d6856a7fb52019d50816d7 succesfully
2025-03-16 14:01:46,550 pop.CCCL_environment_mixins INFO     mongo_db = TemporaryCCCLEnvironment, topic = CCCL/PURBACHAL/ENV_01 created 67d6856a7fb52019d50816d8 succesfully
2025-03-16 14:01:46,560 pop.CCCL_environment_mixins INFO     mongo_db = TodayCCCLEnvironment, topic = CCCL/PURBACHAL/ENV_01 created 67d6856a7fb52019d50816d9 succesfully
2025-03-16 14:01:54,196 pop.CPM_RT_mixins INFO     mongo_db = RTModelCPM, topic = MQTT_RT_DATA created 67d685727fb52019d50816da succesfully
2025-03-16 14:01:54,209 pop.CPM_RT_mixins INFO     mongo_db = TemporaryRTModelCPM, topic = MQTT_RT_DATA created 67d685727fb52019d50816db succesfully
2025-03-16 14:01:54,222 pop.CPM_RT_mixins INFO     mongo_db = TodayRTModelCPM, topic = MQTT_RT_DATA created 67d685727fb52019d50816dc succesfully
2025-03-16 14:02:14,591 pop.CCCL_generator_mixins INFO     mongo_db = CCCLGenerator, topic = CCCL/PURBACHAL/ENM_01 created 67d685867fb52019d50816e0 succesfully
2025-03-16 14:02:14,609 pop.CCCL_generator_mixins INFO     mongo_db = TemporaryCCCLGenerator, topic = CCCL/PURBACHAL/ENM_01 created 67d685867fb52019d50816e1 succesfully
2025-03-16 14:02:14,620 pop.CCCL_generator_mixins INFO     mongo_db = TodayCCCLGenerator, topic = CCCL/PURBACHAL/ENM_01 created 67d685867fb52019d50816e2 succesfully
2025-03-16 14:02:16,835 pop.CCCL_environment_mixins INFO     mongo_db = CCCLEnvironment, topic = CCCL/PURBACHAL/ENV_01 created 67d685887fb52019d50816e3 succesfully
2025-03-16 14:02:16,858 pop.CCCL_environment_mixins INFO     mongo_db = TemporaryCCCLEnvironment, topic = CCCL/PURBACHAL/ENV_01 created 67d685887fb52019d50816e4 succesfully
2025-03-16 14:02:16,868 pop.CCCL_environment_mixins INFO     mongo_db = TodayCCCLEnvironment, topic = CCCL/PURBACHAL/ENV_01 created 67d685887fb52019d50816e5 succesfully
2025-03-16 14:02:24,379 pop.CPM_RT_mixins INFO     mongo_db = RTModelCPM, topic = MQTT_RT_DATA created 67d685907fb52019d50816e6 succesfully
2025-03-16 14:02:24,397 pop.CPM_RT_mixins INFO     mongo_db = TemporaryRTModelCPM, topic = MQTT_RT_DATA created 67d685907fb52019d50816e7 succesfully
2025-03-16 14:02:24,413 pop.CPM_RT_mixins INFO     mongo_db = TodayRTModelCPM, topic = MQTT_RT_DATA created 67d685907fb52019d50816e8 succesfully
2025-03-16 14:02:47,131 pop.CCCL_environment_mixins INFO     mongo_db = CCCLEnvironment, topic = CCCL/PURBACHAL/ENV_01 created 67d685a77fb52019d50816ec succesfully
2025-03-16 14:02:47,139 pop.CCCL_environment_mixins INFO     mongo_db = TemporaryCCCLEnvironment, topic = CCCL/PURBACHAL/ENV_01 created 67d685a77fb52019d50816ed succesfully
2025-03-16 14:02:47,151 pop.CCCL_environment_mixins INFO     mongo_db = TodayCCCLEnvironment, topic = CCCL/PURBACHAL/ENV_01 created 67d685a77fb52019d50816ee succesfully
2025-03-16 14:02:54,772 pop.CPM_RT_mixins INFO     mongo_db = RTModelCPM, topic = MQTT_RT_DATA created 67d685ae7fb52019d50816ef succesfully
2025-03-16 14:02:54,789 pop.CPM_RT_mixins INFO     mongo_db = TemporaryRTModelCPM, topic = MQTT_RT_DATA created 67d685ae7fb52019d50816f0 succesfully
2025-03-16 14:02:54,809 pop.CPM_RT_mixins INFO     mongo_db = TodayRTModelCPM, topic = MQTT_RT_DATA created 67d685ae7fb52019d50816f1 succesfully
2025-03-16 14:03:14,600 pop.CCCL_generator_mixins INFO     mongo_db = CCCLGenerator, topic = CCCL/PURBACHAL/ENM_01 created 67d685c27fb52019d50816f5 succesfully
2025-03-16 14:03:14,619 pop.CCCL_generator_mixins INFO     mongo_db = TemporaryCCCLGenerator, topic = CCCL/PURBACHAL/ENM_01 created 67d685c27fb52019d50816f6 succesfully
2025-03-16 14:03:14,632 pop.CCCL_generator_mixins INFO     mongo_db = TodayCCCLGenerator, topic = CCCL/PURBACHAL/ENM_01 created 67d685c27fb52019d50816f7 succesfully
2025-03-16 14:03:17,463 pop.CCCL_environment_mixins INFO     mongo_db = CCCLEnvironment, topic = CCCL/PURBACHAL/ENV_01 created 67d685c57fb52019d50816f8 succesfully
2025-03-16 14:03:17,481 pop.CCCL_environment_mixins INFO     mongo_db = TemporaryCCCLEnvironment, topic = CCCL/PURBACHAL/ENV_01 created 67d685c57fb52019d50816f9 succesfully
2025-03-16 14:03:17,497 pop.CCCL_environment_mixins INFO     mongo_db = TodayCCCLEnvironment, topic = CCCL/PURBACHAL/ENV_01 created 67d685c57fb52019d50816fa succesfully
2025-03-16 14:03:24,103 pop.CPM_RT_mixins INFO     mongo_db = RTModelCPM, topic = MQTT_RT_DATA created 67d685cc7fb52019d50816fb succesfully
2025-03-16 14:03:24,116 pop.CPM_RT_mixins INFO     mongo_db = TemporaryRTModelCPM, topic = MQTT_RT_DATA created 67d685cc7fb52019d50816fc succesfully
2025-03-16 14:03:24,129 pop.CPM_RT_mixins INFO     mongo_db = TodayRTModelCPM, topic = MQTT_RT_DATA created 67d685cc7fb52019d50816fd succesfully
2025-03-16 14:03:47,758 pop.CCCL_environment_mixins INFO     mongo_db = CCCLEnvironment, topic = CCCL/PURBACHAL/ENV_01 created 67d685e37fb52019d5081701 succesfully
2025-03-16 14:03:47,771 pop.CCCL_environment_mixins INFO     mongo_db = TemporaryCCCLEnvironment, topic = CCCL/PURBACHAL/ENV_01 created 67d685e37fb52019d5081702 succesfully
2025-03-16 14:03:47,786 pop.CCCL_environment_mixins INFO     mongo_db = TodayCCCLEnvironment, topic = CCCL/PURBACHAL/ENV_01 created 67d685e37fb52019d5081703 succesfully
2025-03-16 14:03:55,043 pop.CPM_RT_mixins INFO     mongo_db = RTModelCPM, topic = MQTT_RT_DATA created 67d685eb7fb52019d5081704 succesfully
2025-03-16 14:03:55,055 pop.CPM_RT_mixins INFO     mongo_db = TemporaryRTModelCPM, topic = MQTT_RT_DATA created 67d685eb7fb52019d5081705 succesfully
2025-03-16 14:03:55,066 pop.CPM_RT_mixins INFO     mongo_db = TodayRTModelCPM, topic = MQTT_RT_DATA created 67d685eb7fb52019d5081706 succesfully
2025-03-16 14:04:14,597 pop.CCCL_generator_mixins INFO     mongo_db = CCCLGenerator, topic = CCCL/PURBACHAL/ENM_01 created 67d685fe7fb52019d508170a succesfully
2025-03-16 14:04:14,614 pop.CCCL_generator_mixins INFO     mongo_db = TemporaryCCCLGenerator, topic = CCCL/PURBACHAL/ENM_01 created 67d685fe7fb52019d508170b succesfully
2025-03-16 14:04:14,630 pop.CCCL_generator_mixins INFO     mongo_db = TodayCCCLGenerator, topic = CCCL/PURBACHAL/ENM_01 created 67d685fe7fb52019d508170c succesfully
2025-03-16 14:04:18,167 pop.CCCL_environment_mixins INFO     mongo_db = CCCLEnvironment, topic = CCCL/PURBACHAL/ENV_01 created 67d686027fb52019d508170d succesfully
2025-03-16 14:04:18,178 pop.CCCL_environment_mixins INFO     mongo_db = TemporaryCCCLEnvironment, topic = CCCL/PURBACHAL/ENV_01 created 67d686027fb52019d508170e succesfully
2025-03-16 14:04:18,189 pop.CCCL_environment_mixins INFO     mongo_db = TodayCCCLEnvironment, topic = CCCL/PURBACHAL/ENV_01 created 67d686027fb52019d508170f succesfully
2025-03-16 14:04:48,591 pop.CCCL_environment_mixins INFO     mongo_db = CCCLEnvironment, topic = CCCL/PURBACHAL/ENV_01 created 67d686207fb52019d5081713 succesfully
2025-03-16 14:04:48,655 pop.CCCL_environment_mixins INFO     mongo_db = TemporaryCCCLEnvironment, topic = CCCL/PURBACHAL/ENV_01 created 67d686207fb52019d5081714 succesfully
2025-03-16 14:04:48,667 pop.CCCL_environment_mixins INFO     mongo_db = TodayCCCLEnvironment, topic = CCCL/PURBACHAL/ENV_01 created 67d686207fb52019d5081715 succesfully
2025-03-16 14:04:55,186 pop.CPM_RT_mixins INFO     mongo_db = RTModelCPM, topic = MQTT_RT_DATA created 67d686277fb52019d5081716 succesfully
2025-03-16 14:04:55,203 pop.CPM_RT_mixins INFO     mongo_db = TemporaryRTModelCPM, topic = MQTT_RT_DATA created 67d686277fb52019d5081717 succesfully
2025-03-16 14:04:55,214 pop.CPM_RT_mixins INFO     mongo_db = TodayRTModelCPM, topic = MQTT_RT_DATA created 67d686277fb52019d5081718 succesfully
2025-03-16 14:05:14,595 pop.CCCL_generator_mixins INFO     mongo_db = CCCLGenerator, topic = CCCL/PURBACHAL/ENM_01 created 67d6863a7fb52019d508171c succesfully
2025-03-16 14:05:14,610 pop.CCCL_generator_mixins INFO     mongo_db = TemporaryCCCLGenerator, topic = CCCL/PURBACHAL/ENM_01 created 67d6863a7fb52019d508171d succesfully
2025-03-16 14:05:14,620 pop.CCCL_generator_mixins INFO     mongo_db = TodayCCCLGenerator, topic = CCCL/PURBACHAL/ENM_01 created 67d6863a7fb52019d508171e succesfully
2025-03-16 14:05:18,901 pop.CCCL_environment_mixins INFO     mongo_db = CCCLEnvironment, topic = CCCL/PURBACHAL/ENV_01 created 67d6863e7fb52019d508171f succesfully
2025-03-16 14:05:18,916 pop.CCCL_environment_mixins INFO     mongo_db = TemporaryCCCLEnvironment, topic = CCCL/PURBACHAL/ENV_01 created 67d6863e7fb52019d5081720 succesfully
2025-03-16 14:05:18,927 pop.CCCL_environment_mixins INFO     mongo_db = TodayCCCLEnvironment, topic = CCCL/PURBACHAL/ENV_01 created 67d6863e7fb52019d5081721 succesfully
2025-03-16 14:05:49,315 pop.CCCL_environment_mixins INFO     mongo_db = CCCLEnvironment, topic = CCCL/PURBACHAL/ENV_01 created 67d6865d7fb52019d5081725 succesfully
2025-03-16 14:05:49,336 pop.CCCL_environment_mixins INFO     mongo_db = TemporaryCCCLEnvironment, topic = CCCL/PURBACHAL/ENV_01 created 67d6865d7fb52019d5081726 succesfully
2025-03-16 14:05:49,347 pop.CCCL_environment_mixins INFO     mongo_db = TodayCCCLEnvironment, topic = CCCL/PURBACHAL/ENV_01 created 67d6865d7fb52019d5081727 succesfully
2025-03-16 14:05:54,304 pop.CPM_RT_mixins INFO     mongo_db = RTModelCPM, topic = MQTT_RT_DATA created 67d686627fb52019d5081728 succesfully
2025-03-16 14:05:54,316 pop.CPM_RT_mixins INFO     mongo_db = TemporaryRTModelCPM, topic = MQTT_RT_DATA created 67d686627fb52019d5081729 succesfully
2025-03-16 14:05:54,329 pop.CPM_RT_mixins INFO     mongo_db = TodayRTModelCPM, topic = MQTT_RT_DATA created 67d686627fb52019d508172a succesfully
2025-03-16 14:06:14,570 pop.CCCL_generator_mixins INFO     mongo_db = CCCLGenerator, topic = CCCL/PURBACHAL/ENM_01 created 67d686767fb52019d508172e succesfully
2025-03-16 14:06:14,583 pop.CCCL_generator_mixins INFO     mongo_db = TemporaryCCCLGenerator, topic = CCCL/PURBACHAL/ENM_01 created 67d686767fb52019d508172f succesfully
2025-03-16 14:06:14,594 pop.CCCL_generator_mixins INFO     mongo_db = TodayCCCLGenerator, topic = CCCL/PURBACHAL/ENM_01 created 67d686767fb52019d5081730 succesfully
2025-03-16 14:06:19,629 pop.CCCL_environment_mixins INFO     mongo_db = CCCLEnvironment, topic = CCCL/PURBACHAL/ENV_01 created 67d6867b7fb52019d5081731 succesfully
2025-03-16 14:06:19,646 pop.CCCL_environment_mixins INFO     mongo_db = TemporaryCCCLEnvironment, topic = CCCL/PURBACHAL/ENV_01 created 67d6867b7fb52019d5081732 succesfully
2025-03-16 14:06:19,656 pop.CCCL_environment_mixins INFO     mongo_db = TodayCCCLEnvironment, topic = CCCL/PURBACHAL/ENV_01 created 67d6867b7fb52019d5081733 succesfully
2025-03-16 14:06:24,487 pop.CPM_RT_mixins INFO     mongo_db = RTModelCPM, topic = MQTT_RT_DATA created 67d686807fb52019d5081734 succesfully
2025-03-16 14:06:24,498 pop.CPM_RT_mixins INFO     mongo_db = TemporaryRTModelCPM, topic = MQTT_RT_DATA created 67d686807fb52019d5081735 succesfully
2025-03-16 14:06:24,510 pop.CPM_RT_mixins INFO     mongo_db = TodayRTModelCPM, topic = MQTT_RT_DATA created 67d686807fb52019d5081736 succesfully
2025-03-16 14:06:49,936 pop.CCCL_environment_mixins INFO     mongo_db = CCCLEnvironment, topic = CCCL/PURBACHAL/ENV_01 created 67d686997fb52019d508173a succesfully
2025-03-16 14:06:49,950 pop.CCCL_environment_mixins INFO     mongo_db = TemporaryCCCLEnvironment, topic = CCCL/PURBACHAL/ENV_01 created 67d686997fb52019d508173b succesfully
2025-03-16 14:06:49,960 pop.CCCL_environment_mixins INFO     mongo_db = TodayCCCLEnvironment, topic = CCCL/PURBACHAL/ENV_01 created 67d686997fb52019d508173c succesfully
2025-03-16 14:06:54,733 pop.CPM_RT_mixins INFO     mongo_db = RTModelCPM, topic = MQTT_RT_DATA created 67d6869e7fb52019d508173d succesfully
2025-03-16 14:06:54,747 pop.CPM_RT_mixins INFO     mongo_db = TemporaryRTModelCPM, topic = MQTT_RT_DATA created 67d6869e7fb52019d508173e succesfully
2025-03-16 14:06:54,766 pop.CPM_RT_mixins INFO     mongo_db = TodayRTModelCPM, topic = MQTT_RT_DATA created 67d6869e7fb52019d508173f succesfully
2025-03-16 14:07:14,584 pop.CCCL_generator_mixins INFO     mongo_db = CCCLGenerator, topic = CCCL/PURBACHAL/ENM_01 created 67d686b27fb52019d5081743 succesfully
2025-03-16 14:07:14,602 pop.CCCL_generator_mixins INFO     mongo_db = TemporaryCCCLGenerator, topic = CCCL/PURBACHAL/ENM_01 created 67d686b27fb52019d5081744 succesfully
2025-03-16 14:07:14,632 pop.CCCL_generator_mixins INFO     mongo_db = TodayCCCLGenerator, topic = CCCL/PURBACHAL/ENM_01 created 67d686b27fb52019d5081745 succesfully
2025-03-16 14:07:20,254 pop.CCCL_environment_mixins INFO     mongo_db = CCCLEnvironment, topic = CCCL/PURBACHAL/ENV_01 created 67d686b87fb52019d5081746 succesfully
2025-03-16 14:07:20,267 pop.CCCL_environment_mixins INFO     mongo_db = TemporaryCCCLEnvironment, topic = CCCL/PURBACHAL/ENV_01 created 67d686b87fb52019d5081747 succesfully
2025-03-16 14:07:20,280 pop.CCCL_environment_mixins INFO     mongo_db = TodayCCCLEnvironment, topic = CCCL/PURBACHAL/ENV_01 created 67d686b87fb52019d5081748 succesfully
2025-03-16 14:07:25,103 pop.CPM_RT_mixins INFO     mongo_db = RTModelCPM, topic = MQTT_RT_DATA created 67d686bd7fb52019d5081749 succesfully
2025-03-16 14:07:25,117 pop.CPM_RT_mixins INFO     mongo_db = TemporaryRTModelCPM, topic = MQTT_RT_DATA created 67d686bd7fb52019d508174a succesfully
2025-03-16 14:07:25,130 pop.CPM_RT_mixins INFO     mongo_db = TodayRTModelCPM, topic = MQTT_RT_DATA created 67d686bd7fb52019d508174b succesfully
2025-03-16 14:07:50,668 pop.CCCL_environment_mixins INFO     mongo_db = CCCLEnvironment, topic = CCCL/PURBACHAL/ENV_01 created 67d686d67fb52019d508174f succesfully
2025-03-16 14:07:50,681 pop.CCCL_environment_mixins INFO     mongo_db = TemporaryCCCLEnvironment, topic = CCCL/PURBACHAL/ENV_01 created 67d686d67fb52019d5081750 succesfully
2025-03-16 14:07:50,693 pop.CCCL_environment_mixins INFO     mongo_db = TodayCCCLEnvironment, topic = CCCL/PURBACHAL/ENV_01 created 67d686d67fb52019d5081751 succesfully
2025-03-16 14:07:54,879 pop.CPM_RT_mixins INFO     mongo_db = RTModelCPM, topic = MQTT_RT_DATA created 67d686da7fb52019d5081752 succesfully
2025-03-16 14:07:54,898 pop.CPM_RT_mixins INFO     mongo_db = TemporaryRTModelCPM, topic = MQTT_RT_DATA created 67d686da7fb52019d5081753 succesfully
2025-03-16 14:07:54,919 pop.CPM_RT_mixins INFO     mongo_db = TodayRTModelCPM, topic = MQTT_RT_DATA created 67d686da7fb52019d5081754 succesfully
2025-03-16 14:08:14,589 pop.CCCL_generator_mixins INFO     mongo_db = CCCLGenerator, topic = CCCL/PURBACHAL/ENM_01 created 67d686ee7fb52019d5081758 succesfully
2025-03-16 14:08:14,604 pop.CCCL_generator_mixins INFO     mongo_db = TemporaryCCCLGenerator, topic = CCCL/PURBACHAL/ENM_01 created 67d686ee7fb52019d5081759 succesfully
2025-03-16 14:08:14,618 pop.CCCL_generator_mixins INFO     mongo_db = TodayCCCLGenerator, topic = CCCL/PURBACHAL/ENM_01 created 67d686ee7fb52019d508175a succesfully
2025-03-16 14:08:20,957 pop.CCCL_environment_mixins INFO     mongo_db = CCCLEnvironment, topic = CCCL/PURBACHAL/ENV_01 created 67d686f47fb52019d508175b succesfully
2025-03-16 14:08:20,969 pop.CCCL_environment_mixins INFO     mongo_db = TemporaryCCCLEnvironment, topic = CCCL/PURBACHAL/ENV_01 created 67d686f47fb52019d508175c succesfully
2025-03-16 14:08:20,979 pop.CCCL_environment_mixins INFO     mongo_db = TodayCCCLEnvironment, topic = CCCL/PURBACHAL/ENV_01 created 67d686f47fb52019d508175d succesfully
2025-03-16 14:08:51,302 pop.CCCL_environment_mixins INFO     mongo_db = CCCLEnvironment, topic = CCCL/PURBACHAL/ENV_01 created 67d687137fb52019d5081761 succesfully
2025-03-16 14:08:51,313 pop.CCCL_environment_mixins INFO     mongo_db = TemporaryCCCLEnvironment, topic = CCCL/PURBACHAL/ENV_01 created 67d687137fb52019d5081762 succesfully
2025-03-16 14:08:51,323 pop.CCCL_environment_mixins INFO     mongo_db = TodayCCCLEnvironment, topic = CCCL/PURBACHAL/ENV_01 created 67d687137fb52019d5081763 succesfully
2025-03-16 14:08:54,506 pop.CPM_RT_mixins INFO     mongo_db = RTModelCPM, topic = MQTT_RT_DATA created 67d687167fb52019d5081764 succesfully
2025-03-16 14:08:54,528 pop.CPM_RT_mixins INFO     mongo_db = TemporaryRTModelCPM, topic = MQTT_RT_DATA created 67d687167fb52019d5081765 succesfully
2025-03-16 14:08:54,548 pop.CPM_RT_mixins INFO     mongo_db = TodayRTModelCPM, topic = MQTT_RT_DATA created 67d687167fb52019d5081766 succesfully
2025-03-16 14:09:02,682 pop.CPM_ENY_NOW_mongo_mixins INFO     mongo_db = EnyNowDataModelCPM, topic = MQTT_ENY_NOW created 67d6871e7fb52019d5081767 succesfully
2025-03-16 14:09:02,690 pop.CPM_ENY_NOW_mongo_mixins INFO     mongo_db = TemporaryEnyNowDataModelCPM, topic = MQTT_ENY_NOW created 67d6871e7fb52019d5081768 succesfully
2025-03-16 14:09:02,701 pop.CPM_ENY_NOW_mongo_mixins INFO     mongo_db = TodayEnyNowDataModelCPM, topic = MQTT_ENY_NOW created 67d6871e7fb52019d5081769 succesfully
2025-03-16 14:09:02,708 pop.CPM_ENY_NOW_mongo_mixins INFO     mongo_db = Last7DaysEnyNowDataModelCPM, topic = MQTT_ENY_NOW created 67d6871e7fb52019d508176a succesfully
2025-03-16 14:09:14,594 pop.CCCL_generator_mixins INFO     mongo_db = CCCLGenerator, topic = CCCL/PURBACHAL/ENM_01 created 67d6872a7fb52019d508176e succesfully
2025-03-16 14:09:14,616 pop.CCCL_generator_mixins INFO     mongo_db = TemporaryCCCLGenerator, topic = CCCL/PURBACHAL/ENM_01 created 67d6872a7fb52019d508176f succesfully
2025-03-16 14:09:14,629 pop.CCCL_generator_mixins INFO     mongo_db = TodayCCCLGenerator, topic = CCCL/PURBACHAL/ENM_01 created 67d6872a7fb52019d5081770 succesfully
2025-03-16 14:09:21,581 pop.CCCL_environment_mixins INFO     mongo_db = CCCLEnvironment, topic = CCCL/PURBACHAL/ENV_01 created 67d687317fb52019d5081771 succesfully
2025-03-16 14:09:21,593 pop.CCCL_environment_mixins INFO     mongo_db = TemporaryCCCLEnvironment, topic = CCCL/PURBACHAL/ENV_01 created 67d687317fb52019d5081772 succesfully
2025-03-16 14:09:21,606 pop.CCCL_environment_mixins INFO     mongo_db = TodayCCCLEnvironment, topic = CCCL/PURBACHAL/ENV_01 created 67d687317fb52019d5081773 succesfully
2025-03-16 14:09:26,953 pop.CPM_RT_mixins INFO     mongo_db = RTModelCPM, topic = MQTT_RT_DATA created 67d687367fb52019d5081774 succesfully
2025-03-16 14:09:26,965 pop.CPM_RT_mixins INFO     mongo_db = TemporaryRTModelCPM, topic = MQTT_RT_DATA created 67d687367fb52019d5081775 succesfully
2025-03-16 14:09:26,977 pop.CPM_RT_mixins INFO     mongo_db = TodayRTModelCPM, topic = MQTT_RT_DATA created 67d687367fb52019d5081776 succesfully
2025-03-16 14:09:51,933 pop.CCCL_environment_mixins INFO     mongo_db = CCCLEnvironment, topic = CCCL/PURBACHAL/ENV_01 created 67d6874f7fb52019d508177a succesfully
2025-03-16 14:09:51,959 pop.CCCL_environment_mixins INFO     mongo_db = TemporaryCCCLEnvironment, topic = CCCL/PURBACHAL/ENV_01 created 67d6874f7fb52019d508177b succesfully
2025-03-16 14:09:51,984 pop.CCCL_environment_mixins INFO     mongo_db = TodayCCCLEnvironment, topic = CCCL/PURBACHAL/ENV_01 created 67d6874f7fb52019d508177c succesfully
2025-03-16 14:09:55,757 pop.CPM_RT_mixins INFO     mongo_db = RTModelCPM, topic = MQTT_RT_DATA created 67d687537fb52019d508177d succesfully
2025-03-16 14:09:55,770 pop.CPM_RT_mixins INFO     mongo_db = TemporaryRTModelCPM, topic = MQTT_RT_DATA created 67d687537fb52019d508177e succesfully
2025-03-16 14:09:55,784 pop.CPM_RT_mixins INFO     mongo_db = TodayRTModelCPM, topic = MQTT_RT_DATA created 67d687537fb52019d508177f succesfully
2025-03-16 14:10:14,565 pop.CCCL_generator_mixins INFO     mongo_db = CCCLGenerator, topic = CCCL/PURBACHAL/ENM_01 created 67d687667fb52019d5081783 succesfully
2025-03-16 14:10:14,578 pop.CCCL_generator_mixins INFO     mongo_db = TemporaryCCCLGenerator, topic = CCCL/PURBACHAL/ENM_01 created 67d687667fb52019d5081784 succesfully
2025-03-16 14:10:14,596 pop.CCCL_generator_mixins INFO     mongo_db = TodayCCCLGenerator, topic = CCCL/PURBACHAL/ENM_01 created 67d687667fb52019d5081785 succesfully
2025-03-16 14:10:22,114 pop.CCCL_environment_mixins INFO     mongo_db = CCCLEnvironment, topic = CCCL/PURBACHAL/ENV_01 created 67d6876e7fb52019d5081786 succesfully
2025-03-16 14:10:22,132 pop.CCCL_environment_mixins INFO     mongo_db = TemporaryCCCLEnvironment, topic = CCCL/PURBACHAL/ENV_01 created 67d6876e7fb52019d5081787 succesfully
2025-03-16 14:10:22,144 pop.CCCL_environment_mixins INFO     mongo_db = TodayCCCLEnvironment, topic = CCCL/PURBACHAL/ENV_01 created 67d6876e7fb52019d5081788 succesfully
2025-03-16 14:10:24,240 pop.CPM_RT_mixins INFO     mongo_db = RTModelCPM, topic = MQTT_RT_DATA created 67d687707fb52019d5081789 succesfully
2025-03-16 14:10:24,256 pop.CPM_RT_mixins INFO     mongo_db = TemporaryRTModelCPM, topic = MQTT_RT_DATA created 67d687707fb52019d508178a succesfully
2025-03-16 14:10:24,269 pop.CPM_RT_mixins INFO     mongo_db = TodayRTModelCPM, topic = MQTT_RT_DATA created 67d687707fb52019d508178b succesfully
2025-03-16 14:10:52,430 pop.CCCL_environment_mixins INFO     mongo_db = CCCLEnvironment, topic = CCCL/PURBACHAL/ENV_01 created 67d6878c7fb52019d508178f succesfully
2025-03-16 14:10:52,445 pop.CCCL_environment_mixins INFO     mongo_db = TemporaryCCCLEnvironment, topic = CCCL/PURBACHAL/ENV_01 created 67d6878c7fb52019d5081790 succesfully
2025-03-16 14:10:52,459 pop.CCCL_environment_mixins INFO     mongo_db = TodayCCCLEnvironment, topic = CCCL/PURBACHAL/ENV_01 created 67d6878c7fb52019d5081791 succesfully
2025-03-16 14:10:53,945 pop.CPM_RT_mixins INFO     mongo_db = RTModelCPM, topic = MQTT_RT_DATA created 67d6878d7fb52019d5081792 succesfully
2025-03-16 14:10:53,957 pop.CPM_RT_mixins INFO     mongo_db = TemporaryRTModelCPM, topic = MQTT_RT_DATA created 67d6878d7fb52019d5081793 succesfully
2025-03-16 14:10:53,970 pop.CPM_RT_mixins INFO     mongo_db = TodayRTModelCPM, topic = MQTT_RT_DATA created 67d6878d7fb52019d5081794 succesfully
2025-03-16 14:11:14,569 pop.CCCL_generator_mixins INFO     mongo_db = CCCLGenerator, topic = CCCL/PURBACHAL/ENM_01 created 67d687a27fb52019d5081798 succesfully
2025-03-16 14:11:14,582 pop.CCCL_generator_mixins INFO     mongo_db = TemporaryCCCLGenerator, topic = CCCL/PURBACHAL/ENM_01 created 67d687a27fb52019d5081799 succesfully
2025-03-16 14:11:14,596 pop.CCCL_generator_mixins INFO     mongo_db = TodayCCCLGenerator, topic = CCCL/PURBACHAL/ENM_01 created 67d687a27fb52019d508179a succesfully
2025-03-16 14:11:22,733 pop.CCCL_environment_mixins INFO     mongo_db = CCCLEnvironment, topic = CCCL/PURBACHAL/ENV_01 created 67d687aa7fb52019d508179b succesfully
2025-03-16 14:11:22,748 pop.CCCL_environment_mixins INFO     mongo_db = TemporaryCCCLEnvironment, topic = CCCL/PURBACHAL/ENV_01 created 67d687aa7fb52019d508179c succesfully
2025-03-16 14:11:22,756 pop.CCCL_environment_mixins INFO     mongo_db = TodayCCCLEnvironment, topic = CCCL/PURBACHAL/ENV_01 created 67d687aa7fb52019d508179d succesfully
2025-03-16 14:11:23,710 pop.CPM_RT_mixins INFO     mongo_db = RTModelCPM, topic = MQTT_RT_DATA created 67d687ab7fb52019d508179e succesfully
2025-03-16 14:11:23,722 pop.CPM_RT_mixins INFO     mongo_db = TemporaryRTModelCPM, topic = MQTT_RT_DATA created 67d687ab7fb52019d508179f succesfully
2025-03-16 14:11:23,736 pop.CPM_RT_mixins INFO     mongo_db = TodayRTModelCPM, topic = MQTT_RT_DATA created 67d687ab7fb52019d50817a0 succesfully
2025-03-16 14:11:53,054 pop.CCCL_environment_mixins INFO     mongo_db = CCCLEnvironment, topic = CCCL/PURBACHAL/ENV_01 created 67d687c97fb52019d50817a4 succesfully
2025-03-16 14:11:53,068 pop.CCCL_environment_mixins INFO     mongo_db = TemporaryCCCLEnvironment, topic = CCCL/PURBACHAL/ENV_01 created 67d687c97fb52019d50817a5 succesfully
2025-03-16 14:11:53,079 pop.CCCL_environment_mixins INFO     mongo_db = TodayCCCLEnvironment, topic = CCCL/PURBACHAL/ENV_01 created 67d687c97fb52019d50817a6 succesfully
2025-03-16 14:11:54,426 pop.CPM_RT_mixins INFO     mongo_db = RTModelCPM, topic = MQTT_RT_DATA created 67d687ca7fb52019d50817a7 succesfully
2025-03-16 14:11:54,437 pop.CPM_RT_mixins INFO     mongo_db = TemporaryRTModelCPM, topic = MQTT_RT_DATA created 67d687ca7fb52019d50817a8 succesfully
2025-03-16 14:11:54,452 pop.CPM_RT_mixins INFO     mongo_db = TodayRTModelCPM, topic = MQTT_RT_DATA created 67d687ca7fb52019d50817a9 succesfully
2025-03-16 14:12:14,572 pop.CCCL_generator_mixins INFO     mongo_db = CCCLGenerator, topic = CCCL/PURBACHAL/ENM_01 created 67d687de7fb52019d50817ad succesfully
2025-03-16 14:12:14,593 pop.CCCL_generator_mixins INFO     mongo_db = TemporaryCCCLGenerator, topic = CCCL/PURBACHAL/ENM_01 created 67d687de7fb52019d50817ae succesfully
2025-03-16 14:12:14,609 pop.CCCL_generator_mixins INFO     mongo_db = TodayCCCLGenerator, topic = CCCL/PURBACHAL/ENM_01 created 67d687de7fb52019d50817af succesfully
2025-03-16 14:12:23,355 pop.CCCL_environment_mixins INFO     mongo_db = CCCLEnvironment, topic = CCCL/PURBACHAL/ENV_01 created 67d687e77fb52019d50817b0 succesfully
2025-03-16 14:12:23,372 pop.CCCL_environment_mixins INFO     mongo_db = TemporaryCCCLEnvironment, topic = CCCL/PURBACHAL/ENV_01 created 67d687e77fb52019d50817b1 succesfully
2025-03-16 14:12:23,384 pop.CCCL_environment_mixins INFO     mongo_db = TodayCCCLEnvironment, topic = CCCL/PURBACHAL/ENV_01 created 67d687e77fb52019d50817b2 succesfully
2025-03-16 14:12:53,659 pop.CCCL_environment_mixins INFO     mongo_db = CCCLEnvironment, topic = CCCL/PURBACHAL/ENV_01 created 67d688057fb52019d50817b6 succesfully
2025-03-16 14:12:53,671 pop.CCCL_environment_mixins INFO     mongo_db = TemporaryCCCLEnvironment, topic = CCCL/PURBACHAL/ENV_01 created 67d688057fb52019d50817b7 succesfully
2025-03-16 14:12:53,688 pop.CCCL_environment_mixins INFO     mongo_db = TodayCCCLEnvironment, topic = CCCL/PURBACHAL/ENV_01 created 67d688057fb52019d50817b8 succesfully
2025-03-16 14:12:54,434 pop.CPM_RT_mixins INFO     mongo_db = RTModelCPM, topic = MQTT_RT_DATA created 67d688067fb52019d50817b9 succesfully
2025-03-16 14:12:54,453 pop.CPM_RT_mixins INFO     mongo_db = TemporaryRTModelCPM, topic = MQTT_RT_DATA created 67d688067fb52019d50817ba succesfully
2025-03-16 14:12:54,477 pop.CPM_RT_mixins INFO     mongo_db = TodayRTModelCPM, topic = MQTT_RT_DATA created 67d688067fb52019d50817bb succesfully
2025-03-16 14:13:14,573 pop.CCCL_generator_mixins INFO     mongo_db = CCCLGenerator, topic = CCCL/PURBACHAL/ENM_01 created 67d6881a7fb52019d50817bf succesfully
2025-03-16 14:13:14,595 pop.CCCL_generator_mixins INFO     mongo_db = TemporaryCCCLGenerator, topic = CCCL/PURBACHAL/ENM_01 created 67d6881a7fb52019d50817c0 succesfully
2025-03-16 14:13:14,614 pop.CCCL_generator_mixins INFO     mongo_db = TodayCCCLGenerator, topic = CCCL/PURBACHAL/ENM_01 created 67d6881a7fb52019d50817c1 succesfully
2025-03-16 14:13:23,987 pop.CCCL_environment_mixins INFO     mongo_db = CCCLEnvironment, topic = CCCL/PURBACHAL/ENV_01 created 67d688237fb52019d50817c2 succesfully
2025-03-16 14:13:24,005 pop.CCCL_environment_mixins INFO     mongo_db = TemporaryCCCLEnvironment, topic = CCCL/PURBACHAL/ENV_01 created 67d688247fb52019d50817c3 succesfully
2025-03-16 14:13:24,017 pop.CCCL_environment_mixins INFO     mongo_db = TodayCCCLEnvironment, topic = CCCL/PURBACHAL/ENV_01 created 67d688247fb52019d50817c4 succesfully
2025-03-16 14:13:25,349 pop.CPM_RT_mixins INFO     mongo_db = RTModelCPM, topic = MQTT_RT_DATA created 67d688257fb52019d50817c5 succesfully
2025-03-16 14:13:25,363 pop.CPM_RT_mixins INFO     mongo_db = TemporaryRTModelCPM, topic = MQTT_RT_DATA created 67d688257fb52019d50817c6 succesfully
2025-03-16 14:13:25,375 pop.CPM_RT_mixins INFO     mongo_db = TodayRTModelCPM, topic = MQTT_RT_DATA created 67d688257fb52019d50817c7 succesfully
2025-03-16 14:13:54,287 pop.CCCL_environment_mixins INFO     mongo_db = CCCLEnvironment, topic = CCCL/PURBACHAL/ENV_01 created 67d688427fb52019d50817cb succesfully
2025-03-16 14:13:54,300 pop.CCCL_environment_mixins INFO     mongo_db = TemporaryCCCLEnvironment, topic = CCCL/PURBACHAL/ENV_01 created 67d688427fb52019d50817cc succesfully
2025-03-16 14:13:54,310 pop.CCCL_environment_mixins INFO     mongo_db = TodayCCCLEnvironment, topic = CCCL/PURBACHAL/ENV_01 created 67d688427fb52019d50817cd succesfully
2025-03-16 14:13:56,623 pop.CPM_RT_mixins INFO     mongo_db = RTModelCPM, topic = MQTT_RT_DATA created 67d688447fb52019d50817ce succesfully
2025-03-16 14:13:56,638 pop.CPM_RT_mixins INFO     mongo_db = TemporaryRTModelCPM, topic = MQTT_RT_DATA created 67d688447fb52019d50817cf succesfully
2025-03-16 14:13:56,655 pop.CPM_RT_mixins INFO     mongo_db = TodayRTModelCPM, topic = MQTT_RT_DATA created 67d688447fb52019d50817d0 succesfully
2025-03-16 14:14:14,561 pop.CCCL_generator_mixins INFO     mongo_db = CCCLGenerator, topic = CCCL/PURBACHAL/ENM_01 created 67d688567fb52019d50817d4 succesfully
2025-03-16 14:14:14,572 pop.CCCL_generator_mixins INFO     mongo_db = TemporaryCCCLGenerator, topic = CCCL/PURBACHAL/ENM_01 created 67d688567fb52019d50817d5 succesfully
2025-03-16 14:14:14,583 pop.CCCL_generator_mixins INFO     mongo_db = TodayCCCLGenerator, topic = CCCL/PURBACHAL/ENM_01 created 67d688567fb52019d50817d6 succesfully
2025-03-16 14:14:24,609 pop.CCCL_environment_mixins INFO     mongo_db = CCCLEnvironment, topic = CCCL/PURBACHAL/ENV_01 created 67d688607fb52019d50817d7 succesfully
2025-03-16 14:14:24,621 pop.CCCL_environment_mixins INFO     mongo_db = TemporaryCCCLEnvironment, topic = CCCL/PURBACHAL/ENV_01 created 67d688607fb52019d50817d8 succesfully
2025-03-16 14:14:24,631 pop.CCCL_environment_mixins INFO     mongo_db = TodayCCCLEnvironment, topic = CCCL/PURBACHAL/ENV_01 created 67d688607fb52019d50817d9 succesfully
2025-03-16 14:14:25,481 pop.CPM_RT_mixins INFO     mongo_db = RTModelCPM, topic = MQTT_RT_DATA created 67d688617fb52019d50817da succesfully
2025-03-16 14:14:25,492 pop.CPM_RT_mixins INFO     mongo_db = TemporaryRTModelCPM, topic = MQTT_RT_DATA created 67d688617fb52019d50817db succesfully
2025-03-16 14:14:25,503 pop.CPM_RT_mixins INFO     mongo_db = TodayRTModelCPM, topic = MQTT_RT_DATA created 67d688617fb52019d50817dc succesfully
2025-03-16 14:14:54,913 pop.CCCL_environment_mixins INFO     mongo_db = CCCLEnvironment, topic = CCCL/PURBACHAL/ENV_01 created 67d6887e7fb52019d50817e0 succesfully
2025-03-16 14:14:54,935 pop.CCCL_environment_mixins INFO     mongo_db = TemporaryCCCLEnvironment, topic = CCCL/PURBACHAL/ENV_01 created 67d6887e7fb52019d50817e1 succesfully
2025-03-16 14:14:54,946 pop.CCCL_environment_mixins INFO     mongo_db = TodayCCCLEnvironment, topic = CCCL/PURBACHAL/ENV_01 created 67d6887e7fb52019d50817e2 succesfully
2025-03-16 14:14:54,999 pop.CPM_RT_mixins INFO     mongo_db = RTModelCPM, topic = MQTT_RT_DATA created 67d6887e7fb52019d50817e3 succesfully
2025-03-16 14:14:55,012 pop.CPM_RT_mixins INFO     mongo_db = TemporaryRTModelCPM, topic = MQTT_RT_DATA created 67d6887f7fb52019d50817e4 succesfully
2025-03-16 14:14:55,024 pop.CPM_RT_mixins INFO     mongo_db = TodayRTModelCPM, topic = MQTT_RT_DATA created 67d6887f7fb52019d50817e5 succesfully
2025-03-16 14:15:14,584 pop.CCCL_generator_mixins INFO     mongo_db = CCCLGenerator, topic = CCCL/PURBACHAL/ENM_01 created 67d688927fb52019d50817e9 succesfully
2025-03-16 14:15:14,603 pop.CCCL_generator_mixins INFO     mongo_db = TemporaryCCCLGenerator, topic = CCCL/PURBACHAL/ENM_01 created 67d688927fb52019d50817ea succesfully
2025-03-16 14:15:14,618 pop.CCCL_generator_mixins INFO     mongo_db = TodayCCCLGenerator, topic = CCCL/PURBACHAL/ENM_01 created 67d688927fb52019d50817eb succesfully
2025-03-16 14:15:25,130 pop.CPM_RT_mixins INFO     mongo_db = RTModelCPM, topic = MQTT_RT_DATA created 67d6889d7fb52019d50817ec succesfully
2025-03-16 14:15:25,141 pop.CPM_RT_mixins INFO     mongo_db = TemporaryRTModelCPM, topic = MQTT_RT_DATA created 67d6889d7fb52019d50817ed succesfully
2025-03-16 14:15:25,153 pop.CPM_RT_mixins INFO     mongo_db = TodayRTModelCPM, topic = MQTT_RT_DATA created 67d6889d7fb52019d50817ee succesfully
2025-03-16 14:15:25,214 pop.CCCL_environment_mixins INFO     mongo_db = CCCLEnvironment, topic = CCCL/PURBACHAL/ENV_01 created 67d6889d7fb52019d50817ef succesfully
2025-03-16 14:15:25,227 pop.CCCL_environment_mixins INFO     mongo_db = TemporaryCCCLEnvironment, topic = CCCL/PURBACHAL/ENV_01 created 67d6889d7fb52019d50817f0 succesfully
2025-03-16 14:15:25,239 pop.CCCL_environment_mixins INFO     mongo_db = TodayCCCLEnvironment, topic = CCCL/PURBACHAL/ENV_01 created 67d6889d7fb52019d50817f1 succesfully
2025-03-16 14:15:54,502 pop.CPM_RT_mixins INFO     mongo_db = RTModelCPM, topic = MQTT_RT_DATA created 67d688ba7fb52019d50817f5 succesfully
2025-03-16 14:15:54,516 pop.CPM_RT_mixins INFO     mongo_db = TemporaryRTModelCPM, topic = MQTT_RT_DATA created 67d688ba7fb52019d50817f6 succesfully
2025-03-16 14:15:54,549 pop.CPM_RT_mixins INFO     mongo_db = TodayRTModelCPM, topic = MQTT_RT_DATA created 67d688ba7fb52019d50817f7 succesfully
2025-03-16 14:15:55,837 pop.CCCL_environment_mixins INFO     mongo_db = CCCLEnvironment, topic = CCCL/PURBACHAL/ENV_01 created 67d688bb7fb52019d50817f8 succesfully
2025-03-16 14:15:55,849 pop.CCCL_environment_mixins INFO     mongo_db = TemporaryCCCLEnvironment, topic = CCCL/PURBACHAL/ENV_01 created 67d688bb7fb52019d50817f9 succesfully
2025-03-16 14:15:55,861 pop.CCCL_environment_mixins INFO     mongo_db = TodayCCCLEnvironment, topic = CCCL/PURBACHAL/ENV_01 created 67d688bb7fb52019d50817fa succesfully
2025-03-16 14:16:14,562 pop.CCCL_generator_mixins INFO     mongo_db = CCCLGenerator, topic = CCCL/PURBACHAL/ENM_01 created 67d688ce7fb52019d50817fb succesfully
2025-03-16 14:16:14,576 pop.CCCL_generator_mixins INFO     mongo_db = TemporaryCCCLGenerator, topic = CCCL/PURBACHAL/ENM_01 created 67d688ce7fb52019d50817fc succesfully
2025-03-16 14:16:14,588 pop.CCCL_generator_mixins INFO     mongo_db = TodayCCCLGenerator, topic = CCCL/PURBACHAL/ENM_01 created 67d688ce7fb52019d50817fd succesfully
2025-03-16 14:16:25,621 pop.CPM_RT_mixins INFO     mongo_db = RTModelCPM, topic = MQTT_RT_DATA created 67d688d97fb52019d5081801 succesfully
2025-03-16 14:16:25,650 pop.CPM_RT_mixins INFO     mongo_db = TemporaryRTModelCPM, topic = MQTT_RT_DATA created 67d688d97fb52019d5081802 succesfully
2025-03-16 14:16:25,666 pop.CPM_RT_mixins INFO     mongo_db = TodayRTModelCPM, topic = MQTT_RT_DATA created 67d688d97fb52019d5081803 succesfully
2025-03-16 14:16:26,155 pop.CCCL_environment_mixins INFO     mongo_db = CCCLEnvironment, topic = CCCL/PURBACHAL/ENV_01 created 67d688da7fb52019d5081804 succesfully
2025-03-16 14:16:26,167 pop.CCCL_environment_mixins INFO     mongo_db = TemporaryCCCLEnvironment, topic = CCCL/PURBACHAL/ENV_01 created 67d688da7fb52019d5081805 succesfully
2025-03-16 14:16:26,182 pop.CCCL_environment_mixins INFO     mongo_db = TodayCCCLEnvironment, topic = CCCL/PURBACHAL/ENV_01 created 67d688da7fb52019d5081806 succesfully
2025-03-16 14:16:53,656 pop.CPM_RT_mixins INFO     mongo_db = RTModelCPM, topic = MQTT_RT_DATA created 67d688f57fb52019d508180a succesfully
2025-03-16 14:16:53,668 pop.CPM_RT_mixins INFO     mongo_db = TemporaryRTModelCPM, topic = MQTT_RT_DATA created 67d688f57fb52019d508180b succesfully
2025-03-16 14:16:53,680 pop.CPM_RT_mixins INFO     mongo_db = TodayRTModelCPM, topic = MQTT_RT_DATA created 67d688f57fb52019d508180c succesfully
2025-03-16 14:16:56,571 pop.CCCL_environment_mixins INFO     mongo_db = CCCLEnvironment, topic = CCCL/PURBACHAL/ENV_01 created 67d688f87fb52019d508180d succesfully
2025-03-16 14:16:56,584 pop.CCCL_environment_mixins INFO     mongo_db = TemporaryCCCLEnvironment, topic = CCCL/PURBACHAL/ENV_01 created 67d688f87fb52019d508180e succesfully
2025-03-16 14:16:56,594 pop.CCCL_environment_mixins INFO     mongo_db = TodayCCCLEnvironment, topic = CCCL/PURBACHAL/ENV_01 created 67d688f87fb52019d508180f succesfully
2025-03-16 14:17:14,599 pop.CCCL_generator_mixins INFO     mongo_db = CCCLGenerator, topic = CCCL/PURBACHAL/ENM_01 created 67d6890a7fb52019d5081810 succesfully
2025-03-16 14:17:14,611 pop.CCCL_generator_mixins INFO     mongo_db = TemporaryCCCLGenerator, topic = CCCL/PURBACHAL/ENM_01 created 67d6890a7fb52019d5081811 succesfully
2025-03-16 14:17:14,625 pop.CCCL_generator_mixins INFO     mongo_db = TodayCCCLGenerator, topic = CCCL/PURBACHAL/ENM_01 created 67d6890a7fb52019d5081812 succesfully
2025-03-16 14:17:24,603 pop.CPM_RT_mixins INFO     mongo_db = RTModelCPM, topic = MQTT_RT_DATA created 67d689147fb52019d5081816 succesfully
2025-03-16 14:17:24,613 pop.CPM_RT_mixins INFO     mongo_db = TemporaryRTModelCPM, topic = MQTT_RT_DATA created 67d689147fb52019d5081817 succesfully
2025-03-16 14:17:24,630 pop.CPM_RT_mixins INFO     mongo_db = TodayRTModelCPM, topic = MQTT_RT_DATA created 67d689147fb52019d5081818 succesfully
2025-03-16 14:17:26,872 pop.CCCL_environment_mixins INFO     mongo_db = CCCLEnvironment, topic = CCCL/PURBACHAL/ENV_01 created 67d689167fb52019d5081819 succesfully
2025-03-16 14:17:26,881 pop.CCCL_environment_mixins INFO     mongo_db = TemporaryCCCLEnvironment, topic = CCCL/PURBACHAL/ENV_01 created 67d689167fb52019d508181a succesfully
2025-03-16 14:17:26,895 pop.CCCL_environment_mixins INFO     mongo_db = TodayCCCLEnvironment, topic = CCCL/PURBACHAL/ENV_01 created 67d689167fb52019d508181b succesfully
2025-03-16 14:17:54,399 pop.CPM_RT_mixins INFO     mongo_db = RTModelCPM, topic = MQTT_RT_DATA created 67d689327fb52019d508181f succesfully
2025-03-16 14:17:54,412 pop.CPM_RT_mixins INFO     mongo_db = TemporaryRTModelCPM, topic = MQTT_RT_DATA created 67d689327fb52019d5081820 succesfully
2025-03-16 14:17:54,424 pop.CPM_RT_mixins INFO     mongo_db = TodayRTModelCPM, topic = MQTT_RT_DATA created 67d689327fb52019d5081821 succesfully
2025-03-16 14:17:57,179 pop.CCCL_environment_mixins INFO     mongo_db = CCCLEnvironment, topic = CCCL/PURBACHAL/ENV_01 created 67d689357fb52019d5081822 succesfully
2025-03-16 14:17:57,190 pop.CCCL_environment_mixins INFO     mongo_db = TemporaryCCCLEnvironment, topic = CCCL/PURBACHAL/ENV_01 created 67d689357fb52019d5081823 succesfully
2025-03-16 14:17:57,200 pop.CCCL_environment_mixins INFO     mongo_db = TodayCCCLEnvironment, topic = CCCL/PURBACHAL/ENV_01 created 67d689357fb52019d5081824 succesfully
2025-03-16 14:18:14,606 pop.CCCL_generator_mixins INFO     mongo_db = CCCLGenerator, topic = CCCL/PURBACHAL/ENM_01 created 67d689467fb52019d5081825 succesfully
2025-03-16 14:18:14,627 pop.CCCL_generator_mixins INFO     mongo_db = TemporaryCCCLGenerator, topic = CCCL/PURBACHAL/ENM_01 created 67d689467fb52019d5081826 succesfully
2025-03-16 14:18:14,639 pop.CCCL_generator_mixins INFO     mongo_db = TodayCCCLGenerator, topic = CCCL/PURBACHAL/ENM_01 created 67d689467fb52019d5081827 succesfully
2025-03-16 14:18:24,680 pop.CPM_RT_mixins INFO     mongo_db = RTModelCPM, topic = MQTT_RT_DATA created 67d689507fb52019d508182b succesfully
2025-03-16 14:18:24,692 pop.CPM_RT_mixins INFO     mongo_db = TemporaryRTModelCPM, topic = MQTT_RT_DATA created 67d689507fb52019d508182c succesfully
2025-03-16 14:18:24,704 pop.CPM_RT_mixins INFO     mongo_db = TodayRTModelCPM, topic = MQTT_RT_DATA created 67d689507fb52019d508182d succesfully
2025-03-16 14:18:27,513 pop.CCCL_environment_mixins INFO     mongo_db = CCCLEnvironment, topic = CCCL/PURBACHAL/ENV_01 created 67d689537fb52019d508182e succesfully
2025-03-16 14:18:27,526 pop.CCCL_environment_mixins INFO     mongo_db = TemporaryCCCLEnvironment, topic = CCCL/PURBACHAL/ENV_01 created 67d689537fb52019d508182f succesfully
2025-03-16 14:18:27,537 pop.CCCL_environment_mixins INFO     mongo_db = TodayCCCLEnvironment, topic = CCCL/PURBACHAL/ENV_01 created 67d689537fb52019d5081830 succesfully
2025-03-16 14:18:55,558 pop.CPM_RT_mixins INFO     mongo_db = RTModelCPM, topic = MQTT_RT_DATA created 67d6896f7fb52019d5081834 succesfully
2025-03-16 14:18:55,569 pop.CPM_RT_mixins INFO     mongo_db = TemporaryRTModelCPM, topic = MQTT_RT_DATA created 67d6896f7fb52019d5081835 succesfully
2025-03-16 14:18:55,581 pop.CPM_RT_mixins INFO     mongo_db = TodayRTModelCPM, topic = MQTT_RT_DATA created 67d6896f7fb52019d5081836 succesfully
2025-03-16 14:18:57,919 pop.CCCL_environment_mixins INFO     mongo_db = CCCLEnvironment, topic = CCCL/PURBACHAL/ENV_01 created 67d689717fb52019d5081837 succesfully
2025-03-16 14:18:57,941 pop.CCCL_environment_mixins INFO     mongo_db = TemporaryCCCLEnvironment, topic = CCCL/PURBACHAL/ENV_01 created 67d689717fb52019d5081838 succesfully
2025-03-16 14:18:57,953 pop.CCCL_environment_mixins INFO     mongo_db = TodayCCCLEnvironment, topic = CCCL/PURBACHAL/ENV_01 created 67d689717fb52019d5081839 succesfully
2025-03-16 14:19:14,608 pop.CCCL_generator_mixins INFO     mongo_db = CCCLGenerator, topic = CCCL/PURBACHAL/ENM_01 created 67d689827fb52019d508183a succesfully
2025-03-16 14:19:14,627 pop.CCCL_generator_mixins INFO     mongo_db = TemporaryCCCLGenerator, topic = CCCL/PURBACHAL/ENM_01 created 67d689827fb52019d508183b succesfully
2025-03-16 14:19:14,641 pop.CCCL_generator_mixins INFO     mongo_db = TodayCCCLGenerator, topic = CCCL/PURBACHAL/ENM_01 created 67d689827fb52019d508183c succesfully
2025-03-16 14:19:25,825 pop.CPM_RT_mixins INFO     mongo_db = RTModelCPM, topic = MQTT_RT_DATA created 67d6898d7fb52019d5081840 succesfully
2025-03-16 14:19:25,838 pop.CPM_RT_mixins INFO     mongo_db = TemporaryRTModelCPM, topic = MQTT_RT_DATA created 67d6898d7fb52019d5081841 succesfully
2025-03-16 14:19:25,853 pop.CPM_RT_mixins INFO     mongo_db = TodayRTModelCPM, topic = MQTT_RT_DATA created 67d6898d7fb52019d5081842 succesfully
2025-03-16 14:19:28,232 pop.CCCL_environment_mixins INFO     mongo_db = CCCLEnvironment, topic = CCCL/PURBACHAL/ENV_01 created 67d689907fb52019d5081843 succesfully
2025-03-16 14:19:28,250 pop.CCCL_environment_mixins INFO     mongo_db = TemporaryCCCLEnvironment, topic = CCCL/PURBACHAL/ENV_01 created 67d689907fb52019d5081844 succesfully
2025-03-16 14:19:28,261 pop.CCCL_environment_mixins INFO     mongo_db = TodayCCCLEnvironment, topic = CCCL/PURBACHAL/ENV_01 created 67d689907fb52019d5081845 succesfully
2025-03-16 14:19:54,566 pop.CPM_RT_mixins INFO     mongo_db = RTModelCPM, topic = MQTT_RT_DATA created 67d689aa7fb52019d5081849 succesfully
2025-03-16 14:19:54,578 pop.CPM_RT_mixins INFO     mongo_db = TemporaryRTModelCPM, topic = MQTT_RT_DATA created 67d689aa7fb52019d508184a succesfully
2025-03-16 14:19:54,588 pop.CPM_RT_mixins INFO     mongo_db = TodayRTModelCPM, topic = MQTT_RT_DATA created 67d689aa7fb52019d508184b succesfully
2025-03-16 14:19:58,538 pop.CCCL_environment_mixins INFO     mongo_db = CCCLEnvironment, topic = CCCL/PURBACHAL/ENV_01 created 67d689ae7fb52019d508184c succesfully
2025-03-16 14:19:58,563 pop.CCCL_environment_mixins INFO     mongo_db = TemporaryCCCLEnvironment, topic = CCCL/PURBACHAL/ENV_01 created 67d689ae7fb52019d508184d succesfully
2025-03-16 14:19:58,577 pop.CCCL_environment_mixins INFO     mongo_db = TodayCCCLEnvironment, topic = CCCL/PURBACHAL/ENV_01 created 67d689ae7fb52019d508184e succesfully
2025-03-16 14:20:14,594 pop.CCCL_generator_mixins INFO     mongo_db = CCCLGenerator, topic = CCCL/PURBACHAL/ENM_01 created 67d689be7fb52019d508184f succesfully
2025-03-16 14:20:14,609 pop.CCCL_generator_mixins INFO     mongo_db = TemporaryCCCLGenerator, topic = CCCL/PURBACHAL/ENM_01 created 67d689be7fb52019d5081850 succesfully
2025-03-16 14:20:14,619 pop.CCCL_generator_mixins INFO     mongo_db = TodayCCCLGenerator, topic = CCCL/PURBACHAL/ENM_01 created 67d689be7fb52019d5081851 succesfully
2025-03-16 14:20:25,361 pop.CPM_RT_mixins INFO     mongo_db = RTModelCPM, topic = MQTT_RT_DATA created 67d689c97fb52019d5081855 succesfully
2025-03-16 14:20:25,376 pop.CPM_RT_mixins INFO     mongo_db = TemporaryRTModelCPM, topic = MQTT_RT_DATA created 67d689c97fb52019d5081856 succesfully
2025-03-16 14:20:25,391 pop.CPM_RT_mixins INFO     mongo_db = TodayRTModelCPM, topic = MQTT_RT_DATA created 67d689c97fb52019d5081857 succesfully
2025-03-16 14:20:28,955 pop.CCCL_environment_mixins INFO     mongo_db = CCCLEnvironment, topic = CCCL/PURBACHAL/ENV_01 created 67d689cc7fb52019d5081858 succesfully
2025-03-16 14:20:28,971 pop.CCCL_environment_mixins INFO     mongo_db = TemporaryCCCLEnvironment, topic = CCCL/PURBACHAL/ENV_01 created 67d689cc7fb52019d5081859 succesfully
2025-03-16 14:20:28,986 pop.CCCL_environment_mixins INFO     mongo_db = TodayCCCLEnvironment, topic = CCCL/PURBACHAL/ENV_01 created 67d689cc7fb52019d508185a succesfully
2025-03-16 14:20:55,755 pop.CPM_RT_mixins INFO     mongo_db = RTModelCPM, topic = MQTT_RT_DATA created 67d689e77fb52019d508185e succesfully
2025-03-16 14:20:55,767 pop.CPM_RT_mixins INFO     mongo_db = TemporaryRTModelCPM, topic = MQTT_RT_DATA created 67d689e77fb52019d508185f succesfully
2025-03-16 14:20:55,780 pop.CPM_RT_mixins INFO     mongo_db = TodayRTModelCPM, topic = MQTT_RT_DATA created 67d689e77fb52019d5081860 succesfully
2025-03-16 14:20:59,263 pop.CCCL_environment_mixins INFO     mongo_db = CCCLEnvironment, topic = CCCL/PURBACHAL/ENV_01 created 67d689eb7fb52019d5081861 succesfully
2025-03-16 14:20:59,288 pop.CCCL_environment_mixins INFO     mongo_db = TemporaryCCCLEnvironment, topic = CCCL/PURBACHAL/ENV_01 created 67d689eb7fb52019d5081862 succesfully
2025-03-16 14:20:59,299 pop.CCCL_environment_mixins INFO     mongo_db = TodayCCCLEnvironment, topic = CCCL/PURBACHAL/ENV_01 created 67d689eb7fb52019d5081863 succesfully
2025-03-16 14:21:14,597 pop.CCCL_generator_mixins INFO     mongo_db = CCCLGenerator, topic = CCCL/PURBACHAL/ENM_01 created 67d689fa7fb52019d5081864 succesfully
2025-03-16 14:21:14,620 pop.CCCL_generator_mixins INFO     mongo_db = TemporaryCCCLGenerator, topic = CCCL/PURBACHAL/ENM_01 created 67d689fa7fb52019d5081865 succesfully
2025-03-16 14:21:14,637 pop.CCCL_generator_mixins INFO     mongo_db = TodayCCCLGenerator, topic = CCCL/PURBACHAL/ENM_01 created 67d689fa7fb52019d5081866 succesfully
2025-03-16 14:21:23,836 pop.CPM_RT_mixins INFO     mongo_db = RTModelCPM, topic = MQTT_RT_DATA created 67d68a037fb52019d508186a succesfully
2025-03-16 14:21:23,848 pop.CPM_RT_mixins INFO     mongo_db = TemporaryRTModelCPM, topic = MQTT_RT_DATA created 67d68a037fb52019d508186b succesfully
2025-03-16 14:21:23,864 pop.CPM_RT_mixins INFO     mongo_db = TodayRTModelCPM, topic = MQTT_RT_DATA created 67d68a037fb52019d508186c succesfully
2025-03-16 14:21:29,578 pop.CCCL_environment_mixins INFO     mongo_db = CCCLEnvironment, topic = CCCL/PURBACHAL/ENV_01 created 67d68a097fb52019d508186d succesfully
2025-03-16 14:21:29,598 pop.CCCL_environment_mixins INFO     mongo_db = TemporaryCCCLEnvironment, topic = CCCL/PURBACHAL/ENV_01 created 67d68a097fb52019d508186e succesfully
2025-03-16 14:21:29,610 pop.CCCL_environment_mixins INFO     mongo_db = TodayCCCLEnvironment, topic = CCCL/PURBACHAL/ENV_01 created 67d68a097fb52019d508186f succesfully
2025-03-16 14:21:55,136 pop.CPM_RT_mixins INFO     mongo_db = RTModelCPM, topic = MQTT_RT_DATA created 67d68a237fb52019d5081873 succesfully
2025-03-16 14:21:55,149 pop.CPM_RT_mixins INFO     mongo_db = TemporaryRTModelCPM, topic = MQTT_RT_DATA created 67d68a237fb52019d5081874 succesfully
2025-03-16 14:21:55,162 pop.CPM_RT_mixins INFO     mongo_db = TodayRTModelCPM, topic = MQTT_RT_DATA created 67d68a237fb52019d5081875 succesfully
2025-03-16 14:21:59,987 pop.CCCL_environment_mixins INFO     mongo_db = CCCLEnvironment, topic = CCCL/PURBACHAL/ENV_01 created 67d68a277fb52019d5081876 succesfully
2025-03-16 14:22:00,020 pop.CCCL_environment_mixins INFO     mongo_db = TemporaryCCCLEnvironment, topic = CCCL/PURBACHAL/ENV_01 created 67d68a287fb52019d5081877 succesfully
2025-03-16 14:22:00,031 pop.CCCL_environment_mixins INFO     mongo_db = TodayCCCLEnvironment, topic = CCCL/PURBACHAL/ENV_01 created 67d68a287fb52019d5081878 succesfully
2025-03-16 14:22:14,599 pop.CCCL_generator_mixins INFO     mongo_db = CCCLGenerator, topic = CCCL/PURBACHAL/ENM_01 created 67d68a367fb52019d5081879 succesfully
2025-03-16 14:22:14,625 pop.CCCL_generator_mixins INFO     mongo_db = TemporaryCCCLGenerator, topic = CCCL/PURBACHAL/ENM_01 created 67d68a367fb52019d508187a succesfully
2025-03-16 14:22:14,639 pop.CCCL_generator_mixins INFO     mongo_db = TodayCCCLGenerator, topic = CCCL/PURBACHAL/ENM_01 created 67d68a367fb52019d508187b succesfully
2025-03-16 14:22:25,555 pop.CPM_RT_mixins INFO     mongo_db = RTModelCPM, topic = MQTT_RT_DATA created 67d68a417fb52019d508187f succesfully
2025-03-16 14:22:25,568 pop.CPM_RT_mixins INFO     mongo_db = TemporaryRTModelCPM, topic = MQTT_RT_DATA created 67d68a417fb52019d5081880 succesfully
2025-03-16 14:22:25,583 pop.CPM_RT_mixins INFO     mongo_db = TodayRTModelCPM, topic = MQTT_RT_DATA created 67d68a417fb52019d5081881 succesfully
2025-03-16 14:22:30,285 pop.CCCL_environment_mixins INFO     mongo_db = CCCLEnvironment, topic = CCCL/PURBACHAL/ENV_01 created 67d68a467fb52019d5081882 succesfully
2025-03-16 14:22:30,293 pop.CCCL_environment_mixins INFO     mongo_db = TemporaryCCCLEnvironment, topic = CCCL/PURBACHAL/ENV_01 created 67d68a467fb52019d5081883 succesfully
2025-03-16 14:22:30,300 pop.CCCL_environment_mixins INFO     mongo_db = TodayCCCLEnvironment, topic = CCCL/PURBACHAL/ENV_01 created 67d68a467fb52019d5081884 succesfully
2025-03-16 14:22:55,385 pop.CPM_RT_mixins INFO     mongo_db = RTModelCPM, topic = MQTT_RT_DATA created 67d68a5f7fb52019d5081888 succesfully
2025-03-16 14:22:55,399 pop.CPM_RT_mixins INFO     mongo_db = TemporaryRTModelCPM, topic = MQTT_RT_DATA created 67d68a5f7fb52019d5081889 succesfully
2025-03-16 14:22:55,415 pop.CPM_RT_mixins INFO     mongo_db = TodayRTModelCPM, topic = MQTT_RT_DATA created 67d68a5f7fb52019d508188a succesfully
2025-03-16 14:23:00,712 pop.CCCL_environment_mixins INFO     mongo_db = CCCLEnvironment, topic = CCCL/PURBACHAL/ENV_01 created 67d68a647fb52019d508188b succesfully
2025-03-16 14:23:00,728 pop.CCCL_environment_mixins INFO     mongo_db = TemporaryCCCLEnvironment, topic = CCCL/PURBACHAL/ENV_01 created 67d68a647fb52019d508188c succesfully
2025-03-16 14:23:00,742 pop.CCCL_environment_mixins INFO     mongo_db = TodayCCCLEnvironment, topic = CCCL/PURBACHAL/ENV_01 created 67d68a647fb52019d508188d succesfully
2025-03-16 14:23:14,593 pop.CCCL_generator_mixins INFO     mongo_db = CCCLGenerator, topic = CCCL/PURBACHAL/ENM_01 created 67d68a727fb52019d508188e succesfully
2025-03-16 14:23:14,604 pop.CCCL_generator_mixins INFO     mongo_db = TemporaryCCCLGenerator, topic = CCCL/PURBACHAL/ENM_01 created 67d68a727fb52019d508188f succesfully
2025-03-16 14:23:14,617 pop.CCCL_generator_mixins INFO     mongo_db = TodayCCCLGenerator, topic = CCCL/PURBACHAL/ENM_01 created 67d68a727fb52019d5081890 succesfully
2025-03-16 14:39:39,956 django.request ERROR    Internal Server Error: /api/v1.0/pop/cccl-environment-latest-data/
Traceback (most recent call last):
  File "/opt/venv/lib/python3.9/site-packages/django/core/handlers/exception.py", line 55, in inner
    response = get_response(request)
  File "/opt/venv/lib/python3.9/site-packages/django/core/handlers/base.py", line 197, in _get_response
    response = wrapped_callback(request, *callback_args, **callback_kwargs)
  File "/opt/venv/lib/python3.9/site-packages/django/views/decorators/csrf.py", line 54, in wrapped_view
    return view_func(*args, **kwargs)
  File "/opt/venv/lib/python3.9/site-packages/rest_framework/viewsets.py", line 125, in view
    return self.dispatch(request, *args, **kwargs)
  File "/opt/venv/lib/python3.9/site-packages/rest_framework/views.py", line 509, in dispatch
    response = self.handle_exception(exc)
  File "/opt/venv/lib/python3.9/site-packages/rest_framework/views.py", line 469, in handle_exception
    self.raise_uncaught_exception(exc)
  File "/opt/venv/lib/python3.9/site-packages/rest_framework/views.py", line 480, in raise_uncaught_exception
    raise exc
  File "/opt/venv/lib/python3.9/site-packages/rest_framework/views.py", line 506, in dispatch
    response = handler(request, *args, **kwargs)
  File "/opt/app/pop/api/views.py", line 205, in list
    return Response(serializer)
UnboundLocalError: local variable 'serializer' referenced before assignment
2025-03-16 14:45:47,259 pop.CPM_ENY_FRZ_mongo_mixins INFO     mongo_db = EnyFrzDataModelCPM, topic = MQTT_ENY_FRZ created 67d68fbb94ab09abba8428c0 succesfully
2025-03-16 14:45:47,286 pop.CPM_DAY_DATA_mongo_mixins INFO     mongo_db = DayDataModelCPM, topic = MQTT_DAY_DATA created 67d68fbb94ab09abba8428c1 succesfully
2025-03-16 14:45:47,350 pop.CPM_ENY_NOW_mongo_mixins INFO     mongo_db = EnyNowDataModelCPM, topic = MQTT_ENY_NOW created 67d68fbb94ab09abba8428c2 succesfully
2025-03-16 14:45:47,365 pop.CPM_ENY_NOW_mongo_mixins INFO     mongo_db = TemporaryEnyNowDataModelCPM, topic = MQTT_ENY_NOW created 67d68fbb94ab09abba8428c3 succesfully
2025-03-16 14:45:47,380 pop.CPM_ENY_NOW_mongo_mixins INFO     mongo_db = TodayEnyNowDataModelCPM, topic = MQTT_ENY_NOW created 67d68fbb94ab09abba8428c4 succesfully
2025-03-16 14:45:47,395 pop.CPM_ENY_NOW_mongo_mixins INFO     mongo_db = Last7DaysEnyNowDataModelCPM, topic = MQTT_ENY_NOW created 67d68fbb94ab09abba8428c5 succesfully
2025-03-16 14:45:47,462 pop.CPM_RT_mixins INFO     mongo_db = RTModelCPM, topic = MQTT_RT_DATA created 67d68fbb94ab09abba8428c6 succesfully
2025-03-16 14:45:47,486 pop.CPM_RT_mixins INFO     mongo_db = TemporaryRTModelCPM, topic = MQTT_RT_DATA created 67d68fbb94ab09abba8428c7 succesfully
2025-03-16 14:45:47,528 pop.CPM_RT_mixins INFO     mongo_db = TodayRTModelCPM, topic = MQTT_RT_DATA created 67d68fbb94ab09abba8428c8 succesfully
2025-03-16 14:45:54,791 pop.CPM_RT_mixins INFO     mongo_db = RTModelCPM, topic = MQTT_RT_DATA created 67d68fc294ab09abba8428cc succesfully
2025-03-16 14:45:54,803 pop.CPM_RT_mixins INFO     mongo_db = TemporaryRTModelCPM, topic = MQTT_RT_DATA created 67d68fc294ab09abba8428cd succesfully
2025-03-16 14:45:54,816 pop.CPM_RT_mixins INFO     mongo_db = TodayRTModelCPM, topic = MQTT_RT_DATA created 67d68fc294ab09abba8428ce succesfully
2025-03-16 14:46:14,488 pop.CCCL_generator_mixins INFO     mongo_db = CCCLGenerator, topic = CCCL/PURBACHAL/ENM_01 created 67d68fd694ab09abba8428cf succesfully
2025-03-16 14:46:14,504 pop.CCCL_generator_mixins INFO     mongo_db = TemporaryCCCLGenerator, topic = CCCL/PURBACHAL/ENM_01 created 67d68fd694ab09abba8428d0 succesfully
2025-03-16 14:46:14,517 pop.CCCL_generator_mixins INFO     mongo_db = TodayCCCLGenerator, topic = CCCL/PURBACHAL/ENM_01 created 67d68fd694ab09abba8428d1 succesfully
2025-03-16 14:46:15,682 pop.CCCL_environment_mixins INFO     mongo_db = CCCLEnvironment, topic = CCCL/PURBACHAL/ENV_01 created 67d68fd794ab09abba8428d2 succesfully
2025-03-16 14:46:15,695 pop.CCCL_environment_mixins INFO     mongo_db = TemporaryCCCLEnvironment, topic = CCCL/PURBACHAL/ENV_01 created 67d68fd794ab09abba8428d3 succesfully
2025-03-16 14:46:15,707 pop.CCCL_environment_mixins INFO     mongo_db = TodayCCCLEnvironment, topic = CCCL/PURBACHAL/ENV_01 created 67d68fd794ab09abba8428d4 succesfully
2025-03-16 14:46:24,174 pop.CPM_RT_mixins INFO     mongo_db = RTModelCPM, topic = MQTT_RT_DATA created 67d68fe094ab09abba8428d8 succesfully
2025-03-16 14:46:24,186 pop.CPM_RT_mixins INFO     mongo_db = TemporaryRTModelCPM, topic = MQTT_RT_DATA created 67d68fe094ab09abba8428d9 succesfully
2025-03-16 14:46:24,196 pop.CPM_RT_mixins INFO     mongo_db = TodayRTModelCPM, topic = MQTT_RT_DATA created 67d68fe094ab09abba8428da succesfully
2025-03-16 14:46:45,985 pop.CCCL_environment_mixins INFO     mongo_db = CCCLEnvironment, topic = CCCL/PURBACHAL/ENV_01 created 67d68ff594ab09abba8428db succesfully
2025-03-16 14:46:45,995 pop.CCCL_environment_mixins INFO     mongo_db = TemporaryCCCLEnvironment, topic = CCCL/PURBACHAL/ENV_01 created 67d68ff594ab09abba8428dc succesfully
2025-03-16 14:46:46,003 pop.CCCL_environment_mixins INFO     mongo_db = TodayCCCLEnvironment, topic = CCCL/PURBACHAL/ENV_01 created 67d68ff694ab09abba8428dd succesfully
2025-03-16 14:46:53,938 pop.CPM_RT_mixins INFO     mongo_db = RTModelCPM, topic = MQTT_RT_DATA created 67d68ffd94ab09abba8428e1 succesfully
2025-03-16 14:46:53,953 pop.CPM_RT_mixins INFO     mongo_db = TemporaryRTModelCPM, topic = MQTT_RT_DATA created 67d68ffd94ab09abba8428e2 succesfully
2025-03-16 14:46:53,966 pop.CPM_RT_mixins INFO     mongo_db = TodayRTModelCPM, topic = MQTT_RT_DATA created 67d68ffd94ab09abba8428e3 succesfully
2025-03-16 14:47:14,486 pop.CCCL_generator_mixins INFO     mongo_db = CCCLGenerator, topic = CCCL/PURBACHAL/ENM_01 created 67d6901294ab09abba8428e4 succesfully
2025-03-16 14:47:14,505 pop.CCCL_generator_mixins INFO     mongo_db = TemporaryCCCLGenerator, topic = CCCL/PURBACHAL/ENM_01 created 67d6901294ab09abba8428e5 succesfully
2025-03-16 14:47:14,520 pop.CCCL_generator_mixins INFO     mongo_db = TodayCCCLGenerator, topic = CCCL/PURBACHAL/ENM_01 created 67d6901294ab09abba8428e6 succesfully
2025-03-16 14:47:16,298 pop.CCCL_environment_mixins INFO     mongo_db = CCCLEnvironment, topic = CCCL/PURBACHAL/ENV_01 created 67d6901494ab09abba8428e7 succesfully
2025-03-16 14:47:16,314 pop.CCCL_environment_mixins INFO     mongo_db = TemporaryCCCLEnvironment, topic = CCCL/PURBACHAL/ENV_01 created 67d6901494ab09abba8428e8 succesfully
2025-03-16 14:47:16,324 pop.CCCL_environment_mixins INFO     mongo_db = TodayCCCLEnvironment, topic = CCCL/PURBACHAL/ENV_01 created 67d6901494ab09abba8428e9 succesfully
2025-03-16 14:47:46,603 pop.CCCL_environment_mixins INFO     mongo_db = CCCLEnvironment, topic = CCCL/PURBACHAL/ENV_01 created 67d6903294ab09abba8428ed succesfully
2025-03-16 14:47:46,616 pop.CCCL_environment_mixins INFO     mongo_db = TemporaryCCCLEnvironment, topic = CCCL/PURBACHAL/ENV_01 created 67d6903294ab09abba8428ee succesfully
2025-03-16 14:47:46,628 pop.CCCL_environment_mixins INFO     mongo_db = TodayCCCLEnvironment, topic = CCCL/PURBACHAL/ENV_01 created 67d6903294ab09abba8428ef succesfully
2025-03-16 14:47:53,809 pop.CPM_RT_mixins INFO     mongo_db = RTModelCPM, topic = MQTT_RT_DATA created 67d6903994ab09abba8428f3 succesfully
2025-03-16 14:47:53,822 pop.CPM_RT_mixins INFO     mongo_db = TemporaryRTModelCPM, topic = MQTT_RT_DATA created 67d6903994ab09abba8428f4 succesfully
2025-03-16 14:47:53,833 pop.CPM_RT_mixins INFO     mongo_db = TodayRTModelCPM, topic = MQTT_RT_DATA created 67d6903994ab09abba8428f5 succesfully
2025-03-16 14:47:56,061 django.request WARNING  Unauthorized: /api/v1.0/pop/cccl-generator-latest-data/
2025-03-16 14:48:14,458 pop.CCCL_generator_mixins INFO     mongo_db = CCCLGenerator, topic = CCCL/PURBACHAL/ENM_01 created 67d6904e94ab09abba8428f6 succesfully
2025-03-16 14:48:14,468 pop.CCCL_generator_mixins INFO     mongo_db = TemporaryCCCLGenerator, topic = CCCL/PURBACHAL/ENM_01 created 67d6904e94ab09abba8428f7 succesfully
2025-03-16 14:48:14,479 pop.CCCL_generator_mixins INFO     mongo_db = TodayCCCLGenerator, topic = CCCL/PURBACHAL/ENM_01 created 67d6904e94ab09abba8428f8 succesfully
2025-03-16 14:48:16,908 pop.CCCL_environment_mixins INFO     mongo_db = CCCLEnvironment, topic = CCCL/PURBACHAL/ENV_01 created 67d6905094ab09abba8428f9 succesfully
2025-03-16 14:48:16,923 pop.CCCL_environment_mixins INFO     mongo_db = TemporaryCCCLEnvironment, topic = CCCL/PURBACHAL/ENV_01 created 67d6905094ab09abba8428fa succesfully
2025-03-16 14:48:16,933 pop.CCCL_environment_mixins INFO     mongo_db = TodayCCCLEnvironment, topic = CCCL/PURBACHAL/ENV_01 created 67d6905094ab09abba8428fb succesfully
2025-03-16 14:48:25,464 pop.CPM_RT_mixins INFO     mongo_db = RTModelCPM, topic = MQTT_RT_DATA created 67d6905994ab09abba8428ff succesfully
2025-03-16 14:48:25,476 pop.CPM_RT_mixins INFO     mongo_db = TemporaryRTModelCPM, topic = MQTT_RT_DATA created 67d6905994ab09abba842900 succesfully
2025-03-16 14:48:25,488 pop.CPM_RT_mixins INFO     mongo_db = TodayRTModelCPM, topic = MQTT_RT_DATA created 67d6905994ab09abba842901 succesfully
2025-03-16 14:48:47,376 pop.CCCL_environment_mixins INFO     mongo_db = CCCLEnvironment, topic = CCCL/PURBACHAL/ENV_01 created 67d6906f94ab09abba842902 succesfully
2025-03-16 14:48:47,398 pop.CCCL_environment_mixins INFO     mongo_db = TemporaryCCCLEnvironment, topic = CCCL/PURBACHAL/ENV_01 created 67d6906f94ab09abba842903 succesfully
2025-03-16 14:48:47,411 pop.CCCL_environment_mixins INFO     mongo_db = TodayCCCLEnvironment, topic = CCCL/PURBACHAL/ENV_01 created 67d6906f94ab09abba842904 succesfully
2025-03-16 14:48:55,232 django.request WARNING  Unauthorized: /api/v1.0/pop/cccl-generator-data/
2025-03-16 14:48:55,461 pop.CPM_RT_mixins INFO     mongo_db = RTModelCPM, topic = MQTT_RT_DATA created 67d6907794ab09abba842908 succesfully
2025-03-16 14:48:55,473 pop.CPM_RT_mixins INFO     mongo_db = TemporaryRTModelCPM, topic = MQTT_RT_DATA created 67d6907794ab09abba842909 succesfully
2025-03-16 14:48:55,488 pop.CPM_RT_mixins INFO     mongo_db = TodayRTModelCPM, topic = MQTT_RT_DATA created 67d6907794ab09abba84290a succesfully
2025-03-16 14:49:14,475 pop.CCCL_generator_mixins INFO     mongo_db = CCCLGenerator, topic = CCCL/PURBACHAL/ENM_01 created 67d6908a94ab09abba84290b succesfully
2025-03-16 14:49:14,489 pop.CCCL_generator_mixins INFO     mongo_db = TemporaryCCCLGenerator, topic = CCCL/PURBACHAL/ENM_01 created 67d6908a94ab09abba84290c succesfully
2025-03-16 14:49:14,500 pop.CCCL_generator_mixins INFO     mongo_db = TodayCCCLGenerator, topic = CCCL/PURBACHAL/ENM_01 created 67d6908a94ab09abba84290d succesfully
2025-03-16 14:49:17,723 pop.CCCL_environment_mixins INFO     mongo_db = CCCLEnvironment, topic = CCCL/PURBACHAL/ENV_01 created 67d6908d94ab09abba84290e succesfully
2025-03-16 14:49:17,731 pop.CCCL_environment_mixins INFO     mongo_db = TemporaryCCCLEnvironment, topic = CCCL/PURBACHAL/ENV_01 created 67d6908d94ab09abba84290f succesfully
2025-03-16 14:49:17,740 pop.CCCL_environment_mixins INFO     mongo_db = TodayCCCLEnvironment, topic = CCCL/PURBACHAL/ENV_01 created 67d6908d94ab09abba842910 succesfully
2025-03-16 14:49:24,777 pop.CPM_RT_mixins INFO     mongo_db = RTModelCPM, topic = MQTT_RT_DATA created 67d6909494ab09abba842914 succesfully
2025-03-16 14:49:24,788 pop.CPM_RT_mixins INFO     mongo_db = TemporaryRTModelCPM, topic = MQTT_RT_DATA created 67d6909494ab09abba842915 succesfully
2025-03-16 14:49:24,799 pop.CPM_RT_mixins INFO     mongo_db = TodayRTModelCPM, topic = MQTT_RT_DATA created 67d6909494ab09abba842916 succesfully
2025-03-16 14:49:48,047 pop.CCCL_environment_mixins INFO     mongo_db = CCCLEnvironment, topic = CCCL/PURBACHAL/ENV_01 created 67d690ac94ab09abba842917 succesfully
2025-03-16 14:49:48,062 pop.CCCL_environment_mixins INFO     mongo_db = TemporaryCCCLEnvironment, topic = CCCL/PURBACHAL/ENV_01 created 67d690ac94ab09abba842918 succesfully
2025-03-16 14:49:48,072 pop.CCCL_environment_mixins INFO     mongo_db = TodayCCCLEnvironment, topic = CCCL/PURBACHAL/ENV_01 created 67d690ac94ab09abba842919 succesfully
2025-03-16 14:49:55,101 pop.CPM_RT_mixins INFO     mongo_db = RTModelCPM, topic = MQTT_RT_DATA created 67d690b394ab09abba84291d succesfully
2025-03-16 14:49:55,113 pop.CPM_RT_mixins INFO     mongo_db = TemporaryRTModelCPM, topic = MQTT_RT_DATA created 67d690b394ab09abba84291e succesfully
2025-03-16 14:49:55,123 pop.CPM_RT_mixins INFO     mongo_db = TodayRTModelCPM, topic = MQTT_RT_DATA created 67d690b394ab09abba84291f succesfully
2025-03-16 14:50:14,468 pop.CCCL_generator_mixins INFO     mongo_db = CCCLGenerator, topic = CCCL/PURBACHAL/ENM_01 created 67d690c694ab09abba842920 succesfully
2025-03-16 14:50:14,487 pop.CCCL_generator_mixins INFO     mongo_db = TemporaryCCCLGenerator, topic = CCCL/PURBACHAL/ENM_01 created 67d690c694ab09abba842921 succesfully
2025-03-16 14:50:14,499 pop.CCCL_generator_mixins INFO     mongo_db = TodayCCCLGenerator, topic = CCCL/PURBACHAL/ENM_01 created 67d690c694ab09abba842922 succesfully
2025-03-16 14:50:18,358 pop.CCCL_environment_mixins INFO     mongo_db = CCCLEnvironment, topic = CCCL/PURBACHAL/ENV_01 created 67d690ca94ab09abba842923 succesfully
2025-03-16 14:50:18,378 pop.CCCL_environment_mixins INFO     mongo_db = TemporaryCCCLEnvironment, topic = CCCL/PURBACHAL/ENV_01 created 67d690ca94ab09abba842924 succesfully
2025-03-16 14:50:18,388 pop.CCCL_environment_mixins INFO     mongo_db = TodayCCCLEnvironment, topic = CCCL/PURBACHAL/ENV_01 created 67d690ca94ab09abba842925 succesfully
2025-03-16 14:50:23,136 django.request WARNING  Unauthorized: /api/v1.0/pop/cccl-environment-data/
2025-03-16 14:50:23,957 pop.CPM_RT_mixins INFO     mongo_db = RTModelCPM, topic = MQTT_RT_DATA created 67d690cf94ab09abba842929 succesfully
2025-03-16 14:50:23,971 pop.CPM_RT_mixins INFO     mongo_db = TemporaryRTModelCPM, topic = MQTT_RT_DATA created 67d690cf94ab09abba84292a succesfully
2025-03-16 14:50:23,982 pop.CPM_RT_mixins INFO     mongo_db = TodayRTModelCPM, topic = MQTT_RT_DATA created 67d690cf94ab09abba84292b succesfully
2025-03-16 14:50:48,669 pop.CCCL_environment_mixins INFO     mongo_db = CCCLEnvironment, topic = CCCL/PURBACHAL/ENV_01 created 67d690e894ab09abba84292c succesfully
2025-03-16 14:50:48,682 pop.CCCL_environment_mixins INFO     mongo_db = TemporaryCCCLEnvironment, topic = CCCL/PURBACHAL/ENV_01 created 67d690e894ab09abba84292d succesfully
2025-03-16 14:50:48,693 pop.CCCL_environment_mixins INFO     mongo_db = TodayCCCLEnvironment, topic = CCCL/PURBACHAL/ENV_01 created 67d690e894ab09abba84292e succesfully
2025-03-16 14:50:54,675 pop.CPM_RT_mixins INFO     mongo_db = RTModelCPM, topic = MQTT_RT_DATA created 67d690ee94ab09abba842932 succesfully
2025-03-16 14:50:54,687 pop.CPM_RT_mixins INFO     mongo_db = TemporaryRTModelCPM, topic = MQTT_RT_DATA created 67d690ee94ab09abba842933 succesfully
2025-03-16 14:50:54,698 pop.CPM_RT_mixins INFO     mongo_db = TodayRTModelCPM, topic = MQTT_RT_DATA created 67d690ee94ab09abba842934 succesfully
2025-03-16 14:51:14,464 pop.CCCL_generator_mixins INFO     mongo_db = CCCLGenerator, topic = CCCL/PURBACHAL/ENM_01 created 67d6910294ab09abba842935 succesfully
2025-03-16 14:51:14,478 pop.CCCL_generator_mixins INFO     mongo_db = TemporaryCCCLGenerator, topic = CCCL/PURBACHAL/ENM_01 created 67d6910294ab09abba842936 succesfully
2025-03-16 14:51:14,488 pop.CCCL_generator_mixins INFO     mongo_db = TodayCCCLGenerator, topic = CCCL/PURBACHAL/ENM_01 created 67d6910294ab09abba842937 succesfully
2025-03-16 14:51:19,082 pop.CCCL_environment_mixins INFO     mongo_db = CCCLEnvironment, topic = CCCL/PURBACHAL/ENV_01 created 67d6910794ab09abba842938 succesfully
2025-03-16 14:51:19,096 pop.CCCL_environment_mixins INFO     mongo_db = TemporaryCCCLEnvironment, topic = CCCL/PURBACHAL/ENV_01 created 67d6910794ab09abba842939 succesfully
2025-03-16 14:51:19,104 pop.CCCL_environment_mixins INFO     mongo_db = TodayCCCLEnvironment, topic = CCCL/PURBACHAL/ENV_01 created 67d6910794ab09abba84293a succesfully
2025-03-16 14:51:24,931 pop.CPM_RT_mixins INFO     mongo_db = RTModelCPM, topic = MQTT_RT_DATA created 67d6910c94ab09abba84293e succesfully
2025-03-16 14:51:24,955 pop.CPM_RT_mixins INFO     mongo_db = TemporaryRTModelCPM, topic = MQTT_RT_DATA created 67d6910c94ab09abba84293f succesfully
2025-03-16 14:51:24,973 pop.CPM_RT_mixins INFO     mongo_db = TodayRTModelCPM, topic = MQTT_RT_DATA created 67d6910c94ab09abba842940 succesfully
2025-03-16 14:51:49,380 pop.CCCL_environment_mixins INFO     mongo_db = CCCLEnvironment, topic = CCCL/PURBACHAL/ENV_01 created 67d6912594ab09abba842941 succesfully
2025-03-16 14:51:49,391 pop.CCCL_environment_mixins INFO     mongo_db = TemporaryCCCLEnvironment, topic = CCCL/PURBACHAL/ENV_01 created 67d6912594ab09abba842942 succesfully
2025-03-16 14:51:49,402 pop.CCCL_environment_mixins INFO     mongo_db = TodayCCCLEnvironment, topic = CCCL/PURBACHAL/ENV_01 created 67d6912594ab09abba842943 succesfully
2025-03-16 14:51:54,204 pop.CPM_RT_mixins INFO     mongo_db = RTModelCPM, topic = MQTT_RT_DATA created 67d6912a94ab09abba842947 succesfully
2025-03-16 14:51:54,216 pop.CPM_RT_mixins INFO     mongo_db = TemporaryRTModelCPM, topic = MQTT_RT_DATA created 67d6912a94ab09abba842948 succesfully
2025-03-16 14:51:54,227 pop.CPM_RT_mixins INFO     mongo_db = TodayRTModelCPM, topic = MQTT_RT_DATA created 67d6912a94ab09abba842949 succesfully
2025-03-16 14:52:14,469 pop.CCCL_generator_mixins INFO     mongo_db = CCCLGenerator, topic = CCCL/PURBACHAL/ENM_01 created 67d6913e94ab09abba84294a succesfully
2025-03-16 14:52:14,486 pop.CCCL_generator_mixins INFO     mongo_db = TemporaryCCCLGenerator, topic = CCCL/PURBACHAL/ENM_01 created 67d6913e94ab09abba84294b succesfully
2025-03-16 14:52:14,507 pop.CCCL_generator_mixins INFO     mongo_db = TodayCCCLGenerator, topic = CCCL/PURBACHAL/ENM_01 created 67d6913e94ab09abba84294c succesfully
2025-03-16 14:52:19,763 pop.CCCL_environment_mixins INFO     mongo_db = CCCLEnvironment, topic = CCCL/PURBACHAL/ENV_01 created 67d6914394ab09abba84294d succesfully
2025-03-16 14:52:19,786 pop.CCCL_environment_mixins INFO     mongo_db = TemporaryCCCLEnvironment, topic = CCCL/PURBACHAL/ENV_01 created 67d6914394ab09abba84294e succesfully
2025-03-16 14:52:19,795 pop.CCCL_environment_mixins INFO     mongo_db = TodayCCCLEnvironment, topic = CCCL/PURBACHAL/ENV_01 created 67d6914394ab09abba84294f succesfully
2025-03-16 14:52:50,007 pop.CCCL_environment_mixins INFO     mongo_db = CCCLEnvironment, topic = CCCL/PURBACHAL/ENV_01 created 67d6916294ab09abba842953 succesfully
2025-03-16 14:52:50,018 pop.CCCL_environment_mixins INFO     mongo_db = TemporaryCCCLEnvironment, topic = CCCL/PURBACHAL/ENV_01 created 67d6916294ab09abba842954 succesfully
2025-03-16 14:52:50,026 pop.CCCL_environment_mixins INFO     mongo_db = TodayCCCLEnvironment, topic = CCCL/PURBACHAL/ENV_01 created 67d6916294ab09abba842955 succesfully
2025-03-16 14:52:54,925 pop.CPM_RT_mixins INFO     mongo_db = RTModelCPM, topic = MQTT_RT_DATA created 67d6916694ab09abba842959 succesfully
2025-03-16 14:52:54,938 pop.CPM_RT_mixins INFO     mongo_db = TemporaryRTModelCPM, topic = MQTT_RT_DATA created 67d6916694ab09abba84295a succesfully
2025-03-16 14:52:54,950 pop.CPM_RT_mixins INFO     mongo_db = TodayRTModelCPM, topic = MQTT_RT_DATA created 67d6916694ab09abba84295b succesfully
2025-03-16 14:53:14,456 pop.CCCL_generator_mixins INFO     mongo_db = CCCLGenerator, topic = CCCL/PURBACHAL/ENM_01 created 67d6917a94ab09abba84295c succesfully
2025-03-16 14:53:14,471 pop.CCCL_generator_mixins INFO     mongo_db = TemporaryCCCLGenerator, topic = CCCL/PURBACHAL/ENM_01 created 67d6917a94ab09abba84295d succesfully
2025-03-16 14:53:14,481 pop.CCCL_generator_mixins INFO     mongo_db = TodayCCCLGenerator, topic = CCCL/PURBACHAL/ENM_01 created 67d6917a94ab09abba84295e succesfully
2025-03-16 14:53:20,322 pop.CCCL_environment_mixins INFO     mongo_db = CCCLEnvironment, topic = CCCL/PURBACHAL/ENV_01 created 67d6918094ab09abba84295f succesfully
2025-03-16 14:53:20,334 pop.CCCL_environment_mixins INFO     mongo_db = TemporaryCCCLEnvironment, topic = CCCL/PURBACHAL/ENV_01 created 67d6918094ab09abba842960 succesfully
2025-03-16 14:53:20,342 pop.CCCL_environment_mixins INFO     mongo_db = TodayCCCLEnvironment, topic = CCCL/PURBACHAL/ENV_01 created 67d6918094ab09abba842961 succesfully
2025-03-16 14:53:24,212 pop.CPM_RT_mixins INFO     mongo_db = RTModelCPM, topic = MQTT_RT_DATA created 67d6918494ab09abba842962 succesfully
2025-03-16 14:53:24,228 pop.CPM_RT_mixins INFO     mongo_db = TemporaryRTModelCPM, topic = MQTT_RT_DATA created 67d6918494ab09abba842963 succesfully
2025-03-16 14:53:24,241 pop.CPM_RT_mixins INFO     mongo_db = TodayRTModelCPM, topic = MQTT_RT_DATA created 67d6918494ab09abba842964 succesfully
2025-03-16 14:53:50,623 pop.CCCL_environment_mixins INFO     mongo_db = CCCLEnvironment, topic = CCCL/PURBACHAL/ENV_01 created 67d6919e94ab09abba842968 succesfully
2025-03-16 14:53:50,638 pop.CCCL_environment_mixins INFO     mongo_db = TemporaryCCCLEnvironment, topic = CCCL/PURBACHAL/ENV_01 created 67d6919e94ab09abba842969 succesfully
2025-03-16 14:53:50,649 pop.CCCL_environment_mixins INFO     mongo_db = TodayCCCLEnvironment, topic = CCCL/PURBACHAL/ENV_01 created 67d6919e94ab09abba84296a succesfully
2025-03-16 14:53:54,067 django.request WARNING  Unauthorized: /api/v1.0/pop/thermohygrometer-latest-data/
2025-03-16 14:53:54,416 pop.CPM_RT_mixins INFO     mongo_db = RTModelCPM, topic = MQTT_RT_DATA created 67d691a294ab09abba84296b succesfully
2025-03-16 14:53:54,476 pop.CPM_RT_mixins INFO     mongo_db = TemporaryRTModelCPM, topic = MQTT_RT_DATA created 67d691a294ab09abba84296c succesfully
2025-03-16 14:53:54,491 pop.CPM_RT_mixins INFO     mongo_db = TodayRTModelCPM, topic = MQTT_RT_DATA created 67d691a294ab09abba84296d succesfully
2025-03-16 14:54:02,301 pop.CPM_ENY_NOW_mongo_mixins INFO     mongo_db = EnyNowDataModelCPM, topic = MQTT_ENY_NOW created 67d691aa94ab09abba842971 succesfully
2025-03-16 14:54:02,308 pop.CPM_ENY_NOW_mongo_mixins INFO     mongo_db = TemporaryEnyNowDataModelCPM, topic = MQTT_ENY_NOW created 67d691aa94ab09abba842972 succesfully
2025-03-16 14:54:02,314 pop.CPM_ENY_NOW_mongo_mixins INFO     mongo_db = TodayEnyNowDataModelCPM, topic = MQTT_ENY_NOW created 67d691aa94ab09abba842973 succesfully
2025-03-16 14:54:02,323 pop.CPM_ENY_NOW_mongo_mixins INFO     mongo_db = Last7DaysEnyNowDataModelCPM, topic = MQTT_ENY_NOW created 67d691aa94ab09abba842974 succesfully
2025-03-16 14:54:14,459 pop.CCCL_generator_mixins INFO     mongo_db = CCCLGenerator, topic = CCCL/PURBACHAL/ENM_01 created 67d691b694ab09abba842975 succesfully
2025-03-16 14:54:14,476 pop.CCCL_generator_mixins INFO     mongo_db = TemporaryCCCLGenerator, topic = CCCL/PURBACHAL/ENM_01 created 67d691b694ab09abba842976 succesfully
2025-03-16 14:54:14,487 pop.CCCL_generator_mixins INFO     mongo_db = TodayCCCLGenerator, topic = CCCL/PURBACHAL/ENM_01 created 67d691b694ab09abba842977 succesfully
2025-03-16 14:54:21,034 pop.CCCL_environment_mixins INFO     mongo_db = CCCLEnvironment, topic = CCCL/PURBACHAL/ENV_01 created 67d691bd94ab09abba842978 succesfully
2025-03-16 14:54:21,047 pop.CCCL_environment_mixins INFO     mongo_db = TemporaryCCCLEnvironment, topic = CCCL/PURBACHAL/ENV_01 created 67d691bd94ab09abba842979 succesfully
2025-03-16 14:54:21,057 pop.CCCL_environment_mixins INFO     mongo_db = TodayCCCLEnvironment, topic = CCCL/PURBACHAL/ENV_01 created 67d691bd94ab09abba84297a succesfully
2025-03-16 14:54:51,356 pop.CCCL_environment_mixins INFO     mongo_db = CCCLEnvironment, topic = CCCL/PURBACHAL/ENV_01 created 67d691db94ab09abba84297e succesfully
2025-03-16 14:54:51,386 pop.CCCL_environment_mixins INFO     mongo_db = TemporaryCCCLEnvironment, topic = CCCL/PURBACHAL/ENV_01 created 67d691db94ab09abba84297f succesfully
2025-03-16 14:54:51,418 pop.CCCL_environment_mixins INFO     mongo_db = TodayCCCLEnvironment, topic = CCCL/PURBACHAL/ENV_01 created 67d691db94ab09abba842980 succesfully
2025-03-16 14:54:53,796 pop.CPM_RT_mixins INFO     mongo_db = RTModelCPM, topic = MQTT_RT_DATA created 67d691dd94ab09abba842981 succesfully
2025-03-16 14:54:53,811 pop.CPM_RT_mixins INFO     mongo_db = TemporaryRTModelCPM, topic = MQTT_RT_DATA created 67d691dd94ab09abba842982 succesfully
2025-03-16 14:54:53,831 pop.CPM_RT_mixins INFO     mongo_db = TodayRTModelCPM, topic = MQTT_RT_DATA created 67d691dd94ab09abba842983 succesfully
2025-03-16 14:55:14,433 pop.CCCL_generator_mixins INFO     mongo_db = CCCLGenerator, topic = CCCL/PURBACHAL/ENM_01 created 67d691f294ab09abba842987 succesfully
2025-03-16 14:55:14,447 pop.CCCL_generator_mixins INFO     mongo_db = TemporaryCCCLGenerator, topic = CCCL/PURBACHAL/ENM_01 created 67d691f294ab09abba842988 succesfully
2025-03-16 14:55:14,457 pop.CCCL_generator_mixins INFO     mongo_db = TodayCCCLGenerator, topic = CCCL/PURBACHAL/ENM_01 created 67d691f294ab09abba842989 succesfully
2025-03-16 14:55:21,666 pop.CCCL_environment_mixins INFO     mongo_db = CCCLEnvironment, topic = CCCL/PURBACHAL/ENV_01 created 67d691f994ab09abba84298a succesfully
2025-03-16 14:55:21,688 pop.CCCL_environment_mixins INFO     mongo_db = TemporaryCCCLEnvironment, topic = CCCL/PURBACHAL/ENV_01 created 67d691f994ab09abba84298b succesfully
2025-03-16 14:55:21,703 pop.CCCL_environment_mixins INFO     mongo_db = TodayCCCLEnvironment, topic = CCCL/PURBACHAL/ENV_01 created 67d691f994ab09abba84298c succesfully
2025-03-16 14:55:24,324 pop.CPM_RT_mixins INFO     mongo_db = RTModelCPM, topic = MQTT_RT_DATA created 67d691fc94ab09abba84298d succesfully
2025-03-16 14:55:24,338 pop.CPM_RT_mixins INFO     mongo_db = TemporaryRTModelCPM, topic = MQTT_RT_DATA created 67d691fc94ab09abba84298e succesfully
2025-03-16 14:55:24,354 pop.CPM_RT_mixins INFO     mongo_db = TodayRTModelCPM, topic = MQTT_RT_DATA created 67d691fc94ab09abba84298f succesfully
2025-03-16 14:55:51,962 pop.CCCL_environment_mixins INFO     mongo_db = CCCLEnvironment, topic = CCCL/PURBACHAL/ENV_01 created 67d6921794ab09abba842993 succesfully
2025-03-16 14:55:51,973 pop.CCCL_environment_mixins INFO     mongo_db = TemporaryCCCLEnvironment, topic = CCCL/PURBACHAL/ENV_01 created 67d6921794ab09abba842994 succesfully
2025-03-16 14:55:51,983 pop.CCCL_environment_mixins INFO     mongo_db = TodayCCCLEnvironment, topic = CCCL/PURBACHAL/ENV_01 created 67d6921794ab09abba842995 succesfully
2025-03-16 14:55:54,068 pop.CPM_RT_mixins INFO     mongo_db = RTModelCPM, topic = MQTT_RT_DATA created 67d6921a94ab09abba842996 succesfully
2025-03-16 14:55:54,082 pop.CPM_RT_mixins INFO     mongo_db = TemporaryRTModelCPM, topic = MQTT_RT_DATA created 67d6921a94ab09abba842997 succesfully
2025-03-16 14:55:54,093 pop.CPM_RT_mixins INFO     mongo_db = TodayRTModelCPM, topic = MQTT_RT_DATA created 67d6921a94ab09abba842998 succesfully
2025-03-16 14:56:14,427 pop.CCCL_generator_mixins INFO     mongo_db = CCCLGenerator, topic = CCCL/PURBACHAL/ENM_01 created 67d6922e94ab09abba84299c succesfully
2025-03-16 14:56:14,438 pop.CCCL_generator_mixins INFO     mongo_db = TemporaryCCCLGenerator, topic = CCCL/PURBACHAL/ENM_01 created 67d6922e94ab09abba84299d succesfully
2025-03-16 14:56:14,450 pop.CCCL_generator_mixins INFO     mongo_db = TodayCCCLGenerator, topic = CCCL/PURBACHAL/ENM_01 created 67d6922e94ab09abba84299e succesfully
2025-03-16 14:56:22,286 pop.CCCL_environment_mixins INFO     mongo_db = CCCLEnvironment, topic = CCCL/PURBACHAL/ENV_01 created 67d6923694ab09abba84299f succesfully
2025-03-16 14:56:22,305 pop.CCCL_environment_mixins INFO     mongo_db = TemporaryCCCLEnvironment, topic = CCCL/PURBACHAL/ENV_01 created 67d6923694ab09abba8429a0 succesfully
2025-03-16 14:56:22,317 pop.CCCL_environment_mixins INFO     mongo_db = TodayCCCLEnvironment, topic = CCCL/PURBACHAL/ENV_01 created 67d6923694ab09abba8429a1 succesfully
2025-03-16 14:56:23,919 pop.CPM_RT_mixins INFO     mongo_db = RTModelCPM, topic = MQTT_RT_DATA created 67d6923794ab09abba8429a2 succesfully
2025-03-16 14:56:23,932 pop.CPM_RT_mixins INFO     mongo_db = TemporaryRTModelCPM, topic = MQTT_RT_DATA created 67d6923794ab09abba8429a3 succesfully
2025-03-16 14:56:23,945 pop.CPM_RT_mixins INFO     mongo_db = TodayRTModelCPM, topic = MQTT_RT_DATA created 67d6923794ab09abba8429a4 succesfully
2025-03-16 14:56:52,589 pop.CCCL_environment_mixins INFO     mongo_db = CCCLEnvironment, topic = CCCL/PURBACHAL/ENV_01 created 67d6925494ab09abba8429a8 succesfully
2025-03-16 14:56:52,608 pop.CCCL_environment_mixins INFO     mongo_db = TemporaryCCCLEnvironment, topic = CCCL/PURBACHAL/ENV_01 created 67d6925494ab09abba8429a9 succesfully
2025-03-16 14:56:52,627 pop.CCCL_environment_mixins INFO     mongo_db = TodayCCCLEnvironment, topic = CCCL/PURBACHAL/ENV_01 created 67d6925494ab09abba8429aa succesfully
2025-03-16 14:56:55,097 pop.CPM_RT_mixins INFO     mongo_db = RTModelCPM, topic = MQTT_RT_DATA created 67d6925794ab09abba8429ab succesfully
2025-03-16 14:56:55,117 pop.CPM_RT_mixins INFO     mongo_db = TemporaryRTModelCPM, topic = MQTT_RT_DATA created 67d6925794ab09abba8429ac succesfully
2025-03-16 14:56:55,132 pop.CPM_RT_mixins INFO     mongo_db = TodayRTModelCPM, topic = MQTT_RT_DATA created 67d6925794ab09abba8429ad succesfully
2025-03-16 14:57:14,448 pop.CCCL_generator_mixins INFO     mongo_db = CCCLGenerator, topic = CCCL/PURBACHAL/ENM_01 created 67d6926a94ab09abba8429b1 succesfully
2025-03-16 14:57:14,463 pop.CCCL_generator_mixins INFO     mongo_db = TemporaryCCCLGenerator, topic = CCCL/PURBACHAL/ENM_01 created 67d6926a94ab09abba8429b2 succesfully
2025-03-16 14:57:14,475 pop.CCCL_generator_mixins INFO     mongo_db = TodayCCCLGenerator, topic = CCCL/PURBACHAL/ENM_01 created 67d6926a94ab09abba8429b3 succesfully
2025-03-16 14:57:22,904 pop.CCCL_environment_mixins INFO     mongo_db = CCCLEnvironment, topic = CCCL/PURBACHAL/ENV_01 created 67d6927294ab09abba8429b4 succesfully
2025-03-16 14:57:22,915 pop.CCCL_environment_mixins INFO     mongo_db = TemporaryCCCLEnvironment, topic = CCCL/PURBACHAL/ENV_01 created 67d6927294ab09abba8429b5 succesfully
2025-03-16 14:57:22,924 pop.CCCL_environment_mixins INFO     mongo_db = TodayCCCLEnvironment, topic = CCCL/PURBACHAL/ENV_01 created 67d6927294ab09abba8429b6 succesfully
2025-03-16 14:57:24,374 pop.CPM_RT_mixins INFO     mongo_db = RTModelCPM, topic = MQTT_RT_DATA created 67d6927494ab09abba8429b7 succesfully
2025-03-16 14:57:24,384 pop.CPM_RT_mixins INFO     mongo_db = TemporaryRTModelCPM, topic = MQTT_RT_DATA created 67d6927494ab09abba8429b8 succesfully
2025-03-16 14:57:24,397 pop.CPM_RT_mixins INFO     mongo_db = TodayRTModelCPM, topic = MQTT_RT_DATA created 67d6927494ab09abba8429b9 succesfully
2025-03-16 14:57:53,218 pop.CCCL_environment_mixins INFO     mongo_db = CCCLEnvironment, topic = CCCL/PURBACHAL/ENV_01 created 67d6929194ab09abba8429bd succesfully
2025-03-16 14:57:53,240 pop.CCCL_environment_mixins INFO     mongo_db = TemporaryCCCLEnvironment, topic = CCCL/PURBACHAL/ENV_01 created 67d6929194ab09abba8429be succesfully
2025-03-16 14:57:53,256 pop.CCCL_environment_mixins INFO     mongo_db = TodayCCCLEnvironment, topic = CCCL/PURBACHAL/ENV_01 created 67d6929194ab09abba8429bf succesfully
2025-03-16 14:57:53,867 pop.CPM_RT_mixins INFO     mongo_db = RTModelCPM, topic = MQTT_RT_DATA created 67d6929194ab09abba8429c0 succesfully
2025-03-16 14:57:53,878 pop.CPM_RT_mixins INFO     mongo_db = TemporaryRTModelCPM, topic = MQTT_RT_DATA created 67d6929194ab09abba8429c1 succesfully
2025-03-16 14:57:53,889 pop.CPM_RT_mixins INFO     mongo_db = TodayRTModelCPM, topic = MQTT_RT_DATA created 67d6929194ab09abba8429c2 succesfully
2025-03-16 14:58:14,449 pop.CCCL_generator_mixins INFO     mongo_db = CCCLGenerator, topic = CCCL/PURBACHAL/ENM_01 created 67d692a694ab09abba8429c6 succesfully
2025-03-16 14:58:14,468 pop.CCCL_generator_mixins INFO     mongo_db = TemporaryCCCLGenerator, topic = CCCL/PURBACHAL/ENM_01 created 67d692a694ab09abba8429c7 succesfully
2025-03-16 14:58:14,479 pop.CCCL_generator_mixins INFO     mongo_db = TodayCCCLGenerator, topic = CCCL/PURBACHAL/ENM_01 created 67d692a694ab09abba8429c8 succesfully
2025-03-16 14:58:23,535 pop.CCCL_environment_mixins INFO     mongo_db = CCCLEnvironment, topic = CCCL/PURBACHAL/ENV_01 created 67d692af94ab09abba8429c9 succesfully
2025-03-16 14:58:23,548 pop.CCCL_environment_mixins INFO     mongo_db = TemporaryCCCLEnvironment, topic = CCCL/PURBACHAL/ENV_01 created 67d692af94ab09abba8429ca succesfully
2025-03-16 14:58:23,561 pop.CCCL_environment_mixins INFO     mongo_db = TodayCCCLEnvironment, topic = CCCL/PURBACHAL/ENV_01 created 67d692af94ab09abba8429cb succesfully
2025-03-16 14:58:24,532 pop.CPM_RT_mixins INFO     mongo_db = RTModelCPM, topic = MQTT_RT_DATA created 67d692b094ab09abba8429cc succesfully
2025-03-16 14:58:24,545 pop.CPM_RT_mixins INFO     mongo_db = TemporaryRTModelCPM, topic = MQTT_RT_DATA created 67d692b094ab09abba8429cd succesfully
2025-03-16 14:58:24,555 pop.CPM_RT_mixins INFO     mongo_db = TodayRTModelCPM, topic = MQTT_RT_DATA created 67d692b094ab09abba8429ce succesfully
2025-03-16 14:58:53,858 pop.CCCL_environment_mixins INFO     mongo_db = CCCLEnvironment, topic = CCCL/PURBACHAL/ENV_01 created 67d692cd94ab09abba8429d2 succesfully
2025-03-16 14:58:53,897 pop.CCCL_environment_mixins INFO     mongo_db = TemporaryCCCLEnvironment, topic = CCCL/PURBACHAL/ENV_01 created 67d692cd94ab09abba8429d3 succesfully
2025-03-16 14:58:53,920 pop.CCCL_environment_mixins INFO     mongo_db = TodayCCCLEnvironment, topic = CCCL/PURBACHAL/ENV_01 created 67d692cd94ab09abba8429d4 succesfully
2025-03-16 14:58:54,378 pop.CPM_RT_mixins INFO     mongo_db = RTModelCPM, topic = MQTT_RT_DATA created 67d692ce94ab09abba8429d5 succesfully
2025-03-16 14:58:54,414 pop.CPM_RT_mixins INFO     mongo_db = TemporaryRTModelCPM, topic = MQTT_RT_DATA created 67d692ce94ab09abba8429d6 succesfully
2025-03-16 14:58:54,433 pop.CPM_RT_mixins INFO     mongo_db = TodayRTModelCPM, topic = MQTT_RT_DATA created 67d692ce94ab09abba8429d7 succesfully
2025-03-16 14:59:14,429 pop.CCCL_generator_mixins INFO     mongo_db = CCCLGenerator, topic = CCCL/PURBACHAL/ENM_01 created 67d692e294ab09abba8429db succesfully
2025-03-16 14:59:14,445 pop.CCCL_generator_mixins INFO     mongo_db = TemporaryCCCLGenerator, topic = CCCL/PURBACHAL/ENM_01 created 67d692e294ab09abba8429dc succesfully
2025-03-16 14:59:14,458 pop.CCCL_generator_mixins INFO     mongo_db = TodayCCCLGenerator, topic = CCCL/PURBACHAL/ENM_01 created 67d692e294ab09abba8429dd succesfully
2025-03-16 14:59:24,148 pop.CCCL_environment_mixins INFO     mongo_db = CCCLEnvironment, topic = CCCL/PURBACHAL/ENV_01 created 67d692ec94ab09abba8429de succesfully
2025-03-16 14:59:24,171 pop.CCCL_environment_mixins INFO     mongo_db = TemporaryCCCLEnvironment, topic = CCCL/PURBACHAL/ENV_01 created 67d692ec94ab09abba8429df succesfully
2025-03-16 14:59:24,202 pop.CCCL_environment_mixins INFO     mongo_db = TodayCCCLEnvironment, topic = CCCL/PURBACHAL/ENV_01 created 67d692ec94ab09abba8429e0 succesfully
2025-03-16 14:59:24,372 pop.CPM_RT_mixins INFO     mongo_db = RTModelCPM, topic = MQTT_RT_DATA created 67d692ec94ab09abba8429e1 succesfully
2025-03-16 14:59:24,388 pop.CPM_RT_mixins INFO     mongo_db = TemporaryRTModelCPM, topic = MQTT_RT_DATA created 67d692ec94ab09abba8429e2 succesfully
2025-03-16 14:59:24,415 pop.CPM_RT_mixins INFO     mongo_db = TodayRTModelCPM, topic = MQTT_RT_DATA created 67d692ec94ab09abba8429e3 succesfully
2025-03-16 14:59:54,458 pop.CCCL_environment_mixins INFO     mongo_db = CCCLEnvironment, topic = CCCL/PURBACHAL/ENV_01 created 67d6930a94ab09abba8429e7 succesfully
2025-03-16 14:59:54,469 pop.CCCL_environment_mixins INFO     mongo_db = TemporaryCCCLEnvironment, topic = CCCL/PURBACHAL/ENV_01 created 67d6930a94ab09abba8429e8 succesfully
2025-03-16 14:59:54,481 pop.CCCL_environment_mixins INFO     mongo_db = TodayCCCLEnvironment, topic = CCCL/PURBACHAL/ENV_01 created 67d6930a94ab09abba8429e9 succesfully
2025-03-16 14:59:55,177 pop.CPM_RT_mixins INFO     mongo_db = RTModelCPM, topic = MQTT_RT_DATA created 67d6930b94ab09abba8429ea succesfully
2025-03-16 14:59:55,193 pop.CPM_RT_mixins INFO     mongo_db = TemporaryRTModelCPM, topic = MQTT_RT_DATA created 67d6930b94ab09abba8429eb succesfully
2025-03-16 14:59:55,207 pop.CPM_RT_mixins INFO     mongo_db = TodayRTModelCPM, topic = MQTT_RT_DATA created 67d6930b94ab09abba8429ec succesfully
2025-03-16 15:00:14,441 pop.CCCL_generator_mixins INFO     mongo_db = CCCLGenerator, topic = CCCL/PURBACHAL/ENM_01 created 67d6931e94ab09abba8429f0 succesfully
2025-03-16 15:00:14,464 pop.CCCL_generator_mixins INFO     mongo_db = TemporaryCCCLGenerator, topic = CCCL/PURBACHAL/ENM_01 created 67d6931e94ab09abba8429f1 succesfully
2025-03-16 15:00:14,481 pop.CCCL_generator_mixins INFO     mongo_db = TodayCCCLGenerator, topic = CCCL/PURBACHAL/ENM_01 created 67d6931e94ab09abba8429f2 succesfully
2025-03-16 15:00:23,780 pop.CPM_RT_mixins INFO     mongo_db = RTModelCPM, topic = MQTT_RT_DATA created 67d6932794ab09abba8429f3 succesfully
2025-03-16 15:00:23,794 pop.CPM_RT_mixins INFO     mongo_db = TemporaryRTModelCPM, topic = MQTT_RT_DATA created 67d6932794ab09abba8429f4 succesfully
2025-03-16 15:00:23,806 pop.CPM_RT_mixins INFO     mongo_db = TodayRTModelCPM, topic = MQTT_RT_DATA created 67d6932794ab09abba8429f5 succesfully
2025-03-16 15:00:25,163 pop.CCCL_environment_mixins INFO     mongo_db = CCCLEnvironment, topic = CCCL/PURBACHAL/ENV_01 created 67d6932994ab09abba8429f6 succesfully
2025-03-16 15:00:25,177 pop.CCCL_environment_mixins INFO     mongo_db = TemporaryCCCLEnvironment, topic = CCCL/PURBACHAL/ENV_01 created 67d6932994ab09abba8429f7 succesfully
2025-03-16 15:00:25,187 pop.CCCL_environment_mixins INFO     mongo_db = TodayCCCLEnvironment, topic = CCCL/PURBACHAL/ENV_01 created 67d6932994ab09abba8429f8 succesfully
2025-03-16 15:00:53,781 pop.CPM_RT_mixins INFO     mongo_db = RTModelCPM, topic = MQTT_RT_DATA created 67d6934594ab09abba8429fc succesfully
2025-03-16 15:00:53,796 pop.CPM_RT_mixins INFO     mongo_db = TemporaryRTModelCPM, topic = MQTT_RT_DATA created 67d6934594ab09abba8429fd succesfully
2025-03-16 15:00:53,821 pop.CPM_RT_mixins INFO     mongo_db = TodayRTModelCPM, topic = MQTT_RT_DATA created 67d6934594ab09abba8429fe succesfully
2025-03-16 15:00:55,183 pop.CCCL_environment_mixins INFO     mongo_db = CCCLEnvironment, topic = CCCL/PURBACHAL/ENV_01 created 67d6934794ab09abba8429ff succesfully
2025-03-16 15:00:55,212 pop.CCCL_environment_mixins INFO     mongo_db = TemporaryCCCLEnvironment, topic = CCCL/PURBACHAL/ENV_01 created 67d6934794ab09abba842a00 succesfully
2025-03-16 15:00:55,227 pop.CCCL_environment_mixins INFO     mongo_db = TodayCCCLEnvironment, topic = CCCL/PURBACHAL/ENV_01 created 67d6934794ab09abba842a01 succesfully
2025-03-16 15:01:14,421 pop.CCCL_generator_mixins INFO     mongo_db = CCCLGenerator, topic = CCCL/PURBACHAL/ENM_01 created 67d6935a94ab09abba842a05 succesfully
2025-03-16 15:01:14,438 pop.CCCL_generator_mixins INFO     mongo_db = TemporaryCCCLGenerator, topic = CCCL/PURBACHAL/ENM_01 created 67d6935a94ab09abba842a06 succesfully
2025-03-16 15:01:14,449 pop.CCCL_generator_mixins INFO     mongo_db = TodayCCCLGenerator, topic = CCCL/PURBACHAL/ENM_01 created 67d6935a94ab09abba842a07 succesfully
2025-03-16 15:01:24,063 pop.CPM_RT_mixins INFO     mongo_db = RTModelCPM, topic = MQTT_RT_DATA created 67d6936494ab09abba842a08 succesfully
2025-03-16 15:01:24,073 pop.CPM_RT_mixins INFO     mongo_db = TemporaryRTModelCPM, topic = MQTT_RT_DATA created 67d6936494ab09abba842a09 succesfully
2025-03-16 15:01:24,086 pop.CPM_RT_mixins INFO     mongo_db = TodayRTModelCPM, topic = MQTT_RT_DATA created 67d6936494ab09abba842a0a succesfully
2025-03-16 15:01:25,595 pop.CCCL_environment_mixins INFO     mongo_db = CCCLEnvironment, topic = CCCL/PURBACHAL/ENV_01 created 67d6936594ab09abba842a0b succesfully
2025-03-16 15:01:25,618 pop.CCCL_environment_mixins INFO     mongo_db = TemporaryCCCLEnvironment, topic = CCCL/PURBACHAL/ENV_01 created 67d6936594ab09abba842a0c succesfully
2025-03-16 15:01:25,633 pop.CCCL_environment_mixins INFO     mongo_db = TodayCCCLEnvironment, topic = CCCL/PURBACHAL/ENV_01 created 67d6936594ab09abba842a0d succesfully
2025-03-16 15:01:54,236 pop.CPM_RT_mixins INFO     mongo_db = RTModelCPM, topic = MQTT_RT_DATA created 67d6938294ab09abba842a11 succesfully
2025-03-16 15:01:54,248 pop.CPM_RT_mixins INFO     mongo_db = TemporaryRTModelCPM, topic = MQTT_RT_DATA created 67d6938294ab09abba842a12 succesfully
2025-03-16 15:01:54,258 pop.CPM_RT_mixins INFO     mongo_db = TodayRTModelCPM, topic = MQTT_RT_DATA created 67d6938294ab09abba842a13 succesfully
2025-03-16 15:01:55,905 pop.CCCL_environment_mixins INFO     mongo_db = CCCLEnvironment, topic = CCCL/PURBACHAL/ENV_01 created 67d6938394ab09abba842a14 succesfully
2025-03-16 15:01:55,918 pop.CCCL_environment_mixins INFO     mongo_db = TemporaryCCCLEnvironment, topic = CCCL/PURBACHAL/ENV_01 created 67d6938394ab09abba842a15 succesfully
2025-03-16 15:01:55,927 pop.CCCL_environment_mixins INFO     mongo_db = TodayCCCLEnvironment, topic = CCCL/PURBACHAL/ENV_01 created 67d6938394ab09abba842a16 succesfully
2025-03-16 15:02:14,436 pop.CCCL_generator_mixins INFO     mongo_db = CCCLGenerator, topic = CCCL/PURBACHAL/ENM_01 created 67d6939694ab09abba842a1a succesfully
2025-03-16 15:02:14,459 pop.CCCL_generator_mixins INFO     mongo_db = TemporaryCCCLGenerator, topic = CCCL/PURBACHAL/ENM_01 created 67d6939694ab09abba842a1b succesfully
2025-03-16 15:02:14,482 pop.CCCL_generator_mixins INFO     mongo_db = TodayCCCLGenerator, topic = CCCL/PURBACHAL/ENM_01 created 67d6939694ab09abba842a1c succesfully
2025-03-16 15:02:26,201 pop.CCCL_environment_mixins INFO     mongo_db = CCCLEnvironment, topic = CCCL/PURBACHAL/ENV_01 created 67d693a294ab09abba842a1d succesfully
2025-03-16 15:02:26,208 pop.CCCL_environment_mixins INFO     mongo_db = TemporaryCCCLEnvironment, topic = CCCL/PURBACHAL/ENV_01 created 67d693a294ab09abba842a1e succesfully
2025-03-16 15:02:26,220 pop.CCCL_environment_mixins INFO     mongo_db = TodayCCCLEnvironment, topic = CCCL/PURBACHAL/ENV_01 created 67d693a294ab09abba842a1f succesfully
2025-03-16 15:02:55,215 pop.CPM_RT_mixins INFO     mongo_db = RTModelCPM, topic = MQTT_RT_DATA created 67d693bf94ab09abba842a23 succesfully
2025-03-16 15:02:55,230 pop.CPM_RT_mixins INFO     mongo_db = TemporaryRTModelCPM, topic = MQTT_RT_DATA created 67d693bf94ab09abba842a24 succesfully
2025-03-16 15:02:55,242 pop.CPM_RT_mixins INFO     mongo_db = TodayRTModelCPM, topic = MQTT_RT_DATA created 67d693bf94ab09abba842a25 succesfully
2025-03-16 15:02:56,526 pop.CCCL_environment_mixins INFO     mongo_db = CCCLEnvironment, topic = CCCL/PURBACHAL/ENV_01 created 67d693c094ab09abba842a26 succesfully
2025-03-16 15:02:56,547 pop.CCCL_environment_mixins INFO     mongo_db = TemporaryCCCLEnvironment, topic = CCCL/PURBACHAL/ENV_01 created 67d693c094ab09abba842a27 succesfully
2025-03-16 15:02:56,566 pop.CCCL_environment_mixins INFO     mongo_db = TodayCCCLEnvironment, topic = CCCL/PURBACHAL/ENV_01 created 67d693c094ab09abba842a28 succesfully
2025-03-16 15:03:14,438 pop.CCCL_generator_mixins INFO     mongo_db = CCCLGenerator, topic = CCCL/PURBACHAL/ENM_01 created 67d693d294ab09abba842a2c succesfully
2025-03-16 15:03:14,458 pop.CCCL_generator_mixins INFO     mongo_db = TemporaryCCCLGenerator, topic = CCCL/PURBACHAL/ENM_01 created 67d693d294ab09abba842a2d succesfully
2025-03-16 15:03:14,469 pop.CCCL_generator_mixins INFO     mongo_db = TodayCCCLGenerator, topic = CCCL/PURBACHAL/ENM_01 created 67d693d294ab09abba842a2e succesfully
2025-03-16 15:03:25,110 pop.CPM_RT_mixins INFO     mongo_db = RTModelCPM, topic = MQTT_RT_DATA created 67d693dd94ab09abba842a2f succesfully
2025-03-16 15:03:25,124 pop.CPM_RT_mixins INFO     mongo_db = TemporaryRTModelCPM, topic = MQTT_RT_DATA created 67d693dd94ab09abba842a30 succesfully
2025-03-16 15:03:25,135 pop.CPM_RT_mixins INFO     mongo_db = TodayRTModelCPM, topic = MQTT_RT_DATA created 67d693dd94ab09abba842a31 succesfully
2025-03-16 15:03:26,840 pop.CCCL_environment_mixins INFO     mongo_db = CCCLEnvironment, topic = CCCL/PURBACHAL/ENV_01 created 67d693de94ab09abba842a32 succesfully
2025-03-16 15:03:26,867 pop.CCCL_environment_mixins INFO     mongo_db = TemporaryCCCLEnvironment, topic = CCCL/PURBACHAL/ENV_01 created 67d693de94ab09abba842a33 succesfully
2025-03-16 15:03:26,881 pop.CCCL_environment_mixins INFO     mongo_db = TodayCCCLEnvironment, topic = CCCL/PURBACHAL/ENV_01 created 67d693de94ab09abba842a34 succesfully
2025-03-16 15:03:53,818 pop.CPM_RT_mixins INFO     mongo_db = RTModelCPM, topic = MQTT_RT_DATA created 67d693f994ab09abba842a38 succesfully
2025-03-16 15:03:53,829 pop.CPM_RT_mixins INFO     mongo_db = TemporaryRTModelCPM, topic = MQTT_RT_DATA created 67d693f994ab09abba842a39 succesfully
2025-03-16 15:03:53,840 pop.CPM_RT_mixins INFO     mongo_db = TodayRTModelCPM, topic = MQTT_RT_DATA created 67d693f994ab09abba842a3a succesfully
2025-03-16 15:03:57,150 pop.CCCL_environment_mixins INFO     mongo_db = CCCLEnvironment, topic = CCCL/PURBACHAL/ENV_01 created 67d693fd94ab09abba842a3b succesfully
2025-03-16 15:03:57,170 pop.CCCL_environment_mixins INFO     mongo_db = TemporaryCCCLEnvironment, topic = CCCL/PURBACHAL/ENV_01 created 67d693fd94ab09abba842a3c succesfully
2025-03-16 15:03:57,180 pop.CCCL_environment_mixins INFO     mongo_db = TodayCCCLEnvironment, topic = CCCL/PURBACHAL/ENV_01 created 67d693fd94ab09abba842a3d succesfully
2025-03-16 15:04:14,441 pop.CCCL_generator_mixins INFO     mongo_db = CCCLGenerator, topic = CCCL/PURBACHAL/ENM_01 created 67d6940e94ab09abba842a41 succesfully
2025-03-16 15:04:14,462 pop.CCCL_generator_mixins INFO     mongo_db = TemporaryCCCLGenerator, topic = CCCL/PURBACHAL/ENM_01 created 67d6940e94ab09abba842a42 succesfully
2025-03-16 15:04:14,483 pop.CCCL_generator_mixins INFO     mongo_db = TodayCCCLGenerator, topic = CCCL/PURBACHAL/ENM_01 created 67d6940e94ab09abba842a43 succesfully
2025-03-16 15:04:27,548 pop.CCCL_environment_mixins INFO     mongo_db = CCCLEnvironment, topic = CCCL/PURBACHAL/ENV_01 created 67d6941b94ab09abba842a44 succesfully
2025-03-16 15:04:27,562 pop.CCCL_environment_mixins INFO     mongo_db = TemporaryCCCLEnvironment, topic = CCCL/PURBACHAL/ENV_01 created 67d6941b94ab09abba842a45 succesfully
2025-03-16 15:04:27,575 pop.CCCL_environment_mixins INFO     mongo_db = TodayCCCLEnvironment, topic = CCCL/PURBACHAL/ENV_01 created 67d6941b94ab09abba842a46 succesfully
2025-03-16 15:04:53,755 pop.CPM_RT_mixins INFO     mongo_db = RTModelCPM, topic = MQTT_RT_DATA created 67d6943594ab09abba842a4a succesfully
2025-03-16 15:04:53,767 pop.CPM_RT_mixins INFO     mongo_db = TemporaryRTModelCPM, topic = MQTT_RT_DATA created 67d6943594ab09abba842a4b succesfully
2025-03-16 15:04:53,778 pop.CPM_RT_mixins INFO     mongo_db = TodayRTModelCPM, topic = MQTT_RT_DATA created 67d6943594ab09abba842a4c succesfully
2025-03-16 15:04:57,870 pop.CCCL_environment_mixins INFO     mongo_db = CCCLEnvironment, topic = CCCL/PURBACHAL/ENV_01 created 67d6943994ab09abba842a4d succesfully
2025-03-16 15:04:57,896 pop.CCCL_environment_mixins INFO     mongo_db = TemporaryCCCLEnvironment, topic = CCCL/PURBACHAL/ENV_01 created 67d6943994ab09abba842a4e succesfully
2025-03-16 15:04:57,916 pop.CCCL_environment_mixins INFO     mongo_db = TodayCCCLEnvironment, topic = CCCL/PURBACHAL/ENV_01 created 67d6943994ab09abba842a4f succesfully
2025-03-16 15:05:14,431 pop.CCCL_generator_mixins INFO     mongo_db = CCCLGenerator, topic = CCCL/PURBACHAL/ENM_01 created 67d6944a94ab09abba842a53 succesfully
2025-03-16 15:05:14,450 pop.CCCL_generator_mixins INFO     mongo_db = TemporaryCCCLGenerator, topic = CCCL/PURBACHAL/ENM_01 created 67d6944a94ab09abba842a54 succesfully
2025-03-16 15:05:14,463 pop.CCCL_generator_mixins INFO     mongo_db = TodayCCCLGenerator, topic = CCCL/PURBACHAL/ENM_01 created 67d6944a94ab09abba842a55 succesfully
2025-03-16 15:05:28,182 pop.CCCL_environment_mixins INFO     mongo_db = CCCLEnvironment, topic = CCCL/PURBACHAL/ENV_01 created 67d6945894ab09abba842a56 succesfully
2025-03-16 15:05:28,207 pop.CCCL_environment_mixins INFO     mongo_db = TemporaryCCCLEnvironment, topic = CCCL/PURBACHAL/ENV_01 created 67d6945894ab09abba842a57 succesfully
2025-03-16 15:05:28,221 pop.CCCL_environment_mixins INFO     mongo_db = TodayCCCLEnvironment, topic = CCCL/PURBACHAL/ENV_01 created 67d6945894ab09abba842a58 succesfully
2025-03-16 15:05:54,184 pop.CPM_RT_mixins INFO     mongo_db = RTModelCPM, topic = MQTT_RT_DATA created 67d6947294ab09abba842a5c succesfully
2025-03-16 15:05:54,197 pop.CPM_RT_mixins INFO     mongo_db = TemporaryRTModelCPM, topic = MQTT_RT_DATA created 67d6947294ab09abba842a5d succesfully
2025-03-16 15:05:54,213 pop.CPM_RT_mixins INFO     mongo_db = TodayRTModelCPM, topic = MQTT_RT_DATA created 67d6947294ab09abba842a5e succesfully
2025-03-16 15:05:58,497 pop.CCCL_environment_mixins INFO     mongo_db = CCCLEnvironment, topic = CCCL/PURBACHAL/ENV_01 created 67d6947694ab09abba842a5f succesfully
2025-03-16 15:05:58,514 pop.CCCL_environment_mixins INFO     mongo_db = TemporaryCCCLEnvironment, topic = CCCL/PURBACHAL/ENV_01 created 67d6947694ab09abba842a60 succesfully
2025-03-16 15:05:58,523 pop.CCCL_environment_mixins INFO     mongo_db = TodayCCCLEnvironment, topic = CCCL/PURBACHAL/ENV_01 created 67d6947694ab09abba842a61 succesfully
2025-03-16 15:06:14,429 pop.CCCL_generator_mixins INFO     mongo_db = CCCLGenerator, topic = CCCL/PURBACHAL/ENM_01 created 67d6948694ab09abba842a65 succesfully
2025-03-16 15:06:14,448 pop.CCCL_generator_mixins INFO     mongo_db = TemporaryCCCLGenerator, topic = CCCL/PURBACHAL/ENM_01 created 67d6948694ab09abba842a66 succesfully
2025-03-16 15:06:14,460 pop.CCCL_generator_mixins INFO     mongo_db = TodayCCCLGenerator, topic = CCCL/PURBACHAL/ENM_01 created 67d6948694ab09abba842a67 succesfully
2025-03-16 15:06:24,188 pop.CPM_RT_mixins INFO     mongo_db = RTModelCPM, topic = MQTT_RT_DATA created 67d6949094ab09abba842a68 succesfully
2025-03-16 15:06:24,236 pop.CPM_RT_mixins INFO     mongo_db = TemporaryRTModelCPM, topic = MQTT_RT_DATA created 67d6949094ab09abba842a69 succesfully
2025-03-16 15:06:24,271 pop.CPM_RT_mixins INFO     mongo_db = TodayRTModelCPM, topic = MQTT_RT_DATA created 67d6949094ab09abba842a6a succesfully
2025-03-16 15:06:28,802 pop.CCCL_environment_mixins INFO     mongo_db = CCCLEnvironment, topic = CCCL/PURBACHAL/ENV_01 created 67d6949494ab09abba842a6b succesfully
2025-03-16 15:06:28,818 pop.CCCL_environment_mixins INFO     mongo_db = TemporaryCCCLEnvironment, topic = CCCL/PURBACHAL/ENV_01 created 67d6949494ab09abba842a6c succesfully
2025-03-16 15:06:28,827 pop.CCCL_environment_mixins INFO     mongo_db = TodayCCCLEnvironment, topic = CCCL/PURBACHAL/ENV_01 created 67d6949494ab09abba842a6d succesfully
2025-03-16 15:06:53,944 pop.CPM_RT_mixins INFO     mongo_db = RTModelCPM, topic = MQTT_RT_DATA created 67d694ad94ab09abba842a71 succesfully
2025-03-16 15:06:53,963 pop.CPM_RT_mixins INFO     mongo_db = TemporaryRTModelCPM, topic = MQTT_RT_DATA created 67d694ad94ab09abba842a72 succesfully
2025-03-16 15:06:53,979 pop.CPM_RT_mixins INFO     mongo_db = TodayRTModelCPM, topic = MQTT_RT_DATA created 67d694ad94ab09abba842a73 succesfully
2025-03-16 15:06:59,115 pop.CCCL_environment_mixins INFO     mongo_db = CCCLEnvironment, topic = CCCL/PURBACHAL/ENV_01 created 67d694b394ab09abba842a74 succesfully
2025-03-16 15:06:59,137 pop.CCCL_environment_mixins INFO     mongo_db = TemporaryCCCLEnvironment, topic = CCCL/PURBACHAL/ENV_01 created 67d694b394ab09abba842a75 succesfully
2025-03-16 15:06:59,155 pop.CCCL_environment_mixins INFO     mongo_db = TodayCCCLEnvironment, topic = CCCL/PURBACHAL/ENV_01 created 67d694b394ab09abba842a76 succesfully
2025-03-16 15:07:14,426 pop.CCCL_generator_mixins INFO     mongo_db = CCCLGenerator, topic = CCCL/PURBACHAL/ENM_01 created 67d694c294ab09abba842a7a succesfully
2025-03-16 15:07:14,443 pop.CCCL_generator_mixins INFO     mongo_db = TemporaryCCCLGenerator, topic = CCCL/PURBACHAL/ENM_01 created 67d694c294ab09abba842a7b succesfully
2025-03-16 15:07:14,458 pop.CCCL_generator_mixins INFO     mongo_db = TodayCCCLGenerator, topic = CCCL/PURBACHAL/ENM_01 created 67d694c294ab09abba842a7c succesfully
2025-03-16 15:07:25,381 pop.CPM_RT_mixins INFO     mongo_db = RTModelCPM, topic = MQTT_RT_DATA created 67d694cd94ab09abba842a7d succesfully
2025-03-16 15:07:25,393 pop.CPM_RT_mixins INFO     mongo_db = TemporaryRTModelCPM, topic = MQTT_RT_DATA created 67d694cd94ab09abba842a7e succesfully
2025-03-16 15:07:25,404 pop.CPM_RT_mixins INFO     mongo_db = TodayRTModelCPM, topic = MQTT_RT_DATA created 67d694cd94ab09abba842a7f succesfully
2025-03-16 15:07:29,526 pop.CCCL_environment_mixins INFO     mongo_db = CCCLEnvironment, topic = CCCL/PURBACHAL/ENV_01 created 67d694d194ab09abba842a80 succesfully
2025-03-16 15:07:29,547 pop.CCCL_environment_mixins INFO     mongo_db = TemporaryCCCLEnvironment, topic = CCCL/PURBACHAL/ENV_01 created 67d694d194ab09abba842a81 succesfully
2025-03-16 15:07:29,557 pop.CCCL_environment_mixins INFO     mongo_db = TodayCCCLEnvironment, topic = CCCL/PURBACHAL/ENV_01 created 67d694d194ab09abba842a82 succesfully
2025-03-16 15:07:54,393 pop.CPM_RT_mixins INFO     mongo_db = RTModelCPM, topic = MQTT_RT_DATA created 67d694ea94ab09abba842a86 succesfully
2025-03-16 15:07:54,409 pop.CPM_RT_mixins INFO     mongo_db = TemporaryRTModelCPM, topic = MQTT_RT_DATA created 67d694ea94ab09abba842a87 succesfully
2025-03-16 15:07:54,423 pop.CPM_RT_mixins INFO     mongo_db = TodayRTModelCPM, topic = MQTT_RT_DATA created 67d694ea94ab09abba842a88 succesfully
2025-03-16 15:07:59,728 pop.CCCL_environment_mixins INFO     mongo_db = CCCLEnvironment, topic = CCCL/PURBACHAL/ENV_01 created 67d694ef94ab09abba842a89 succesfully
2025-03-16 15:07:59,738 pop.CCCL_environment_mixins INFO     mongo_db = TemporaryCCCLEnvironment, topic = CCCL/PURBACHAL/ENV_01 created 67d694ef94ab09abba842a8a succesfully
2025-03-16 15:07:59,748 pop.CCCL_environment_mixins INFO     mongo_db = TodayCCCLEnvironment, topic = CCCL/PURBACHAL/ENV_01 created 67d694ef94ab09abba842a8b succesfully
2025-03-16 15:08:14,429 pop.CCCL_generator_mixins INFO     mongo_db = CCCLGenerator, topic = CCCL/PURBACHAL/ENM_01 created 67d694fe94ab09abba842a8f succesfully
2025-03-16 15:08:14,443 pop.CCCL_generator_mixins INFO     mongo_db = TemporaryCCCLGenerator, topic = CCCL/PURBACHAL/ENM_01 created 67d694fe94ab09abba842a90 succesfully
2025-03-16 15:08:14,454 pop.CCCL_generator_mixins INFO     mongo_db = TodayCCCLGenerator, topic = CCCL/PURBACHAL/ENM_01 created 67d694fe94ab09abba842a91 succesfully
2025-03-16 15:08:24,110 pop.CPM_RT_mixins INFO     mongo_db = RTModelCPM, topic = MQTT_RT_DATA created 67d6950894ab09abba842a92 succesfully
2025-03-16 15:08:24,122 pop.CPM_RT_mixins INFO     mongo_db = TemporaryRTModelCPM, topic = MQTT_RT_DATA created 67d6950894ab09abba842a93 succesfully
2025-03-16 15:08:24,132 pop.CPM_RT_mixins INFO     mongo_db = TodayRTModelCPM, topic = MQTT_RT_DATA created 67d6950894ab09abba842a94 succesfully
2025-03-16 15:08:30,049 pop.CCCL_environment_mixins INFO     mongo_db = CCCLEnvironment, topic = CCCL/PURBACHAL/ENV_01 created 67d6950e94ab09abba842a95 succesfully
2025-03-16 15:08:30,066 pop.CCCL_environment_mixins INFO     mongo_db = TemporaryCCCLEnvironment, topic = CCCL/PURBACHAL/ENV_01 created 67d6950e94ab09abba842a96 succesfully
2025-03-16 15:08:30,077 pop.CCCL_environment_mixins INFO     mongo_db = TodayCCCLEnvironment, topic = CCCL/PURBACHAL/ENV_01 created 67d6950e94ab09abba842a97 succesfully
2025-03-16 15:08:54,934 pop.CPM_RT_mixins INFO     mongo_db = RTModelCPM, topic = MQTT_RT_DATA created 67d6952694ab09abba842a9b succesfully
2025-03-16 15:08:54,948 pop.CPM_RT_mixins INFO     mongo_db = TemporaryRTModelCPM, topic = MQTT_RT_DATA created 67d6952694ab09abba842a9c succesfully
2025-03-16 15:08:54,961 pop.CPM_RT_mixins INFO     mongo_db = TodayRTModelCPM, topic = MQTT_RT_DATA created 67d6952694ab09abba842a9d succesfully
2025-03-16 15:09:00,255 pop.CCCL_environment_mixins INFO     mongo_db = CCCLEnvironment, topic = CCCL/PURBACHAL/ENV_01 created 67d6952c94ab09abba842a9e succesfully
2025-03-16 15:09:00,271 pop.CCCL_environment_mixins INFO     mongo_db = TemporaryCCCLEnvironment, topic = CCCL/PURBACHAL/ENV_01 created 67d6952c94ab09abba842a9f succesfully
2025-03-16 15:09:00,284 pop.CCCL_environment_mixins INFO     mongo_db = TodayCCCLEnvironment, topic = CCCL/PURBACHAL/ENV_01 created 67d6952c94ab09abba842aa0 succesfully
2025-03-16 15:09:02,455 pop.CPM_ENY_NOW_mongo_mixins INFO     mongo_db = EnyNowDataModelCPM, topic = MQTT_ENY_NOW created 67d6952e94ab09abba842aa1 succesfully
2025-03-16 15:09:02,463 pop.CPM_ENY_NOW_mongo_mixins INFO     mongo_db = TemporaryEnyNowDataModelCPM, topic = MQTT_ENY_NOW created 67d6952e94ab09abba842aa2 succesfully
2025-03-16 15:09:02,468 pop.CPM_ENY_NOW_mongo_mixins INFO     mongo_db = TodayEnyNowDataModelCPM, topic = MQTT_ENY_NOW created 67d6952e94ab09abba842aa3 succesfully
2025-03-16 15:09:02,475 pop.CPM_ENY_NOW_mongo_mixins INFO     mongo_db = Last7DaysEnyNowDataModelCPM, topic = MQTT_ENY_NOW created 67d6952e94ab09abba842aa4 succesfully
2025-03-16 15:09:14,422 pop.CCCL_generator_mixins INFO     mongo_db = CCCLGenerator, topic = CCCL/PURBACHAL/ENM_01 created 67d6953a94ab09abba842aa8 succesfully
2025-03-16 15:09:14,441 pop.CCCL_generator_mixins INFO     mongo_db = TemporaryCCCLGenerator, topic = CCCL/PURBACHAL/ENM_01 created 67d6953a94ab09abba842aa9 succesfully
2025-03-16 15:09:14,452 pop.CCCL_generator_mixins INFO     mongo_db = TodayCCCLGenerator, topic = CCCL/PURBACHAL/ENM_01 created 67d6953a94ab09abba842aaa succesfully
2025-03-16 15:09:23,851 pop.CPM_RT_mixins INFO     mongo_db = RTModelCPM, topic = MQTT_RT_DATA created 67d6954394ab09abba842aab succesfully
2025-03-16 15:09:23,864 pop.CPM_RT_mixins INFO     mongo_db = TemporaryRTModelCPM, topic = MQTT_RT_DATA created 67d6954394ab09abba842aac succesfully
2025-03-16 15:09:23,878 pop.CPM_RT_mixins INFO     mongo_db = TodayRTModelCPM, topic = MQTT_RT_DATA created 67d6954394ab09abba842aad succesfully
2025-03-16 15:09:30,568 pop.CCCL_environment_mixins INFO     mongo_db = CCCLEnvironment, topic = CCCL/PURBACHAL/ENV_01 created 67d6954a94ab09abba842aae succesfully
2025-03-16 15:09:30,579 pop.CCCL_environment_mixins INFO     mongo_db = TemporaryCCCLEnvironment, topic = CCCL/PURBACHAL/ENV_01 created 67d6954a94ab09abba842aaf succesfully
2025-03-16 15:09:30,587 pop.CCCL_environment_mixins INFO     mongo_db = TodayCCCLEnvironment, topic = CCCL/PURBACHAL/ENV_01 created 67d6954a94ab09abba842ab0 succesfully
2025-03-16 15:09:54,857 pop.CPM_RT_mixins INFO     mongo_db = RTModelCPM, topic = MQTT_RT_DATA created 67d6956294ab09abba842ab4 succesfully
2025-03-16 15:09:54,881 pop.CPM_RT_mixins INFO     mongo_db = TemporaryRTModelCPM, topic = MQTT_RT_DATA created 67d6956294ab09abba842ab5 succesfully
2025-03-16 15:09:54,917 pop.CPM_RT_mixins INFO     mongo_db = TodayRTModelCPM, topic = MQTT_RT_DATA created 67d6956294ab09abba842ab6 succesfully
2025-03-16 15:10:00,867 pop.CCCL_environment_mixins INFO     mongo_db = CCCLEnvironment, topic = CCCL/PURBACHAL/ENV_01 created 67d6956894ab09abba842ab7 succesfully
2025-03-16 15:10:00,882 pop.CCCL_environment_mixins INFO     mongo_db = TemporaryCCCLEnvironment, topic = CCCL/PURBACHAL/ENV_01 created 67d6956894ab09abba842ab8 succesfully
2025-03-16 15:10:00,894 pop.CCCL_environment_mixins INFO     mongo_db = TodayCCCLEnvironment, topic = CCCL/PURBACHAL/ENV_01 created 67d6956894ab09abba842ab9 succesfully
2025-03-16 15:10:14,412 pop.CCCL_generator_mixins INFO     mongo_db = CCCLGenerator, topic = CCCL/PURBACHAL/ENM_01 created 67d6957694ab09abba842abd succesfully
2025-03-16 15:10:14,423 pop.CCCL_generator_mixins INFO     mongo_db = TemporaryCCCLGenerator, topic = CCCL/PURBACHAL/ENM_01 created 67d6957694ab09abba842abe succesfully
2025-03-16 15:10:14,437 pop.CCCL_generator_mixins INFO     mongo_db = TodayCCCLGenerator, topic = CCCL/PURBACHAL/ENM_01 created 67d6957694ab09abba842abf succesfully
2025-03-16 15:10:24,997 pop.CPM_RT_mixins INFO     mongo_db = RTModelCPM, topic = MQTT_RT_DATA created 67d6958094ab09abba842ac0 succesfully
2025-03-16 15:10:25,008 pop.CPM_RT_mixins INFO     mongo_db = TemporaryRTModelCPM, topic = MQTT_RT_DATA created 67d6958194ab09abba842ac1 succesfully
2025-03-16 15:10:25,019 pop.CPM_RT_mixins INFO     mongo_db = TodayRTModelCPM, topic = MQTT_RT_DATA created 67d6958194ab09abba842ac2 succesfully
2025-03-16 15:10:31,715 pop.CCCL_environment_mixins INFO     mongo_db = CCCLEnvironment, topic = CCCL/PURBACHAL/ENV_01 created 67d6958794ab09abba842ac3 succesfully
2025-03-16 15:10:31,735 pop.CCCL_environment_mixins INFO     mongo_db = TemporaryCCCLEnvironment, topic = CCCL/PURBACHAL/ENV_01 created 67d6958794ab09abba842ac4 succesfully
2025-03-16 15:10:31,745 pop.CCCL_environment_mixins INFO     mongo_db = TodayCCCLEnvironment, topic = CCCL/PURBACHAL/ENV_01 created 67d6958794ab09abba842ac5 succesfully
2025-03-16 15:10:55,015 pop.CPM_RT_mixins INFO     mongo_db = RTModelCPM, topic = MQTT_RT_DATA created 67d6959f94ab09abba842ac9 succesfully
2025-03-16 15:10:55,026 pop.CPM_RT_mixins INFO     mongo_db = TemporaryRTModelCPM, topic = MQTT_RT_DATA created 67d6959f94ab09abba842aca succesfully
2025-03-16 15:10:55,041 pop.CPM_RT_mixins INFO     mongo_db = TodayRTModelCPM, topic = MQTT_RT_DATA created 67d6959f94ab09abba842acb succesfully
2025-03-16 15:11:01,719 pop.CCCL_environment_mixins INFO     mongo_db = CCCLEnvironment, topic = CCCL/PURBACHAL/ENV_01 created 67d695a594ab09abba842acc succesfully
2025-03-16 15:11:01,746 pop.CCCL_environment_mixins INFO     mongo_db = TemporaryCCCLEnvironment, topic = CCCL/PURBACHAL/ENV_01 created 67d695a594ab09abba842acd succesfully
2025-03-16 15:11:01,761 pop.CCCL_environment_mixins INFO     mongo_db = TodayCCCLEnvironment, topic = CCCL/PURBACHAL/ENV_01 created 67d695a594ab09abba842ace succesfully
2025-03-16 15:11:14,438 pop.CCCL_generator_mixins INFO     mongo_db = CCCLGenerator, topic = CCCL/PURBACHAL/ENM_01 created 67d695b294ab09abba842ad2 succesfully
2025-03-16 15:11:14,459 pop.CCCL_generator_mixins INFO     mongo_db = TemporaryCCCLGenerator, topic = CCCL/PURBACHAL/ENM_01 created 67d695b294ab09abba842ad3 succesfully
2025-03-16 15:11:14,477 pop.CCCL_generator_mixins INFO     mongo_db = TodayCCCLGenerator, topic = CCCL/PURBACHAL/ENM_01 created 67d695b294ab09abba842ad4 succesfully
2025-03-16 15:11:24,305 pop.CPM_RT_mixins INFO     mongo_db = RTModelCPM, topic = MQTT_RT_DATA created 67d695bc94ab09abba842ad5 succesfully
2025-03-16 15:11:24,318 pop.CPM_RT_mixins INFO     mongo_db = TemporaryRTModelCPM, topic = MQTT_RT_DATA created 67d695bc94ab09abba842ad6 succesfully
2025-03-16 15:11:24,327 pop.CPM_RT_mixins INFO     mongo_db = TodayRTModelCPM, topic = MQTT_RT_DATA created 67d695bc94ab09abba842ad7 succesfully
2025-03-16 15:11:32,135 pop.CCCL_environment_mixins INFO     mongo_db = CCCLEnvironment, topic = CCCL/PURBACHAL/ENV_01 created 67d695c494ab09abba842ad8 succesfully
2025-03-16 15:11:32,168 pop.CCCL_environment_mixins INFO     mongo_db = TemporaryCCCLEnvironment, topic = CCCL/PURBACHAL/ENV_01 created 67d695c494ab09abba842ad9 succesfully
2025-03-16 15:11:32,185 pop.CCCL_environment_mixins INFO     mongo_db = TodayCCCLEnvironment, topic = CCCL/PURBACHAL/ENV_01 created 67d695c494ab09abba842ada succesfully
2025-03-16 15:11:54,829 pop.CPM_RT_mixins INFO     mongo_db = RTModelCPM, topic = MQTT_RT_DATA created 67d695da94ab09abba842ade succesfully
2025-03-16 15:11:54,841 pop.CPM_RT_mixins INFO     mongo_db = TemporaryRTModelCPM, topic = MQTT_RT_DATA created 67d695da94ab09abba842adf succesfully
2025-03-16 15:11:54,852 pop.CPM_RT_mixins INFO     mongo_db = TodayRTModelCPM, topic = MQTT_RT_DATA created 67d695da94ab09abba842ae0 succesfully
2025-03-16 15:12:02,445 pop.CCCL_environment_mixins INFO     mongo_db = CCCLEnvironment, topic = CCCL/PURBACHAL/ENV_01 created 67d695e294ab09abba842ae1 succesfully
2025-03-16 15:12:02,471 pop.CCCL_environment_mixins INFO     mongo_db = TemporaryCCCLEnvironment, topic = CCCL/PURBACHAL/ENV_01 created 67d695e294ab09abba842ae2 succesfully
2025-03-16 15:12:02,487 pop.CCCL_environment_mixins INFO     mongo_db = TodayCCCLEnvironment, topic = CCCL/PURBACHAL/ENV_01 created 67d695e294ab09abba842ae3 succesfully
2025-03-16 15:12:14,444 pop.CCCL_generator_mixins INFO     mongo_db = CCCLGenerator, topic = CCCL/PURBACHAL/ENM_01 created 67d695ee94ab09abba842ae7 succesfully
2025-03-16 15:12:14,459 pop.CCCL_generator_mixins INFO     mongo_db = TemporaryCCCLGenerator, topic = CCCL/PURBACHAL/ENM_01 created 67d695ee94ab09abba842ae8 succesfully
2025-03-16 15:12:14,469 pop.CCCL_generator_mixins INFO     mongo_db = TodayCCCLGenerator, topic = CCCL/PURBACHAL/ENM_01 created 67d695ee94ab09abba842ae9 succesfully
2025-03-16 15:12:25,013 pop.CPM_RT_mixins INFO     mongo_db = RTModelCPM, topic = MQTT_RT_DATA created 67d695f994ab09abba842aea succesfully
2025-03-16 15:12:25,024 pop.CPM_RT_mixins INFO     mongo_db = TemporaryRTModelCPM, topic = MQTT_RT_DATA created 67d695f994ab09abba842aeb succesfully
2025-03-16 15:12:25,036 pop.CPM_RT_mixins INFO     mongo_db = TodayRTModelCPM, topic = MQTT_RT_DATA created 67d695f994ab09abba842aec succesfully
2025-03-16 15:12:32,771 pop.CCCL_environment_mixins INFO     mongo_db = CCCLEnvironment, topic = CCCL/PURBACHAL/ENV_01 created 67d6960094ab09abba842aed succesfully
2025-03-16 15:12:32,785 pop.CCCL_environment_mixins INFO     mongo_db = TemporaryCCCLEnvironment, topic = CCCL/PURBACHAL/ENV_01 created 67d6960094ab09abba842aee succesfully
2025-03-16 15:12:32,794 pop.CCCL_environment_mixins INFO     mongo_db = TodayCCCLEnvironment, topic = CCCL/PURBACHAL/ENV_01 created 67d6960094ab09abba842aef succesfully
2025-03-16 15:12:54,207 pop.CPM_RT_mixins INFO     mongo_db = RTModelCPM, topic = MQTT_RT_DATA created 67d6961694ab09abba842af3 succesfully
2025-03-16 15:12:54,223 pop.CPM_RT_mixins INFO     mongo_db = TemporaryRTModelCPM, topic = MQTT_RT_DATA created 67d6961694ab09abba842af4 succesfully
2025-03-16 15:12:54,235 pop.CPM_RT_mixins INFO     mongo_db = TodayRTModelCPM, topic = MQTT_RT_DATA created 67d6961694ab09abba842af5 succesfully
2025-03-16 15:13:03,064 pop.CCCL_environment_mixins INFO     mongo_db = CCCLEnvironment, topic = CCCL/PURBACHAL/ENV_01 created 67d6961f94ab09abba842af6 succesfully
2025-03-16 15:13:03,073 pop.CCCL_environment_mixins INFO     mongo_db = TemporaryCCCLEnvironment, topic = CCCL/PURBACHAL/ENV_01 created 67d6961f94ab09abba842af7 succesfully
2025-03-16 15:13:03,082 pop.CCCL_environment_mixins INFO     mongo_db = TodayCCCLEnvironment, topic = CCCL/PURBACHAL/ENV_01 created 67d6961f94ab09abba842af8 succesfully
2025-03-16 15:13:14,450 pop.CCCL_generator_mixins INFO     mongo_db = CCCLGenerator, topic = CCCL/PURBACHAL/ENM_01 created 67d6962a94ab09abba842afc succesfully
2025-03-16 15:13:14,467 pop.CCCL_generator_mixins INFO     mongo_db = TemporaryCCCLGenerator, topic = CCCL/PURBACHAL/ENM_01 created 67d6962a94ab09abba842afd succesfully
2025-03-16 15:13:14,484 pop.CCCL_generator_mixins INFO     mongo_db = TodayCCCLGenerator, topic = CCCL/PURBACHAL/ENM_01 created 67d6962a94ab09abba842afe succesfully
2025-03-16 15:13:25,048 pop.CPM_RT_mixins INFO     mongo_db = RTModelCPM, topic = MQTT_RT_DATA created 67d6963594ab09abba842aff succesfully
2025-03-16 15:13:25,060 pop.CPM_RT_mixins INFO     mongo_db = TemporaryRTModelCPM, topic = MQTT_RT_DATA created 67d6963594ab09abba842b00 succesfully
2025-03-16 15:13:25,071 pop.CPM_RT_mixins INFO     mongo_db = TodayRTModelCPM, topic = MQTT_RT_DATA created 67d6963594ab09abba842b01 succesfully
2025-03-16 15:13:33,388 pop.CCCL_environment_mixins INFO     mongo_db = CCCLEnvironment, topic = CCCL/PURBACHAL/ENV_01 created 67d6963d94ab09abba842b02 succesfully
2025-03-16 15:13:33,409 pop.CCCL_environment_mixins INFO     mongo_db = TemporaryCCCLEnvironment, topic = CCCL/PURBACHAL/ENV_01 created 67d6963d94ab09abba842b03 succesfully
2025-03-16 15:13:33,423 pop.CCCL_environment_mixins INFO     mongo_db = TodayCCCLEnvironment, topic = CCCL/PURBACHAL/ENV_01 created 67d6963d94ab09abba842b04 succesfully
2025-03-16 15:13:54,132 pop.CPM_RT_mixins INFO     mongo_db = RTModelCPM, topic = MQTT_RT_DATA created 67d6965294ab09abba842b08 succesfully
2025-03-16 15:13:54,143 pop.CPM_RT_mixins INFO     mongo_db = TemporaryRTModelCPM, topic = MQTT_RT_DATA created 67d6965294ab09abba842b09 succesfully
2025-03-16 15:13:54,158 pop.CPM_RT_mixins INFO     mongo_db = TodayRTModelCPM, topic = MQTT_RT_DATA created 67d6965294ab09abba842b0a succesfully
2025-03-16 15:14:03,696 pop.CCCL_environment_mixins INFO     mongo_db = CCCLEnvironment, topic = CCCL/PURBACHAL/ENV_01 created 67d6965b94ab09abba842b0b succesfully
2025-03-16 15:14:03,706 pop.CCCL_environment_mixins INFO     mongo_db = TemporaryCCCLEnvironment, topic = CCCL/PURBACHAL/ENV_01 created 67d6965b94ab09abba842b0c succesfully
2025-03-16 15:14:03,715 pop.CCCL_environment_mixins INFO     mongo_db = TodayCCCLEnvironment, topic = CCCL/PURBACHAL/ENV_01 created 67d6965b94ab09abba842b0d succesfully
2025-03-16 15:14:14,435 pop.CCCL_generator_mixins INFO     mongo_db = CCCLGenerator, topic = CCCL/PURBACHAL/ENM_01 created 67d6966694ab09abba842b0e succesfully
2025-03-16 15:14:14,450 pop.CCCL_generator_mixins INFO     mongo_db = TemporaryCCCLGenerator, topic = CCCL/PURBACHAL/ENM_01 created 67d6966694ab09abba842b0f succesfully
2025-03-16 15:14:14,462 pop.CCCL_generator_mixins INFO     mongo_db = TodayCCCLGenerator, topic = CCCL/PURBACHAL/ENM_01 created 67d6966694ab09abba842b10 succesfully
2025-03-16 15:14:34,017 pop.CCCL_environment_mixins INFO     mongo_db = CCCLEnvironment, topic = CCCL/PURBACHAL/ENV_01 created 67d6967a94ab09abba842b14 succesfully
2025-03-16 15:14:34,038 pop.CCCL_environment_mixins INFO     mongo_db = TemporaryCCCLEnvironment, topic = CCCL/PURBACHAL/ENV_01 created 67d6967a94ab09abba842b15 succesfully
2025-03-16 15:14:34,052 pop.CCCL_environment_mixins INFO     mongo_db = TodayCCCLEnvironment, topic = CCCL/PURBACHAL/ENV_01 created 67d6967a94ab09abba842b16 succesfully
2025-03-16 15:14:53,873 pop.CPM_RT_mixins INFO     mongo_db = RTModelCPM, topic = MQTT_RT_DATA created 67d6968d94ab09abba842b1a succesfully
2025-03-16 15:14:53,889 pop.CPM_RT_mixins INFO     mongo_db = TemporaryRTModelCPM, topic = MQTT_RT_DATA created 67d6968d94ab09abba842b1b succesfully
2025-03-16 15:14:53,901 pop.CPM_RT_mixins INFO     mongo_db = TodayRTModelCPM, topic = MQTT_RT_DATA created 67d6968d94ab09abba842b1c succesfully
2025-03-16 15:15:04,332 pop.CCCL_environment_mixins INFO     mongo_db = CCCLEnvironment, topic = CCCL/PURBACHAL/ENV_01 created 67d6969894ab09abba842b1d succesfully
2025-03-16 15:15:04,349 pop.CCCL_environment_mixins INFO     mongo_db = TemporaryCCCLEnvironment, topic = CCCL/PURBACHAL/ENV_01 created 67d6969894ab09abba842b1e succesfully
2025-03-16 15:15:04,358 pop.CCCL_environment_mixins INFO     mongo_db = TodayCCCLEnvironment, topic = CCCL/PURBACHAL/ENV_01 created 67d6969894ab09abba842b1f succesfully
2025-03-16 15:15:14,443 pop.CCCL_generator_mixins INFO     mongo_db = CCCLGenerator, topic = CCCL/PURBACHAL/ENM_01 created 67d696a294ab09abba842b20 succesfully
2025-03-16 15:15:14,468 pop.CCCL_generator_mixins INFO     mongo_db = TemporaryCCCLGenerator, topic = CCCL/PURBACHAL/ENM_01 created 67d696a294ab09abba842b21 succesfully
2025-03-16 15:15:14,498 pop.CCCL_generator_mixins INFO     mongo_db = TodayCCCLGenerator, topic = CCCL/PURBACHAL/ENM_01 created 67d696a294ab09abba842b22 succesfully
2025-03-16 15:15:25,169 pop.CPM_RT_mixins INFO     mongo_db = RTModelCPM, topic = MQTT_RT_DATA created 67d696ad94ab09abba842b26 succesfully
2025-03-16 15:15:25,179 pop.CPM_RT_mixins INFO     mongo_db = TemporaryRTModelCPM, topic = MQTT_RT_DATA created 67d696ad94ab09abba842b27 succesfully
2025-03-16 15:15:25,192 pop.CPM_RT_mixins INFO     mongo_db = TodayRTModelCPM, topic = MQTT_RT_DATA created 67d696ad94ab09abba842b28 succesfully
2025-03-16 15:15:34,647 pop.CCCL_environment_mixins INFO     mongo_db = CCCLEnvironment, topic = CCCL/PURBACHAL/ENV_01 created 67d696b694ab09abba842b29 succesfully
2025-03-16 15:15:34,660 pop.CCCL_environment_mixins INFO     mongo_db = TemporaryCCCLEnvironment, topic = CCCL/PURBACHAL/ENV_01 created 67d696b694ab09abba842b2a succesfully
2025-03-16 15:15:34,670 pop.CCCL_environment_mixins INFO     mongo_db = TodayCCCLEnvironment, topic = CCCL/PURBACHAL/ENV_01 created 67d696b694ab09abba842b2b succesfully
2025-03-16 15:15:55,206 pop.CPM_RT_mixins INFO     mongo_db = RTModelCPM, topic = MQTT_RT_DATA created 67d696cb94ab09abba842b2f succesfully
2025-03-16 15:15:55,221 pop.CPM_RT_mixins INFO     mongo_db = TemporaryRTModelCPM, topic = MQTT_RT_DATA created 67d696cb94ab09abba842b30 succesfully
2025-03-16 15:15:55,232 pop.CPM_RT_mixins INFO     mongo_db = TodayRTModelCPM, topic = MQTT_RT_DATA created 67d696cb94ab09abba842b31 succesfully
2025-03-16 15:16:04,955 pop.CCCL_environment_mixins INFO     mongo_db = CCCLEnvironment, topic = CCCL/PURBACHAL/ENV_01 created 67d696d494ab09abba842b32 succesfully
2025-03-16 15:16:04,979 pop.CCCL_environment_mixins INFO     mongo_db = TemporaryCCCLEnvironment, topic = CCCL/PURBACHAL/ENV_01 created 67d696d494ab09abba842b33 succesfully
2025-03-16 15:16:05,001 pop.CCCL_environment_mixins INFO     mongo_db = TodayCCCLEnvironment, topic = CCCL/PURBACHAL/ENV_01 created 67d696d594ab09abba842b34 succesfully
2025-03-16 15:16:14,476 pop.CCCL_generator_mixins INFO     mongo_db = CCCLGenerator, topic = CCCL/PURBACHAL/ENM_01 created 67d696de94ab09abba842b35 succesfully
2025-03-16 15:16:14,488 pop.CCCL_generator_mixins INFO     mongo_db = TemporaryCCCLGenerator, topic = CCCL/PURBACHAL/ENM_01 created 67d696de94ab09abba842b36 succesfully
2025-03-16 15:16:14,498 pop.CCCL_generator_mixins INFO     mongo_db = TodayCCCLGenerator, topic = CCCL/PURBACHAL/ENM_01 created 67d696de94ab09abba842b37 succesfully
2025-03-16 15:16:24,397 pop.CPM_RT_mixins INFO     mongo_db = RTModelCPM, topic = MQTT_RT_DATA created 67d696e894ab09abba842b3b succesfully
2025-03-16 15:16:24,408 pop.CPM_RT_mixins INFO     mongo_db = TemporaryRTModelCPM, topic = MQTT_RT_DATA created 67d696e894ab09abba842b3c succesfully
2025-03-16 15:16:24,419 pop.CPM_RT_mixins INFO     mongo_db = TodayRTModelCPM, topic = MQTT_RT_DATA created 67d696e894ab09abba842b3d succesfully
2025-03-16 15:16:35,372 pop.CCCL_environment_mixins INFO     mongo_db = CCCLEnvironment, topic = CCCL/PURBACHAL/ENV_01 created 67d696f394ab09abba842b3e succesfully
2025-03-16 15:16:35,398 pop.CCCL_environment_mixins INFO     mongo_db = TemporaryCCCLEnvironment, topic = CCCL/PURBACHAL/ENV_01 created 67d696f394ab09abba842b3f succesfully
2025-03-16 15:16:35,414 pop.CCCL_environment_mixins INFO     mongo_db = TodayCCCLEnvironment, topic = CCCL/PURBACHAL/ENV_01 created 67d696f394ab09abba842b40 succesfully
2025-03-16 15:16:54,255 pop.CPM_RT_mixins INFO     mongo_db = RTModelCPM, topic = MQTT_RT_DATA created 67d6970694ab09abba842b44 succesfully
2025-03-16 15:16:54,271 pop.CPM_RT_mixins INFO     mongo_db = TemporaryRTModelCPM, topic = MQTT_RT_DATA created 67d6970694ab09abba842b45 succesfully
2025-03-16 15:16:54,283 pop.CPM_RT_mixins INFO     mongo_db = TodayRTModelCPM, topic = MQTT_RT_DATA created 67d6970694ab09abba842b46 succesfully
2025-03-16 15:17:05,684 pop.CCCL_environment_mixins INFO     mongo_db = CCCLEnvironment, topic = CCCL/PURBACHAL/ENV_01 created 67d6971194ab09abba842b47 succesfully
2025-03-16 15:17:05,700 pop.CCCL_environment_mixins INFO     mongo_db = TemporaryCCCLEnvironment, topic = CCCL/PURBACHAL/ENV_01 created 67d6971194ab09abba842b48 succesfully
2025-03-16 15:17:05,708 pop.CCCL_environment_mixins INFO     mongo_db = TodayCCCLEnvironment, topic = CCCL/PURBACHAL/ENV_01 created 67d6971194ab09abba842b49 succesfully
2025-03-16 15:17:14,466 pop.CCCL_generator_mixins INFO     mongo_db = CCCLGenerator, topic = CCCL/PURBACHAL/ENM_01 created 67d6971a94ab09abba842b4a succesfully
2025-03-16 15:17:14,485 pop.CCCL_generator_mixins INFO     mongo_db = TemporaryCCCLGenerator, topic = CCCL/PURBACHAL/ENM_01 created 67d6971a94ab09abba842b4b succesfully
2025-03-16 15:17:14,497 pop.CCCL_generator_mixins INFO     mongo_db = TodayCCCLGenerator, topic = CCCL/PURBACHAL/ENM_01 created 67d6971a94ab09abba842b4c succesfully
2025-03-16 15:17:25,413 pop.CPM_RT_mixins INFO     mongo_db = RTModelCPM, topic = MQTT_RT_DATA created 67d6972594ab09abba842b50 succesfully
2025-03-16 15:17:25,426 pop.CPM_RT_mixins INFO     mongo_db = TemporaryRTModelCPM, topic = MQTT_RT_DATA created 67d6972594ab09abba842b51 succesfully
2025-03-16 15:17:25,436 pop.CPM_RT_mixins INFO     mongo_db = TodayRTModelCPM, topic = MQTT_RT_DATA created 67d6972594ab09abba842b52 succesfully
2025-03-16 15:17:36,103 pop.CCCL_environment_mixins INFO     mongo_db = CCCLEnvironment, topic = CCCL/PURBACHAL/ENV_01 created 67d6973094ab09abba842b53 succesfully
2025-03-16 15:17:36,122 pop.CCCL_environment_mixins INFO     mongo_db = TemporaryCCCLEnvironment, topic = CCCL/PURBACHAL/ENV_01 created 67d6973094ab09abba842b54 succesfully
2025-03-16 15:17:36,139 pop.CCCL_environment_mixins INFO     mongo_db = TodayCCCLEnvironment, topic = CCCL/PURBACHAL/ENV_01 created 67d6973094ab09abba842b55 succesfully
2025-03-16 15:17:55,678 pop.CPM_RT_mixins INFO     mongo_db = RTModelCPM, topic = MQTT_RT_DATA created 67d6974394ab09abba842b59 succesfully
2025-03-16 15:17:55,694 pop.CPM_RT_mixins INFO     mongo_db = TemporaryRTModelCPM, topic = MQTT_RT_DATA created 67d6974394ab09abba842b5a succesfully
2025-03-16 15:17:55,708 pop.CPM_RT_mixins INFO     mongo_db = TodayRTModelCPM, topic = MQTT_RT_DATA created 67d6974394ab09abba842b5b succesfully
2025-03-16 15:18:06,413 pop.CCCL_environment_mixins INFO     mongo_db = CCCLEnvironment, topic = CCCL/PURBACHAL/ENV_01 created 67d6974e94ab09abba842b5c succesfully
2025-03-16 15:18:06,435 pop.CCCL_environment_mixins INFO     mongo_db = TemporaryCCCLEnvironment, topic = CCCL/PURBACHAL/ENV_01 created 67d6974e94ab09abba842b5d succesfully
2025-03-16 15:18:06,445 pop.CCCL_environment_mixins INFO     mongo_db = TodayCCCLEnvironment, topic = CCCL/PURBACHAL/ENV_01 created 67d6974e94ab09abba842b5e succesfully
2025-03-16 15:18:14,464 pop.CCCL_generator_mixins INFO     mongo_db = CCCLGenerator, topic = CCCL/PURBACHAL/ENM_01 created 67d6975694ab09abba842b5f succesfully
2025-03-16 15:18:14,486 pop.CCCL_generator_mixins INFO     mongo_db = TemporaryCCCLGenerator, topic = CCCL/PURBACHAL/ENM_01 created 67d6975694ab09abba842b60 succesfully
2025-03-16 15:18:14,515 pop.CCCL_generator_mixins INFO     mongo_db = TodayCCCLGenerator, topic = CCCL/PURBACHAL/ENM_01 created 67d6975694ab09abba842b61 succesfully
2025-03-16 15:18:23,957 pop.CPM_RT_mixins INFO     mongo_db = RTModelCPM, topic = MQTT_RT_DATA created 67d6975f94ab09abba842b65 succesfully
2025-03-16 15:18:23,969 pop.CPM_RT_mixins INFO     mongo_db = TemporaryRTModelCPM, topic = MQTT_RT_DATA created 67d6975f94ab09abba842b66 succesfully
2025-03-16 15:18:23,980 pop.CPM_RT_mixins INFO     mongo_db = TodayRTModelCPM, topic = MQTT_RT_DATA created 67d6975f94ab09abba842b67 succesfully
2025-03-16 15:18:36,717 pop.CCCL_environment_mixins INFO     mongo_db = CCCLEnvironment, topic = CCCL/PURBACHAL/ENV_01 created 67d6976c94ab09abba842b68 succesfully
2025-03-16 15:18:36,732 pop.CCCL_environment_mixins INFO     mongo_db = TemporaryCCCLEnvironment, topic = CCCL/PURBACHAL/ENV_01 created 67d6976c94ab09abba842b69 succesfully
2025-03-16 15:18:36,745 pop.CCCL_environment_mixins INFO     mongo_db = TodayCCCLEnvironment, topic = CCCL/PURBACHAL/ENV_01 created 67d6976c94ab09abba842b6a succesfully
2025-03-16 15:18:54,294 pop.CPM_RT_mixins INFO     mongo_db = RTModelCPM, topic = MQTT_RT_DATA created 67d6977e94ab09abba842b6e succesfully
2025-03-16 15:18:54,305 pop.CPM_RT_mixins INFO     mongo_db = TemporaryRTModelCPM, topic = MQTT_RT_DATA created 67d6977e94ab09abba842b6f succesfully
2025-03-16 15:18:54,315 pop.CPM_RT_mixins INFO     mongo_db = TodayRTModelCPM, topic = MQTT_RT_DATA created 67d6977e94ab09abba842b70 succesfully
2025-03-16 15:19:07,038 pop.CCCL_environment_mixins INFO     mongo_db = CCCLEnvironment, topic = CCCL/PURBACHAL/ENV_01 created 67d6978b94ab09abba842b71 succesfully
2025-03-16 15:19:07,063 pop.CCCL_environment_mixins INFO     mongo_db = TemporaryCCCLEnvironment, topic = CCCL/PURBACHAL/ENV_01 created 67d6978b94ab09abba842b72 succesfully
2025-03-16 15:19:07,074 pop.CCCL_environment_mixins INFO     mongo_db = TodayCCCLEnvironment, topic = CCCL/PURBACHAL/ENV_01 created 67d6978b94ab09abba842b73 succesfully
2025-03-16 15:19:14,470 pop.CCCL_generator_mixins INFO     mongo_db = CCCLGenerator, topic = CCCL/PURBACHAL/ENM_01 created 67d6979294ab09abba842b74 succesfully
2025-03-16 15:19:14,487 pop.CCCL_generator_mixins INFO     mongo_db = TemporaryCCCLGenerator, topic = CCCL/PURBACHAL/ENM_01 created 67d6979294ab09abba842b75 succesfully
2025-03-16 15:19:14,498 pop.CCCL_generator_mixins INFO     mongo_db = TodayCCCLGenerator, topic = CCCL/PURBACHAL/ENM_01 created 67d6979294ab09abba842b76 succesfully
2025-03-16 15:19:24,375 pop.CPM_RT_mixins INFO     mongo_db = RTModelCPM, topic = MQTT_RT_DATA created 67d6979c94ab09abba842b7a succesfully
2025-03-16 15:19:24,386 pop.CPM_RT_mixins INFO     mongo_db = TemporaryRTModelCPM, topic = MQTT_RT_DATA created 67d6979c94ab09abba842b7b succesfully
2025-03-16 15:19:24,397 pop.CPM_RT_mixins INFO     mongo_db = TodayRTModelCPM, topic = MQTT_RT_DATA created 67d6979c94ab09abba842b7c succesfully
2025-03-16 15:19:37,448 pop.CCCL_environment_mixins INFO     mongo_db = CCCLEnvironment, topic = CCCL/PURBACHAL/ENV_01 created 67d697a994ab09abba842b7d succesfully
2025-03-16 15:19:37,458 pop.CCCL_environment_mixins INFO     mongo_db = TemporaryCCCLEnvironment, topic = CCCL/PURBACHAL/ENV_01 created 67d697a994ab09abba842b7e succesfully
2025-03-16 15:19:37,468 pop.CCCL_environment_mixins INFO     mongo_db = TodayCCCLEnvironment, topic = CCCL/PURBACHAL/ENV_01 created 67d697a994ab09abba842b7f succesfully
2025-03-16 15:19:54,232 pop.CPM_RT_mixins INFO     mongo_db = RTModelCPM, topic = MQTT_RT_DATA created 67d697ba94ab09abba842b83 succesfully
2025-03-16 15:19:54,244 pop.CPM_RT_mixins INFO     mongo_db = TemporaryRTModelCPM, topic = MQTT_RT_DATA created 67d697ba94ab09abba842b84 succesfully
2025-03-16 15:19:54,256 pop.CPM_RT_mixins INFO     mongo_db = TodayRTModelCPM, topic = MQTT_RT_DATA created 67d697ba94ab09abba842b85 succesfully
2025-03-16 15:20:07,781 pop.CCCL_environment_mixins INFO     mongo_db = CCCLEnvironment, topic = CCCL/PURBACHAL/ENV_01 created 67d697c794ab09abba842b86 succesfully
2025-03-16 15:20:07,802 pop.CCCL_environment_mixins INFO     mongo_db = TemporaryCCCLEnvironment, topic = CCCL/PURBACHAL/ENV_01 created 67d697c794ab09abba842b87 succesfully
2025-03-16 15:20:07,818 pop.CCCL_environment_mixins INFO     mongo_db = TodayCCCLEnvironment, topic = CCCL/PURBACHAL/ENV_01 created 67d697c794ab09abba842b88 succesfully
2025-03-16 15:20:14,479 pop.CCCL_generator_mixins INFO     mongo_db = CCCLGenerator, topic = CCCL/PURBACHAL/ENM_01 created 67d697ce94ab09abba842b89 succesfully
2025-03-16 15:20:14,496 pop.CCCL_generator_mixins INFO     mongo_db = TemporaryCCCLGenerator, topic = CCCL/PURBACHAL/ENM_01 created 67d697ce94ab09abba842b8a succesfully
2025-03-16 15:20:14,506 pop.CCCL_generator_mixins INFO     mongo_db = TodayCCCLGenerator, topic = CCCL/PURBACHAL/ENM_01 created 67d697ce94ab09abba842b8b succesfully
2025-03-16 15:20:25,040 pop.CPM_RT_mixins INFO     mongo_db = RTModelCPM, topic = MQTT_RT_DATA created 67d697d994ab09abba842b8f succesfully
2025-03-16 15:20:25,052 pop.CPM_RT_mixins INFO     mongo_db = TemporaryRTModelCPM, topic = MQTT_RT_DATA created 67d697d994ab09abba842b90 succesfully
2025-03-16 15:20:25,063 pop.CPM_RT_mixins INFO     mongo_db = TodayRTModelCPM, topic = MQTT_RT_DATA created 67d697d994ab09abba842b91 succesfully
2025-03-16 15:20:38,083 pop.CCCL_environment_mixins INFO     mongo_db = CCCLEnvironment, topic = CCCL/PURBACHAL/ENV_01 created 67d697e694ab09abba842b92 succesfully
2025-03-16 15:20:38,104 pop.CCCL_environment_mixins INFO     mongo_db = TemporaryCCCLEnvironment, topic = CCCL/PURBACHAL/ENV_01 created 67d697e694ab09abba842b93 succesfully
2025-03-16 15:20:38,124 pop.CCCL_environment_mixins INFO     mongo_db = TodayCCCLEnvironment, topic = CCCL/PURBACHAL/ENV_01 created 67d697e694ab09abba842b94 succesfully
2025-03-16 15:20:56,253 pop.CPM_RT_mixins INFO     mongo_db = RTModelCPM, topic = MQTT_RT_DATA created 67d697f894ab09abba842b98 succesfully
2025-03-16 15:20:56,265 pop.CPM_RT_mixins INFO     mongo_db = TemporaryRTModelCPM, topic = MQTT_RT_DATA created 67d697f894ab09abba842b99 succesfully
2025-03-16 15:20:56,278 pop.CPM_RT_mixins INFO     mongo_db = TodayRTModelCPM, topic = MQTT_RT_DATA created 67d697f894ab09abba842b9a succesfully
2025-03-16 15:21:08,388 pop.CCCL_environment_mixins INFO     mongo_db = CCCLEnvironment, topic = CCCL/PURBACHAL/ENV_01 created 67d6980494ab09abba842b9b succesfully
2025-03-16 15:21:08,398 pop.CCCL_environment_mixins INFO     mongo_db = TemporaryCCCLEnvironment, topic = CCCL/PURBACHAL/ENV_01 created 67d6980494ab09abba842b9c succesfully
2025-03-16 15:21:08,410 pop.CCCL_environment_mixins INFO     mongo_db = TodayCCCLEnvironment, topic = CCCL/PURBACHAL/ENV_01 created 67d6980494ab09abba842b9d succesfully
2025-03-16 15:21:14,471 pop.CCCL_generator_mixins INFO     mongo_db = CCCLGenerator, topic = CCCL/PURBACHAL/ENM_01 created 67d6980a94ab09abba842b9e succesfully
2025-03-16 15:21:14,489 pop.CCCL_generator_mixins INFO     mongo_db = TemporaryCCCLGenerator, topic = CCCL/PURBACHAL/ENM_01 created 67d6980a94ab09abba842b9f succesfully
2025-03-16 15:21:14,509 pop.CCCL_generator_mixins INFO     mongo_db = TodayCCCLGenerator, topic = CCCL/PURBACHAL/ENM_01 created 67d6980a94ab09abba842ba0 succesfully
2025-03-16 15:21:24,006 pop.CPM_RT_mixins INFO     mongo_db = RTModelCPM, topic = MQTT_RT_DATA created 67d6981494ab09abba842ba4 succesfully
2025-03-16 15:21:24,017 pop.CPM_RT_mixins INFO     mongo_db = TemporaryRTModelCPM, topic = MQTT_RT_DATA created 67d6981494ab09abba842ba5 succesfully
2025-03-16 15:21:24,028 pop.CPM_RT_mixins INFO     mongo_db = TodayRTModelCPM, topic = MQTT_RT_DATA created 67d6981494ab09abba842ba6 succesfully
2025-03-16 15:21:38,709 pop.CCCL_environment_mixins INFO     mongo_db = CCCLEnvironment, topic = CCCL/PURBACHAL/ENV_01 created 67d6982294ab09abba842ba7 succesfully
2025-03-16 15:21:38,726 pop.CCCL_environment_mixins INFO     mongo_db = TemporaryCCCLEnvironment, topic = CCCL/PURBACHAL/ENV_01 created 67d6982294ab09abba842ba8 succesfully
2025-03-16 15:21:38,736 pop.CCCL_environment_mixins INFO     mongo_db = TodayCCCLEnvironment, topic = CCCL/PURBACHAL/ENV_01 created 67d6982294ab09abba842ba9 succesfully
2025-03-16 15:21:55,105 pop.CPM_RT_mixins INFO     mongo_db = RTModelCPM, topic = MQTT_RT_DATA created 67d6983394ab09abba842bad succesfully
2025-03-16 15:21:55,120 pop.CPM_RT_mixins INFO     mongo_db = TemporaryRTModelCPM, topic = MQTT_RT_DATA created 67d6983394ab09abba842bae succesfully
2025-03-16 15:21:55,137 pop.CPM_RT_mixins INFO     mongo_db = TodayRTModelCPM, topic = MQTT_RT_DATA created 67d6983394ab09abba842baf succesfully
2025-03-16 15:22:09,025 pop.CCCL_environment_mixins INFO     mongo_db = CCCLEnvironment, topic = CCCL/PURBACHAL/ENV_01 created 67d6984194ab09abba842bb0 succesfully
2025-03-16 15:22:09,040 pop.CCCL_environment_mixins INFO     mongo_db = TemporaryCCCLEnvironment, topic = CCCL/PURBACHAL/ENV_01 created 67d6984194ab09abba842bb1 succesfully
2025-03-16 15:22:09,048 pop.CCCL_environment_mixins INFO     mongo_db = TodayCCCLEnvironment, topic = CCCL/PURBACHAL/ENV_01 created 67d6984194ab09abba842bb2 succesfully
2025-03-16 15:22:14,476 pop.CCCL_generator_mixins INFO     mongo_db = CCCLGenerator, topic = CCCL/PURBACHAL/ENM_01 created 67d6984694ab09abba842bb3 succesfully
2025-03-16 15:22:14,497 pop.CCCL_generator_mixins INFO     mongo_db = TemporaryCCCLGenerator, topic = CCCL/PURBACHAL/ENM_01 created 67d6984694ab09abba842bb4 succesfully
2025-03-16 15:22:14,508 pop.CCCL_generator_mixins INFO     mongo_db = TodayCCCLGenerator, topic = CCCL/PURBACHAL/ENM_01 created 67d6984694ab09abba842bb5 succesfully
2025-03-16 15:22:26,185 pop.CPM_RT_mixins INFO     mongo_db = RTModelCPM, topic = MQTT_RT_DATA created 67d6985294ab09abba842bb9 succesfully
2025-03-16 15:22:26,199 pop.CPM_RT_mixins INFO     mongo_db = TemporaryRTModelCPM, topic = MQTT_RT_DATA created 67d6985294ab09abba842bba succesfully
2025-03-16 15:22:26,210 pop.CPM_RT_mixins INFO     mongo_db = TodayRTModelCPM, topic = MQTT_RT_DATA created 67d6985294ab09abba842bbb succesfully
2025-03-16 15:22:39,341 pop.CCCL_environment_mixins INFO     mongo_db = CCCLEnvironment, topic = CCCL/PURBACHAL/ENV_01 created 67d6985f94ab09abba842bbc succesfully
2025-03-16 15:22:39,362 pop.CCCL_environment_mixins INFO     mongo_db = TemporaryCCCLEnvironment, topic = CCCL/PURBACHAL/ENV_01 created 67d6985f94ab09abba842bbd succesfully
2025-03-16 15:22:39,372 pop.CCCL_environment_mixins INFO     mongo_db = TodayCCCLEnvironment, topic = CCCL/PURBACHAL/ENV_01 created 67d6985f94ab09abba842bbe succesfully
2025-03-16 15:22:54,587 pop.CPM_RT_mixins INFO     mongo_db = RTModelCPM, topic = MQTT_RT_DATA created 67d6986e94ab09abba842bc2 succesfully
2025-03-16 15:22:54,606 pop.CPM_RT_mixins INFO     mongo_db = TemporaryRTModelCPM, topic = MQTT_RT_DATA created 67d6986e94ab09abba842bc3 succesfully
2025-03-16 15:22:54,624 pop.CPM_RT_mixins INFO     mongo_db = TodayRTModelCPM, topic = MQTT_RT_DATA created 67d6986e94ab09abba842bc4 succesfully
2025-03-16 15:23:09,638 pop.CCCL_environment_mixins INFO     mongo_db = CCCLEnvironment, topic = CCCL/PURBACHAL/ENV_01 created 67d6987d94ab09abba842bc5 succesfully
2025-03-16 15:23:09,651 pop.CCCL_environment_mixins INFO     mongo_db = TemporaryCCCLEnvironment, topic = CCCL/PURBACHAL/ENV_01 created 67d6987d94ab09abba842bc6 succesfully
2025-03-16 15:23:09,663 pop.CCCL_environment_mixins INFO     mongo_db = TodayCCCLEnvironment, topic = CCCL/PURBACHAL/ENV_01 created 67d6987d94ab09abba842bc7 succesfully
2025-03-16 15:23:14,462 pop.CCCL_generator_mixins INFO     mongo_db = CCCLGenerator, topic = CCCL/PURBACHAL/ENM_01 created 67d6988294ab09abba842bc8 succesfully
2025-03-16 15:23:14,475 pop.CCCL_generator_mixins INFO     mongo_db = TemporaryCCCLGenerator, topic = CCCL/PURBACHAL/ENM_01 created 67d6988294ab09abba842bc9 succesfully
2025-03-16 15:23:14,491 pop.CCCL_generator_mixins INFO     mongo_db = TodayCCCLGenerator, topic = CCCL/PURBACHAL/ENM_01 created 67d6988294ab09abba842bca succesfully
2025-03-16 15:23:24,174 pop.CPM_RT_mixins INFO     mongo_db = RTModelCPM, topic = MQTT_RT_DATA created 67d6988c94ab09abba842bce succesfully
2025-03-16 15:23:24,185 pop.CPM_RT_mixins INFO     mongo_db = TemporaryRTModelCPM, topic = MQTT_RT_DATA created 67d6988c94ab09abba842bcf succesfully
2025-03-16 15:23:24,198 pop.CPM_RT_mixins INFO     mongo_db = TodayRTModelCPM, topic = MQTT_RT_DATA created 67d6988c94ab09abba842bd0 succesfully
2025-03-16 15:23:40,266 pop.CCCL_environment_mixins INFO     mongo_db = CCCLEnvironment, topic = CCCL/PURBACHAL/ENV_01 created 67d6989c94ab09abba842bd1 succesfully
2025-03-16 15:23:40,287 pop.CCCL_environment_mixins INFO     mongo_db = TemporaryCCCLEnvironment, topic = CCCL/PURBACHAL/ENV_01 created 67d6989c94ab09abba842bd2 succesfully
2025-03-16 15:23:40,297 pop.CCCL_environment_mixins INFO     mongo_db = TodayCCCLEnvironment, topic = CCCL/PURBACHAL/ENV_01 created 67d6989c94ab09abba842bd3 succesfully
2025-03-16 15:23:54,547 pop.CPM_RT_mixins INFO     mongo_db = RTModelCPM, topic = MQTT_RT_DATA created 67d698aa94ab09abba842bd7 succesfully
2025-03-16 15:23:54,560 pop.CPM_RT_mixins INFO     mongo_db = TemporaryRTModelCPM, topic = MQTT_RT_DATA created 67d698aa94ab09abba842bd8 succesfully
2025-03-16 15:23:54,575 pop.CPM_RT_mixins INFO     mongo_db = TodayRTModelCPM, topic = MQTT_RT_DATA created 67d698aa94ab09abba842bd9 succesfully
2025-03-16 15:24:01,614 pop.CPM_ENY_NOW_mongo_mixins INFO     mongo_db = EnyNowDataModelCPM, topic = MQTT_ENY_NOW created 67d698b194ab09abba842bda succesfully
2025-03-16 15:24:01,622 pop.CPM_ENY_NOW_mongo_mixins INFO     mongo_db = TemporaryEnyNowDataModelCPM, topic = MQTT_ENY_NOW created 67d698b194ab09abba842bdb succesfully
2025-03-16 15:24:01,631 pop.CPM_ENY_NOW_mongo_mixins INFO     mongo_db = TodayEnyNowDataModelCPM, topic = MQTT_ENY_NOW created 67d698b194ab09abba842bdc succesfully
2025-03-16 15:24:01,638 pop.CPM_ENY_NOW_mongo_mixins INFO     mongo_db = Last7DaysEnyNowDataModelCPM, topic = MQTT_ENY_NOW created 67d698b194ab09abba842bdd succesfully
2025-03-16 15:24:41,944 pop.CPM_ENY_FRZ_mongo_mixins INFO     mongo_db = EnyFrzDataModelCPM, topic = MQTT_ENY_FRZ created 67d698d9bef16f70c215b245 succesfully
2025-03-16 15:24:41,954 pop.CPM_DAY_DATA_mongo_mixins INFO     mongo_db = DayDataModelCPM, topic = MQTT_DAY_DATA created 67d698d9bef16f70c215b246 succesfully
2025-03-16 15:24:41,982 pop.CPM_ENY_NOW_mongo_mixins INFO     mongo_db = EnyNowDataModelCPM, topic = MQTT_ENY_NOW created 67d698d9bef16f70c215b247 succesfully
2025-03-16 15:24:41,990 pop.CPM_ENY_NOW_mongo_mixins INFO     mongo_db = TemporaryEnyNowDataModelCPM, topic = MQTT_ENY_NOW created 67d698d9bef16f70c215b248 succesfully
2025-03-16 15:24:42,001 pop.CPM_ENY_NOW_mongo_mixins INFO     mongo_db = TodayEnyNowDataModelCPM, topic = MQTT_ENY_NOW created 67d698d9bef16f70c215b249 succesfully
2025-03-16 15:24:42,009 pop.CPM_ENY_NOW_mongo_mixins INFO     mongo_db = Last7DaysEnyNowDataModelCPM, topic = MQTT_ENY_NOW created 67d698dabef16f70c215b24a succesfully
2025-03-16 15:24:42,030 pop.CPM_RT_mixins INFO     mongo_db = RTModelCPM, topic = MQTT_RT_DATA created 67d698dabef16f70c215b24b succesfully
2025-03-16 15:24:42,048 pop.CPM_RT_mixins INFO     mongo_db = TemporaryRTModelCPM, topic = MQTT_RT_DATA created 67d698dabef16f70c215b24c succesfully
2025-03-16 15:24:42,066 pop.CPM_RT_mixins INFO     mongo_db = TodayRTModelCPM, topic = MQTT_RT_DATA created 67d698dabef16f70c215b24d succesfully
2025-03-16 15:24:57,579 pop.CPM_RT_mixins INFO     mongo_db = RTModelCPM, topic = MQTT_RT_DATA created 67d698e9bef16f70c215b251 succesfully
2025-03-16 15:24:57,602 pop.CPM_RT_mixins INFO     mongo_db = TemporaryRTModelCPM, topic = MQTT_RT_DATA created 67d698e9bef16f70c215b252 succesfully
2025-03-16 15:24:57,633 pop.CPM_RT_mixins INFO     mongo_db = TodayRTModelCPM, topic = MQTT_RT_DATA created 67d698e9bef16f70c215b253 succesfully
2025-03-16 15:25:12,657 pop.CCCL_environment_mixins INFO     mongo_db = CCCLEnvironment, topic = CCCL/PURBACHAL/ENV_01 created 67d698f8bef16f70c215b254 succesfully
2025-03-16 15:25:12,695 pop.CCCL_environment_mixins INFO     mongo_db = TemporaryCCCLEnvironment, topic = CCCL/PURBACHAL/ENV_01 created 67d698f8bef16f70c215b255 succesfully
2025-03-16 15:25:12,726 pop.CCCL_environment_mixins INFO     mongo_db = TodayCCCLEnvironment, topic = CCCL/PURBACHAL/ENV_01 created 67d698f8bef16f70c215b256 succesfully
2025-03-16 15:25:14,529 pop.CCCL_generator_mixins INFO     mongo_db = CCCLGenerator, topic = CCCL/PURBACHAL/ENM_01 created 67d698fabef16f70c215b257 succesfully
2025-03-16 15:25:14,574 pop.CCCL_generator_mixins INFO     mongo_db = TemporaryCCCLGenerator, topic = CCCL/PURBACHAL/ENM_01 created 67d698fabef16f70c215b258 succesfully
2025-03-16 15:25:14,609 pop.CCCL_generator_mixins INFO     mongo_db = TodayCCCLGenerator, topic = CCCL/PURBACHAL/ENM_01 created 67d698fabef16f70c215b259 succesfully
2025-03-16 15:25:41,928 pop.CCCL_environment_mixins INFO     mongo_db = CCCLEnvironment, topic = CCCL/PURBACHAL/ENV_01 created 67d69915bef16f70c215b25d succesfully
2025-03-16 15:25:41,941 pop.CCCL_environment_mixins INFO     mongo_db = TemporaryCCCLEnvironment, topic = CCCL/PURBACHAL/ENV_01 created 67d69915bef16f70c215b25e succesfully
2025-03-16 15:25:41,949 pop.CCCL_environment_mixins INFO     mongo_db = TodayCCCLEnvironment, topic = CCCL/PURBACHAL/ENV_01 created 67d69915bef16f70c215b25f succesfully
2025-03-16 15:25:54,103 pop.CPM_RT_mixins INFO     mongo_db = RTModelCPM, topic = MQTT_RT_DATA created 67d69922bef16f70c215b260 succesfully
2025-03-16 15:25:54,153 pop.CPM_RT_mixins INFO     mongo_db = TemporaryRTModelCPM, topic = MQTT_RT_DATA created 67d69922bef16f70c215b261 succesfully
2025-03-16 15:25:54,201 pop.CPM_RT_mixins INFO     mongo_db = TodayRTModelCPM, topic = MQTT_RT_DATA created 67d69922bef16f70c215b262 succesfully
2025-03-16 15:26:12,237 pop.CCCL_environment_mixins INFO     mongo_db = CCCLEnvironment, topic = CCCL/PURBACHAL/ENV_01 created 67d69934bef16f70c215b266 succesfully
2025-03-16 15:26:12,247 pop.CCCL_environment_mixins INFO     mongo_db = TemporaryCCCLEnvironment, topic = CCCL/PURBACHAL/ENV_01 created 67d69934bef16f70c215b267 succesfully
2025-03-16 15:26:12,261 pop.CCCL_environment_mixins INFO     mongo_db = TodayCCCLEnvironment, topic = CCCL/PURBACHAL/ENV_01 created 67d69934bef16f70c215b268 succesfully
2025-03-16 15:26:14,480 pop.CCCL_generator_mixins INFO     mongo_db = CCCLGenerator, topic = CCCL/PURBACHAL/ENM_01 created 67d69936bef16f70c215b269 succesfully
2025-03-16 15:26:14,498 pop.CCCL_generator_mixins INFO     mongo_db = TemporaryCCCLGenerator, topic = CCCL/PURBACHAL/ENM_01 created 67d69936bef16f70c215b26a succesfully
2025-03-16 15:26:14,512 pop.CCCL_generator_mixins INFO     mongo_db = TodayCCCLGenerator, topic = CCCL/PURBACHAL/ENM_01 created 67d69936bef16f70c215b26b succesfully
2025-03-16 15:26:25,595 pop.CPM_RT_mixins INFO     mongo_db = RTModelCPM, topic = MQTT_RT_DATA created 67d69941bef16f70c215b26c succesfully
2025-03-16 15:26:25,619 pop.CPM_RT_mixins INFO     mongo_db = TemporaryRTModelCPM, topic = MQTT_RT_DATA created 67d69941bef16f70c215b26d succesfully
2025-03-16 15:26:25,643 pop.CPM_RT_mixins INFO     mongo_db = TodayRTModelCPM, topic = MQTT_RT_DATA created 67d69941bef16f70c215b26e succesfully
2025-03-16 15:26:42,544 pop.CCCL_environment_mixins INFO     mongo_db = CCCLEnvironment, topic = CCCL/PURBACHAL/ENV_01 created 67d69952bef16f70c215b272 succesfully
2025-03-16 15:26:42,555 pop.CCCL_environment_mixins INFO     mongo_db = TemporaryCCCLEnvironment, topic = CCCL/PURBACHAL/ENV_01 created 67d69952bef16f70c215b273 succesfully
2025-03-16 15:26:42,566 pop.CCCL_environment_mixins INFO     mongo_db = TodayCCCLEnvironment, topic = CCCL/PURBACHAL/ENV_01 created 67d69952bef16f70c215b274 succesfully
2025-03-16 15:26:54,174 pop.CPM_RT_mixins INFO     mongo_db = RTModelCPM, topic = MQTT_RT_DATA created 67d6995ebef16f70c215b275 succesfully
2025-03-16 15:26:54,190 pop.CPM_RT_mixins INFO     mongo_db = TemporaryRTModelCPM, topic = MQTT_RT_DATA created 67d6995ebef16f70c215b276 succesfully
2025-03-16 15:26:54,205 pop.CPM_RT_mixins INFO     mongo_db = TodayRTModelCPM, topic = MQTT_RT_DATA created 67d6995ebef16f70c215b277 succesfully
2025-03-16 15:27:12,849 pop.CCCL_environment_mixins INFO     mongo_db = CCCLEnvironment, topic = CCCL/PURBACHAL/ENV_01 created 67d69970bef16f70c215b27b succesfully
2025-03-16 15:27:12,863 pop.CCCL_environment_mixins INFO     mongo_db = TemporaryCCCLEnvironment, topic = CCCL/PURBACHAL/ENV_01 created 67d69970bef16f70c215b27c succesfully
2025-03-16 15:27:12,876 pop.CCCL_environment_mixins INFO     mongo_db = TodayCCCLEnvironment, topic = CCCL/PURBACHAL/ENV_01 created 67d69970bef16f70c215b27d succesfully
2025-03-16 15:27:14,479 pop.CCCL_generator_mixins INFO     mongo_db = CCCLGenerator, topic = CCCL/PURBACHAL/ENM_01 created 67d69972bef16f70c215b27e succesfully
2025-03-16 15:27:14,491 pop.CCCL_generator_mixins INFO     mongo_db = TemporaryCCCLGenerator, topic = CCCL/PURBACHAL/ENM_01 created 67d69972bef16f70c215b27f succesfully
2025-03-16 15:27:14,506 pop.CCCL_generator_mixins INFO     mongo_db = TodayCCCLGenerator, topic = CCCL/PURBACHAL/ENM_01 created 67d69972bef16f70c215b280 succesfully
2025-03-16 15:27:25,590 pop.CPM_RT_mixins INFO     mongo_db = RTModelCPM, topic = MQTT_RT_DATA created 67d6997dbef16f70c215b281 succesfully
2025-03-16 15:27:25,601 pop.CPM_RT_mixins INFO     mongo_db = TemporaryRTModelCPM, topic = MQTT_RT_DATA created 67d6997dbef16f70c215b282 succesfully
2025-03-16 15:27:25,612 pop.CPM_RT_mixins INFO     mongo_db = TodayRTModelCPM, topic = MQTT_RT_DATA created 67d6997dbef16f70c215b283 succesfully
2025-03-16 15:27:43,169 pop.CCCL_environment_mixins INFO     mongo_db = CCCLEnvironment, topic = CCCL/PURBACHAL/ENV_01 created 67d6998fbef16f70c215b287 succesfully
2025-03-16 15:27:43,194 pop.CCCL_environment_mixins INFO     mongo_db = TemporaryCCCLEnvironment, topic = CCCL/PURBACHAL/ENV_01 created 67d6998fbef16f70c215b288 succesfully
2025-03-16 15:27:43,204 pop.CCCL_environment_mixins INFO     mongo_db = TodayCCCLEnvironment, topic = CCCL/PURBACHAL/ENV_01 created 67d6998fbef16f70c215b289 succesfully
2025-03-16 15:27:54,915 pop.CPM_RT_mixins INFO     mongo_db = RTModelCPM, topic = MQTT_RT_DATA created 67d6999abef16f70c215b28a succesfully
2025-03-16 15:27:54,926 pop.CPM_RT_mixins INFO     mongo_db = TemporaryRTModelCPM, topic = MQTT_RT_DATA created 67d6999abef16f70c215b28b succesfully
2025-03-16 15:27:54,941 pop.CPM_RT_mixins INFO     mongo_db = TodayRTModelCPM, topic = MQTT_RT_DATA created 67d6999abef16f70c215b28c succesfully
2025-03-16 15:28:13,469 pop.CCCL_environment_mixins INFO     mongo_db = CCCLEnvironment, topic = CCCL/PURBACHAL/ENV_01 created 67d699adbef16f70c215b290 succesfully
2025-03-16 15:28:13,479 pop.CCCL_environment_mixins INFO     mongo_db = TemporaryCCCLEnvironment, topic = CCCL/PURBACHAL/ENV_01 created 67d699adbef16f70c215b291 succesfully
2025-03-16 15:28:13,491 pop.CCCL_environment_mixins INFO     mongo_db = TodayCCCLEnvironment, topic = CCCL/PURBACHAL/ENV_01 created 67d699adbef16f70c215b292 succesfully
2025-03-16 15:28:14,468 pop.CCCL_generator_mixins INFO     mongo_db = CCCLGenerator, topic = CCCL/PURBACHAL/ENM_01 created 67d699aebef16f70c215b293 succesfully
2025-03-16 15:28:14,482 pop.CCCL_generator_mixins INFO     mongo_db = TemporaryCCCLGenerator, topic = CCCL/PURBACHAL/ENM_01 created 67d699aebef16f70c215b294 succesfully
2025-03-16 15:28:14,496 pop.CCCL_generator_mixins INFO     mongo_db = TodayCCCLGenerator, topic = CCCL/PURBACHAL/ENM_01 created 67d699aebef16f70c215b295 succesfully
2025-03-16 15:28:25,196 pop.CPM_RT_mixins INFO     mongo_db = RTModelCPM, topic = MQTT_RT_DATA created 67d699b9bef16f70c215b296 succesfully
2025-03-16 15:28:25,216 pop.CPM_RT_mixins INFO     mongo_db = TemporaryRTModelCPM, topic = MQTT_RT_DATA created 67d699b9bef16f70c215b297 succesfully
2025-03-16 15:28:25,230 pop.CPM_RT_mixins INFO     mongo_db = TodayRTModelCPM, topic = MQTT_RT_DATA created 67d699b9bef16f70c215b298 succesfully
2025-03-16 15:28:43,778 pop.CCCL_environment_mixins INFO     mongo_db = CCCLEnvironment, topic = CCCL/PURBACHAL/ENV_01 created 67d699cbbef16f70c215b29c succesfully
2025-03-16 15:28:43,787 pop.CCCL_environment_mixins INFO     mongo_db = TemporaryCCCLEnvironment, topic = CCCL/PURBACHAL/ENV_01 created 67d699cbbef16f70c215b29d succesfully
2025-03-16 15:28:43,798 pop.CCCL_environment_mixins INFO     mongo_db = TodayCCCLEnvironment, topic = CCCL/PURBACHAL/ENV_01 created 67d699cbbef16f70c215b29e succesfully
2025-03-16 15:28:54,216 pop.CPM_RT_mixins INFO     mongo_db = RTModelCPM, topic = MQTT_RT_DATA created 67d699d6bef16f70c215b29f succesfully
2025-03-16 15:28:54,228 pop.CPM_RT_mixins INFO     mongo_db = TemporaryRTModelCPM, topic = MQTT_RT_DATA created 67d699d6bef16f70c215b2a0 succesfully
2025-03-16 15:28:54,252 pop.CPM_RT_mixins INFO     mongo_db = TodayRTModelCPM, topic = MQTT_RT_DATA created 67d699d6bef16f70c215b2a1 succesfully
2025-03-16 15:29:14,093 pop.CCCL_environment_mixins INFO     mongo_db = CCCLEnvironment, topic = CCCL/PURBACHAL/ENV_01 created 67d699eabef16f70c215b2a5 succesfully
2025-03-16 15:29:14,102 pop.CCCL_environment_mixins INFO     mongo_db = TemporaryCCCLEnvironment, topic = CCCL/PURBACHAL/ENV_01 created 67d699eabef16f70c215b2a6 succesfully
2025-03-16 15:29:14,111 pop.CCCL_environment_mixins INFO     mongo_db = TodayCCCLEnvironment, topic = CCCL/PURBACHAL/ENV_01 created 67d699eabef16f70c215b2a7 succesfully
2025-03-16 15:29:14,477 pop.CCCL_generator_mixins INFO     mongo_db = CCCLGenerator, topic = CCCL/PURBACHAL/ENM_01 created 67d699eabef16f70c215b2a8 succesfully
2025-03-16 15:29:14,496 pop.CCCL_generator_mixins INFO     mongo_db = TemporaryCCCLGenerator, topic = CCCL/PURBACHAL/ENM_01 created 67d699eabef16f70c215b2a9 succesfully
2025-03-16 15:29:14,512 pop.CCCL_generator_mixins INFO     mongo_db = TodayCCCLGenerator, topic = CCCL/PURBACHAL/ENM_01 created 67d699eabef16f70c215b2aa succesfully
2025-03-16 15:29:25,032 pop.CPM_RT_mixins INFO     mongo_db = RTModelCPM, topic = MQTT_RT_DATA created 67d699f5bef16f70c215b2ab succesfully
2025-03-16 15:29:25,046 pop.CPM_RT_mixins INFO     mongo_db = TemporaryRTModelCPM, topic = MQTT_RT_DATA created 67d699f5bef16f70c215b2ac succesfully
2025-03-16 15:29:25,057 pop.CPM_RT_mixins INFO     mongo_db = TodayRTModelCPM, topic = MQTT_RT_DATA created 67d699f5bef16f70c215b2ad succesfully
2025-03-16 15:29:44,409 pop.CCCL_environment_mixins INFO     mongo_db = CCCLEnvironment, topic = CCCL/PURBACHAL/ENV_01 created 67d69a08bef16f70c215b2b1 succesfully
2025-03-16 15:29:44,421 pop.CCCL_environment_mixins INFO     mongo_db = TemporaryCCCLEnvironment, topic = CCCL/PURBACHAL/ENV_01 created 67d69a08bef16f70c215b2b2 succesfully
2025-03-16 15:29:44,430 pop.CCCL_environment_mixins INFO     mongo_db = TodayCCCLEnvironment, topic = CCCL/PURBACHAL/ENV_01 created 67d69a08bef16f70c215b2b3 succesfully
2025-03-16 15:29:54,290 pop.CPM_RT_mixins INFO     mongo_db = RTModelCPM, topic = MQTT_RT_DATA created 67d69a12bef16f70c215b2b4 succesfully
2025-03-16 15:29:54,312 pop.CPM_RT_mixins INFO     mongo_db = TemporaryRTModelCPM, topic = MQTT_RT_DATA created 67d69a12bef16f70c215b2b5 succesfully
2025-03-16 15:29:54,340 pop.CPM_RT_mixins INFO     mongo_db = TodayRTModelCPM, topic = MQTT_RT_DATA created 67d69a12bef16f70c215b2b6 succesfully
2025-03-16 15:30:14,468 pop.CCCL_generator_mixins INFO     mongo_db = CCCLGenerator, topic = CCCL/PURBACHAL/ENM_01 created 67d69a26bef16f70c215b2ba succesfully
2025-03-16 15:30:14,488 pop.CCCL_generator_mixins INFO     mongo_db = TemporaryCCCLGenerator, topic = CCCL/PURBACHAL/ENM_01 created 67d69a26bef16f70c215b2bb succesfully
2025-03-16 15:30:14,522 pop.CCCL_generator_mixins INFO     mongo_db = TodayCCCLGenerator, topic = CCCL/PURBACHAL/ENM_01 created 67d69a26bef16f70c215b2bc succesfully
2025-03-16 15:30:14,741 pop.CCCL_environment_mixins INFO     mongo_db = CCCLEnvironment, topic = CCCL/PURBACHAL/ENV_01 created 67d69a26bef16f70c215b2bd succesfully
2025-03-16 15:30:14,774 pop.CCCL_environment_mixins INFO     mongo_db = TemporaryCCCLEnvironment, topic = CCCL/PURBACHAL/ENV_01 created 67d69a26bef16f70c215b2be succesfully
2025-03-16 15:30:14,807 pop.CCCL_environment_mixins INFO     mongo_db = TodayCCCLEnvironment, topic = CCCL/PURBACHAL/ENV_01 created 67d69a26bef16f70c215b2bf succesfully
2025-03-16 15:30:24,603 pop.CPM_RT_mixins INFO     mongo_db = RTModelCPM, topic = MQTT_RT_DATA created 67d69a30bef16f70c215b2c0 succesfully
2025-03-16 15:30:24,614 pop.CPM_RT_mixins INFO     mongo_db = TemporaryRTModelCPM, topic = MQTT_RT_DATA created 67d69a30bef16f70c215b2c1 succesfully
2025-03-16 15:30:24,624 pop.CPM_RT_mixins INFO     mongo_db = TodayRTModelCPM, topic = MQTT_RT_DATA created 67d69a30bef16f70c215b2c2 succesfully
2025-03-16 15:30:45,148 pop.CCCL_environment_mixins INFO     mongo_db = CCCLEnvironment, topic = CCCL/PURBACHAL/ENV_01 created 67d69a45bef16f70c215b2c6 succesfully
2025-03-16 15:30:45,165 pop.CCCL_environment_mixins INFO     mongo_db = TemporaryCCCLEnvironment, topic = CCCL/PURBACHAL/ENV_01 created 67d69a45bef16f70c215b2c7 succesfully
2025-03-16 15:30:45,182 pop.CCCL_environment_mixins INFO     mongo_db = TodayCCCLEnvironment, topic = CCCL/PURBACHAL/ENV_01 created 67d69a45bef16f70c215b2c8 succesfully
2025-03-16 15:31:00,350 pop.CPM_RT_mixins INFO     mongo_db = RTModelCPM, topic = MQTT_RT_DATA created 67d69a54bef16f70c215b2c9 succesfully
2025-03-16 15:31:00,364 pop.CPM_RT_mixins INFO     mongo_db = TemporaryRTModelCPM, topic = MQTT_RT_DATA created 67d69a54bef16f70c215b2ca succesfully
2025-03-16 15:31:00,396 pop.CPM_RT_mixins INFO     mongo_db = TodayRTModelCPM, topic = MQTT_RT_DATA created 67d69a54bef16f70c215b2cb succesfully
2025-03-16 15:31:14,487 pop.CCCL_generator_mixins INFO     mongo_db = CCCLGenerator, topic = CCCL/PURBACHAL/ENM_01 created 67d69a62bef16f70c215b2cf succesfully
2025-03-16 15:31:14,504 pop.CCCL_generator_mixins INFO     mongo_db = TemporaryCCCLGenerator, topic = CCCL/PURBACHAL/ENM_01 created 67d69a62bef16f70c215b2d0 succesfully
2025-03-16 15:31:14,516 pop.CCCL_generator_mixins INFO     mongo_db = TodayCCCLGenerator, topic = CCCL/PURBACHAL/ENM_01 created 67d69a62bef16f70c215b2d1 succesfully
2025-03-16 15:31:15,460 pop.CCCL_environment_mixins INFO     mongo_db = CCCLEnvironment, topic = CCCL/PURBACHAL/ENV_01 created 67d69a63bef16f70c215b2d2 succesfully
2025-03-16 15:31:15,475 pop.CCCL_environment_mixins INFO     mongo_db = TemporaryCCCLEnvironment, topic = CCCL/PURBACHAL/ENV_01 created 67d69a63bef16f70c215b2d3 succesfully
2025-03-16 15:31:15,486 pop.CCCL_environment_mixins INFO     mongo_db = TodayCCCLEnvironment, topic = CCCL/PURBACHAL/ENV_01 created 67d69a63bef16f70c215b2d4 succesfully
2025-03-16 15:31:24,332 pop.CPM_RT_mixins INFO     mongo_db = RTModelCPM, topic = MQTT_RT_DATA created 67d69a6cbef16f70c215b2d5 succesfully
2025-03-16 15:31:24,375 pop.CPM_RT_mixins INFO     mongo_db = TemporaryRTModelCPM, topic = MQTT_RT_DATA created 67d69a6cbef16f70c215b2d6 succesfully
2025-03-16 15:31:24,432 pop.CPM_RT_mixins INFO     mongo_db = TodayRTModelCPM, topic = MQTT_RT_DATA created 67d69a6cbef16f70c215b2d7 succesfully
2025-03-16 15:31:45,874 pop.CCCL_environment_mixins INFO     mongo_db = CCCLEnvironment, topic = CCCL/PURBACHAL/ENV_01 created 67d69a81bef16f70c215b2db succesfully
2025-03-16 15:31:45,898 pop.CCCL_environment_mixins INFO     mongo_db = TemporaryCCCLEnvironment, topic = CCCL/PURBACHAL/ENV_01 created 67d69a81bef16f70c215b2dc succesfully
2025-03-16 15:31:45,908 pop.CCCL_environment_mixins INFO     mongo_db = TodayCCCLEnvironment, topic = CCCL/PURBACHAL/ENV_01 created 67d69a81bef16f70c215b2dd succesfully
2025-03-16 15:31:53,844 pop.CPM_RT_mixins INFO     mongo_db = RTModelCPM, topic = MQTT_RT_DATA created 67d69a89bef16f70c215b2de succesfully
2025-03-16 15:31:53,859 pop.CPM_RT_mixins INFO     mongo_db = TemporaryRTModelCPM, topic = MQTT_RT_DATA created 67d69a89bef16f70c215b2df succesfully
2025-03-16 15:31:53,871 pop.CPM_RT_mixins INFO     mongo_db = TodayRTModelCPM, topic = MQTT_RT_DATA created 67d69a89bef16f70c215b2e0 succesfully
2025-03-16 15:32:14,475 pop.CCCL_generator_mixins INFO     mongo_db = CCCLGenerator, topic = CCCL/PURBACHAL/ENM_01 created 67d69a9ebef16f70c215b2e4 succesfully
2025-03-16 15:32:14,487 pop.CCCL_generator_mixins INFO     mongo_db = TemporaryCCCLGenerator, topic = CCCL/PURBACHAL/ENM_01 created 67d69a9ebef16f70c215b2e5 succesfully
2025-03-16 15:32:14,499 pop.CCCL_generator_mixins INFO     mongo_db = TodayCCCLGenerator, topic = CCCL/PURBACHAL/ENM_01 created 67d69a9ebef16f70c215b2e6 succesfully
2025-03-16 15:32:16,184 pop.CCCL_environment_mixins INFO     mongo_db = CCCLEnvironment, topic = CCCL/PURBACHAL/ENV_01 created 67d69aa0bef16f70c215b2e7 succesfully
2025-03-16 15:32:16,204 pop.CCCL_environment_mixins INFO     mongo_db = TemporaryCCCLEnvironment, topic = CCCL/PURBACHAL/ENV_01 created 67d69aa0bef16f70c215b2e8 succesfully
2025-03-16 15:32:16,217 pop.CCCL_environment_mixins INFO     mongo_db = TodayCCCLEnvironment, topic = CCCL/PURBACHAL/ENV_01 created 67d69aa0bef16f70c215b2e9 succesfully
2025-03-16 15:32:24,703 pop.CPM_RT_mixins INFO     mongo_db = RTModelCPM, topic = MQTT_RT_DATA created 67d69aa8bef16f70c215b2ea succesfully
2025-03-16 15:32:24,715 pop.CPM_RT_mixins INFO     mongo_db = TemporaryRTModelCPM, topic = MQTT_RT_DATA created 67d69aa8bef16f70c215b2eb succesfully
2025-03-16 15:32:24,728 pop.CPM_RT_mixins INFO     mongo_db = TodayRTModelCPM, topic = MQTT_RT_DATA created 67d69aa8bef16f70c215b2ec succesfully
2025-03-16 15:32:46,511 pop.CCCL_environment_mixins INFO     mongo_db = CCCLEnvironment, topic = CCCL/PURBACHAL/ENV_01 created 67d69abebef16f70c215b2f0 succesfully
2025-03-16 15:32:46,519 pop.CCCL_environment_mixins INFO     mongo_db = TemporaryCCCLEnvironment, topic = CCCL/PURBACHAL/ENV_01 created 67d69abebef16f70c215b2f1 succesfully
2025-03-16 15:32:46,532 pop.CCCL_environment_mixins INFO     mongo_db = TodayCCCLEnvironment, topic = CCCL/PURBACHAL/ENV_01 created 67d69abebef16f70c215b2f2 succesfully
2025-03-16 15:32:54,190 pop.CPM_RT_mixins INFO     mongo_db = RTModelCPM, topic = MQTT_RT_DATA created 67d69ac6bef16f70c215b2f3 succesfully
2025-03-16 15:32:54,203 pop.CPM_RT_mixins INFO     mongo_db = TemporaryRTModelCPM, topic = MQTT_RT_DATA created 67d69ac6bef16f70c215b2f4 succesfully
2025-03-16 15:32:54,221 pop.CPM_RT_mixins INFO     mongo_db = TodayRTModelCPM, topic = MQTT_RT_DATA created 67d69ac6bef16f70c215b2f5 succesfully
2025-03-16 15:33:14,470 pop.CCCL_generator_mixins INFO     mongo_db = CCCLGenerator, topic = CCCL/PURBACHAL/ENM_01 created 67d69adabef16f70c215b2f9 succesfully
2025-03-16 15:33:14,488 pop.CCCL_generator_mixins INFO     mongo_db = TemporaryCCCLGenerator, topic = CCCL/PURBACHAL/ENM_01 created 67d69adabef16f70c215b2fa succesfully
2025-03-16 15:33:14,502 pop.CCCL_generator_mixins INFO     mongo_db = TodayCCCLGenerator, topic = CCCL/PURBACHAL/ENM_01 created 67d69adabef16f70c215b2fb succesfully
2025-03-16 15:33:16,813 pop.CCCL_environment_mixins INFO     mongo_db = CCCLEnvironment, topic = CCCL/PURBACHAL/ENV_01 created 67d69adcbef16f70c215b2fc succesfully
2025-03-16 15:33:16,828 pop.CCCL_environment_mixins INFO     mongo_db = TemporaryCCCLEnvironment, topic = CCCL/PURBACHAL/ENV_01 created 67d69adcbef16f70c215b2fd succesfully
2025-03-16 15:33:16,844 pop.CCCL_environment_mixins INFO     mongo_db = TodayCCCLEnvironment, topic = CCCL/PURBACHAL/ENV_01 created 67d69adcbef16f70c215b2fe succesfully
2025-03-16 15:33:25,065 pop.CPM_RT_mixins INFO     mongo_db = RTModelCPM, topic = MQTT_RT_DATA created 67d69ae5bef16f70c215b2ff succesfully
2025-03-16 15:33:25,086 pop.CPM_RT_mixins INFO     mongo_db = TemporaryRTModelCPM, topic = MQTT_RT_DATA created 67d69ae5bef16f70c215b300 succesfully
2025-03-16 15:33:25,107 pop.CPM_RT_mixins INFO     mongo_db = TodayRTModelCPM, topic = MQTT_RT_DATA created 67d69ae5bef16f70c215b301 succesfully
2025-03-16 15:33:47,121 pop.CCCL_environment_mixins INFO     mongo_db = CCCLEnvironment, topic = CCCL/PURBACHAL/ENV_01 created 67d69afbbef16f70c215b305 succesfully
2025-03-16 15:33:47,146 pop.CCCL_environment_mixins INFO     mongo_db = TemporaryCCCLEnvironment, topic = CCCL/PURBACHAL/ENV_01 created 67d69afbbef16f70c215b306 succesfully
2025-03-16 15:33:47,157 pop.CCCL_environment_mixins INFO     mongo_db = TodayCCCLEnvironment, topic = CCCL/PURBACHAL/ENV_01 created 67d69afbbef16f70c215b307 succesfully
2025-03-16 15:33:54,585 pop.CPM_RT_mixins INFO     mongo_db = RTModelCPM, topic = MQTT_RT_DATA created 67d69b02bef16f70c215b308 succesfully
2025-03-16 15:33:54,596 pop.CPM_RT_mixins INFO     mongo_db = TemporaryRTModelCPM, topic = MQTT_RT_DATA created 67d69b02bef16f70c215b309 succesfully
2025-03-16 15:33:54,607 pop.CPM_RT_mixins INFO     mongo_db = TodayRTModelCPM, topic = MQTT_RT_DATA created 67d69b02bef16f70c215b30a succesfully
2025-03-16 15:34:14,472 pop.CCCL_generator_mixins INFO     mongo_db = CCCLGenerator, topic = CCCL/PURBACHAL/ENM_01 created 67d69b16bef16f70c215b30e succesfully
2025-03-16 15:34:14,484 pop.CCCL_generator_mixins INFO     mongo_db = TemporaryCCCLGenerator, topic = CCCL/PURBACHAL/ENM_01 created 67d69b16bef16f70c215b30f succesfully
2025-03-16 15:34:14,495 pop.CCCL_generator_mixins INFO     mongo_db = TodayCCCLGenerator, topic = CCCL/PURBACHAL/ENM_01 created 67d69b16bef16f70c215b310 succesfully
2025-03-16 15:34:17,433 pop.CCCL_environment_mixins INFO     mongo_db = CCCLEnvironment, topic = CCCL/PURBACHAL/ENV_01 created 67d69b19bef16f70c215b311 succesfully
2025-03-16 15:34:17,460 pop.CCCL_environment_mixins INFO     mongo_db = TemporaryCCCLEnvironment, topic = CCCL/PURBACHAL/ENV_01 created 67d69b19bef16f70c215b312 succesfully
2025-03-16 15:34:17,474 pop.CCCL_environment_mixins INFO     mongo_db = TodayCCCLEnvironment, topic = CCCL/PURBACHAL/ENV_01 created 67d69b19bef16f70c215b313 succesfully
2025-03-16 15:34:47,745 pop.CCCL_environment_mixins INFO     mongo_db = CCCLEnvironment, topic = CCCL/PURBACHAL/ENV_01 created 67d69b37bef16f70c215b317 succesfully
2025-03-16 15:34:47,758 pop.CCCL_environment_mixins INFO     mongo_db = TemporaryCCCLEnvironment, topic = CCCL/PURBACHAL/ENV_01 created 67d69b37bef16f70c215b318 succesfully
2025-03-16 15:34:47,768 pop.CCCL_environment_mixins INFO     mongo_db = TodayCCCLEnvironment, topic = CCCL/PURBACHAL/ENV_01 created 67d69b37bef16f70c215b319 succesfully
2025-03-16 15:34:54,493 pop.CPM_RT_mixins INFO     mongo_db = RTModelCPM, topic = MQTT_RT_DATA created 67d69b3ebef16f70c215b31a succesfully
2025-03-16 15:34:54,506 pop.CPM_RT_mixins INFO     mongo_db = TemporaryRTModelCPM, topic = MQTT_RT_DATA created 67d69b3ebef16f70c215b31b succesfully
2025-03-16 15:34:54,521 pop.CPM_RT_mixins INFO     mongo_db = TodayRTModelCPM, topic = MQTT_RT_DATA created 67d69b3ebef16f70c215b31c succesfully
2025-03-16 15:35:14,495 pop.CCCL_generator_mixins INFO     mongo_db = CCCLGenerator, topic = CCCL/PURBACHAL/ENM_01 created 67d69b52bef16f70c215b320 succesfully
2025-03-16 15:35:14,510 pop.CCCL_generator_mixins INFO     mongo_db = TemporaryCCCLGenerator, topic = CCCL/PURBACHAL/ENM_01 created 67d69b52bef16f70c215b321 succesfully
2025-03-16 15:35:14,521 pop.CCCL_generator_mixins INFO     mongo_db = TodayCCCLGenerator, topic = CCCL/PURBACHAL/ENM_01 created 67d69b52bef16f70c215b322 succesfully
2025-03-16 15:35:18,059 pop.CCCL_environment_mixins INFO     mongo_db = CCCLEnvironment, topic = CCCL/PURBACHAL/ENV_01 created 67d69b56bef16f70c215b323 succesfully
2025-03-16 15:35:18,082 pop.CCCL_environment_mixins INFO     mongo_db = TemporaryCCCLEnvironment, topic = CCCL/PURBACHAL/ENV_01 created 67d69b56bef16f70c215b324 succesfully
2025-03-16 15:35:18,095 pop.CCCL_environment_mixins INFO     mongo_db = TodayCCCLEnvironment, topic = CCCL/PURBACHAL/ENV_01 created 67d69b56bef16f70c215b325 succesfully
2025-03-16 15:35:24,418 pop.CPM_RT_mixins INFO     mongo_db = RTModelCPM, topic = MQTT_RT_DATA created 67d69b5cbef16f70c215b326 succesfully
2025-03-16 15:35:24,429 pop.CPM_RT_mixins INFO     mongo_db = TemporaryRTModelCPM, topic = MQTT_RT_DATA created 67d69b5cbef16f70c215b327 succesfully
2025-03-16 15:35:24,443 pop.CPM_RT_mixins INFO     mongo_db = TodayRTModelCPM, topic = MQTT_RT_DATA created 67d69b5cbef16f70c215b328 succesfully
2025-03-16 15:35:48,374 pop.CCCL_environment_mixins INFO     mongo_db = CCCLEnvironment, topic = CCCL/PURBACHAL/ENV_01 created 67d69b74bef16f70c215b32c succesfully
2025-03-16 15:35:48,397 pop.CCCL_environment_mixins INFO     mongo_db = TemporaryCCCLEnvironment, topic = CCCL/PURBACHAL/ENV_01 created 67d69b74bef16f70c215b32d succesfully
2025-03-16 15:35:48,409 pop.CCCL_environment_mixins INFO     mongo_db = TodayCCCLEnvironment, topic = CCCL/PURBACHAL/ENV_01 created 67d69b74bef16f70c215b32e succesfully
2025-03-16 15:35:55,716 pop.CPM_RT_mixins INFO     mongo_db = RTModelCPM, topic = MQTT_RT_DATA created 67d69b7bbef16f70c215b32f succesfully
2025-03-16 15:35:55,727 pop.CPM_RT_mixins INFO     mongo_db = TemporaryRTModelCPM, topic = MQTT_RT_DATA created 67d69b7bbef16f70c215b330 succesfully
2025-03-16 15:35:55,740 pop.CPM_RT_mixins INFO     mongo_db = TodayRTModelCPM, topic = MQTT_RT_DATA created 67d69b7bbef16f70c215b331 succesfully
2025-03-16 15:36:14,496 pop.CCCL_generator_mixins INFO     mongo_db = CCCLGenerator, topic = CCCL/PURBACHAL/ENM_01 created 67d69b8ebef16f70c215b335 succesfully
2025-03-16 15:36:14,507 pop.CCCL_generator_mixins INFO     mongo_db = TemporaryCCCLGenerator, topic = CCCL/PURBACHAL/ENM_01 created 67d69b8ebef16f70c215b336 succesfully
2025-03-16 15:36:14,520 pop.CCCL_generator_mixins INFO     mongo_db = TodayCCCLGenerator, topic = CCCL/PURBACHAL/ENM_01 created 67d69b8ebef16f70c215b337 succesfully
2025-03-16 15:36:19,941 pop.CCCL_environment_mixins INFO     mongo_db = CCCLEnvironment, topic = CCCL/PURBACHAL/ENV_01 created 67d69b93bef16f70c215b338 succesfully
2025-03-16 15:36:19,961 pop.CCCL_environment_mixins INFO     mongo_db = TemporaryCCCLEnvironment, topic = CCCL/PURBACHAL/ENV_01 created 67d69b93bef16f70c215b339 succesfully
2025-03-16 15:36:19,973 pop.CCCL_environment_mixins INFO     mongo_db = TodayCCCLEnvironment, topic = CCCL/PURBACHAL/ENV_01 created 67d69b93bef16f70c215b33a succesfully
2025-03-16 15:36:49,103 pop.CCCL_environment_mixins INFO     mongo_db = CCCLEnvironment, topic = CCCL/PURBACHAL/ENV_01 created 67d69bb1bef16f70c215b33e succesfully
2025-03-16 15:36:49,115 pop.CCCL_environment_mixins INFO     mongo_db = TemporaryCCCLEnvironment, topic = CCCL/PURBACHAL/ENV_01 created 67d69bb1bef16f70c215b33f succesfully
2025-03-16 15:36:49,127 pop.CCCL_environment_mixins INFO     mongo_db = TodayCCCLEnvironment, topic = CCCL/PURBACHAL/ENV_01 created 67d69bb1bef16f70c215b340 succesfully
2025-03-16 15:36:53,734 pop.CPM_RT_mixins INFO     mongo_db = RTModelCPM, topic = MQTT_RT_DATA created 67d69bb5bef16f70c215b341 succesfully
2025-03-16 15:36:53,746 pop.CPM_RT_mixins INFO     mongo_db = TemporaryRTModelCPM, topic = MQTT_RT_DATA created 67d69bb5bef16f70c215b342 succesfully
2025-03-16 15:36:53,760 pop.CPM_RT_mixins INFO     mongo_db = TodayRTModelCPM, topic = MQTT_RT_DATA created 67d69bb5bef16f70c215b343 succesfully
2025-03-16 15:37:14,487 pop.CCCL_generator_mixins INFO     mongo_db = CCCLGenerator, topic = CCCL/PURBACHAL/ENM_01 created 67d69bcabef16f70c215b347 succesfully
2025-03-16 15:37:14,503 pop.CCCL_generator_mixins INFO     mongo_db = TemporaryCCCLGenerator, topic = CCCL/PURBACHAL/ENM_01 created 67d69bcabef16f70c215b348 succesfully
2025-03-16 15:37:14,517 pop.CCCL_generator_mixins INFO     mongo_db = TodayCCCLGenerator, topic = CCCL/PURBACHAL/ENM_01 created 67d69bcabef16f70c215b349 succesfully
2025-03-16 15:37:19,413 pop.CCCL_environment_mixins INFO     mongo_db = CCCLEnvironment, topic = CCCL/PURBACHAL/ENV_01 created 67d69bcfbef16f70c215b34a succesfully
2025-03-16 15:37:19,427 pop.CCCL_environment_mixins INFO     mongo_db = TemporaryCCCLEnvironment, topic = CCCL/PURBACHAL/ENV_01 created 67d69bcfbef16f70c215b34b succesfully
2025-03-16 15:37:19,440 pop.CCCL_environment_mixins INFO     mongo_db = TodayCCCLEnvironment, topic = CCCL/PURBACHAL/ENV_01 created 67d69bcfbef16f70c215b34c succesfully
2025-03-16 15:37:25,319 pop.CPM_RT_mixins INFO     mongo_db = RTModelCPM, topic = MQTT_RT_DATA created 67d69bd5bef16f70c215b34d succesfully
2025-03-16 15:37:25,331 pop.CPM_RT_mixins INFO     mongo_db = TemporaryRTModelCPM, topic = MQTT_RT_DATA created 67d69bd5bef16f70c215b34e succesfully
2025-03-16 15:37:25,344 pop.CPM_RT_mixins INFO     mongo_db = TodayRTModelCPM, topic = MQTT_RT_DATA created 67d69bd5bef16f70c215b34f succesfully
2025-03-16 15:37:49,826 pop.CCCL_environment_mixins INFO     mongo_db = CCCLEnvironment, topic = CCCL/PURBACHAL/ENV_01 created 67d69bedbef16f70c215b353 succesfully
2025-03-16 15:37:49,851 pop.CCCL_environment_mixins INFO     mongo_db = TemporaryCCCLEnvironment, topic = CCCL/PURBACHAL/ENV_01 created 67d69bedbef16f70c215b354 succesfully
2025-03-16 15:37:49,864 pop.CCCL_environment_mixins INFO     mongo_db = TodayCCCLEnvironment, topic = CCCL/PURBACHAL/ENV_01 created 67d69bedbef16f70c215b355 succesfully
2025-03-16 15:37:54,694 pop.CPM_RT_mixins INFO     mongo_db = RTModelCPM, topic = MQTT_RT_DATA created 67d69bf2bef16f70c215b356 succesfully
2025-03-16 15:37:54,712 pop.CPM_RT_mixins INFO     mongo_db = TemporaryRTModelCPM, topic = MQTT_RT_DATA created 67d69bf2bef16f70c215b357 succesfully
2025-03-16 15:37:54,729 pop.CPM_RT_mixins INFO     mongo_db = TodayRTModelCPM, topic = MQTT_RT_DATA created 67d69bf2bef16f70c215b358 succesfully
2025-03-16 15:38:14,474 pop.CCCL_generator_mixins INFO     mongo_db = CCCLGenerator, topic = CCCL/PURBACHAL/ENM_01 created 67d69c06bef16f70c215b35c succesfully
2025-03-16 15:38:14,486 pop.CCCL_generator_mixins INFO     mongo_db = TemporaryCCCLGenerator, topic = CCCL/PURBACHAL/ENM_01 created 67d69c06bef16f70c215b35d succesfully
2025-03-16 15:38:14,497 pop.CCCL_generator_mixins INFO     mongo_db = TodayCCCLGenerator, topic = CCCL/PURBACHAL/ENM_01 created 67d69c06bef16f70c215b35e succesfully
2025-03-16 15:38:20,128 pop.CCCL_environment_mixins INFO     mongo_db = CCCLEnvironment, topic = CCCL/PURBACHAL/ENV_01 created 67d69c0cbef16f70c215b35f succesfully
2025-03-16 15:38:20,137 pop.CCCL_environment_mixins INFO     mongo_db = TemporaryCCCLEnvironment, topic = CCCL/PURBACHAL/ENV_01 created 67d69c0cbef16f70c215b360 succesfully
2025-03-16 15:38:20,146 pop.CCCL_environment_mixins INFO     mongo_db = TodayCCCLEnvironment, topic = CCCL/PURBACHAL/ENV_01 created 67d69c0cbef16f70c215b361 succesfully
2025-03-16 15:38:50,446 pop.CCCL_environment_mixins INFO     mongo_db = CCCLEnvironment, topic = CCCL/PURBACHAL/ENV_01 created 67d69c2abef16f70c215b365 succesfully
2025-03-16 15:38:50,464 pop.CCCL_environment_mixins INFO     mongo_db = TemporaryCCCLEnvironment, topic = CCCL/PURBACHAL/ENV_01 created 67d69c2abef16f70c215b366 succesfully
2025-03-16 15:38:50,478 pop.CCCL_environment_mixins INFO     mongo_db = TodayCCCLEnvironment, topic = CCCL/PURBACHAL/ENV_01 created 67d69c2abef16f70c215b367 succesfully
2025-03-16 15:38:54,104 pop.CPM_RT_mixins INFO     mongo_db = RTModelCPM, topic = MQTT_RT_DATA created 67d69c2ebef16f70c215b368 succesfully
2025-03-16 15:38:54,116 pop.CPM_RT_mixins INFO     mongo_db = TemporaryRTModelCPM, topic = MQTT_RT_DATA created 67d69c2ebef16f70c215b369 succesfully
2025-03-16 15:38:54,138 pop.CPM_RT_mixins INFO     mongo_db = TodayRTModelCPM, topic = MQTT_RT_DATA created 67d69c2ebef16f70c215b36a succesfully
2025-03-16 15:39:01,506 pop.CPM_ENY_NOW_mongo_mixins INFO     mongo_db = EnyNowDataModelCPM, topic = MQTT_ENY_NOW created 67d69c35bef16f70c215b36b succesfully
2025-03-16 15:39:01,538 pop.CPM_ENY_NOW_mongo_mixins INFO     mongo_db = TemporaryEnyNowDataModelCPM, topic = MQTT_ENY_NOW created 67d69c35bef16f70c215b36c succesfully
2025-03-16 15:39:01,572 pop.CPM_ENY_NOW_mongo_mixins INFO     mongo_db = TodayEnyNowDataModelCPM, topic = MQTT_ENY_NOW created 67d69c35bef16f70c215b36d succesfully
2025-03-16 15:39:01,606 pop.CPM_ENY_NOW_mongo_mixins INFO     mongo_db = Last7DaysEnyNowDataModelCPM, topic = MQTT_ENY_NOW created 67d69c35bef16f70c215b36e succesfully
2025-03-16 15:39:14,467 pop.CCCL_generator_mixins INFO     mongo_db = CCCLGenerator, topic = CCCL/PURBACHAL/ENM_01 created 67d69c42bef16f70c215b372 succesfully
2025-03-16 15:39:14,478 pop.CCCL_generator_mixins INFO     mongo_db = TemporaryCCCLGenerator, topic = CCCL/PURBACHAL/ENM_01 created 67d69c42bef16f70c215b373 succesfully
2025-03-16 15:39:14,488 pop.CCCL_generator_mixins INFO     mongo_db = TodayCCCLGenerator, topic = CCCL/PURBACHAL/ENM_01 created 67d69c42bef16f70c215b374 succesfully
2025-03-16 15:39:20,753 pop.CCCL_environment_mixins INFO     mongo_db = CCCLEnvironment, topic = CCCL/PURBACHAL/ENV_01 created 67d69c48bef16f70c215b375 succesfully
2025-03-16 15:39:20,772 pop.CCCL_environment_mixins INFO     mongo_db = TemporaryCCCLEnvironment, topic = CCCL/PURBACHAL/ENV_01 created 67d69c48bef16f70c215b376 succesfully
2025-03-16 15:39:20,798 pop.CCCL_environment_mixins INFO     mongo_db = TodayCCCLEnvironment, topic = CCCL/PURBACHAL/ENV_01 created 67d69c48bef16f70c215b377 succesfully
2025-03-16 15:39:51,180 pop.CCCL_environment_mixins INFO     mongo_db = CCCLEnvironment, topic = CCCL/PURBACHAL/ENV_01 created 67d69c67bef16f70c215b37b succesfully
2025-03-16 15:39:51,214 pop.CCCL_environment_mixins INFO     mongo_db = TemporaryCCCLEnvironment, topic = CCCL/PURBACHAL/ENV_01 created 67d69c67bef16f70c215b37c succesfully
2025-03-16 15:39:51,228 pop.CCCL_environment_mixins INFO     mongo_db = TodayCCCLEnvironment, topic = CCCL/PURBACHAL/ENV_01 created 67d69c67bef16f70c215b37d succesfully
2025-03-16 15:39:55,429 pop.CPM_RT_mixins INFO     mongo_db = RTModelCPM, topic = MQTT_RT_DATA created 67d69c6bbef16f70c215b37e succesfully
2025-03-16 15:39:55,451 pop.CPM_RT_mixins INFO     mongo_db = TemporaryRTModelCPM, topic = MQTT_RT_DATA created 67d69c6bbef16f70c215b37f succesfully
2025-03-16 15:39:55,470 pop.CPM_RT_mixins INFO     mongo_db = TodayRTModelCPM, topic = MQTT_RT_DATA created 67d69c6bbef16f70c215b380 succesfully
2025-03-16 15:40:14,492 pop.CCCL_generator_mixins INFO     mongo_db = CCCLGenerator, topic = CCCL/PURBACHAL/ENM_01 created 67d69c7ebef16f70c215b384 succesfully
2025-03-16 15:40:14,512 pop.CCCL_generator_mixins INFO     mongo_db = TemporaryCCCLGenerator, topic = CCCL/PURBACHAL/ENM_01 created 67d69c7ebef16f70c215b385 succesfully
2025-03-16 15:40:14,523 pop.CCCL_generator_mixins INFO     mongo_db = TodayCCCLGenerator, topic = CCCL/PURBACHAL/ENM_01 created 67d69c7ebef16f70c215b386 succesfully
2025-03-16 15:40:21,388 pop.CCCL_environment_mixins INFO     mongo_db = CCCLEnvironment, topic = CCCL/PURBACHAL/ENV_01 created 67d69c85bef16f70c215b387 succesfully
2025-03-16 15:40:21,401 pop.CCCL_environment_mixins INFO     mongo_db = TemporaryCCCLEnvironment, topic = CCCL/PURBACHAL/ENV_01 created 67d69c85bef16f70c215b388 succesfully
2025-03-16 15:40:21,411 pop.CCCL_environment_mixins INFO     mongo_db = TodayCCCLEnvironment, topic = CCCL/PURBACHAL/ENV_01 created 67d69c85bef16f70c215b389 succesfully
2025-03-16 15:40:24,692 pop.CPM_RT_mixins INFO     mongo_db = RTModelCPM, topic = MQTT_RT_DATA created 67d69c88bef16f70c215b38a succesfully
2025-03-16 15:40:24,730 pop.CPM_RT_mixins INFO     mongo_db = TemporaryRTModelCPM, topic = MQTT_RT_DATA created 67d69c88bef16f70c215b38b succesfully
2025-03-16 15:40:24,760 pop.CPM_RT_mixins INFO     mongo_db = TodayRTModelCPM, topic = MQTT_RT_DATA created 67d69c88bef16f70c215b38c succesfully
2025-03-16 15:40:51,685 pop.CCCL_environment_mixins INFO     mongo_db = CCCLEnvironment, topic = CCCL/PURBACHAL/ENV_01 created 67d69ca3bef16f70c215b390 succesfully
2025-03-16 15:40:51,695 pop.CCCL_environment_mixins INFO     mongo_db = TemporaryCCCLEnvironment, topic = CCCL/PURBACHAL/ENV_01 created 67d69ca3bef16f70c215b391 succesfully
2025-03-16 15:40:51,710 pop.CCCL_environment_mixins INFO     mongo_db = TodayCCCLEnvironment, topic = CCCL/PURBACHAL/ENV_01 created 67d69ca3bef16f70c215b392 succesfully
2025-03-16 15:40:54,306 pop.CPM_RT_mixins INFO     mongo_db = RTModelCPM, topic = MQTT_RT_DATA created 67d69ca6bef16f70c215b393 succesfully
2025-03-16 15:40:54,325 pop.CPM_RT_mixins INFO     mongo_db = TemporaryRTModelCPM, topic = MQTT_RT_DATA created 67d69ca6bef16f70c215b394 succesfully
2025-03-16 15:40:54,342 pop.CPM_RT_mixins INFO     mongo_db = TodayRTModelCPM, topic = MQTT_RT_DATA created 67d69ca6bef16f70c215b395 succesfully
2025-03-16 15:41:16,117 pop.CCCL_generator_mixins INFO     mongo_db = CCCLGenerator, topic = CCCL/PURBACHAL/ENM_01 created 67d69cbcbef16f70c215b399 succesfully
2025-03-16 15:41:16,127 pop.CCCL_generator_mixins INFO     mongo_db = TemporaryCCCLGenerator, topic = CCCL/PURBACHAL/ENM_01 created 67d69cbcbef16f70c215b39a succesfully
2025-03-16 15:41:16,139 pop.CCCL_generator_mixins INFO     mongo_db = TodayCCCLGenerator, topic = CCCL/PURBACHAL/ENM_01 created 67d69cbcbef16f70c215b39b succesfully
2025-03-16 15:41:22,003 pop.CCCL_environment_mixins INFO     mongo_db = CCCLEnvironment, topic = CCCL/PURBACHAL/ENV_01 created 67d69cc2bef16f70c215b39c succesfully
2025-03-16 15:41:22,013 pop.CCCL_environment_mixins INFO     mongo_db = TemporaryCCCLEnvironment, topic = CCCL/PURBACHAL/ENV_01 created 67d69cc2bef16f70c215b39d succesfully
2025-03-16 15:41:22,023 pop.CCCL_environment_mixins INFO     mongo_db = TodayCCCLEnvironment, topic = CCCL/PURBACHAL/ENV_01 created 67d69cc2bef16f70c215b39e succesfully
2025-03-16 15:41:52,319 pop.CCCL_environment_mixins INFO     mongo_db = CCCLEnvironment, topic = CCCL/PURBACHAL/ENV_01 created 67d69ce0bef16f70c215b3a2 succesfully
2025-03-16 15:41:52,330 pop.CCCL_environment_mixins INFO     mongo_db = TemporaryCCCLEnvironment, topic = CCCL/PURBACHAL/ENV_01 created 67d69ce0bef16f70c215b3a3 succesfully
2025-03-16 15:41:52,339 pop.CCCL_environment_mixins INFO     mongo_db = TodayCCCLEnvironment, topic = CCCL/PURBACHAL/ENV_01 created 67d69ce0bef16f70c215b3a4 succesfully
2025-03-16 15:41:55,291 pop.CPM_RT_mixins INFO     mongo_db = RTModelCPM, topic = MQTT_RT_DATA created 67d69ce3bef16f70c215b3a5 succesfully
2025-03-16 15:41:55,304 pop.CPM_RT_mixins INFO     mongo_db = TemporaryRTModelCPM, topic = MQTT_RT_DATA created 67d69ce3bef16f70c215b3a6 succesfully
2025-03-16 15:41:55,317 pop.CPM_RT_mixins INFO     mongo_db = TodayRTModelCPM, topic = MQTT_RT_DATA created 67d69ce3bef16f70c215b3a7 succesfully
2025-03-16 15:42:14,494 pop.CCCL_generator_mixins INFO     mongo_db = CCCLGenerator, topic = CCCL/PURBACHAL/ENM_01 created 67d69cf6bef16f70c215b3ab succesfully
2025-03-16 15:42:14,516 pop.CCCL_generator_mixins INFO     mongo_db = TemporaryCCCLGenerator, topic = CCCL/PURBACHAL/ENM_01 created 67d69cf6bef16f70c215b3ac succesfully
2025-03-16 15:42:14,535 pop.CCCL_generator_mixins INFO     mongo_db = TodayCCCLGenerator, topic = CCCL/PURBACHAL/ENM_01 created 67d69cf6bef16f70c215b3ad succesfully
2025-03-16 15:42:22,639 pop.CCCL_environment_mixins INFO     mongo_db = CCCLEnvironment, topic = CCCL/PURBACHAL/ENV_01 created 67d69cfebef16f70c215b3ae succesfully
2025-03-16 15:42:22,657 pop.CCCL_environment_mixins INFO     mongo_db = TemporaryCCCLEnvironment, topic = CCCL/PURBACHAL/ENV_01 created 67d69cfebef16f70c215b3af succesfully
2025-03-16 15:42:22,668 pop.CCCL_environment_mixins INFO     mongo_db = TodayCCCLEnvironment, topic = CCCL/PURBACHAL/ENV_01 created 67d69cfebef16f70c215b3b0 succesfully
2025-03-16 15:42:25,216 pop.CPM_RT_mixins INFO     mongo_db = RTModelCPM, topic = MQTT_RT_DATA created 67d69d01bef16f70c215b3b1 succesfully
2025-03-16 15:42:25,227 pop.CPM_RT_mixins INFO     mongo_db = TemporaryRTModelCPM, topic = MQTT_RT_DATA created 67d69d01bef16f70c215b3b2 succesfully
2025-03-16 15:42:25,239 pop.CPM_RT_mixins INFO     mongo_db = TodayRTModelCPM, topic = MQTT_RT_DATA created 67d69d01bef16f70c215b3b3 succesfully
2025-03-16 15:42:52,953 pop.CCCL_environment_mixins INFO     mongo_db = CCCLEnvironment, topic = CCCL/PURBACHAL/ENV_01 created 67d69d1cbef16f70c215b3b7 succesfully
2025-03-16 15:42:52,972 pop.CCCL_environment_mixins INFO     mongo_db = TemporaryCCCLEnvironment, topic = CCCL/PURBACHAL/ENV_01 created 67d69d1cbef16f70c215b3b8 succesfully
2025-03-16 15:42:52,984 pop.CCCL_environment_mixins INFO     mongo_db = TodayCCCLEnvironment, topic = CCCL/PURBACHAL/ENV_01 created 67d69d1cbef16f70c215b3b9 succesfully
2025-03-16 15:42:54,587 pop.CPM_RT_mixins INFO     mongo_db = RTModelCPM, topic = MQTT_RT_DATA created 67d69d1ebef16f70c215b3ba succesfully
2025-03-16 15:42:54,600 pop.CPM_RT_mixins INFO     mongo_db = TemporaryRTModelCPM, topic = MQTT_RT_DATA created 67d69d1ebef16f70c215b3bb succesfully
2025-03-16 15:42:54,613 pop.CPM_RT_mixins INFO     mongo_db = TodayRTModelCPM, topic = MQTT_RT_DATA created 67d69d1ebef16f70c215b3bc succesfully
2025-03-16 15:43:14,494 pop.CCCL_generator_mixins INFO     mongo_db = CCCLGenerator, topic = CCCL/PURBACHAL/ENM_01 created 67d69d32bef16f70c215b3c0 succesfully
2025-03-16 15:43:14,516 pop.CCCL_generator_mixins INFO     mongo_db = TemporaryCCCLGenerator, topic = CCCL/PURBACHAL/ENM_01 created 67d69d32bef16f70c215b3c1 succesfully
2025-03-16 15:43:14,531 pop.CCCL_generator_mixins INFO     mongo_db = TodayCCCLGenerator, topic = CCCL/PURBACHAL/ENM_01 created 67d69d32bef16f70c215b3c2 succesfully
2025-03-16 15:43:23,260 pop.CCCL_environment_mixins INFO     mongo_db = CCCLEnvironment, topic = CCCL/PURBACHAL/ENV_01 created 67d69d3bbef16f70c215b3c3 succesfully
2025-03-16 15:43:23,281 pop.CCCL_environment_mixins INFO     mongo_db = TemporaryCCCLEnvironment, topic = CCCL/PURBACHAL/ENV_01 created 67d69d3bbef16f70c215b3c4 succesfully
2025-03-16 15:43:23,292 pop.CCCL_environment_mixins INFO     mongo_db = TodayCCCLEnvironment, topic = CCCL/PURBACHAL/ENV_01 created 67d69d3bbef16f70c215b3c5 succesfully
2025-03-16 15:43:53,678 pop.CCCL_environment_mixins INFO     mongo_db = CCCLEnvironment, topic = CCCL/PURBACHAL/ENV_01 created 67d69d59bef16f70c215b3c9 succesfully
2025-03-16 15:43:53,692 pop.CCCL_environment_mixins INFO     mongo_db = TemporaryCCCLEnvironment, topic = CCCL/PURBACHAL/ENV_01 created 67d69d59bef16f70c215b3ca succesfully
2025-03-16 15:43:53,702 pop.CCCL_environment_mixins INFO     mongo_db = TodayCCCLEnvironment, topic = CCCL/PURBACHAL/ENV_01 created 67d69d59bef16f70c215b3cb succesfully
2025-03-16 15:43:53,906 pop.CPM_RT_mixins INFO     mongo_db = RTModelCPM, topic = MQTT_RT_DATA created 67d69d59bef16f70c215b3cc succesfully
2025-03-16 15:43:53,917 pop.CPM_RT_mixins INFO     mongo_db = TemporaryRTModelCPM, topic = MQTT_RT_DATA created 67d69d59bef16f70c215b3cd succesfully
2025-03-16 15:43:53,927 pop.CPM_RT_mixins INFO     mongo_db = TodayRTModelCPM, topic = MQTT_RT_DATA created 67d69d59bef16f70c215b3ce succesfully
2025-03-16 15:44:14,487 pop.CCCL_generator_mixins INFO     mongo_db = CCCLGenerator, topic = CCCL/PURBACHAL/ENM_01 created 67d69d6ebef16f70c215b3d2 succesfully
2025-03-16 15:44:14,500 pop.CCCL_generator_mixins INFO     mongo_db = TemporaryCCCLGenerator, topic = CCCL/PURBACHAL/ENM_01 created 67d69d6ebef16f70c215b3d3 succesfully
2025-03-16 15:44:14,512 pop.CCCL_generator_mixins INFO     mongo_db = TodayCCCLGenerator, topic = CCCL/PURBACHAL/ENM_01 created 67d69d6ebef16f70c215b3d4 succesfully
2025-03-16 15:44:24,005 pop.CCCL_environment_mixins INFO     mongo_db = CCCLEnvironment, topic = CCCL/PURBACHAL/ENV_01 created 67d69d78bef16f70c215b3d5 succesfully
2025-03-16 15:44:24,032 pop.CCCL_environment_mixins INFO     mongo_db = TemporaryCCCLEnvironment, topic = CCCL/PURBACHAL/ENV_01 created 67d69d78bef16f70c215b3d6 succesfully
2025-03-16 15:44:24,057 pop.CCCL_environment_mixins INFO     mongo_db = TodayCCCLEnvironment, topic = CCCL/PURBACHAL/ENV_01 created 67d69d78bef16f70c215b3d7 succesfully
2025-03-16 15:44:25,345 pop.CPM_RT_mixins INFO     mongo_db = RTModelCPM, topic = MQTT_RT_DATA created 67d69d79bef16f70c215b3d8 succesfully
2025-03-16 15:44:25,360 pop.CPM_RT_mixins INFO     mongo_db = TemporaryRTModelCPM, topic = MQTT_RT_DATA created 67d69d79bef16f70c215b3d9 succesfully
2025-03-16 15:44:25,379 pop.CPM_RT_mixins INFO     mongo_db = TodayRTModelCPM, topic = MQTT_RT_DATA created 67d69d79bef16f70c215b3da succesfully
2025-03-16 15:44:54,190 pop.CPM_RT_mixins INFO     mongo_db = RTModelCPM, topic = MQTT_RT_DATA created 67d69d96bef16f70c215b3de succesfully
2025-03-16 15:44:54,224 pop.CPM_RT_mixins INFO     mongo_db = TemporaryRTModelCPM, topic = MQTT_RT_DATA created 67d69d96bef16f70c215b3df succesfully
2025-03-16 15:44:54,260 pop.CPM_RT_mixins INFO     mongo_db = TodayRTModelCPM, topic = MQTT_RT_DATA created 67d69d96bef16f70c215b3e0 succesfully
2025-03-16 15:44:54,305 pop.CCCL_environment_mixins INFO     mongo_db = CCCLEnvironment, topic = CCCL/PURBACHAL/ENV_01 created 67d69d96bef16f70c215b3e1 succesfully
2025-03-16 15:44:54,323 pop.CCCL_environment_mixins INFO     mongo_db = TemporaryCCCLEnvironment, topic = CCCL/PURBACHAL/ENV_01 created 67d69d96bef16f70c215b3e2 succesfully
2025-03-16 15:44:54,348 pop.CCCL_environment_mixins INFO     mongo_db = TodayCCCLEnvironment, topic = CCCL/PURBACHAL/ENV_01 created 67d69d96bef16f70c215b3e3 succesfully
2025-03-16 15:45:14,463 pop.CCCL_generator_mixins INFO     mongo_db = CCCLGenerator, topic = CCCL/PURBACHAL/ENM_01 created 67d69daabef16f70c215b3e4 succesfully
2025-03-16 15:45:14,474 pop.CCCL_generator_mixins INFO     mongo_db = TemporaryCCCLGenerator, topic = CCCL/PURBACHAL/ENM_01 created 67d69daabef16f70c215b3e5 succesfully
2025-03-16 15:45:14,483 pop.CCCL_generator_mixins INFO     mongo_db = TodayCCCLGenerator, topic = CCCL/PURBACHAL/ENM_01 created 67d69daabef16f70c215b3e6 succesfully
2025-03-16 15:45:24,607 pop.CCCL_environment_mixins INFO     mongo_db = CCCLEnvironment, topic = CCCL/PURBACHAL/ENV_01 created 67d69db4bef16f70c215b3ea succesfully
2025-03-16 15:45:24,628 pop.CCCL_environment_mixins INFO     mongo_db = TemporaryCCCLEnvironment, topic = CCCL/PURBACHAL/ENV_01 created 67d69db4bef16f70c215b3eb succesfully
2025-03-16 15:45:24,639 pop.CCCL_environment_mixins INFO     mongo_db = TodayCCCLEnvironment, topic = CCCL/PURBACHAL/ENV_01 created 67d69db4bef16f70c215b3ec succesfully
2025-03-16 15:45:24,999 pop.CPM_RT_mixins INFO     mongo_db = RTModelCPM, topic = MQTT_RT_DATA created 67d69db4bef16f70c215b3ed succesfully
2025-03-16 15:45:25,009 pop.CPM_RT_mixins INFO     mongo_db = TemporaryRTModelCPM, topic = MQTT_RT_DATA created 67d69db5bef16f70c215b3ee succesfully
2025-03-16 15:45:25,023 pop.CPM_RT_mixins INFO     mongo_db = TodayRTModelCPM, topic = MQTT_RT_DATA created 67d69db5bef16f70c215b3ef succesfully
2025-03-16 15:45:54,918 pop.CCCL_environment_mixins INFO     mongo_db = CCCLEnvironment, topic = CCCL/PURBACHAL/ENV_01 created 67d69dd2bef16f70c215b3f3 succesfully
2025-03-16 15:45:54,939 pop.CCCL_environment_mixins INFO     mongo_db = TemporaryCCCLEnvironment, topic = CCCL/PURBACHAL/ENV_01 created 67d69dd2bef16f70c215b3f4 succesfully
2025-03-16 15:45:54,951 pop.CCCL_environment_mixins INFO     mongo_db = TodayCCCLEnvironment, topic = CCCL/PURBACHAL/ENV_01 created 67d69dd2bef16f70c215b3f5 succesfully
2025-03-16 15:45:55,307 pop.CPM_RT_mixins INFO     mongo_db = RTModelCPM, topic = MQTT_RT_DATA created 67d69dd3bef16f70c215b3f6 succesfully
2025-03-16 15:45:55,317 pop.CPM_RT_mixins INFO     mongo_db = TemporaryRTModelCPM, topic = MQTT_RT_DATA created 67d69dd3bef16f70c215b3f7 succesfully
2025-03-16 15:45:55,328 pop.CPM_RT_mixins INFO     mongo_db = TodayRTModelCPM, topic = MQTT_RT_DATA created 67d69dd3bef16f70c215b3f8 succesfully
2025-03-16 15:46:14,482 pop.CCCL_generator_mixins INFO     mongo_db = CCCLGenerator, topic = CCCL/PURBACHAL/ENM_01 created 67d69de6bef16f70c215b3f9 succesfully
2025-03-16 15:46:14,506 pop.CCCL_generator_mixins INFO     mongo_db = TemporaryCCCLGenerator, topic = CCCL/PURBACHAL/ENM_01 created 67d69de6bef16f70c215b3fa succesfully
2025-03-16 15:46:14,528 pop.CCCL_generator_mixins INFO     mongo_db = TodayCCCLGenerator, topic = CCCL/PURBACHAL/ENM_01 created 67d69de6bef16f70c215b3fb succesfully
2025-03-16 15:46:25,224 pop.CCCL_environment_mixins INFO     mongo_db = CCCLEnvironment, topic = CCCL/PURBACHAL/ENV_01 created 67d69df1bef16f70c215b3ff succesfully
2025-03-16 15:46:25,250 pop.CCCL_environment_mixins INFO     mongo_db = TemporaryCCCLEnvironment, topic = CCCL/PURBACHAL/ENV_01 created 67d69df1bef16f70c215b400 succesfully
2025-03-16 15:46:25,265 pop.CCCL_environment_mixins INFO     mongo_db = TodayCCCLEnvironment, topic = CCCL/PURBACHAL/ENV_01 created 67d69df1bef16f70c215b401 succesfully
2025-03-16 15:46:25,461 pop.CPM_RT_mixins INFO     mongo_db = RTModelCPM, topic = MQTT_RT_DATA created 67d69df1bef16f70c215b402 succesfully
2025-03-16 15:46:25,473 pop.CPM_RT_mixins INFO     mongo_db = TemporaryRTModelCPM, topic = MQTT_RT_DATA created 67d69df1bef16f70c215b403 succesfully
2025-03-16 15:46:25,487 pop.CPM_RT_mixins INFO     mongo_db = TodayRTModelCPM, topic = MQTT_RT_DATA created 67d69df1bef16f70c215b404 succesfully
2025-03-16 15:46:54,021 pop.CPM_RT_mixins INFO     mongo_db = RTModelCPM, topic = MQTT_RT_DATA created 67d69e0ebef16f70c215b408 succesfully
2025-03-16 15:46:54,034 pop.CPM_RT_mixins INFO     mongo_db = TemporaryRTModelCPM, topic = MQTT_RT_DATA created 67d69e0ebef16f70c215b409 succesfully
2025-03-16 15:46:54,047 pop.CPM_RT_mixins INFO     mongo_db = TodayRTModelCPM, topic = MQTT_RT_DATA created 67d69e0ebef16f70c215b40a succesfully
2025-03-16 15:46:55,531 pop.CCCL_environment_mixins INFO     mongo_db = CCCLEnvironment, topic = CCCL/PURBACHAL/ENV_01 created 67d69e0fbef16f70c215b40b succesfully
2025-03-16 15:46:55,550 pop.CCCL_environment_mixins INFO     mongo_db = TemporaryCCCLEnvironment, topic = CCCL/PURBACHAL/ENV_01 created 67d69e0fbef16f70c215b40c succesfully
2025-03-16 15:46:55,575 pop.CCCL_environment_mixins INFO     mongo_db = TodayCCCLEnvironment, topic = CCCL/PURBACHAL/ENV_01 created 67d69e0fbef16f70c215b40d succesfully
2025-03-16 15:47:14,493 pop.CCCL_generator_mixins INFO     mongo_db = CCCLGenerator, topic = CCCL/PURBACHAL/ENM_01 created 67d69e22bef16f70c215b40e succesfully
2025-03-16 15:47:14,517 pop.CCCL_generator_mixins INFO     mongo_db = TemporaryCCCLGenerator, topic = CCCL/PURBACHAL/ENM_01 created 67d69e22bef16f70c215b40f succesfully
2025-03-16 15:47:14,536 pop.CCCL_generator_mixins INFO     mongo_db = TodayCCCLGenerator, topic = CCCL/PURBACHAL/ENM_01 created 67d69e22bef16f70c215b410 succesfully
2025-03-16 15:47:25,734 pop.CCCL_environment_mixins INFO     mongo_db = CCCLEnvironment, topic = CCCL/PURBACHAL/ENV_01 created 67d69e2dbef16f70c215b414 succesfully
2025-03-16 15:47:25,743 pop.CCCL_environment_mixins INFO     mongo_db = TemporaryCCCLEnvironment, topic = CCCL/PURBACHAL/ENV_01 created 67d69e2dbef16f70c215b415 succesfully
2025-03-16 15:47:25,752 pop.CCCL_environment_mixins INFO     mongo_db = TodayCCCLEnvironment, topic = CCCL/PURBACHAL/ENV_01 created 67d69e2dbef16f70c215b416 succesfully
2025-03-16 15:47:54,912 pop.CPM_RT_mixins INFO     mongo_db = RTModelCPM, topic = MQTT_RT_DATA created 67d69e4abef16f70c215b41a succesfully
2025-03-16 15:47:54,924 pop.CPM_RT_mixins INFO     mongo_db = TemporaryRTModelCPM, topic = MQTT_RT_DATA created 67d69e4abef16f70c215b41b succesfully
2025-03-16 15:47:54,937 pop.CPM_RT_mixins INFO     mongo_db = TodayRTModelCPM, topic = MQTT_RT_DATA created 67d69e4abef16f70c215b41c succesfully
2025-03-16 15:47:56,156 pop.CCCL_environment_mixins INFO     mongo_db = CCCLEnvironment, topic = CCCL/PURBACHAL/ENV_01 created 67d69e4cbef16f70c215b41d succesfully
2025-03-16 15:47:56,176 pop.CCCL_environment_mixins INFO     mongo_db = TemporaryCCCLEnvironment, topic = CCCL/PURBACHAL/ENV_01 created 67d69e4cbef16f70c215b41e succesfully
2025-03-16 15:47:56,186 pop.CCCL_environment_mixins INFO     mongo_db = TodayCCCLEnvironment, topic = CCCL/PURBACHAL/ENV_01 created 67d69e4cbef16f70c215b41f succesfully
2025-03-16 15:48:14,481 pop.CCCL_generator_mixins INFO     mongo_db = CCCLGenerator, topic = CCCL/PURBACHAL/ENM_01 created 67d69e5ebef16f70c215b420 succesfully
2025-03-16 15:48:14,504 pop.CCCL_generator_mixins INFO     mongo_db = TemporaryCCCLGenerator, topic = CCCL/PURBACHAL/ENM_01 created 67d69e5ebef16f70c215b421 succesfully
2025-03-16 15:48:14,521 pop.CCCL_generator_mixins INFO     mongo_db = TodayCCCLGenerator, topic = CCCL/PURBACHAL/ENM_01 created 67d69e5ebef16f70c215b422 succesfully
2025-03-16 15:48:26,487 pop.CCCL_environment_mixins INFO     mongo_db = CCCLEnvironment, topic = CCCL/PURBACHAL/ENV_01 created 67d69e6abef16f70c215b426 succesfully
2025-03-16 15:48:26,507 pop.CCCL_environment_mixins INFO     mongo_db = TemporaryCCCLEnvironment, topic = CCCL/PURBACHAL/ENV_01 created 67d69e6abef16f70c215b427 succesfully
2025-03-16 15:48:26,522 pop.CCCL_environment_mixins INFO     mongo_db = TodayCCCLEnvironment, topic = CCCL/PURBACHAL/ENV_01 created 67d69e6abef16f70c215b428 succesfully
2025-03-16 15:48:54,327 pop.CPM_RT_mixins INFO     mongo_db = RTModelCPM, topic = MQTT_RT_DATA created 67d69e86bef16f70c215b42c succesfully
2025-03-16 15:48:54,339 pop.CPM_RT_mixins INFO     mongo_db = TemporaryRTModelCPM, topic = MQTT_RT_DATA created 67d69e86bef16f70c215b42d succesfully
2025-03-16 15:48:54,351 pop.CPM_RT_mixins INFO     mongo_db = TodayRTModelCPM, topic = MQTT_RT_DATA created 67d69e86bef16f70c215b42e succesfully
2025-03-16 15:48:56,870 pop.CCCL_environment_mixins INFO     mongo_db = CCCLEnvironment, topic = CCCL/PURBACHAL/ENV_01 created 67d69e88bef16f70c215b42f succesfully
2025-03-16 15:48:56,882 pop.CCCL_environment_mixins INFO     mongo_db = TemporaryCCCLEnvironment, topic = CCCL/PURBACHAL/ENV_01 created 67d69e88bef16f70c215b430 succesfully
2025-03-16 15:48:56,891 pop.CCCL_environment_mixins INFO     mongo_db = TodayCCCLEnvironment, topic = CCCL/PURBACHAL/ENV_01 created 67d69e88bef16f70c215b431 succesfully
2025-03-16 15:49:14,457 pop.CCCL_generator_mixins INFO     mongo_db = CCCLGenerator, topic = CCCL/PURBACHAL/ENM_01 created 67d69e9abef16f70c215b432 succesfully
2025-03-16 15:49:14,467 pop.CCCL_generator_mixins INFO     mongo_db = TemporaryCCCLGenerator, topic = CCCL/PURBACHAL/ENM_01 created 67d69e9abef16f70c215b433 succesfully
2025-03-16 15:49:14,485 pop.CCCL_generator_mixins INFO     mongo_db = TodayCCCLGenerator, topic = CCCL/PURBACHAL/ENM_01 created 67d69e9abef16f70c215b434 succesfully
2025-03-16 15:49:27,206 pop.CCCL_environment_mixins INFO     mongo_db = CCCLEnvironment, topic = CCCL/PURBACHAL/ENV_01 created 67d69ea7bef16f70c215b438 succesfully
2025-03-16 15:49:27,227 pop.CCCL_environment_mixins INFO     mongo_db = TemporaryCCCLEnvironment, topic = CCCL/PURBACHAL/ENV_01 created 67d69ea7bef16f70c215b439 succesfully
2025-03-16 15:49:27,238 pop.CCCL_environment_mixins INFO     mongo_db = TodayCCCLEnvironment, topic = CCCL/PURBACHAL/ENV_01 created 67d69ea7bef16f70c215b43a succesfully
2025-03-16 15:49:55,360 pop.CPM_RT_mixins INFO     mongo_db = RTModelCPM, topic = MQTT_RT_DATA created 67d69ec3bef16f70c215b43e succesfully
2025-03-16 15:49:55,372 pop.CPM_RT_mixins INFO     mongo_db = TemporaryRTModelCPM, topic = MQTT_RT_DATA created 67d69ec3bef16f70c215b43f succesfully
2025-03-16 15:49:55,389 pop.CPM_RT_mixins INFO     mongo_db = TodayRTModelCPM, topic = MQTT_RT_DATA created 67d69ec3bef16f70c215b440 succesfully
2025-03-16 15:49:57,509 pop.CCCL_environment_mixins INFO     mongo_db = CCCLEnvironment, topic = CCCL/PURBACHAL/ENV_01 created 67d69ec5bef16f70c215b441 succesfully
2025-03-16 15:49:57,531 pop.CCCL_environment_mixins INFO     mongo_db = TemporaryCCCLEnvironment, topic = CCCL/PURBACHAL/ENV_01 created 67d69ec5bef16f70c215b442 succesfully
2025-03-16 15:49:57,542 pop.CCCL_environment_mixins INFO     mongo_db = TodayCCCLEnvironment, topic = CCCL/PURBACHAL/ENV_01 created 67d69ec5bef16f70c215b443 succesfully
2025-03-16 15:50:14,476 pop.CCCL_generator_mixins INFO     mongo_db = CCCLGenerator, topic = CCCL/PURBACHAL/ENM_01 created 67d69ed6bef16f70c215b444 succesfully
2025-03-16 15:50:14,492 pop.CCCL_generator_mixins INFO     mongo_db = TemporaryCCCLGenerator, topic = CCCL/PURBACHAL/ENM_01 created 67d69ed6bef16f70c215b445 succesfully
2025-03-16 15:50:14,504 pop.CCCL_generator_mixins INFO     mongo_db = TodayCCCLGenerator, topic = CCCL/PURBACHAL/ENM_01 created 67d69ed6bef16f70c215b446 succesfully
2025-03-16 15:50:24,703 pop.CPM_RT_mixins INFO     mongo_db = RTModelCPM, topic = MQTT_RT_DATA created 67d69ee0bef16f70c215b44a succesfully
2025-03-16 15:50:24,721 pop.CPM_RT_mixins INFO     mongo_db = TemporaryRTModelCPM, topic = MQTT_RT_DATA created 67d69ee0bef16f70c215b44b succesfully
2025-03-16 15:50:24,739 pop.CPM_RT_mixins INFO     mongo_db = TodayRTModelCPM, topic = MQTT_RT_DATA created 67d69ee0bef16f70c215b44c succesfully
2025-03-16 15:50:27,820 pop.CCCL_environment_mixins INFO     mongo_db = CCCLEnvironment, topic = CCCL/PURBACHAL/ENV_01 created 67d69ee3bef16f70c215b44d succesfully
2025-03-16 15:50:27,838 pop.CCCL_environment_mixins INFO     mongo_db = TemporaryCCCLEnvironment, topic = CCCL/PURBACHAL/ENV_01 created 67d69ee3bef16f70c215b44e succesfully
2025-03-16 15:50:27,847 pop.CCCL_environment_mixins INFO     mongo_db = TodayCCCLEnvironment, topic = CCCL/PURBACHAL/ENV_01 created 67d69ee3bef16f70c215b44f succesfully
2025-03-16 15:50:54,900 pop.CPM_RT_mixins INFO     mongo_db = RTModelCPM, topic = MQTT_RT_DATA created 67d69efebef16f70c215b453 succesfully
2025-03-16 15:50:54,912 pop.CPM_RT_mixins INFO     mongo_db = TemporaryRTModelCPM, topic = MQTT_RT_DATA created 67d69efebef16f70c215b454 succesfully
2025-03-16 15:50:54,924 pop.CPM_RT_mixins INFO     mongo_db = TodayRTModelCPM, topic = MQTT_RT_DATA created 67d69efebef16f70c215b455 succesfully
2025-03-16 15:50:58,230 pop.CCCL_environment_mixins INFO     mongo_db = CCCLEnvironment, topic = CCCL/PURBACHAL/ENV_01 created 67d69f02bef16f70c215b456 succesfully
2025-03-16 15:50:58,256 pop.CCCL_environment_mixins INFO     mongo_db = TemporaryCCCLEnvironment, topic = CCCL/PURBACHAL/ENV_01 created 67d69f02bef16f70c215b457 succesfully
2025-03-16 15:50:58,269 pop.CCCL_environment_mixins INFO     mongo_db = TodayCCCLEnvironment, topic = CCCL/PURBACHAL/ENV_01 created 67d69f02bef16f70c215b458 succesfully
2025-03-16 15:51:14,472 pop.CCCL_generator_mixins INFO     mongo_db = CCCLGenerator, topic = CCCL/PURBACHAL/ENM_01 created 67d69f12bef16f70c215b459 succesfully
2025-03-16 15:51:14,496 pop.CCCL_generator_mixins INFO     mongo_db = TemporaryCCCLGenerator, topic = CCCL/PURBACHAL/ENM_01 created 67d69f12bef16f70c215b45a succesfully
2025-03-16 15:51:14,515 pop.CCCL_generator_mixins INFO     mongo_db = TodayCCCLGenerator, topic = CCCL/PURBACHAL/ENM_01 created 67d69f12bef16f70c215b45b succesfully
2025-03-16 15:51:24,057 pop.CPM_RT_mixins INFO     mongo_db = RTModelCPM, topic = MQTT_RT_DATA created 67d69f1cbef16f70c215b45f succesfully
2025-03-16 15:51:24,067 pop.CPM_RT_mixins INFO     mongo_db = TemporaryRTModelCPM, topic = MQTT_RT_DATA created 67d69f1cbef16f70c215b460 succesfully
2025-03-16 15:51:24,083 pop.CPM_RT_mixins INFO     mongo_db = TodayRTModelCPM, topic = MQTT_RT_DATA created 67d69f1cbef16f70c215b461 succesfully
2025-03-16 15:51:28,531 pop.CCCL_environment_mixins INFO     mongo_db = CCCLEnvironment, topic = CCCL/PURBACHAL/ENV_01 created 67d69f20bef16f70c215b462 succesfully
2025-03-16 15:51:28,542 pop.CCCL_environment_mixins INFO     mongo_db = TemporaryCCCLEnvironment, topic = CCCL/PURBACHAL/ENV_01 created 67d69f20bef16f70c215b463 succesfully
2025-03-16 15:51:28,552 pop.CCCL_environment_mixins INFO     mongo_db = TodayCCCLEnvironment, topic = CCCL/PURBACHAL/ENV_01 created 67d69f20bef16f70c215b464 succesfully
2025-03-16 15:51:55,646 pop.CPM_RT_mixins INFO     mongo_db = RTModelCPM, topic = MQTT_RT_DATA created 67d69f3bbef16f70c215b468 succesfully
2025-03-16 15:51:55,657 pop.CPM_RT_mixins INFO     mongo_db = TemporaryRTModelCPM, topic = MQTT_RT_DATA created 67d69f3bbef16f70c215b469 succesfully
2025-03-16 15:51:55,670 pop.CPM_RT_mixins INFO     mongo_db = TodayRTModelCPM, topic = MQTT_RT_DATA created 67d69f3bbef16f70c215b46a succesfully
2025-03-16 15:51:58,855 pop.CCCL_environment_mixins INFO     mongo_db = CCCLEnvironment, topic = CCCL/PURBACHAL/ENV_01 created 67d69f3ebef16f70c215b46b succesfully
2025-03-16 15:51:58,876 pop.CCCL_environment_mixins INFO     mongo_db = TemporaryCCCLEnvironment, topic = CCCL/PURBACHAL/ENV_01 created 67d69f3ebef16f70c215b46c succesfully
2025-03-16 15:51:58,888 pop.CCCL_environment_mixins INFO     mongo_db = TodayCCCLEnvironment, topic = CCCL/PURBACHAL/ENV_01 created 67d69f3ebef16f70c215b46d succesfully
2025-03-16 15:52:14,481 pop.CCCL_generator_mixins INFO     mongo_db = CCCLGenerator, topic = CCCL/PURBACHAL/ENM_01 created 67d69f4ebef16f70c215b46e succesfully
2025-03-16 15:52:14,493 pop.CCCL_generator_mixins INFO     mongo_db = TemporaryCCCLGenerator, topic = CCCL/PURBACHAL/ENM_01 created 67d69f4ebef16f70c215b46f succesfully
2025-03-16 15:52:14,503 pop.CCCL_generator_mixins INFO     mongo_db = TodayCCCLGenerator, topic = CCCL/PURBACHAL/ENM_01 created 67d69f4ebef16f70c215b470 succesfully
2025-03-16 15:52:26,328 pop.CPM_RT_mixins INFO     mongo_db = RTModelCPM, topic = MQTT_RT_DATA created 67d69f5abef16f70c215b474 succesfully
2025-03-16 15:52:26,340 pop.CPM_RT_mixins INFO     mongo_db = TemporaryRTModelCPM, topic = MQTT_RT_DATA created 67d69f5abef16f70c215b475 succesfully
2025-03-16 15:52:26,354 pop.CPM_RT_mixins INFO     mongo_db = TodayRTModelCPM, topic = MQTT_RT_DATA created 67d69f5abef16f70c215b476 succesfully
2025-03-16 15:52:29,166 pop.CCCL_environment_mixins INFO     mongo_db = CCCLEnvironment, topic = CCCL/PURBACHAL/ENV_01 created 67d69f5dbef16f70c215b477 succesfully
2025-03-16 15:52:29,188 pop.CCCL_environment_mixins INFO     mongo_db = TemporaryCCCLEnvironment, topic = CCCL/PURBACHAL/ENV_01 created 67d69f5dbef16f70c215b478 succesfully
2025-03-16 15:52:29,200 pop.CCCL_environment_mixins INFO     mongo_db = TodayCCCLEnvironment, topic = CCCL/PURBACHAL/ENV_01 created 67d69f5dbef16f70c215b479 succesfully
2025-03-16 15:52:54,605 pop.CPM_RT_mixins INFO     mongo_db = RTModelCPM, topic = MQTT_RT_DATA created 67d69f76bef16f70c215b47a succesfully
2025-03-16 15:52:54,619 pop.CPM_RT_mixins INFO     mongo_db = TemporaryRTModelCPM, topic = MQTT_RT_DATA created 67d69f76bef16f70c215b47b succesfully
2025-03-16 15:52:54,631 pop.CPM_RT_mixins INFO     mongo_db = TodayRTModelCPM, topic = MQTT_RT_DATA created 67d69f76bef16f70c215b47c succesfully
2025-03-16 15:52:59,671 pop.CCCL_environment_mixins INFO     mongo_db = CCCLEnvironment, topic = CCCL/PURBACHAL/ENV_01 created 67d69f7bbef16f70c215b480 succesfully
2025-03-16 15:52:59,679 pop.CCCL_environment_mixins INFO     mongo_db = TemporaryCCCLEnvironment, topic = CCCL/PURBACHAL/ENV_01 created 67d69f7bbef16f70c215b481 succesfully
2025-03-16 15:52:59,689 pop.CCCL_environment_mixins INFO     mongo_db = TodayCCCLEnvironment, topic = CCCL/PURBACHAL/ENV_01 created 67d69f7bbef16f70c215b482 succesfully
2025-03-16 15:53:14,470 pop.CCCL_generator_mixins INFO     mongo_db = CCCLGenerator, topic = CCCL/PURBACHAL/ENM_01 created 67d69f8abef16f70c215b483 succesfully
2025-03-16 15:53:14,492 pop.CCCL_generator_mixins INFO     mongo_db = TemporaryCCCLGenerator, topic = CCCL/PURBACHAL/ENM_01 created 67d69f8abef16f70c215b484 succesfully
2025-03-16 15:53:14,503 pop.CCCL_generator_mixins INFO     mongo_db = TodayCCCLGenerator, topic = CCCL/PURBACHAL/ENM_01 created 67d69f8abef16f70c215b485 succesfully
2025-03-16 15:53:25,793 pop.CPM_RT_mixins INFO     mongo_db = RTModelCPM, topic = MQTT_RT_DATA created 67d69f95bef16f70c215b489 succesfully
2025-03-16 15:53:25,805 pop.CPM_RT_mixins INFO     mongo_db = TemporaryRTModelCPM, topic = MQTT_RT_DATA created 67d69f95bef16f70c215b48a succesfully
2025-03-16 15:53:25,817 pop.CPM_RT_mixins INFO     mongo_db = TodayRTModelCPM, topic = MQTT_RT_DATA created 67d69f95bef16f70c215b48b succesfully
2025-03-16 15:53:29,978 pop.CCCL_environment_mixins INFO     mongo_db = CCCLEnvironment, topic = CCCL/PURBACHAL/ENV_01 created 67d69f99bef16f70c215b48c succesfully
2025-03-16 15:53:29,984 pop.CCCL_environment_mixins INFO     mongo_db = TemporaryCCCLEnvironment, topic = CCCL/PURBACHAL/ENV_01 created 67d69f99bef16f70c215b48d succesfully
2025-03-16 15:53:29,991 pop.CCCL_environment_mixins INFO     mongo_db = TodayCCCLEnvironment, topic = CCCL/PURBACHAL/ENV_01 created 67d69f99bef16f70c215b48e succesfully
2025-03-16 15:53:55,363 pop.CPM_RT_mixins INFO     mongo_db = RTModelCPM, topic = MQTT_RT_DATA created 67d69fb3bef16f70c215b48f succesfully
2025-03-16 15:53:55,374 pop.CPM_RT_mixins INFO     mongo_db = TemporaryRTModelCPM, topic = MQTT_RT_DATA created 67d69fb3bef16f70c215b490 succesfully
2025-03-16 15:53:55,388 pop.CPM_RT_mixins INFO     mongo_db = TodayRTModelCPM, topic = MQTT_RT_DATA created 67d69fb3bef16f70c215b491 succesfully
2025-03-16 15:54:00,410 pop.CCCL_environment_mixins INFO     mongo_db = CCCLEnvironment, topic = CCCL/PURBACHAL/ENV_01 created 67d69fb8bef16f70c215b495 succesfully
2025-03-16 15:54:00,427 pop.CCCL_environment_mixins INFO     mongo_db = TemporaryCCCLEnvironment, topic = CCCL/PURBACHAL/ENV_01 created 67d69fb8bef16f70c215b496 succesfully
2025-03-16 15:54:00,440 pop.CCCL_environment_mixins INFO     mongo_db = TodayCCCLEnvironment, topic = CCCL/PURBACHAL/ENV_01 created 67d69fb8bef16f70c215b497 succesfully
2025-03-16 15:54:03,145 pop.CPM_ENY_NOW_mongo_mixins INFO     mongo_db = EnyNowDataModelCPM, topic = MQTT_ENY_NOW created 67d69fbbbef16f70c215b498 succesfully
2025-03-16 15:54:03,152 pop.CPM_ENY_NOW_mongo_mixins INFO     mongo_db = TemporaryEnyNowDataModelCPM, topic = MQTT_ENY_NOW created 67d69fbbbef16f70c215b499 succesfully
2025-03-16 15:54:03,158 pop.CPM_ENY_NOW_mongo_mixins INFO     mongo_db = TodayEnyNowDataModelCPM, topic = MQTT_ENY_NOW created 67d69fbbbef16f70c215b49a succesfully
2025-03-16 15:54:03,164 pop.CPM_ENY_NOW_mongo_mixins INFO     mongo_db = Last7DaysEnyNowDataModelCPM, topic = MQTT_ENY_NOW created 67d69fbbbef16f70c215b49b succesfully
2025-03-16 15:54:14,470 pop.CCCL_generator_mixins INFO     mongo_db = CCCLGenerator, topic = CCCL/PURBACHAL/ENM_01 created 67d69fc6bef16f70c215b49c succesfully
2025-03-16 15:54:14,492 pop.CCCL_generator_mixins INFO     mongo_db = TemporaryCCCLGenerator, topic = CCCL/PURBACHAL/ENM_01 created 67d69fc6bef16f70c215b49d succesfully
2025-03-16 15:54:14,504 pop.CCCL_generator_mixins INFO     mongo_db = TodayCCCLGenerator, topic = CCCL/PURBACHAL/ENM_01 created 67d69fc6bef16f70c215b49e succesfully
2025-03-16 15:54:24,466 pop.CPM_RT_mixins INFO     mongo_db = RTModelCPM, topic = MQTT_RT_DATA created 67d69fd0bef16f70c215b49f succesfully
2025-03-16 15:54:24,480 pop.CPM_RT_mixins INFO     mongo_db = TemporaryRTModelCPM, topic = MQTT_RT_DATA created 67d69fd0bef16f70c215b4a0 succesfully
2025-03-16 15:54:24,493 pop.CPM_RT_mixins INFO     mongo_db = TodayRTModelCPM, topic = MQTT_RT_DATA created 67d69fd0bef16f70c215b4a1 succesfully
2025-03-16 15:54:30,717 pop.CCCL_environment_mixins INFO     mongo_db = CCCLEnvironment, topic = CCCL/PURBACHAL/ENV_01 created 67d69fd6bef16f70c215b4a5 succesfully
2025-03-16 15:54:30,737 pop.CCCL_environment_mixins INFO     mongo_db = TemporaryCCCLEnvironment, topic = CCCL/PURBACHAL/ENV_01 created 67d69fd6bef16f70c215b4a6 succesfully
2025-03-16 15:54:30,748 pop.CCCL_environment_mixins INFO     mongo_db = TodayCCCLEnvironment, topic = CCCL/PURBACHAL/ENV_01 created 67d69fd6bef16f70c215b4a7 succesfully
2025-03-16 15:54:54,558 pop.CPM_RT_mixins INFO     mongo_db = RTModelCPM, topic = MQTT_RT_DATA created 67d69feebef16f70c215b4a8 succesfully
2025-03-16 15:54:54,570 pop.CPM_RT_mixins INFO     mongo_db = TemporaryRTModelCPM, topic = MQTT_RT_DATA created 67d69feebef16f70c215b4a9 succesfully
2025-03-16 15:54:54,581 pop.CPM_RT_mixins INFO     mongo_db = TodayRTModelCPM, topic = MQTT_RT_DATA created 67d69feebef16f70c215b4aa succesfully
2025-03-16 15:55:01,028 pop.CCCL_environment_mixins INFO     mongo_db = CCCLEnvironment, topic = CCCL/PURBACHAL/ENV_01 created 67d69ff5bef16f70c215b4ae succesfully
2025-03-16 15:55:01,055 pop.CCCL_environment_mixins INFO     mongo_db = TemporaryCCCLEnvironment, topic = CCCL/PURBACHAL/ENV_01 created 67d69ff5bef16f70c215b4af succesfully
2025-03-16 15:55:01,066 pop.CCCL_environment_mixins INFO     mongo_db = TodayCCCLEnvironment, topic = CCCL/PURBACHAL/ENV_01 created 67d69ff5bef16f70c215b4b0 succesfully
2025-03-16 15:55:14,451 pop.CCCL_generator_mixins INFO     mongo_db = CCCLGenerator, topic = CCCL/PURBACHAL/ENM_01 created 67d6a002bef16f70c215b4b1 succesfully
2025-03-16 15:55:14,463 pop.CCCL_generator_mixins INFO     mongo_db = TemporaryCCCLGenerator, topic = CCCL/PURBACHAL/ENM_01 created 67d6a002bef16f70c215b4b2 succesfully
2025-03-16 15:55:14,475 pop.CCCL_generator_mixins INFO     mongo_db = TodayCCCLGenerator, topic = CCCL/PURBACHAL/ENM_01 created 67d6a002bef16f70c215b4b3 succesfully
2025-03-16 15:55:24,750 pop.CPM_RT_mixins INFO     mongo_db = RTModelCPM, topic = MQTT_RT_DATA created 67d6a00cbef16f70c215b4b4 succesfully
2025-03-16 15:55:24,777 pop.CPM_RT_mixins INFO     mongo_db = TemporaryRTModelCPM, topic = MQTT_RT_DATA created 67d6a00cbef16f70c215b4b5 succesfully
2025-03-16 15:55:24,800 pop.CPM_RT_mixins INFO     mongo_db = TodayRTModelCPM, topic = MQTT_RT_DATA created 67d6a00cbef16f70c215b4b6 succesfully
2025-03-16 15:55:31,344 pop.CCCL_environment_mixins INFO     mongo_db = CCCLEnvironment, topic = CCCL/PURBACHAL/ENV_01 created 67d6a013bef16f70c215b4ba succesfully
2025-03-16 15:55:31,354 pop.CCCL_environment_mixins INFO     mongo_db = TemporaryCCCLEnvironment, topic = CCCL/PURBACHAL/ENV_01 created 67d6a013bef16f70c215b4bb succesfully
2025-03-16 15:55:31,364 pop.CCCL_environment_mixins INFO     mongo_db = TodayCCCLEnvironment, topic = CCCL/PURBACHAL/ENV_01 created 67d6a013bef16f70c215b4bc succesfully
2025-03-16 15:55:54,526 pop.CPM_RT_mixins INFO     mongo_db = RTModelCPM, topic = MQTT_RT_DATA created 67d6a02abef16f70c215b4bd succesfully
2025-03-16 15:55:54,540 pop.CPM_RT_mixins INFO     mongo_db = TemporaryRTModelCPM, topic = MQTT_RT_DATA created 67d6a02abef16f70c215b4be succesfully
2025-03-16 15:55:54,555 pop.CPM_RT_mixins INFO     mongo_db = TodayRTModelCPM, topic = MQTT_RT_DATA created 67d6a02abef16f70c215b4bf succesfully
2025-03-16 15:56:01,643 pop.CCCL_environment_mixins INFO     mongo_db = CCCLEnvironment, topic = CCCL/PURBACHAL/ENV_01 created 67d6a031bef16f70c215b4c3 succesfully
2025-03-16 15:56:01,653 pop.CCCL_environment_mixins INFO     mongo_db = TemporaryCCCLEnvironment, topic = CCCL/PURBACHAL/ENV_01 created 67d6a031bef16f70c215b4c4 succesfully
2025-03-16 15:56:01,665 pop.CCCL_environment_mixins INFO     mongo_db = TodayCCCLEnvironment, topic = CCCL/PURBACHAL/ENV_01 created 67d6a031bef16f70c215b4c5 succesfully
2025-03-16 15:56:14,464 pop.CCCL_generator_mixins INFO     mongo_db = CCCLGenerator, topic = CCCL/PURBACHAL/ENM_01 created 67d6a03ebef16f70c215b4c6 succesfully
2025-03-16 15:56:14,485 pop.CCCL_generator_mixins INFO     mongo_db = TemporaryCCCLGenerator, topic = CCCL/PURBACHAL/ENM_01 created 67d6a03ebef16f70c215b4c7 succesfully
2025-03-16 15:56:14,499 pop.CCCL_generator_mixins INFO     mongo_db = TodayCCCLGenerator, topic = CCCL/PURBACHAL/ENM_01 created 67d6a03ebef16f70c215b4c8 succesfully
2025-03-16 15:56:24,823 pop.CPM_RT_mixins INFO     mongo_db = RTModelCPM, topic = MQTT_RT_DATA created 67d6a048bef16f70c215b4c9 succesfully
2025-03-16 15:56:24,834 pop.CPM_RT_mixins INFO     mongo_db = TemporaryRTModelCPM, topic = MQTT_RT_DATA created 67d6a048bef16f70c215b4ca succesfully
2025-03-16 15:56:24,848 pop.CPM_RT_mixins INFO     mongo_db = TodayRTModelCPM, topic = MQTT_RT_DATA created 67d6a048bef16f70c215b4cb succesfully
2025-03-16 15:56:31,963 pop.CCCL_environment_mixins INFO     mongo_db = CCCLEnvironment, topic = CCCL/PURBACHAL/ENV_01 created 67d6a04fbef16f70c215b4cf succesfully
2025-03-16 15:56:31,993 pop.CCCL_environment_mixins INFO     mongo_db = TemporaryCCCLEnvironment, topic = CCCL/PURBACHAL/ENV_01 created 67d6a04fbef16f70c215b4d0 succesfully
2025-03-16 15:56:32,008 pop.CCCL_environment_mixins INFO     mongo_db = TodayCCCLEnvironment, topic = CCCL/PURBACHAL/ENV_01 created 67d6a050bef16f70c215b4d1 succesfully
2025-03-16 15:56:54,495 pop.CPM_RT_mixins INFO     mongo_db = RTModelCPM, topic = MQTT_RT_DATA created 67d6a066bef16f70c215b4d2 succesfully
2025-03-16 15:56:54,506 pop.CPM_RT_mixins INFO     mongo_db = TemporaryRTModelCPM, topic = MQTT_RT_DATA created 67d6a066bef16f70c215b4d3 succesfully
2025-03-16 15:56:54,521 pop.CPM_RT_mixins INFO     mongo_db = TodayRTModelCPM, topic = MQTT_RT_DATA created 67d6a066bef16f70c215b4d4 succesfully
2025-03-16 15:57:02,365 pop.CCCL_environment_mixins INFO     mongo_db = CCCLEnvironment, topic = CCCL/PURBACHAL/ENV_01 created 67d6a06ebef16f70c215b4d8 succesfully
2025-03-16 15:57:02,375 pop.CCCL_environment_mixins INFO     mongo_db = TemporaryCCCLEnvironment, topic = CCCL/PURBACHAL/ENV_01 created 67d6a06ebef16f70c215b4d9 succesfully
2025-03-16 15:57:02,387 pop.CCCL_environment_mixins INFO     mongo_db = TodayCCCLEnvironment, topic = CCCL/PURBACHAL/ENV_01 created 67d6a06ebef16f70c215b4da succesfully
2025-03-16 15:57:14,469 pop.CCCL_generator_mixins INFO     mongo_db = CCCLGenerator, topic = CCCL/PURBACHAL/ENM_01 created 67d6a07abef16f70c215b4db succesfully
2025-03-16 15:57:14,500 pop.CCCL_generator_mixins INFO     mongo_db = TemporaryCCCLGenerator, topic = CCCL/PURBACHAL/ENM_01 created 67d6a07abef16f70c215b4dc succesfully
2025-03-16 15:57:14,518 pop.CCCL_generator_mixins INFO     mongo_db = TodayCCCLGenerator, topic = CCCL/PURBACHAL/ENM_01 created 67d6a07abef16f70c215b4dd succesfully
2025-03-16 15:57:32,697 pop.CCCL_environment_mixins INFO     mongo_db = CCCLEnvironment, topic = CCCL/PURBACHAL/ENV_01 created 67d6a08cbef16f70c215b4e1 succesfully
2025-03-16 15:57:32,710 pop.CCCL_environment_mixins INFO     mongo_db = TemporaryCCCLEnvironment, topic = CCCL/PURBACHAL/ENV_01 created 67d6a08cbef16f70c215b4e2 succesfully
2025-03-16 15:57:32,722 pop.CCCL_environment_mixins INFO     mongo_db = TodayCCCLEnvironment, topic = CCCL/PURBACHAL/ENV_01 created 67d6a08cbef16f70c215b4e3 succesfully
2025-03-16 15:57:54,340 pop.CPM_RT_mixins INFO     mongo_db = RTModelCPM, topic = MQTT_RT_DATA created 67d6a0a2bef16f70c215b4e4 succesfully
2025-03-16 15:57:54,352 pop.CPM_RT_mixins INFO     mongo_db = TemporaryRTModelCPM, topic = MQTT_RT_DATA created 67d6a0a2bef16f70c215b4e5 succesfully
2025-03-16 15:57:54,368 pop.CPM_RT_mixins INFO     mongo_db = TodayRTModelCPM, topic = MQTT_RT_DATA created 67d6a0a2bef16f70c215b4e6 succesfully
2025-03-16 15:58:02,998 pop.CCCL_environment_mixins INFO     mongo_db = CCCLEnvironment, topic = CCCL/PURBACHAL/ENV_01 created 67d6a0aabef16f70c215b4ea succesfully
2025-03-16 15:58:03,026 pop.CCCL_environment_mixins INFO     mongo_db = TemporaryCCCLEnvironment, topic = CCCL/PURBACHAL/ENV_01 created 67d6a0abbef16f70c215b4eb succesfully
2025-03-16 15:58:03,040 pop.CCCL_environment_mixins INFO     mongo_db = TodayCCCLEnvironment, topic = CCCL/PURBACHAL/ENV_01 created 67d6a0abbef16f70c215b4ec succesfully
2025-03-16 15:58:14,472 pop.CCCL_generator_mixins INFO     mongo_db = CCCLGenerator, topic = CCCL/PURBACHAL/ENM_01 created 67d6a0b6bef16f70c215b4ed succesfully
2025-03-16 15:58:14,490 pop.CCCL_generator_mixins INFO     mongo_db = TemporaryCCCLGenerator, topic = CCCL/PURBACHAL/ENM_01 created 67d6a0b6bef16f70c215b4ee succesfully
2025-03-16 15:58:14,503 pop.CCCL_generator_mixins INFO     mongo_db = TodayCCCLGenerator, topic = CCCL/PURBACHAL/ENM_01 created 67d6a0b6bef16f70c215b4ef succesfully
2025-03-16 15:58:23,863 pop.CPM_RT_mixins INFO     mongo_db = RTModelCPM, topic = MQTT_RT_DATA created 67d6a0bfbef16f70c215b4f0 succesfully
2025-03-16 15:58:23,875 pop.CPM_RT_mixins INFO     mongo_db = TemporaryRTModelCPM, topic = MQTT_RT_DATA created 67d6a0bfbef16f70c215b4f1 succesfully
2025-03-16 15:58:23,887 pop.CPM_RT_mixins INFO     mongo_db = TodayRTModelCPM, topic = MQTT_RT_DATA created 67d6a0bfbef16f70c215b4f2 succesfully
2025-03-16 15:58:33,308 pop.CCCL_environment_mixins INFO     mongo_db = CCCLEnvironment, topic = CCCL/PURBACHAL/ENV_01 created 67d6a0c9bef16f70c215b4f6 succesfully
2025-03-16 15:58:33,332 pop.CCCL_environment_mixins INFO     mongo_db = TemporaryCCCLEnvironment, topic = CCCL/PURBACHAL/ENV_01 created 67d6a0c9bef16f70c215b4f7 succesfully
2025-03-16 15:58:33,343 pop.CCCL_environment_mixins INFO     mongo_db = TodayCCCLEnvironment, topic = CCCL/PURBACHAL/ENV_01 created 67d6a0c9bef16f70c215b4f8 succesfully
2025-03-16 15:58:53,988 pop.CPM_RT_mixins INFO     mongo_db = RTModelCPM, topic = MQTT_RT_DATA created 67d6a0ddbef16f70c215b4f9 succesfully
2025-03-16 15:58:54,002 pop.CPM_RT_mixins INFO     mongo_db = TemporaryRTModelCPM, topic = MQTT_RT_DATA created 67d6a0debef16f70c215b4fa succesfully
2025-03-16 15:58:54,015 pop.CPM_RT_mixins INFO     mongo_db = TodayRTModelCPM, topic = MQTT_RT_DATA created 67d6a0debef16f70c215b4fb succesfully
2025-03-16 15:59:03,740 pop.CCCL_environment_mixins INFO     mongo_db = CCCLEnvironment, topic = CCCL/PURBACHAL/ENV_01 created 67d6a0e7bef16f70c215b4ff succesfully
2025-03-16 15:59:03,757 pop.CCCL_environment_mixins INFO     mongo_db = TemporaryCCCLEnvironment, topic = CCCL/PURBACHAL/ENV_01 created 67d6a0e7bef16f70c215b500 succesfully
2025-03-16 15:59:03,769 pop.CCCL_environment_mixins INFO     mongo_db = TodayCCCLEnvironment, topic = CCCL/PURBACHAL/ENV_01 created 67d6a0e7bef16f70c215b501 succesfully
2025-03-16 15:59:14,464 pop.CCCL_generator_mixins INFO     mongo_db = CCCLGenerator, topic = CCCL/PURBACHAL/ENM_01 created 67d6a0f2bef16f70c215b502 succesfully
2025-03-16 15:59:14,486 pop.CCCL_generator_mixins INFO     mongo_db = TemporaryCCCLGenerator, topic = CCCL/PURBACHAL/ENM_01 created 67d6a0f2bef16f70c215b503 succesfully
2025-03-16 15:59:14,497 pop.CCCL_generator_mixins INFO     mongo_db = TodayCCCLGenerator, topic = CCCL/PURBACHAL/ENM_01 created 67d6a0f2bef16f70c215b504 succesfully
2025-03-16 15:59:25,009 pop.CPM_RT_mixins INFO     mongo_db = RTModelCPM, topic = MQTT_RT_DATA created 67d6a0fdbef16f70c215b505 succesfully
2025-03-16 15:59:25,023 pop.CPM_RT_mixins INFO     mongo_db = TemporaryRTModelCPM, topic = MQTT_RT_DATA created 67d6a0fdbef16f70c215b506 succesfully
2025-03-16 15:59:25,038 pop.CPM_RT_mixins INFO     mongo_db = TodayRTModelCPM, topic = MQTT_RT_DATA created 67d6a0fdbef16f70c215b507 succesfully
2025-03-16 15:59:34,038 pop.CCCL_environment_mixins INFO     mongo_db = CCCLEnvironment, topic = CCCL/PURBACHAL/ENV_01 created 67d6a106bef16f70c215b50b succesfully
2025-03-16 15:59:34,059 pop.CCCL_environment_mixins INFO     mongo_db = TemporaryCCCLEnvironment, topic = CCCL/PURBACHAL/ENV_01 created 67d6a106bef16f70c215b50c succesfully
2025-03-16 15:59:34,069 pop.CCCL_environment_mixins INFO     mongo_db = TodayCCCLEnvironment, topic = CCCL/PURBACHAL/ENV_01 created 67d6a106bef16f70c215b50d succesfully
2025-03-16 15:59:54,289 pop.CPM_RT_mixins INFO     mongo_db = RTModelCPM, topic = MQTT_RT_DATA created 67d6a11abef16f70c215b50e succesfully
2025-03-16 15:59:54,301 pop.CPM_RT_mixins INFO     mongo_db = TemporaryRTModelCPM, topic = MQTT_RT_DATA created 67d6a11abef16f70c215b50f succesfully
2025-03-16 15:59:54,312 pop.CPM_RT_mixins INFO     mongo_db = TodayRTModelCPM, topic = MQTT_RT_DATA created 67d6a11abef16f70c215b510 succesfully
2025-03-16 16:00:04,448 pop.CCCL_environment_mixins INFO     mongo_db = CCCLEnvironment, topic = CCCL/PURBACHAL/ENV_01 created 67d6a124bef16f70c215b514 succesfully
2025-03-16 16:00:04,470 pop.CCCL_environment_mixins INFO     mongo_db = TemporaryCCCLEnvironment, topic = CCCL/PURBACHAL/ENV_01 created 67d6a124bef16f70c215b515 succesfully
2025-03-16 16:00:04,480 pop.CCCL_environment_mixins INFO     mongo_db = TodayCCCLEnvironment, topic = CCCL/PURBACHAL/ENV_01 created 67d6a124bef16f70c215b516 succesfully
2025-03-16 16:00:14,462 pop.CCCL_generator_mixins INFO     mongo_db = CCCLGenerator, topic = CCCL/PURBACHAL/ENM_01 created 67d6a12ebef16f70c215b517 succesfully
2025-03-16 16:00:14,478 pop.CCCL_generator_mixins INFO     mongo_db = TemporaryCCCLGenerator, topic = CCCL/PURBACHAL/ENM_01 created 67d6a12ebef16f70c215b518 succesfully
2025-03-16 16:00:14,489 pop.CCCL_generator_mixins INFO     mongo_db = TodayCCCLGenerator, topic = CCCL/PURBACHAL/ENM_01 created 67d6a12ebef16f70c215b519 succesfully
2025-03-16 16:00:24,038 pop.CPM_RT_mixins INFO     mongo_db = RTModelCPM, topic = MQTT_RT_DATA created 67d6a138bef16f70c215b51a succesfully
2025-03-16 16:00:24,051 pop.CPM_RT_mixins INFO     mongo_db = TemporaryRTModelCPM, topic = MQTT_RT_DATA created 67d6a138bef16f70c215b51b succesfully
2025-03-16 16:00:24,063 pop.CPM_RT_mixins INFO     mongo_db = TodayRTModelCPM, topic = MQTT_RT_DATA created 67d6a138bef16f70c215b51c succesfully
2025-03-16 16:00:34,754 pop.CCCL_environment_mixins INFO     mongo_db = CCCLEnvironment, topic = CCCL/PURBACHAL/ENV_01 created 67d6a142bef16f70c215b520 succesfully
2025-03-16 16:00:34,777 pop.CCCL_environment_mixins INFO     mongo_db = TemporaryCCCLEnvironment, topic = CCCL/PURBACHAL/ENV_01 created 67d6a142bef16f70c215b521 succesfully
2025-03-16 16:00:34,786 pop.CCCL_environment_mixins INFO     mongo_db = TodayCCCLEnvironment, topic = CCCL/PURBACHAL/ENV_01 created 67d6a142bef16f70c215b522 succesfully
2025-03-16 16:00:54,140 pop.CPM_RT_mixins INFO     mongo_db = RTModelCPM, topic = MQTT_RT_DATA created 67d6a156bef16f70c215b523 succesfully
2025-03-16 16:00:54,150 pop.CPM_RT_mixins INFO     mongo_db = TemporaryRTModelCPM, topic = MQTT_RT_DATA created 67d6a156bef16f70c215b524 succesfully
2025-03-16 16:00:54,161 pop.CPM_RT_mixins INFO     mongo_db = TodayRTModelCPM, topic = MQTT_RT_DATA created 67d6a156bef16f70c215b525 succesfully
2025-03-16 16:01:05,070 pop.CCCL_environment_mixins INFO     mongo_db = CCCLEnvironment, topic = CCCL/PURBACHAL/ENV_01 created 67d6a161bef16f70c215b529 succesfully
2025-03-16 16:01:05,093 pop.CCCL_environment_mixins INFO     mongo_db = TemporaryCCCLEnvironment, topic = CCCL/PURBACHAL/ENV_01 created 67d6a161bef16f70c215b52a succesfully
2025-03-16 16:01:05,105 pop.CCCL_environment_mixins INFO     mongo_db = TodayCCCLEnvironment, topic = CCCL/PURBACHAL/ENV_01 created 67d6a161bef16f70c215b52b succesfully
2025-03-16 16:01:14,464 pop.CCCL_generator_mixins INFO     mongo_db = CCCLGenerator, topic = CCCL/PURBACHAL/ENM_01 created 67d6a16abef16f70c215b52c succesfully
2025-03-16 16:01:14,483 pop.CCCL_generator_mixins INFO     mongo_db = TemporaryCCCLGenerator, topic = CCCL/PURBACHAL/ENM_01 created 67d6a16abef16f70c215b52d succesfully
2025-03-16 16:01:14,500 pop.CCCL_generator_mixins INFO     mongo_db = TodayCCCLGenerator, topic = CCCL/PURBACHAL/ENM_01 created 67d6a16abef16f70c215b52e succesfully
2025-03-16 16:01:25,137 pop.CPM_RT_mixins INFO     mongo_db = RTModelCPM, topic = MQTT_RT_DATA created 67d6a175bef16f70c215b52f succesfully
2025-03-16 16:01:25,147 pop.CPM_RT_mixins INFO     mongo_db = TemporaryRTModelCPM, topic = MQTT_RT_DATA created 67d6a175bef16f70c215b530 succesfully
2025-03-16 16:01:25,165 pop.CPM_RT_mixins INFO     mongo_db = TodayRTModelCPM, topic = MQTT_RT_DATA created 67d6a175bef16f70c215b531 succesfully
2025-03-16 16:01:35,392 pop.CCCL_environment_mixins INFO     mongo_db = CCCLEnvironment, topic = CCCL/PURBACHAL/ENV_01 created 67d6a17fbef16f70c215b535 succesfully
2025-03-16 16:01:35,410 pop.CCCL_environment_mixins INFO     mongo_db = TemporaryCCCLEnvironment, topic = CCCL/PURBACHAL/ENV_01 created 67d6a17fbef16f70c215b536 succesfully
2025-03-16 16:01:35,422 pop.CCCL_environment_mixins INFO     mongo_db = TodayCCCLEnvironment, topic = CCCL/PURBACHAL/ENV_01 created 67d6a17fbef16f70c215b537 succesfully
2025-03-16 16:01:54,627 pop.CPM_RT_mixins INFO     mongo_db = RTModelCPM, topic = MQTT_RT_DATA created 67d6a192bef16f70c215b538 succesfully
2025-03-16 16:01:54,640 pop.CPM_RT_mixins INFO     mongo_db = TemporaryRTModelCPM, topic = MQTT_RT_DATA created 67d6a192bef16f70c215b539 succesfully
2025-03-16 16:01:54,655 pop.CPM_RT_mixins INFO     mongo_db = TodayRTModelCPM, topic = MQTT_RT_DATA created 67d6a192bef16f70c215b53a succesfully
2025-03-16 16:02:05,691 pop.CCCL_environment_mixins INFO     mongo_db = CCCLEnvironment, topic = CCCL/PURBACHAL/ENV_01 created 67d6a19dbef16f70c215b53e succesfully
2025-03-16 16:02:05,714 pop.CCCL_environment_mixins INFO     mongo_db = TemporaryCCCLEnvironment, topic = CCCL/PURBACHAL/ENV_01 created 67d6a19dbef16f70c215b53f succesfully
2025-03-16 16:02:05,731 pop.CCCL_environment_mixins INFO     mongo_db = TodayCCCLEnvironment, topic = CCCL/PURBACHAL/ENV_01 created 67d6a19dbef16f70c215b540 succesfully
2025-03-16 16:02:14,473 pop.CCCL_generator_mixins INFO     mongo_db = CCCLGenerator, topic = CCCL/PURBACHAL/ENM_01 created 67d6a1a6bef16f70c215b541 succesfully
2025-03-16 16:02:14,486 pop.CCCL_generator_mixins INFO     mongo_db = TemporaryCCCLGenerator, topic = CCCL/PURBACHAL/ENM_01 created 67d6a1a6bef16f70c215b542 succesfully
2025-03-16 16:02:14,497 pop.CCCL_generator_mixins INFO     mongo_db = TodayCCCLGenerator, topic = CCCL/PURBACHAL/ENM_01 created 67d6a1a6bef16f70c215b543 succesfully
2025-03-16 16:02:36,019 pop.CCCL_environment_mixins INFO     mongo_db = CCCLEnvironment, topic = CCCL/PURBACHAL/ENV_01 created 67d6a1bcbef16f70c215b547 succesfully
2025-03-16 16:02:36,033 pop.CCCL_environment_mixins INFO     mongo_db = TemporaryCCCLEnvironment, topic = CCCL/PURBACHAL/ENV_01 created 67d6a1bcbef16f70c215b548 succesfully
2025-03-16 16:02:36,043 pop.CCCL_environment_mixins INFO     mongo_db = TodayCCCLEnvironment, topic = CCCL/PURBACHAL/ENV_01 created 67d6a1bcbef16f70c215b549 succesfully
2025-03-16 16:02:55,130 pop.CPM_RT_mixins INFO     mongo_db = RTModelCPM, topic = MQTT_RT_DATA created 67d6a1cfbef16f70c215b54a succesfully
2025-03-16 16:02:55,141 pop.CPM_RT_mixins INFO     mongo_db = TemporaryRTModelCPM, topic = MQTT_RT_DATA created 67d6a1cfbef16f70c215b54b succesfully
2025-03-16 16:02:55,158 pop.CPM_RT_mixins INFO     mongo_db = TodayRTModelCPM, topic = MQTT_RT_DATA created 67d6a1cfbef16f70c215b54c succesfully
2025-03-16 16:03:06,316 pop.CCCL_environment_mixins INFO     mongo_db = CCCLEnvironment, topic = CCCL/PURBACHAL/ENV_01 created 67d6a1dabef16f70c215b550 succesfully
2025-03-16 16:03:06,338 pop.CCCL_environment_mixins INFO     mongo_db = TemporaryCCCLEnvironment, topic = CCCL/PURBACHAL/ENV_01 created 67d6a1dabef16f70c215b551 succesfully
2025-03-16 16:03:06,349 pop.CCCL_environment_mixins INFO     mongo_db = TodayCCCLEnvironment, topic = CCCL/PURBACHAL/ENV_01 created 67d6a1dabef16f70c215b552 succesfully
2025-03-16 16:03:14,470 pop.CCCL_generator_mixins INFO     mongo_db = CCCLGenerator, topic = CCCL/PURBACHAL/ENM_01 created 67d6a1e2bef16f70c215b553 succesfully
2025-03-16 16:03:14,489 pop.CCCL_generator_mixins INFO     mongo_db = TemporaryCCCLGenerator, topic = CCCL/PURBACHAL/ENM_01 created 67d6a1e2bef16f70c215b554 succesfully
2025-03-16 16:03:14,501 pop.CCCL_generator_mixins INFO     mongo_db = TodayCCCLGenerator, topic = CCCL/PURBACHAL/ENM_01 created 67d6a1e2bef16f70c215b555 succesfully
2025-03-16 16:03:36,632 pop.CCCL_environment_mixins INFO     mongo_db = CCCLEnvironment, topic = CCCL/PURBACHAL/ENV_01 created 67d6a1f8bef16f70c215b559 succesfully
2025-03-16 16:03:36,650 pop.CCCL_environment_mixins INFO     mongo_db = TemporaryCCCLEnvironment, topic = CCCL/PURBACHAL/ENV_01 created 67d6a1f8bef16f70c215b55a succesfully
2025-03-16 16:03:36,662 pop.CCCL_environment_mixins INFO     mongo_db = TodayCCCLEnvironment, topic = CCCL/PURBACHAL/ENV_01 created 67d6a1f8bef16f70c215b55b succesfully
2025-03-16 16:03:54,444 pop.CPM_RT_mixins INFO     mongo_db = RTModelCPM, topic = MQTT_RT_DATA created 67d6a20abef16f70c215b55c succesfully
2025-03-16 16:03:54,458 pop.CPM_RT_mixins INFO     mongo_db = TemporaryRTModelCPM, topic = MQTT_RT_DATA created 67d6a20abef16f70c215b55d succesfully
2025-03-16 16:03:54,472 pop.CPM_RT_mixins INFO     mongo_db = TodayRTModelCPM, topic = MQTT_RT_DATA created 67d6a20abef16f70c215b55e succesfully
2025-03-16 16:04:06,935 pop.CCCL_environment_mixins INFO     mongo_db = CCCLEnvironment, topic = CCCL/PURBACHAL/ENV_01 created 67d6a216bef16f70c215b562 succesfully
2025-03-16 16:04:06,966 pop.CCCL_environment_mixins INFO     mongo_db = TemporaryCCCLEnvironment, topic = CCCL/PURBACHAL/ENV_01 created 67d6a216bef16f70c215b563 succesfully
2025-03-16 16:04:06,978 pop.CCCL_environment_mixins INFO     mongo_db = TodayCCCLEnvironment, topic = CCCL/PURBACHAL/ENV_01 created 67d6a216bef16f70c215b564 succesfully
2025-03-16 16:04:14,466 pop.CCCL_generator_mixins INFO     mongo_db = CCCLGenerator, topic = CCCL/PURBACHAL/ENM_01 created 67d6a21ebef16f70c215b565 succesfully
2025-03-16 16:04:14,481 pop.CCCL_generator_mixins INFO     mongo_db = TemporaryCCCLGenerator, topic = CCCL/PURBACHAL/ENM_01 created 67d6a21ebef16f70c215b566 succesfully
2025-03-16 16:04:14,499 pop.CCCL_generator_mixins INFO     mongo_db = TodayCCCLGenerator, topic = CCCL/PURBACHAL/ENM_01 created 67d6a21ebef16f70c215b567 succesfully
2025-03-16 16:04:25,176 pop.CPM_RT_mixins INFO     mongo_db = RTModelCPM, topic = MQTT_RT_DATA created 67d6a229bef16f70c215b568 succesfully
2025-03-16 16:04:25,189 pop.CPM_RT_mixins INFO     mongo_db = TemporaryRTModelCPM, topic = MQTT_RT_DATA created 67d6a229bef16f70c215b569 succesfully
2025-03-16 16:04:25,203 pop.CPM_RT_mixins INFO     mongo_db = TodayRTModelCPM, topic = MQTT_RT_DATA created 67d6a229bef16f70c215b56a succesfully
2025-03-16 16:04:37,246 pop.CCCL_environment_mixins INFO     mongo_db = CCCLEnvironment, topic = CCCL/PURBACHAL/ENV_01 created 67d6a235bef16f70c215b56e succesfully
2025-03-16 16:04:37,267 pop.CCCL_environment_mixins INFO     mongo_db = TemporaryCCCLEnvironment, topic = CCCL/PURBACHAL/ENV_01 created 67d6a235bef16f70c215b56f succesfully
2025-03-16 16:04:37,286 pop.CCCL_environment_mixins INFO     mongo_db = TodayCCCLEnvironment, topic = CCCL/PURBACHAL/ENV_01 created 67d6a235bef16f70c215b570 succesfully
2025-03-16 16:04:55,666 pop.CPM_RT_mixins INFO     mongo_db = RTModelCPM, topic = MQTT_RT_DATA created 67d6a247bef16f70c215b571 succesfully
2025-03-16 16:04:55,704 pop.CPM_RT_mixins INFO     mongo_db = TemporaryRTModelCPM, topic = MQTT_RT_DATA created 67d6a247bef16f70c215b572 succesfully
2025-03-16 16:04:55,728 pop.CPM_RT_mixins INFO     mongo_db = TodayRTModelCPM, topic = MQTT_RT_DATA created 67d6a247bef16f70c215b573 succesfully
2025-03-16 16:05:07,656 pop.CCCL_environment_mixins INFO     mongo_db = CCCLEnvironment, topic = CCCL/PURBACHAL/ENV_01 created 67d6a253bef16f70c215b577 succesfully
2025-03-16 16:05:07,682 pop.CCCL_environment_mixins INFO     mongo_db = TemporaryCCCLEnvironment, topic = CCCL/PURBACHAL/ENV_01 created 67d6a253bef16f70c215b578 succesfully
2025-03-16 16:05:07,693 pop.CCCL_environment_mixins INFO     mongo_db = TodayCCCLEnvironment, topic = CCCL/PURBACHAL/ENV_01 created 67d6a253bef16f70c215b579 succesfully
2025-03-16 16:05:14,449 pop.CCCL_generator_mixins INFO     mongo_db = CCCLGenerator, topic = CCCL/PURBACHAL/ENM_01 created 67d6a25abef16f70c215b57a succesfully
2025-03-16 16:05:14,461 pop.CCCL_generator_mixins INFO     mongo_db = TemporaryCCCLGenerator, topic = CCCL/PURBACHAL/ENM_01 created 67d6a25abef16f70c215b57b succesfully
2025-03-16 16:05:14,474 pop.CCCL_generator_mixins INFO     mongo_db = TodayCCCLGenerator, topic = CCCL/PURBACHAL/ENM_01 created 67d6a25abef16f70c215b57c succesfully
2025-03-16 16:05:25,234 pop.CPM_RT_mixins INFO     mongo_db = RTModelCPM, topic = MQTT_RT_DATA created 67d6a265bef16f70c215b57d succesfully
2025-03-16 16:05:25,245 pop.CPM_RT_mixins INFO     mongo_db = TemporaryRTModelCPM, topic = MQTT_RT_DATA created 67d6a265bef16f70c215b57e succesfully
2025-03-16 16:05:25,257 pop.CPM_RT_mixins INFO     mongo_db = TodayRTModelCPM, topic = MQTT_RT_DATA created 67d6a265bef16f70c215b57f succesfully
2025-03-16 16:05:37,968 pop.CCCL_environment_mixins INFO     mongo_db = CCCLEnvironment, topic = CCCL/PURBACHAL/ENV_01 created 67d6a271bef16f70c215b583 succesfully
2025-03-16 16:05:37,996 pop.CCCL_environment_mixins INFO     mongo_db = TemporaryCCCLEnvironment, topic = CCCL/PURBACHAL/ENV_01 created 67d6a271bef16f70c215b584 succesfully
2025-03-16 16:05:38,021 pop.CCCL_environment_mixins INFO     mongo_db = TodayCCCLEnvironment, topic = CCCL/PURBACHAL/ENV_01 created 67d6a272bef16f70c215b585 succesfully
2025-03-16 16:05:54,004 pop.CPM_RT_mixins INFO     mongo_db = RTModelCPM, topic = MQTT_RT_DATA created 67d6a282bef16f70c215b586 succesfully
2025-03-16 16:05:54,016 pop.CPM_RT_mixins INFO     mongo_db = TemporaryRTModelCPM, topic = MQTT_RT_DATA created 67d6a282bef16f70c215b587 succesfully
2025-03-16 16:05:54,034 pop.CPM_RT_mixins INFO     mongo_db = TodayRTModelCPM, topic = MQTT_RT_DATA created 67d6a282bef16f70c215b588 succesfully
2025-03-16 16:06:08,288 pop.CCCL_environment_mixins INFO     mongo_db = CCCLEnvironment, topic = CCCL/PURBACHAL/ENV_01 created 67d6a290bef16f70c215b58c succesfully
2025-03-16 16:06:08,313 pop.CCCL_environment_mixins INFO     mongo_db = TemporaryCCCLEnvironment, topic = CCCL/PURBACHAL/ENV_01 created 67d6a290bef16f70c215b58d succesfully
2025-03-16 16:06:08,332 pop.CCCL_environment_mixins INFO     mongo_db = TodayCCCLEnvironment, topic = CCCL/PURBACHAL/ENV_01 created 67d6a290bef16f70c215b58e succesfully
2025-03-16 16:06:14,457 pop.CCCL_generator_mixins INFO     mongo_db = CCCLGenerator, topic = CCCL/PURBACHAL/ENM_01 created 67d6a296bef16f70c215b58f succesfully
2025-03-16 16:06:14,490 pop.CCCL_generator_mixins INFO     mongo_db = TemporaryCCCLGenerator, topic = CCCL/PURBACHAL/ENM_01 created 67d6a296bef16f70c215b590 succesfully
2025-03-16 16:06:14,503 pop.CCCL_generator_mixins INFO     mongo_db = TodayCCCLGenerator, topic = CCCL/PURBACHAL/ENM_01 created 67d6a296bef16f70c215b591 succesfully
2025-03-16 16:06:24,210 pop.CPM_RT_mixins INFO     mongo_db = RTModelCPM, topic = MQTT_RT_DATA created 67d6a2a0bef16f70c215b592 succesfully
2025-03-16 16:06:24,222 pop.CPM_RT_mixins INFO     mongo_db = TemporaryRTModelCPM, topic = MQTT_RT_DATA created 67d6a2a0bef16f70c215b593 succesfully
2025-03-16 16:06:24,233 pop.CPM_RT_mixins INFO     mongo_db = TodayRTModelCPM, topic = MQTT_RT_DATA created 67d6a2a0bef16f70c215b594 succesfully
2025-03-16 16:06:38,617 pop.CCCL_environment_mixins INFO     mongo_db = CCCLEnvironment, topic = CCCL/PURBACHAL/ENV_01 created 67d6a2aebef16f70c215b598 succesfully
2025-03-16 16:06:38,651 pop.CCCL_environment_mixins INFO     mongo_db = TemporaryCCCLEnvironment, topic = CCCL/PURBACHAL/ENV_01 created 67d6a2aebef16f70c215b599 succesfully
2025-03-16 16:06:38,664 pop.CCCL_environment_mixins INFO     mongo_db = TodayCCCLEnvironment, topic = CCCL/PURBACHAL/ENV_01 created 67d6a2aebef16f70c215b59a succesfully
2025-03-16 16:06:54,293 pop.CPM_RT_mixins INFO     mongo_db = RTModelCPM, topic = MQTT_RT_DATA created 67d6a2bebef16f70c215b59b succesfully
2025-03-16 16:06:54,305 pop.CPM_RT_mixins INFO     mongo_db = TemporaryRTModelCPM, topic = MQTT_RT_DATA created 67d6a2bebef16f70c215b59c succesfully
2025-03-16 16:06:54,316 pop.CPM_RT_mixins INFO     mongo_db = TodayRTModelCPM, topic = MQTT_RT_DATA created 67d6a2bebef16f70c215b59d succesfully
2025-03-16 16:07:08,923 pop.CCCL_environment_mixins INFO     mongo_db = CCCLEnvironment, topic = CCCL/PURBACHAL/ENV_01 created 67d6a2ccbef16f70c215b5a1 succesfully
2025-03-16 16:07:08,937 pop.CCCL_environment_mixins INFO     mongo_db = TemporaryCCCLEnvironment, topic = CCCL/PURBACHAL/ENV_01 created 67d6a2ccbef16f70c215b5a2 succesfully
2025-03-16 16:07:08,947 pop.CCCL_environment_mixins INFO     mongo_db = TodayCCCLEnvironment, topic = CCCL/PURBACHAL/ENV_01 created 67d6a2ccbef16f70c215b5a3 succesfully
2025-03-16 16:07:14,468 pop.CCCL_generator_mixins INFO     mongo_db = CCCLGenerator, topic = CCCL/PURBACHAL/ENM_01 created 67d6a2d2bef16f70c215b5a4 succesfully
2025-03-16 16:07:14,489 pop.CCCL_generator_mixins INFO     mongo_db = TemporaryCCCLGenerator, topic = CCCL/PURBACHAL/ENM_01 created 67d6a2d2bef16f70c215b5a5 succesfully
2025-03-16 16:07:14,505 pop.CCCL_generator_mixins INFO     mongo_db = TodayCCCLGenerator, topic = CCCL/PURBACHAL/ENM_01 created 67d6a2d2bef16f70c215b5a6 succesfully
2025-03-16 16:07:24,969 pop.CPM_RT_mixins INFO     mongo_db = RTModelCPM, topic = MQTT_RT_DATA created 67d6a2dcbef16f70c215b5a7 succesfully
2025-03-16 16:07:24,981 pop.CPM_RT_mixins INFO     mongo_db = TemporaryRTModelCPM, topic = MQTT_RT_DATA created 67d6a2dcbef16f70c215b5a8 succesfully
2025-03-16 16:07:24,995 pop.CPM_RT_mixins INFO     mongo_db = TodayRTModelCPM, topic = MQTT_RT_DATA created 67d6a2dcbef16f70c215b5a9 succesfully
2025-03-16 16:07:40,125 pop.CCCL_environment_mixins INFO     mongo_db = CCCLEnvironment, topic = CCCL/PURBACHAL/ENV_01 created 67d6a2ecbef16f70c215b5ad succesfully
2025-03-16 16:07:40,135 pop.CCCL_environment_mixins INFO     mongo_db = TemporaryCCCLEnvironment, topic = CCCL/PURBACHAL/ENV_01 created 67d6a2ecbef16f70c215b5ae succesfully
2025-03-16 16:07:40,146 pop.CCCL_environment_mixins INFO     mongo_db = TodayCCCLEnvironment, topic = CCCL/PURBACHAL/ENV_01 created 67d6a2ecbef16f70c215b5af succesfully
2025-03-16 16:07:54,438 pop.CPM_RT_mixins INFO     mongo_db = RTModelCPM, topic = MQTT_RT_DATA created 67d6a2fabef16f70c215b5b0 succesfully
2025-03-16 16:07:54,448 pop.CPM_RT_mixins INFO     mongo_db = TemporaryRTModelCPM, topic = MQTT_RT_DATA created 67d6a2fabef16f70c215b5b1 succesfully
2025-03-16 16:07:54,460 pop.CPM_RT_mixins INFO     mongo_db = TodayRTModelCPM, topic = MQTT_RT_DATA created 67d6a2fabef16f70c215b5b2 succesfully
2025-03-16 16:08:10,446 pop.CCCL_environment_mixins INFO     mongo_db = CCCLEnvironment, topic = CCCL/PURBACHAL/ENV_01 created 67d6a30abef16f70c215b5b6 succesfully
2025-03-16 16:08:10,475 pop.CCCL_environment_mixins INFO     mongo_db = TemporaryCCCLEnvironment, topic = CCCL/PURBACHAL/ENV_01 created 67d6a30abef16f70c215b5b7 succesfully
2025-03-16 16:08:10,494 pop.CCCL_environment_mixins INFO     mongo_db = TodayCCCLEnvironment, topic = CCCL/PURBACHAL/ENV_01 created 67d6a30abef16f70c215b5b8 succesfully
2025-03-16 16:08:14,467 pop.CCCL_generator_mixins INFO     mongo_db = CCCLGenerator, topic = CCCL/PURBACHAL/ENM_01 created 67d6a30ebef16f70c215b5b9 succesfully
2025-03-16 16:08:14,487 pop.CCCL_generator_mixins INFO     mongo_db = TemporaryCCCLGenerator, topic = CCCL/PURBACHAL/ENM_01 created 67d6a30ebef16f70c215b5ba succesfully
2025-03-16 16:08:14,504 pop.CCCL_generator_mixins INFO     mongo_db = TodayCCCLGenerator, topic = CCCL/PURBACHAL/ENM_01 created 67d6a30ebef16f70c215b5bb succesfully
2025-03-16 16:08:24,126 pop.CPM_RT_mixins INFO     mongo_db = RTModelCPM, topic = MQTT_RT_DATA created 67d6a318bef16f70c215b5bc succesfully
2025-03-16 16:08:24,139 pop.CPM_RT_mixins INFO     mongo_db = TemporaryRTModelCPM, topic = MQTT_RT_DATA created 67d6a318bef16f70c215b5bd succesfully
2025-03-16 16:08:24,155 pop.CPM_RT_mixins INFO     mongo_db = TodayRTModelCPM, topic = MQTT_RT_DATA created 67d6a318bef16f70c215b5be succesfully
2025-03-16 16:08:40,756 pop.CCCL_environment_mixins INFO     mongo_db = CCCLEnvironment, topic = CCCL/PURBACHAL/ENV_01 created 67d6a328bef16f70c215b5c2 succesfully
2025-03-16 16:08:40,772 pop.CCCL_environment_mixins INFO     mongo_db = TemporaryCCCLEnvironment, topic = CCCL/PURBACHAL/ENV_01 created 67d6a328bef16f70c215b5c3 succesfully
2025-03-16 16:08:40,782 pop.CCCL_environment_mixins INFO     mongo_db = TodayCCCLEnvironment, topic = CCCL/PURBACHAL/ENV_01 created 67d6a328bef16f70c215b5c4 succesfully
2025-03-16 16:08:55,880 pop.CPM_RT_mixins INFO     mongo_db = RTModelCPM, topic = MQTT_RT_DATA created 67d6a337bef16f70c215b5c5 succesfully
2025-03-16 16:08:55,894 pop.CPM_RT_mixins INFO     mongo_db = TemporaryRTModelCPM, topic = MQTT_RT_DATA created 67d6a337bef16f70c215b5c6 succesfully
2025-03-16 16:08:55,908 pop.CPM_RT_mixins INFO     mongo_db = TodayRTModelCPM, topic = MQTT_RT_DATA created 67d6a337bef16f70c215b5c7 succesfully
2025-03-16 16:09:02,930 pop.CPM_ENY_NOW_mongo_mixins INFO     mongo_db = EnyNowDataModelCPM, topic = MQTT_ENY_NOW created 67d6a33ebef16f70c215b5c8 succesfully
2025-03-16 16:09:02,939 pop.CPM_ENY_NOW_mongo_mixins INFO     mongo_db = TemporaryEnyNowDataModelCPM, topic = MQTT_ENY_NOW created 67d6a33ebef16f70c215b5c9 succesfully
2025-03-16 16:09:02,951 pop.CPM_ENY_NOW_mongo_mixins INFO     mongo_db = TodayEnyNowDataModelCPM, topic = MQTT_ENY_NOW created 67d6a33ebef16f70c215b5ca succesfully
2025-03-16 16:09:02,965 pop.CPM_ENY_NOW_mongo_mixins INFO     mongo_db = Last7DaysEnyNowDataModelCPM, topic = MQTT_ENY_NOW created 67d6a33ebef16f70c215b5cb succesfully
2025-03-16 16:09:10,992 pop.CCCL_environment_mixins INFO     mongo_db = CCCLEnvironment, topic = CCCL/PURBACHAL/ENV_01 created 67d6a346bef16f70c215b5cf succesfully
2025-03-16 16:09:11,018 pop.CCCL_environment_mixins INFO     mongo_db = TemporaryCCCLEnvironment, topic = CCCL/PURBACHAL/ENV_01 created 67d6a347bef16f70c215b5d0 succesfully
2025-03-16 16:09:11,028 pop.CCCL_environment_mixins INFO     mongo_db = TodayCCCLEnvironment, topic = CCCL/PURBACHAL/ENV_01 created 67d6a347bef16f70c215b5d1 succesfully
2025-03-16 16:09:14,457 pop.CCCL_generator_mixins INFO     mongo_db = CCCLGenerator, topic = CCCL/PURBACHAL/ENM_01 created 67d6a34abef16f70c215b5d2 succesfully
2025-03-16 16:09:14,477 pop.CCCL_generator_mixins INFO     mongo_db = TemporaryCCCLGenerator, topic = CCCL/PURBACHAL/ENM_01 created 67d6a34abef16f70c215b5d3 succesfully
2025-03-16 16:09:14,491 pop.CCCL_generator_mixins INFO     mongo_db = TodayCCCLGenerator, topic = CCCL/PURBACHAL/ENM_01 created 67d6a34abef16f70c215b5d4 succesfully
2025-03-16 16:09:24,088 pop.CPM_RT_mixins INFO     mongo_db = RTModelCPM, topic = MQTT_RT_DATA created 67d6a354bef16f70c215b5d5 succesfully
2025-03-16 16:09:24,100 pop.CPM_RT_mixins INFO     mongo_db = TemporaryRTModelCPM, topic = MQTT_RT_DATA created 67d6a354bef16f70c215b5d6 succesfully
2025-03-16 16:09:24,110 pop.CPM_RT_mixins INFO     mongo_db = TodayRTModelCPM, topic = MQTT_RT_DATA created 67d6a354bef16f70c215b5d7 succesfully
2025-03-16 16:09:41,273 pop.CCCL_environment_mixins INFO     mongo_db = CCCLEnvironment, topic = CCCL/PURBACHAL/ENV_01 created 67d6a365bef16f70c215b5db succesfully
2025-03-16 16:09:41,295 pop.CCCL_environment_mixins INFO     mongo_db = TemporaryCCCLEnvironment, topic = CCCL/PURBACHAL/ENV_01 created 67d6a365bef16f70c215b5dc succesfully
2025-03-16 16:09:41,306 pop.CCCL_environment_mixins INFO     mongo_db = TodayCCCLEnvironment, topic = CCCL/PURBACHAL/ENV_01 created 67d6a365bef16f70c215b5dd succesfully
2025-03-16 16:09:55,142 pop.CPM_RT_mixins INFO     mongo_db = RTModelCPM, topic = MQTT_RT_DATA created 67d6a373bef16f70c215b5de succesfully
2025-03-16 16:09:55,155 pop.CPM_RT_mixins INFO     mongo_db = TemporaryRTModelCPM, topic = MQTT_RT_DATA created 67d6a373bef16f70c215b5df succesfully
2025-03-16 16:09:55,169 pop.CPM_RT_mixins INFO     mongo_db = TodayRTModelCPM, topic = MQTT_RT_DATA created 67d6a373bef16f70c215b5e0 succesfully
2025-03-16 16:10:11,581 pop.CCCL_environment_mixins INFO     mongo_db = CCCLEnvironment, topic = CCCL/PURBACHAL/ENV_01 created 67d6a383bef16f70c215b5e1 succesfully
2025-03-16 16:10:11,608 pop.CCCL_environment_mixins INFO     mongo_db = TemporaryCCCLEnvironment, topic = CCCL/PURBACHAL/ENV_01 created 67d6a383bef16f70c215b5e2 succesfully
2025-03-16 16:10:11,636 pop.CCCL_environment_mixins INFO     mongo_db = TodayCCCLEnvironment, topic = CCCL/PURBACHAL/ENV_01 created 67d6a383bef16f70c215b5e3 succesfully
2025-03-16 16:10:14,453 pop.CCCL_generator_mixins INFO     mongo_db = CCCLGenerator, topic = CCCL/PURBACHAL/ENM_01 created 67d6a386bef16f70c215b5e4 succesfully
2025-03-16 16:10:14,467 pop.CCCL_generator_mixins INFO     mongo_db = TemporaryCCCLGenerator, topic = CCCL/PURBACHAL/ENM_01 created 67d6a386bef16f70c215b5e5 succesfully
2025-03-16 16:10:14,484 pop.CCCL_generator_mixins INFO     mongo_db = TodayCCCLGenerator, topic = CCCL/PURBACHAL/ENM_01 created 67d6a386bef16f70c215b5e6 succesfully
2025-03-16 16:10:25,582 pop.CPM_RT_mixins INFO     mongo_db = RTModelCPM, topic = MQTT_RT_DATA created 67d6a391bef16f70c215b5e7 succesfully
2025-03-16 16:10:25,596 pop.CPM_RT_mixins INFO     mongo_db = TemporaryRTModelCPM, topic = MQTT_RT_DATA created 67d6a391bef16f70c215b5e8 succesfully
2025-03-16 16:10:25,611 pop.CPM_RT_mixins INFO     mongo_db = TodayRTModelCPM, topic = MQTT_RT_DATA created 67d6a391bef16f70c215b5e9 succesfully
2025-03-16 16:10:41,898 pop.CCCL_environment_mixins INFO     mongo_db = CCCLEnvironment, topic = CCCL/PURBACHAL/ENV_01 created 67d6a3a1bef16f70c215b5ea succesfully
2025-03-16 16:10:41,924 pop.CCCL_environment_mixins INFO     mongo_db = TemporaryCCCLEnvironment, topic = CCCL/PURBACHAL/ENV_01 created 67d6a3a1bef16f70c215b5eb succesfully
2025-03-16 16:10:41,938 pop.CCCL_environment_mixins INFO     mongo_db = TodayCCCLEnvironment, topic = CCCL/PURBACHAL/ENV_01 created 67d6a3a1bef16f70c215b5ec succesfully
2025-03-16 16:10:55,728 pop.CPM_RT_mixins INFO     mongo_db = RTModelCPM, topic = MQTT_RT_DATA created 67d6a3afbef16f70c215b5ed succesfully
2025-03-16 16:10:55,745 pop.CPM_RT_mixins INFO     mongo_db = TemporaryRTModelCPM, topic = MQTT_RT_DATA created 67d6a3afbef16f70c215b5ee succesfully
2025-03-16 16:10:55,767 pop.CPM_RT_mixins INFO     mongo_db = TodayRTModelCPM, topic = MQTT_RT_DATA created 67d6a3afbef16f70c215b5ef succesfully
2025-03-16 16:11:12,415 pop.CCCL_environment_mixins INFO     mongo_db = CCCLEnvironment, topic = CCCL/PURBACHAL/ENV_01 created 67d6a3c0bef16f70c215b5f3 succesfully
2025-03-16 16:11:12,432 pop.CCCL_environment_mixins INFO     mongo_db = TemporaryCCCLEnvironment, topic = CCCL/PURBACHAL/ENV_01 created 67d6a3c0bef16f70c215b5f4 succesfully
2025-03-16 16:11:12,443 pop.CCCL_environment_mixins INFO     mongo_db = TodayCCCLEnvironment, topic = CCCL/PURBACHAL/ENV_01 created 67d6a3c0bef16f70c215b5f5 succesfully
2025-03-16 16:11:14,452 pop.CCCL_generator_mixins INFO     mongo_db = CCCLGenerator, topic = CCCL/PURBACHAL/ENM_01 created 67d6a3c2bef16f70c215b5f6 succesfully
2025-03-16 16:11:14,465 pop.CCCL_generator_mixins INFO     mongo_db = TemporaryCCCLGenerator, topic = CCCL/PURBACHAL/ENM_01 created 67d6a3c2bef16f70c215b5f7 succesfully
2025-03-16 16:11:14,477 pop.CCCL_generator_mixins INFO     mongo_db = TodayCCCLGenerator, topic = CCCL/PURBACHAL/ENM_01 created 67d6a3c2bef16f70c215b5f8 succesfully
2025-03-16 16:11:42,722 pop.CCCL_environment_mixins INFO     mongo_db = CCCLEnvironment, topic = CCCL/PURBACHAL/ENV_01 created 67d6a3debef16f70c215b5fc succesfully
2025-03-16 16:11:42,737 pop.CCCL_environment_mixins INFO     mongo_db = TemporaryCCCLEnvironment, topic = CCCL/PURBACHAL/ENV_01 created 67d6a3debef16f70c215b5fd succesfully
2025-03-16 16:11:42,752 pop.CCCL_environment_mixins INFO     mongo_db = TodayCCCLEnvironment, topic = CCCL/PURBACHAL/ENV_01 created 67d6a3debef16f70c215b5fe succesfully
2025-03-16 16:11:55,329 pop.CPM_RT_mixins INFO     mongo_db = RTModelCPM, topic = MQTT_RT_DATA created 67d6a3ebbef16f70c215b5ff succesfully
2025-03-16 16:11:55,342 pop.CPM_RT_mixins INFO     mongo_db = TemporaryRTModelCPM, topic = MQTT_RT_DATA created 67d6a3ebbef16f70c215b600 succesfully
2025-03-16 16:11:55,357 pop.CPM_RT_mixins INFO     mongo_db = TodayRTModelCPM, topic = MQTT_RT_DATA created 67d6a3ebbef16f70c215b601 succesfully
2025-03-16 16:12:13,140 pop.CCCL_environment_mixins INFO     mongo_db = CCCLEnvironment, topic = CCCL/PURBACHAL/ENV_01 created 67d6a3fdbef16f70c215b605 succesfully
2025-03-16 16:12:13,164 pop.CCCL_environment_mixins INFO     mongo_db = TemporaryCCCLEnvironment, topic = CCCL/PURBACHAL/ENV_01 created 67d6a3fdbef16f70c215b606 succesfully
2025-03-16 16:12:13,177 pop.CCCL_environment_mixins INFO     mongo_db = TodayCCCLEnvironment, topic = CCCL/PURBACHAL/ENV_01 created 67d6a3fdbef16f70c215b607 succesfully
2025-03-16 16:12:14,451 pop.CCCL_generator_mixins INFO     mongo_db = CCCLGenerator, topic = CCCL/PURBACHAL/ENM_01 created 67d6a3febef16f70c215b608 succesfully
2025-03-16 16:12:14,464 pop.CCCL_generator_mixins INFO     mongo_db = TemporaryCCCLGenerator, topic = CCCL/PURBACHAL/ENM_01 created 67d6a3febef16f70c215b609 succesfully
2025-03-16 16:12:14,487 pop.CCCL_generator_mixins INFO     mongo_db = TodayCCCLGenerator, topic = CCCL/PURBACHAL/ENM_01 created 67d6a3febef16f70c215b60a succesfully
2025-03-16 16:12:25,351 pop.CPM_RT_mixins INFO     mongo_db = RTModelCPM, topic = MQTT_RT_DATA created 67d6a409bef16f70c215b60b succesfully
2025-03-16 16:12:25,374 pop.CPM_RT_mixins INFO     mongo_db = TemporaryRTModelCPM, topic = MQTT_RT_DATA created 67d6a409bef16f70c215b60c succesfully
2025-03-16 16:12:25,409 pop.CPM_RT_mixins INFO     mongo_db = TodayRTModelCPM, topic = MQTT_RT_DATA created 67d6a409bef16f70c215b60d succesfully
2025-03-16 16:12:43,351 pop.CCCL_environment_mixins INFO     mongo_db = CCCLEnvironment, topic = CCCL/PURBACHAL/ENV_01 created 67d6a41bbef16f70c215b611 succesfully
2025-03-16 16:12:43,381 pop.CCCL_environment_mixins INFO     mongo_db = TemporaryCCCLEnvironment, topic = CCCL/PURBACHAL/ENV_01 created 67d6a41bbef16f70c215b612 succesfully
2025-03-16 16:12:43,400 pop.CCCL_environment_mixins INFO     mongo_db = TodayCCCLEnvironment, topic = CCCL/PURBACHAL/ENV_01 created 67d6a41bbef16f70c215b613 succesfully
2025-03-16 16:12:54,281 pop.CPM_RT_mixins INFO     mongo_db = RTModelCPM, topic = MQTT_RT_DATA created 67d6a426bef16f70c215b614 succesfully
2025-03-16 16:12:54,292 pop.CPM_RT_mixins INFO     mongo_db = TemporaryRTModelCPM, topic = MQTT_RT_DATA created 67d6a426bef16f70c215b615 succesfully
2025-03-16 16:12:54,304 pop.CPM_RT_mixins INFO     mongo_db = TodayRTModelCPM, topic = MQTT_RT_DATA created 67d6a426bef16f70c215b616 succesfully
2025-03-16 16:13:13,660 pop.CCCL_environment_mixins INFO     mongo_db = CCCLEnvironment, topic = CCCL/PURBACHAL/ENV_01 created 67d6a439bef16f70c215b617 succesfully
2025-03-16 16:13:13,690 pop.CCCL_environment_mixins INFO     mongo_db = TemporaryCCCLEnvironment, topic = CCCL/PURBACHAL/ENV_01 created 67d6a439bef16f70c215b618 succesfully
2025-03-16 16:13:13,710 pop.CCCL_environment_mixins INFO     mongo_db = TodayCCCLEnvironment, topic = CCCL/PURBACHAL/ENV_01 created 67d6a439bef16f70c215b619 succesfully
2025-03-16 16:13:14,494 pop.CCCL_generator_mixins INFO     mongo_db = CCCLGenerator, topic = CCCL/PURBACHAL/ENM_01 created 67d6a43abef16f70c215b61d succesfully
2025-03-16 16:13:14,506 pop.CCCL_generator_mixins INFO     mongo_db = TemporaryCCCLGenerator, topic = CCCL/PURBACHAL/ENM_01 created 67d6a43abef16f70c215b61e succesfully
2025-03-16 16:13:14,519 pop.CCCL_generator_mixins INFO     mongo_db = TodayCCCLGenerator, topic = CCCL/PURBACHAL/ENM_01 created 67d6a43abef16f70c215b61f succesfully
2025-03-16 16:13:24,936 pop.CPM_RT_mixins INFO     mongo_db = RTModelCPM, topic = MQTT_RT_DATA created 67d6a444bef16f70c215b620 succesfully
2025-03-16 16:13:24,978 pop.CPM_RT_mixins INFO     mongo_db = TemporaryRTModelCPM, topic = MQTT_RT_DATA created 67d6a444bef16f70c215b621 succesfully
2025-03-16 16:13:25,031 pop.CPM_RT_mixins INFO     mongo_db = TodayRTModelCPM, topic = MQTT_RT_DATA created 67d6a445bef16f70c215b622 succesfully
2025-03-16 16:13:43,978 pop.CCCL_environment_mixins INFO     mongo_db = CCCLEnvironment, topic = CCCL/PURBACHAL/ENV_01 created 67d6a457bef16f70c215b623 succesfully
2025-03-16 16:13:44,014 pop.CCCL_environment_mixins INFO     mongo_db = TemporaryCCCLEnvironment, topic = CCCL/PURBACHAL/ENV_01 created 67d6a458bef16f70c215b624 succesfully
2025-03-16 16:13:44,026 pop.CCCL_environment_mixins INFO     mongo_db = TodayCCCLEnvironment, topic = CCCL/PURBACHAL/ENV_01 created 67d6a458bef16f70c215b625 succesfully
2025-03-16 16:13:55,122 pop.CPM_RT_mixins INFO     mongo_db = RTModelCPM, topic = MQTT_RT_DATA created 67d6a463bef16f70c215b629 succesfully
2025-03-16 16:13:55,133 pop.CPM_RT_mixins INFO     mongo_db = TemporaryRTModelCPM, topic = MQTT_RT_DATA created 67d6a463bef16f70c215b62a succesfully
2025-03-16 16:13:55,146 pop.CPM_RT_mixins INFO     mongo_db = TodayRTModelCPM, topic = MQTT_RT_DATA created 67d6a463bef16f70c215b62b succesfully
2025-03-16 16:14:14,298 pop.CCCL_environment_mixins INFO     mongo_db = CCCLEnvironment, topic = CCCL/PURBACHAL/ENV_01 created 67d6a476bef16f70c215b62c succesfully
2025-03-16 16:14:14,310 pop.CCCL_environment_mixins INFO     mongo_db = TemporaryCCCLEnvironment, topic = CCCL/PURBACHAL/ENV_01 created 67d6a476bef16f70c215b62d succesfully
2025-03-16 16:14:14,320 pop.CCCL_environment_mixins INFO     mongo_db = TodayCCCLEnvironment, topic = CCCL/PURBACHAL/ENV_01 created 67d6a476bef16f70c215b62e succesfully
2025-03-16 16:14:14,463 pop.CCCL_generator_mixins INFO     mongo_db = CCCLGenerator, topic = CCCL/PURBACHAL/ENM_01 created 67d6a476bef16f70c215b62f succesfully
2025-03-16 16:14:14,478 pop.CCCL_generator_mixins INFO     mongo_db = TemporaryCCCLGenerator, topic = CCCL/PURBACHAL/ENM_01 created 67d6a476bef16f70c215b630 succesfully
2025-03-16 16:14:14,492 pop.CCCL_generator_mixins INFO     mongo_db = TodayCCCLGenerator, topic = CCCL/PURBACHAL/ENM_01 created 67d6a476bef16f70c215b631 succesfully
2025-03-16 16:14:25,232 pop.CPM_RT_mixins INFO     mongo_db = RTModelCPM, topic = MQTT_RT_DATA created 67d6a481bef16f70c215b635 succesfully
2025-03-16 16:14:25,245 pop.CPM_RT_mixins INFO     mongo_db = TemporaryRTModelCPM, topic = MQTT_RT_DATA created 67d6a481bef16f70c215b636 succesfully
2025-03-16 16:14:25,258 pop.CPM_RT_mixins INFO     mongo_db = TodayRTModelCPM, topic = MQTT_RT_DATA created 67d6a481bef16f70c215b637 succesfully
2025-03-16 16:14:44,616 pop.CCCL_environment_mixins INFO     mongo_db = CCCLEnvironment, topic = CCCL/PURBACHAL/ENV_01 created 67d6a494bef16f70c215b638 succesfully
2025-03-16 16:14:44,635 pop.CCCL_environment_mixins INFO     mongo_db = TemporaryCCCLEnvironment, topic = CCCL/PURBACHAL/ENV_01 created 67d6a494bef16f70c215b639 succesfully
2025-03-16 16:14:44,646 pop.CCCL_environment_mixins INFO     mongo_db = TodayCCCLEnvironment, topic = CCCL/PURBACHAL/ENV_01 created 67d6a494bef16f70c215b63a succesfully
2025-03-16 16:14:54,460 pop.CPM_RT_mixins INFO     mongo_db = RTModelCPM, topic = MQTT_RT_DATA created 67d6a49ebef16f70c215b63e succesfully
2025-03-16 16:14:54,472 pop.CPM_RT_mixins INFO     mongo_db = TemporaryRTModelCPM, topic = MQTT_RT_DATA created 67d6a49ebef16f70c215b63f succesfully
2025-03-16 16:14:54,484 pop.CPM_RT_mixins INFO     mongo_db = TodayRTModelCPM, topic = MQTT_RT_DATA created 67d6a49ebef16f70c215b640 succesfully
2025-03-16 16:15:14,459 pop.CCCL_generator_mixins INFO     mongo_db = CCCLGenerator, topic = CCCL/PURBACHAL/ENM_01 created 67d6a4b2bef16f70c215b641 succesfully
2025-03-16 16:15:14,473 pop.CCCL_generator_mixins INFO     mongo_db = TemporaryCCCLGenerator, topic = CCCL/PURBACHAL/ENM_01 created 67d6a4b2bef16f70c215b642 succesfully
2025-03-16 16:15:14,490 pop.CCCL_generator_mixins INFO     mongo_db = TodayCCCLGenerator, topic = CCCL/PURBACHAL/ENM_01 created 67d6a4b2bef16f70c215b643 succesfully
2025-03-16 16:15:15,030 pop.CCCL_environment_mixins INFO     mongo_db = CCCLEnvironment, topic = CCCL/PURBACHAL/ENV_01 created 67d6a4b3bef16f70c215b644 succesfully
2025-03-16 16:15:15,041 pop.CCCL_environment_mixins INFO     mongo_db = TemporaryCCCLEnvironment, topic = CCCL/PURBACHAL/ENV_01 created 67d6a4b3bef16f70c215b645 succesfully
2025-03-16 16:15:15,057 pop.CCCL_environment_mixins INFO     mongo_db = TodayCCCLEnvironment, topic = CCCL/PURBACHAL/ENV_01 created 67d6a4b3bef16f70c215b646 succesfully
2025-03-16 16:15:25,086 pop.CPM_RT_mixins INFO     mongo_db = RTModelCPM, topic = MQTT_RT_DATA created 67d6a4bdbef16f70c215b64a succesfully
2025-03-16 16:15:25,097 pop.CPM_RT_mixins INFO     mongo_db = TemporaryRTModelCPM, topic = MQTT_RT_DATA created 67d6a4bdbef16f70c215b64b succesfully
2025-03-16 16:15:25,109 pop.CPM_RT_mixins INFO     mongo_db = TodayRTModelCPM, topic = MQTT_RT_DATA created 67d6a4bdbef16f70c215b64c succesfully
2025-03-16 16:15:45,322 pop.CCCL_environment_mixins INFO     mongo_db = CCCLEnvironment, topic = CCCL/PURBACHAL/ENV_01 created 67d6a4d1bef16f70c215b64d succesfully
2025-03-16 16:15:45,357 pop.CCCL_environment_mixins INFO     mongo_db = TemporaryCCCLEnvironment, topic = CCCL/PURBACHAL/ENV_01 created 67d6a4d1bef16f70c215b64e succesfully
2025-03-16 16:15:45,386 pop.CCCL_environment_mixins INFO     mongo_db = TodayCCCLEnvironment, topic = CCCL/PURBACHAL/ENV_01 created 67d6a4d1bef16f70c215b64f succesfully
2025-03-16 16:15:55,111 pop.CPM_RT_mixins INFO     mongo_db = RTModelCPM, topic = MQTT_RT_DATA created 67d6a4dbbef16f70c215b653 succesfully
2025-03-16 16:15:55,126 pop.CPM_RT_mixins INFO     mongo_db = TemporaryRTModelCPM, topic = MQTT_RT_DATA created 67d6a4dbbef16f70c215b654 succesfully
2025-03-16 16:15:55,142 pop.CPM_RT_mixins INFO     mongo_db = TodayRTModelCPM, topic = MQTT_RT_DATA created 67d6a4dbbef16f70c215b655 succesfully
2025-03-16 16:16:14,433 pop.CCCL_generator_mixins INFO     mongo_db = CCCLGenerator, topic = CCCL/PURBACHAL/ENM_01 created 67d6a4eebef16f70c215b656 succesfully
2025-03-16 16:16:14,446 pop.CCCL_generator_mixins INFO     mongo_db = TemporaryCCCLGenerator, topic = CCCL/PURBACHAL/ENM_01 created 67d6a4eebef16f70c215b657 succesfully
2025-03-16 16:16:14,461 pop.CCCL_generator_mixins INFO     mongo_db = TodayCCCLGenerator, topic = CCCL/PURBACHAL/ENM_01 created 67d6a4eebef16f70c215b658 succesfully
2025-03-16 16:16:15,731 pop.CCCL_environment_mixins INFO     mongo_db = CCCLEnvironment, topic = CCCL/PURBACHAL/ENV_01 created 67d6a4efbef16f70c215b659 succesfully
2025-03-16 16:16:15,751 pop.CCCL_environment_mixins INFO     mongo_db = TemporaryCCCLEnvironment, topic = CCCL/PURBACHAL/ENV_01 created 67d6a4efbef16f70c215b65a succesfully
2025-03-16 16:16:15,767 pop.CCCL_environment_mixins INFO     mongo_db = TodayCCCLEnvironment, topic = CCCL/PURBACHAL/ENV_01 created 67d6a4efbef16f70c215b65b succesfully
2025-03-16 16:16:25,717 pop.CPM_RT_mixins INFO     mongo_db = RTModelCPM, topic = MQTT_RT_DATA created 67d6a4f9bef16f70c215b65f succesfully
2025-03-16 16:16:25,729 pop.CPM_RT_mixins INFO     mongo_db = TemporaryRTModelCPM, topic = MQTT_RT_DATA created 67d6a4f9bef16f70c215b660 succesfully
2025-03-16 16:16:25,740 pop.CPM_RT_mixins INFO     mongo_db = TodayRTModelCPM, topic = MQTT_RT_DATA created 67d6a4f9bef16f70c215b661 succesfully
2025-03-16 16:16:46,046 pop.CCCL_environment_mixins INFO     mongo_db = CCCLEnvironment, topic = CCCL/PURBACHAL/ENV_01 created 67d6a50ebef16f70c215b662 succesfully
2025-03-16 16:16:46,071 pop.CCCL_environment_mixins INFO     mongo_db = TemporaryCCCLEnvironment, topic = CCCL/PURBACHAL/ENV_01 created 67d6a50ebef16f70c215b663 succesfully
2025-03-16 16:16:46,084 pop.CCCL_environment_mixins INFO     mongo_db = TodayCCCLEnvironment, topic = CCCL/PURBACHAL/ENV_01 created 67d6a50ebef16f70c215b664 succesfully
2025-03-16 16:17:18,506 pop.CPM_ENY_FRZ_mongo_mixins INFO     mongo_db = EnyFrzDataModelCPM, topic = MQTT_ENY_FRZ created 67d6a52ea7f6e7c96e9300cd succesfully
2025-03-16 16:17:18,565 pop.CPM_DAY_DATA_mongo_mixins INFO     mongo_db = DayDataModelCPM, topic = MQTT_DAY_DATA created 67d6a52ea7f6e7c96e9300ce succesfully
2025-03-16 16:17:18,625 pop.CPM_ENY_NOW_mongo_mixins INFO     mongo_db = EnyNowDataModelCPM, topic = MQTT_ENY_NOW created 67d6a52ea7f6e7c96e9300cf succesfully
2025-03-16 16:17:18,647 pop.CPM_ENY_NOW_mongo_mixins INFO     mongo_db = TemporaryEnyNowDataModelCPM, topic = MQTT_ENY_NOW created 67d6a52ea7f6e7c96e9300d0 succesfully
2025-03-16 16:17:18,665 pop.CPM_ENY_NOW_mongo_mixins INFO     mongo_db = TodayEnyNowDataModelCPM, topic = MQTT_ENY_NOW created 67d6a52ea7f6e7c96e9300d1 succesfully
2025-03-16 16:17:18,682 pop.CPM_ENY_NOW_mongo_mixins INFO     mongo_db = Last7DaysEnyNowDataModelCPM, topic = MQTT_ENY_NOW created 67d6a52ea7f6e7c96e9300d2 succesfully
2025-03-16 16:17:18,736 pop.CPM_RT_mixins INFO     mongo_db = RTModelCPM, topic = MQTT_RT_DATA created 67d6a52ea7f6e7c96e9300d3 succesfully
2025-03-16 16:17:18,771 pop.CPM_RT_mixins INFO     mongo_db = TemporaryRTModelCPM, topic = MQTT_RT_DATA created 67d6a52ea7f6e7c96e9300d4 succesfully
2025-03-16 16:17:18,801 pop.CPM_RT_mixins INFO     mongo_db = TodayRTModelCPM, topic = MQTT_RT_DATA created 67d6a52ea7f6e7c96e9300d5 succesfully
2025-03-16 16:17:24,024 pop.CPM_RT_mixins INFO     mongo_db = RTModelCPM, topic = MQTT_RT_DATA created 67d6a534a7f6e7c96e9300d6 succesfully
2025-03-16 16:17:24,035 pop.CPM_RT_mixins INFO     mongo_db = TemporaryRTModelCPM, topic = MQTT_RT_DATA created 67d6a534a7f6e7c96e9300d7 succesfully
2025-03-16 16:17:24,045 pop.CPM_RT_mixins INFO     mongo_db = TodayRTModelCPM, topic = MQTT_RT_DATA created 67d6a534a7f6e7c96e9300d8 succesfully
2025-03-16 16:17:46,677 pop.CCCL_environment_mixins INFO     mongo_db = CCCLEnvironment, topic = CCCL/PURBACHAL/ENV_01 created 67d6a54aa7f6e7c96e9300d9 succesfully
2025-03-16 16:17:46,709 pop.CCCL_environment_mixins INFO     mongo_db = TemporaryCCCLEnvironment, topic = CCCL/PURBACHAL/ENV_01 created 67d6a54aa7f6e7c96e9300da succesfully
2025-03-16 16:17:46,726 pop.CCCL_environment_mixins INFO     mongo_db = TodayCCCLEnvironment, topic = CCCL/PURBACHAL/ENV_01 created 67d6a54aa7f6e7c96e9300db succesfully
2025-03-16 16:17:54,172 pop.CPM_RT_mixins INFO     mongo_db = RTModelCPM, topic = MQTT_RT_DATA created 67d6a552a7f6e7c96e9300df succesfully
2025-03-16 16:17:54,183 pop.CPM_RT_mixins INFO     mongo_db = TemporaryRTModelCPM, topic = MQTT_RT_DATA created 67d6a552a7f6e7c96e9300e0 succesfully
2025-03-16 16:17:54,199 pop.CPM_RT_mixins INFO     mongo_db = TodayRTModelCPM, topic = MQTT_RT_DATA created 67d6a552a7f6e7c96e9300e1 succesfully
2025-03-16 16:18:14,462 pop.CCCL_generator_mixins INFO     mongo_db = CCCLGenerator, topic = CCCL/PURBACHAL/ENM_01 created 67d6a566a7f6e7c96e9300e2 succesfully
2025-03-16 16:18:14,501 pop.CCCL_generator_mixins INFO     mongo_db = TemporaryCCCLGenerator, topic = CCCL/PURBACHAL/ENM_01 created 67d6a566a7f6e7c96e9300e3 succesfully
2025-03-16 16:18:14,516 pop.CCCL_generator_mixins INFO     mongo_db = TodayCCCLGenerator, topic = CCCL/PURBACHAL/ENM_01 created 67d6a566a7f6e7c96e9300e4 succesfully
2025-03-16 16:18:16,987 pop.CCCL_environment_mixins INFO     mongo_db = CCCLEnvironment, topic = CCCL/PURBACHAL/ENV_01 created 67d6a568a7f6e7c96e9300e5 succesfully
2025-03-16 16:18:16,999 pop.CCCL_environment_mixins INFO     mongo_db = TemporaryCCCLEnvironment, topic = CCCL/PURBACHAL/ENV_01 created 67d6a568a7f6e7c96e9300e6 succesfully
2025-03-16 16:18:17,012 pop.CCCL_environment_mixins INFO     mongo_db = TodayCCCLEnvironment, topic = CCCL/PURBACHAL/ENV_01 created 67d6a569a7f6e7c96e9300e7 succesfully
2025-03-16 16:18:24,298 pop.CPM_RT_mixins INFO     mongo_db = RTModelCPM, topic = MQTT_RT_DATA created 67d6a570a7f6e7c96e9300eb succesfully
2025-03-16 16:18:24,309 pop.CPM_RT_mixins INFO     mongo_db = TemporaryRTModelCPM, topic = MQTT_RT_DATA created 67d6a570a7f6e7c96e9300ec succesfully
2025-03-16 16:18:24,324 pop.CPM_RT_mixins INFO     mongo_db = TodayRTModelCPM, topic = MQTT_RT_DATA created 67d6a570a7f6e7c96e9300ed succesfully
2025-03-16 16:18:47,276 pop.CCCL_environment_mixins INFO     mongo_db = CCCLEnvironment, topic = CCCL/PURBACHAL/ENV_01 created 67d6a587a7f6e7c96e9300ee succesfully
2025-03-16 16:18:47,286 pop.CCCL_environment_mixins INFO     mongo_db = TemporaryCCCLEnvironment, topic = CCCL/PURBACHAL/ENV_01 created 67d6a587a7f6e7c96e9300ef succesfully
2025-03-16 16:18:47,297 pop.CCCL_environment_mixins INFO     mongo_db = TodayCCCLEnvironment, topic = CCCL/PURBACHAL/ENV_01 created 67d6a587a7f6e7c96e9300f0 succesfully
2025-03-16 16:20:34,989 pop.CPM_ENY_FRZ_mongo_mixins INFO     mongo_db = EnyFrzDataModelCPM, topic = MQTT_ENY_FRZ created 67d6a5f2abb4b940df23f3db succesfully
2025-03-16 16:20:35,009 pop.CPM_DAY_DATA_mongo_mixins INFO     mongo_db = DayDataModelCPM, topic = MQTT_DAY_DATA created 67d6a5f3abb4b940df23f3dc succesfully
2025-03-16 16:20:35,073 pop.CPM_ENY_NOW_mongo_mixins INFO     mongo_db = EnyNowDataModelCPM, topic = MQTT_ENY_NOW created 67d6a5f3abb4b940df23f3dd succesfully
2025-03-16 16:20:35,089 pop.CPM_ENY_NOW_mongo_mixins INFO     mongo_db = TemporaryEnyNowDataModelCPM, topic = MQTT_ENY_NOW created 67d6a5f3abb4b940df23f3de succesfully
2025-03-16 16:20:35,105 pop.CPM_ENY_NOW_mongo_mixins INFO     mongo_db = TodayEnyNowDataModelCPM, topic = MQTT_ENY_NOW created 67d6a5f3abb4b940df23f3df succesfully
2025-03-16 16:20:35,128 pop.CPM_ENY_NOW_mongo_mixins INFO     mongo_db = Last7DaysEnyNowDataModelCPM, topic = MQTT_ENY_NOW created 67d6a5f3abb4b940df23f3e0 succesfully
2025-03-16 16:20:35,175 pop.CPM_RT_mixins INFO     mongo_db = RTModelCPM, topic = MQTT_RT_DATA created 67d6a5f3abb4b940df23f3e1 succesfully
2025-03-16 16:20:35,200 pop.CPM_RT_mixins INFO     mongo_db = TemporaryRTModelCPM, topic = MQTT_RT_DATA created 67d6a5f3abb4b940df23f3e2 succesfully
2025-03-16 16:20:35,230 pop.CPM_RT_mixins INFO     mongo_db = TodayRTModelCPM, topic = MQTT_RT_DATA created 67d6a5f3abb4b940df23f3e3 succesfully
2025-03-16 16:20:48,834 pop.CCCL_environment_mixins INFO     mongo_db = CCCLEnvironment, topic = CCCL/PURBACHAL/ENV_01 created 67d6a600abb4b940df23f3e4 succesfully
2025-03-16 16:20:48,845 pop.CCCL_environment_mixins INFO     mongo_db = TemporaryCCCLEnvironment, topic = CCCL/PURBACHAL/ENV_01 created 67d6a600abb4b940df23f3e5 succesfully
2025-03-16 16:20:48,862 pop.CCCL_environment_mixins INFO     mongo_db = TodayCCCLEnvironment, topic = CCCL/PURBACHAL/ENV_01 created 67d6a600abb4b940df23f3e6 succesfully
2025-03-16 16:20:55,449 pop.CPM_RT_mixins INFO     mongo_db = RTModelCPM, topic = MQTT_RT_DATA created 67d6a607abb4b940df23f3ea succesfully
2025-03-16 16:20:55,461 pop.CPM_RT_mixins INFO     mongo_db = TemporaryRTModelCPM, topic = MQTT_RT_DATA created 67d6a607abb4b940df23f3eb succesfully
2025-03-16 16:20:55,476 pop.CPM_RT_mixins INFO     mongo_db = TodayRTModelCPM, topic = MQTT_RT_DATA created 67d6a607abb4b940df23f3ec succesfully
2025-03-16 16:21:14,457 pop.CCCL_generator_mixins INFO     mongo_db = CCCLGenerator, topic = CCCL/PURBACHAL/ENM_01 created 67d6a61aabb4b940df23f3ed succesfully
2025-03-16 16:21:14,472 pop.CCCL_generator_mixins INFO     mongo_db = TemporaryCCCLGenerator, topic = CCCL/PURBACHAL/ENM_01 created 67d6a61aabb4b940df23f3ee succesfully
2025-03-16 16:21:14,486 pop.CCCL_generator_mixins INFO     mongo_db = TodayCCCLGenerator, topic = CCCL/PURBACHAL/ENM_01 created 67d6a61aabb4b940df23f3ef succesfully
2025-03-16 16:21:19,255 pop.CCCL_environment_mixins INFO     mongo_db = CCCLEnvironment, topic = CCCL/PURBACHAL/ENV_01 created 67d6a61fabb4b940df23f3f0 succesfully
2025-03-16 16:21:19,288 pop.CCCL_environment_mixins INFO     mongo_db = TemporaryCCCLEnvironment, topic = CCCL/PURBACHAL/ENV_01 created 67d6a61fabb4b940df23f3f1 succesfully
2025-03-16 16:21:19,301 pop.CCCL_environment_mixins INFO     mongo_db = TodayCCCLEnvironment, topic = CCCL/PURBACHAL/ENV_01 created 67d6a61fabb4b940df23f3f2 succesfully
2025-03-16 16:21:25,117 pop.CPM_RT_mixins INFO     mongo_db = RTModelCPM, topic = MQTT_RT_DATA created 67d6a625abb4b940df23f3f6 succesfully
2025-03-16 16:21:25,130 pop.CPM_RT_mixins INFO     mongo_db = TemporaryRTModelCPM, topic = MQTT_RT_DATA created 67d6a625abb4b940df23f3f7 succesfully
2025-03-16 16:21:25,145 pop.CPM_RT_mixins INFO     mongo_db = TodayRTModelCPM, topic = MQTT_RT_DATA created 67d6a625abb4b940df23f3f8 succesfully
2025-03-16 16:21:49,568 pop.CCCL_environment_mixins INFO     mongo_db = CCCLEnvironment, topic = CCCL/PURBACHAL/ENV_01 created 67d6a63dabb4b940df23f3f9 succesfully
2025-03-16 16:21:49,584 pop.CCCL_environment_mixins INFO     mongo_db = TemporaryCCCLEnvironment, topic = CCCL/PURBACHAL/ENV_01 created 67d6a63dabb4b940df23f3fa succesfully
2025-03-16 16:21:49,593 pop.CCCL_environment_mixins INFO     mongo_db = TodayCCCLEnvironment, topic = CCCL/PURBACHAL/ENV_01 created 67d6a63dabb4b940df23f3fb succesfully
2025-03-16 16:21:54,384 pop.CPM_RT_mixins INFO     mongo_db = RTModelCPM, topic = MQTT_RT_DATA created 67d6a642abb4b940df23f3ff succesfully
2025-03-16 16:21:54,396 pop.CPM_RT_mixins INFO     mongo_db = TemporaryRTModelCPM, topic = MQTT_RT_DATA created 67d6a642abb4b940df23f400 succesfully
2025-03-16 16:21:54,410 pop.CPM_RT_mixins INFO     mongo_db = TodayRTModelCPM, topic = MQTT_RT_DATA created 67d6a642abb4b940df23f401 succesfully
2025-03-16 16:22:14,446 pop.CCCL_generator_mixins INFO     mongo_db = CCCLGenerator, topic = CCCL/PURBACHAL/ENM_01 created 67d6a656abb4b940df23f402 succesfully
2025-03-16 16:22:14,461 pop.CCCL_generator_mixins INFO     mongo_db = TemporaryCCCLGenerator, topic = CCCL/PURBACHAL/ENM_01 created 67d6a656abb4b940df23f403 succesfully
2025-03-16 16:22:14,472 pop.CCCL_generator_mixins INFO     mongo_db = TodayCCCLGenerator, topic = CCCL/PURBACHAL/ENM_01 created 67d6a656abb4b940df23f404 succesfully
2025-03-16 16:22:19,980 pop.CCCL_environment_mixins INFO     mongo_db = CCCLEnvironment, topic = CCCL/PURBACHAL/ENV_01 created 67d6a65babb4b940df23f405 succesfully
2025-03-16 16:22:20,001 pop.CCCL_environment_mixins INFO     mongo_db = TemporaryCCCLEnvironment, topic = CCCL/PURBACHAL/ENV_01 created 67d6a65babb4b940df23f406 succesfully
2025-03-16 16:22:20,017 pop.CCCL_environment_mixins INFO     mongo_db = TodayCCCLEnvironment, topic = CCCL/PURBACHAL/ENV_01 created 67d6a65cabb4b940df23f407 succesfully
2025-03-16 16:22:28,150 pop.CPM_RT_mixins INFO     mongo_db = RTModelCPM, topic = MQTT_RT_DATA created 67d6a664abb4b940df23f40b succesfully
2025-03-16 16:22:28,164 pop.CPM_RT_mixins INFO     mongo_db = TemporaryRTModelCPM, topic = MQTT_RT_DATA created 67d6a664abb4b940df23f40c succesfully
2025-03-16 16:22:28,176 pop.CPM_RT_mixins INFO     mongo_db = TodayRTModelCPM, topic = MQTT_RT_DATA created 67d6a664abb4b940df23f40d succesfully
2025-03-16 16:22:50,275 pop.CCCL_environment_mixins INFO     mongo_db = CCCLEnvironment, topic = CCCL/PURBACHAL/ENV_01 created 67d6a67aabb4b940df23f40e succesfully
2025-03-16 16:22:50,290 pop.CCCL_environment_mixins INFO     mongo_db = TemporaryCCCLEnvironment, topic = CCCL/PURBACHAL/ENV_01 created 67d6a67aabb4b940df23f40f succesfully
2025-03-16 16:22:50,305 pop.CCCL_environment_mixins INFO     mongo_db = TodayCCCLEnvironment, topic = CCCL/PURBACHAL/ENV_01 created 67d6a67aabb4b940df23f410 succesfully
2025-03-16 16:22:55,944 pop.CPM_RT_mixins INFO     mongo_db = RTModelCPM, topic = MQTT_RT_DATA created 67d6a67fabb4b940df23f414 succesfully
2025-03-16 16:22:55,962 pop.CPM_RT_mixins INFO     mongo_db = TemporaryRTModelCPM, topic = MQTT_RT_DATA created 67d6a67fabb4b940df23f415 succesfully
2025-03-16 16:22:55,988 pop.CPM_RT_mixins INFO     mongo_db = TodayRTModelCPM, topic = MQTT_RT_DATA created 67d6a67fabb4b940df23f416 succesfully
2025-03-16 16:23:14,428 pop.CCCL_generator_mixins INFO     mongo_db = CCCLGenerator, topic = CCCL/PURBACHAL/ENM_01 created 67d6a692abb4b940df23f417 succesfully
2025-03-16 16:23:14,440 pop.CCCL_generator_mixins INFO     mongo_db = TemporaryCCCLGenerator, topic = CCCL/PURBACHAL/ENM_01 created 67d6a692abb4b940df23f418 succesfully
2025-03-16 16:23:14,453 pop.CCCL_generator_mixins INFO     mongo_db = TodayCCCLGenerator, topic = CCCL/PURBACHAL/ENM_01 created 67d6a692abb4b940df23f419 succesfully
2025-03-16 16:23:20,599 pop.CCCL_environment_mixins INFO     mongo_db = CCCLEnvironment, topic = CCCL/PURBACHAL/ENV_01 created 67d6a698abb4b940df23f41a succesfully
2025-03-16 16:23:20,621 pop.CCCL_environment_mixins INFO     mongo_db = TemporaryCCCLEnvironment, topic = CCCL/PURBACHAL/ENV_01 created 67d6a698abb4b940df23f41b succesfully
2025-03-16 16:23:20,638 pop.CCCL_environment_mixins INFO     mongo_db = TodayCCCLEnvironment, topic = CCCL/PURBACHAL/ENV_01 created 67d6a698abb4b940df23f41c succesfully
2025-03-16 16:23:50,900 pop.CCCL_environment_mixins INFO     mongo_db = CCCLEnvironment, topic = CCCL/PURBACHAL/ENV_01 created 67d6a6b6abb4b940df23f420 succesfully
2025-03-16 16:23:50,911 pop.CCCL_environment_mixins INFO     mongo_db = TemporaryCCCLEnvironment, topic = CCCL/PURBACHAL/ENV_01 created 67d6a6b6abb4b940df23f421 succesfully
2025-03-16 16:23:50,920 pop.CCCL_environment_mixins INFO     mongo_db = TodayCCCLEnvironment, topic = CCCL/PURBACHAL/ENV_01 created 67d6a6b6abb4b940df23f422 succesfully
2025-03-16 16:23:55,046 pop.CPM_RT_mixins INFO     mongo_db = RTModelCPM, topic = MQTT_RT_DATA created 67d6a6bbabb4b940df23f426 succesfully
2025-03-16 16:23:55,059 pop.CPM_RT_mixins INFO     mongo_db = TemporaryRTModelCPM, topic = MQTT_RT_DATA created 67d6a6bbabb4b940df23f427 succesfully
2025-03-16 16:23:55,073 pop.CPM_RT_mixins INFO     mongo_db = TodayRTModelCPM, topic = MQTT_RT_DATA created 67d6a6bbabb4b940df23f428 succesfully
2025-03-16 16:24:01,992 pop.CPM_ENY_NOW_mongo_mixins INFO     mongo_db = EnyNowDataModelCPM, topic = MQTT_ENY_NOW created 67d6a6c1abb4b940df23f429 succesfully
2025-03-16 16:24:02,000 pop.CPM_ENY_NOW_mongo_mixins INFO     mongo_db = TemporaryEnyNowDataModelCPM, topic = MQTT_ENY_NOW created 67d6a6c1abb4b940df23f42a succesfully
2025-03-16 16:24:02,007 pop.CPM_ENY_NOW_mongo_mixins INFO     mongo_db = TodayEnyNowDataModelCPM, topic = MQTT_ENY_NOW created 67d6a6c2abb4b940df23f42b succesfully
2025-03-16 16:24:02,015 pop.CPM_ENY_NOW_mongo_mixins INFO     mongo_db = Last7DaysEnyNowDataModelCPM, topic = MQTT_ENY_NOW created 67d6a6c2abb4b940df23f42c succesfully
2025-03-16 16:24:14,442 pop.CCCL_generator_mixins INFO     mongo_db = CCCLGenerator, topic = CCCL/PURBACHAL/ENM_01 created 67d6a6ceabb4b940df23f42d succesfully
2025-03-16 16:24:14,462 pop.CCCL_generator_mixins INFO     mongo_db = TemporaryCCCLGenerator, topic = CCCL/PURBACHAL/ENM_01 created 67d6a6ceabb4b940df23f42e succesfully
2025-03-16 16:24:14,474 pop.CCCL_generator_mixins INFO     mongo_db = TodayCCCLGenerator, topic = CCCL/PURBACHAL/ENM_01 created 67d6a6ceabb4b940df23f42f succesfully
2025-03-16 16:24:21,426 pop.CCCL_environment_mixins INFO     mongo_db = CCCLEnvironment, topic = CCCL/PURBACHAL/ENV_01 created 67d6a6d5abb4b940df23f430 succesfully
2025-03-16 16:24:21,439 pop.CCCL_environment_mixins INFO     mongo_db = TemporaryCCCLEnvironment, topic = CCCL/PURBACHAL/ENV_01 created 67d6a6d5abb4b940df23f431 succesfully
2025-03-16 16:24:21,452 pop.CCCL_environment_mixins INFO     mongo_db = TodayCCCLEnvironment, topic = CCCL/PURBACHAL/ENV_01 created 67d6a6d5abb4b940df23f432 succesfully
2025-03-16 16:24:24,149 pop.CPM_RT_mixins INFO     mongo_db = RTModelCPM, topic = MQTT_RT_DATA created 67d6a6d8abb4b940df23f433 succesfully
2025-03-16 16:24:24,161 pop.CPM_RT_mixins INFO     mongo_db = TemporaryRTModelCPM, topic = MQTT_RT_DATA created 67d6a6d8abb4b940df23f434 succesfully
2025-03-16 16:24:24,172 pop.CPM_RT_mixins INFO     mongo_db = TodayRTModelCPM, topic = MQTT_RT_DATA created 67d6a6d8abb4b940df23f435 succesfully
2025-03-16 16:24:51,722 pop.CCCL_environment_mixins INFO     mongo_db = CCCLEnvironment, topic = CCCL/PURBACHAL/ENV_01 created 67d6a6f3abb4b940df23f439 succesfully
2025-03-16 16:24:51,730 pop.CCCL_environment_mixins INFO     mongo_db = TemporaryCCCLEnvironment, topic = CCCL/PURBACHAL/ENV_01 created 67d6a6f3abb4b940df23f43a succesfully
2025-03-16 16:24:51,739 pop.CCCL_environment_mixins INFO     mongo_db = TodayCCCLEnvironment, topic = CCCL/PURBACHAL/ENV_01 created 67d6a6f3abb4b940df23f43b succesfully
2025-03-16 16:24:55,451 pop.CPM_RT_mixins INFO     mongo_db = RTModelCPM, topic = MQTT_RT_DATA created 67d6a6f7abb4b940df23f43c succesfully
2025-03-16 16:24:55,464 pop.CPM_RT_mixins INFO     mongo_db = TemporaryRTModelCPM, topic = MQTT_RT_DATA created 67d6a6f7abb4b940df23f43d succesfully
2025-03-16 16:24:55,480 pop.CPM_RT_mixins INFO     mongo_db = TodayRTModelCPM, topic = MQTT_RT_DATA created 67d6a6f7abb4b940df23f43e succesfully
2025-03-16 16:25:14,437 pop.CCCL_generator_mixins INFO     mongo_db = CCCLGenerator, topic = CCCL/PURBACHAL/ENM_01 created 67d6a70aabb4b940df23f442 succesfully
2025-03-16 16:25:14,450 pop.CCCL_generator_mixins INFO     mongo_db = TemporaryCCCLGenerator, topic = CCCL/PURBACHAL/ENM_01 created 67d6a70aabb4b940df23f443 succesfully
2025-03-16 16:25:14,462 pop.CCCL_generator_mixins INFO     mongo_db = TodayCCCLGenerator, topic = CCCL/PURBACHAL/ENM_01 created 67d6a70aabb4b940df23f444 succesfully
2025-03-16 16:25:22,043 pop.CCCL_environment_mixins INFO     mongo_db = CCCLEnvironment, topic = CCCL/PURBACHAL/ENV_01 created 67d6a712abb4b940df23f445 succesfully
2025-03-16 16:25:22,063 pop.CCCL_environment_mixins INFO     mongo_db = TemporaryCCCLEnvironment, topic = CCCL/PURBACHAL/ENV_01 created 67d6a712abb4b940df23f446 succesfully
2025-03-16 16:25:22,074 pop.CCCL_environment_mixins INFO     mongo_db = TodayCCCLEnvironment, topic = CCCL/PURBACHAL/ENV_01 created 67d6a712abb4b940df23f447 succesfully
2025-03-16 16:25:52,355 pop.CCCL_environment_mixins INFO     mongo_db = CCCLEnvironment, topic = CCCL/PURBACHAL/ENV_01 created 67d6a730abb4b940df23f44b succesfully
2025-03-16 16:25:52,377 pop.CCCL_environment_mixins INFO     mongo_db = TemporaryCCCLEnvironment, topic = CCCL/PURBACHAL/ENV_01 created 67d6a730abb4b940df23f44c succesfully
2025-03-16 16:25:52,389 pop.CCCL_environment_mixins INFO     mongo_db = TodayCCCLEnvironment, topic = CCCL/PURBACHAL/ENV_01 created 67d6a730abb4b940df23f44d succesfully
2025-03-16 16:25:54,092 pop.CPM_RT_mixins INFO     mongo_db = RTModelCPM, topic = MQTT_RT_DATA created 67d6a732abb4b940df23f44e succesfully
2025-03-16 16:25:54,103 pop.CPM_RT_mixins INFO     mongo_db = TemporaryRTModelCPM, topic = MQTT_RT_DATA created 67d6a732abb4b940df23f44f succesfully
2025-03-16 16:25:54,114 pop.CPM_RT_mixins INFO     mongo_db = TodayRTModelCPM, topic = MQTT_RT_DATA created 67d6a732abb4b940df23f450 succesfully
2025-03-16 16:26:14,438 pop.CCCL_generator_mixins INFO     mongo_db = CCCLGenerator, topic = CCCL/PURBACHAL/ENM_01 created 67d6a746abb4b940df23f454 succesfully
2025-03-16 16:26:14,453 pop.CCCL_generator_mixins INFO     mongo_db = TemporaryCCCLGenerator, topic = CCCL/PURBACHAL/ENM_01 created 67d6a746abb4b940df23f455 succesfully
2025-03-16 16:26:14,466 pop.CCCL_generator_mixins INFO     mongo_db = TodayCCCLGenerator, topic = CCCL/PURBACHAL/ENM_01 created 67d6a746abb4b940df23f456 succesfully
2025-03-16 16:26:22,873 pop.CCCL_environment_mixins INFO     mongo_db = CCCLEnvironment, topic = CCCL/PURBACHAL/ENV_01 created 67d6a74eabb4b940df23f457 succesfully
2025-03-16 16:26:22,887 pop.CCCL_environment_mixins INFO     mongo_db = TemporaryCCCLEnvironment, topic = CCCL/PURBACHAL/ENV_01 created 67d6a74eabb4b940df23f458 succesfully
2025-03-16 16:26:22,896 pop.CCCL_environment_mixins INFO     mongo_db = TodayCCCLEnvironment, topic = CCCL/PURBACHAL/ENV_01 created 67d6a74eabb4b940df23f459 succesfully
2025-03-16 16:26:53,182 pop.CCCL_environment_mixins INFO     mongo_db = CCCLEnvironment, topic = CCCL/PURBACHAL/ENV_01 created 67d6a76dabb4b940df23f45d succesfully
2025-03-16 16:26:53,202 pop.CCCL_environment_mixins INFO     mongo_db = TemporaryCCCLEnvironment, topic = CCCL/PURBACHAL/ENV_01 created 67d6a76dabb4b940df23f45e succesfully
2025-03-16 16:26:53,214 pop.CCCL_environment_mixins INFO     mongo_db = TodayCCCLEnvironment, topic = CCCL/PURBACHAL/ENV_01 created 67d6a76dabb4b940df23f45f succesfully
2025-03-16 16:26:54,272 pop.CPM_RT_mixins INFO     mongo_db = RTModelCPM, topic = MQTT_RT_DATA created 67d6a76eabb4b940df23f460 succesfully
2025-03-16 16:26:54,292 pop.CPM_RT_mixins INFO     mongo_db = TemporaryRTModelCPM, topic = MQTT_RT_DATA created 67d6a76eabb4b940df23f461 succesfully
2025-03-16 16:26:54,306 pop.CPM_RT_mixins INFO     mongo_db = TodayRTModelCPM, topic = MQTT_RT_DATA created 67d6a76eabb4b940df23f462 succesfully
2025-03-16 16:27:14,442 pop.CCCL_generator_mixins INFO     mongo_db = CCCLGenerator, topic = CCCL/PURBACHAL/ENM_01 created 67d6a782abb4b940df23f466 succesfully
2025-03-16 16:27:14,458 pop.CCCL_generator_mixins INFO     mongo_db = TemporaryCCCLGenerator, topic = CCCL/PURBACHAL/ENM_01 created 67d6a782abb4b940df23f467 succesfully
2025-03-16 16:27:14,470 pop.CCCL_generator_mixins INFO     mongo_db = TodayCCCLGenerator, topic = CCCL/PURBACHAL/ENM_01 created 67d6a782abb4b940df23f468 succesfully
2025-03-16 16:27:23,492 pop.CCCL_environment_mixins INFO     mongo_db = CCCLEnvironment, topic = CCCL/PURBACHAL/ENV_01 created 67d6a78babb4b940df23f469 succesfully
2025-03-16 16:27:23,522 pop.CCCL_environment_mixins INFO     mongo_db = TemporaryCCCLEnvironment, topic = CCCL/PURBACHAL/ENV_01 created 67d6a78babb4b940df23f46a succesfully
2025-03-16 16:27:23,536 pop.CCCL_environment_mixins INFO     mongo_db = TodayCCCLEnvironment, topic = CCCL/PURBACHAL/ENV_01 created 67d6a78babb4b940df23f46b succesfully
2025-03-16 16:27:53,807 pop.CCCL_environment_mixins INFO     mongo_db = CCCLEnvironment, topic = CCCL/PURBACHAL/ENV_01 created 67d6a7a9abb4b940df23f46f succesfully
2025-03-16 16:27:53,830 pop.CCCL_environment_mixins INFO     mongo_db = TemporaryCCCLEnvironment, topic = CCCL/PURBACHAL/ENV_01 created 67d6a7a9abb4b940df23f470 succesfully
2025-03-16 16:27:53,840 pop.CCCL_environment_mixins INFO     mongo_db = TodayCCCLEnvironment, topic = CCCL/PURBACHAL/ENV_01 created 67d6a7a9abb4b940df23f471 succesfully
2025-03-16 16:28:14,420 pop.CCCL_generator_mixins INFO     mongo_db = CCCLGenerator, topic = CCCL/PURBACHAL/ENM_01 created 67d6a7beabb4b940df23f472 succesfully
2025-03-16 16:28:14,431 pop.CCCL_generator_mixins INFO     mongo_db = TemporaryCCCLGenerator, topic = CCCL/PURBACHAL/ENM_01 created 67d6a7beabb4b940df23f473 succesfully
2025-03-16 16:28:14,441 pop.CCCL_generator_mixins INFO     mongo_db = TodayCCCLGenerator, topic = CCCL/PURBACHAL/ENM_01 created 67d6a7beabb4b940df23f474 succesfully
2025-03-16 16:28:16,088 pop.CPM_RT_mixins INFO     mongo_db = RTModelCPM, topic = MQTT_RT_DATA created 67d6a7c0abb4b940df23f475 succesfully
2025-03-16 16:28:16,101 pop.CPM_RT_mixins INFO     mongo_db = TemporaryRTModelCPM, topic = MQTT_RT_DATA created 67d6a7c0abb4b940df23f476 succesfully
2025-03-16 16:28:16,118 pop.CPM_RT_mixins INFO     mongo_db = TodayRTModelCPM, topic = MQTT_RT_DATA created 67d6a7c0abb4b940df23f477 succesfully
2025-03-16 16:28:24,104 pop.CCCL_environment_mixins INFO     mongo_db = CCCLEnvironment, topic = CCCL/PURBACHAL/ENV_01 created 67d6a7c8abb4b940df23f478 succesfully
2025-03-16 16:28:24,112 pop.CCCL_environment_mixins INFO     mongo_db = TemporaryCCCLEnvironment, topic = CCCL/PURBACHAL/ENV_01 created 67d6a7c8abb4b940df23f479 succesfully
2025-03-16 16:28:24,121 pop.CCCL_environment_mixins INFO     mongo_db = TodayCCCLEnvironment, topic = CCCL/PURBACHAL/ENV_01 created 67d6a7c8abb4b940df23f47a succesfully
2025-03-16 16:28:54,307 pop.CCCL_environment_mixins INFO     mongo_db = CCCLEnvironment, topic = CCCL/PURBACHAL/ENV_01 created 67d6a7e6abb4b940df23f47e succesfully
2025-03-16 16:28:54,317 pop.CCCL_environment_mixins INFO     mongo_db = TemporaryCCCLEnvironment, topic = CCCL/PURBACHAL/ENV_01 created 67d6a7e6abb4b940df23f47f succesfully
2025-03-16 16:28:54,326 pop.CCCL_environment_mixins INFO     mongo_db = TodayCCCLEnvironment, topic = CCCL/PURBACHAL/ENV_01 created 67d6a7e6abb4b940df23f480 succesfully
2025-03-16 16:29:06,138 pop.CPM_RT_mixins INFO     mongo_db = RTModelCPM, topic = MQTT_RT_DATA created 67d6a7f2abb4b940df23f481 succesfully
2025-03-16 16:29:06,150 pop.CPM_RT_mixins INFO     mongo_db = TemporaryRTModelCPM, topic = MQTT_RT_DATA created 67d6a7f2abb4b940df23f482 succesfully
2025-03-16 16:29:06,161 pop.CPM_RT_mixins INFO     mongo_db = TodayRTModelCPM, topic = MQTT_RT_DATA created 67d6a7f2abb4b940df23f483 succesfully
2025-03-16 16:29:14,449 pop.CCCL_generator_mixins INFO     mongo_db = CCCLGenerator, topic = CCCL/PURBACHAL/ENM_01 created 67d6a7faabb4b940df23f484 succesfully
2025-03-16 16:29:14,462 pop.CCCL_generator_mixins INFO     mongo_db = TemporaryCCCLGenerator, topic = CCCL/PURBACHAL/ENM_01 created 67d6a7faabb4b940df23f485 succesfully
2025-03-16 16:29:14,473 pop.CCCL_generator_mixins INFO     mongo_db = TodayCCCLGenerator, topic = CCCL/PURBACHAL/ENM_01 created 67d6a7faabb4b940df23f486 succesfully
2025-03-16 16:29:24,738 pop.CCCL_environment_mixins INFO     mongo_db = CCCLEnvironment, topic = CCCL/PURBACHAL/ENV_01 created 67d6a804abb4b940df23f48a succesfully
2025-03-16 16:29:24,758 pop.CCCL_environment_mixins INFO     mongo_db = TemporaryCCCLEnvironment, topic = CCCL/PURBACHAL/ENV_01 created 67d6a804abb4b940df23f48b succesfully
2025-03-16 16:29:24,770 pop.CCCL_environment_mixins INFO     mongo_db = TodayCCCLEnvironment, topic = CCCL/PURBACHAL/ENV_01 created 67d6a804abb4b940df23f48c succesfully
2025-03-16 16:29:26,814 pop.CPM_RT_mixins INFO     mongo_db = RTModelCPM, topic = MQTT_RT_DATA created 67d6a806abb4b940df23f48d succesfully
2025-03-16 16:29:26,867 pop.CPM_RT_mixins INFO     mongo_db = TemporaryRTModelCPM, topic = MQTT_RT_DATA created 67d6a806abb4b940df23f48e succesfully
2025-03-16 16:29:26,883 pop.CPM_RT_mixins INFO     mongo_db = TodayRTModelCPM, topic = MQTT_RT_DATA created 67d6a806abb4b940df23f48f succesfully
2025-03-16 16:29:55,038 pop.CCCL_environment_mixins INFO     mongo_db = CCCLEnvironment, topic = CCCL/PURBACHAL/ENV_01 created 67d6a823abb4b940df23f493 succesfully
2025-03-16 16:29:55,048 pop.CCCL_environment_mixins INFO     mongo_db = TemporaryCCCLEnvironment, topic = CCCL/PURBACHAL/ENV_01 created 67d6a823abb4b940df23f494 succesfully
2025-03-16 16:29:55,059 pop.CCCL_environment_mixins INFO     mongo_db = TodayCCCLEnvironment, topic = CCCL/PURBACHAL/ENV_01 created 67d6a823abb4b940df23f495 succesfully
2025-03-16 16:29:55,127 pop.CPM_RT_mixins INFO     mongo_db = RTModelCPM, topic = MQTT_RT_DATA created 67d6a823abb4b940df23f496 succesfully
2025-03-16 16:29:55,137 pop.CPM_RT_mixins INFO     mongo_db = TemporaryRTModelCPM, topic = MQTT_RT_DATA created 67d6a823abb4b940df23f497 succesfully
2025-03-16 16:29:55,150 pop.CPM_RT_mixins INFO     mongo_db = TodayRTModelCPM, topic = MQTT_RT_DATA created 67d6a823abb4b940df23f498 succesfully
2025-03-16 16:30:14,434 pop.CCCL_generator_mixins INFO     mongo_db = CCCLGenerator, topic = CCCL/PURBACHAL/ENM_01 created 67d6a836abb4b940df23f499 succesfully
2025-03-16 16:30:14,459 pop.CCCL_generator_mixins INFO     mongo_db = TemporaryCCCLGenerator, topic = CCCL/PURBACHAL/ENM_01 created 67d6a836abb4b940df23f49a succesfully
2025-03-16 16:30:14,476 pop.CCCL_generator_mixins INFO     mongo_db = TodayCCCLGenerator, topic = CCCL/PURBACHAL/ENM_01 created 67d6a836abb4b940df23f49b succesfully
2025-03-16 16:30:24,239 pop.CPM_RT_mixins INFO     mongo_db = RTModelCPM, topic = MQTT_RT_DATA created 67d6a840abb4b940df23f49f succesfully
2025-03-16 16:30:24,263 pop.CPM_RT_mixins INFO     mongo_db = TemporaryRTModelCPM, topic = MQTT_RT_DATA created 67d6a840abb4b940df23f4a0 succesfully
2025-03-16 16:30:24,279 pop.CPM_RT_mixins INFO     mongo_db = TodayRTModelCPM, topic = MQTT_RT_DATA created 67d6a840abb4b940df23f4a1 succesfully
2025-03-16 16:30:25,361 pop.CCCL_environment_mixins INFO     mongo_db = CCCLEnvironment, topic = CCCL/PURBACHAL/ENV_01 created 67d6a841abb4b940df23f4a2 succesfully
2025-03-16 16:30:25,371 pop.CCCL_environment_mixins INFO     mongo_db = TemporaryCCCLEnvironment, topic = CCCL/PURBACHAL/ENV_01 created 67d6a841abb4b940df23f4a3 succesfully
2025-03-16 16:30:25,383 pop.CCCL_environment_mixins INFO     mongo_db = TodayCCCLEnvironment, topic = CCCL/PURBACHAL/ENV_01 created 67d6a841abb4b940df23f4a4 succesfully
2025-03-16 16:30:55,222 pop.CPM_RT_mixins INFO     mongo_db = RTModelCPM, topic = MQTT_RT_DATA created 67d6a85fabb4b940df23f4a8 succesfully
2025-03-16 16:30:55,234 pop.CPM_RT_mixins INFO     mongo_db = TemporaryRTModelCPM, topic = MQTT_RT_DATA created 67d6a85fabb4b940df23f4a9 succesfully
2025-03-16 16:30:55,250 pop.CPM_RT_mixins INFO     mongo_db = TodayRTModelCPM, topic = MQTT_RT_DATA created 67d6a85fabb4b940df23f4aa succesfully
2025-03-16 16:30:55,673 pop.CCCL_environment_mixins INFO     mongo_db = CCCLEnvironment, topic = CCCL/PURBACHAL/ENV_01 created 67d6a85fabb4b940df23f4ab succesfully
2025-03-16 16:30:55,697 pop.CCCL_environment_mixins INFO     mongo_db = TemporaryCCCLEnvironment, topic = CCCL/PURBACHAL/ENV_01 created 67d6a85fabb4b940df23f4ac succesfully
2025-03-16 16:30:55,708 pop.CCCL_environment_mixins INFO     mongo_db = TodayCCCLEnvironment, topic = CCCL/PURBACHAL/ENV_01 created 67d6a85fabb4b940df23f4ad succesfully
2025-03-16 16:31:14,414 pop.CCCL_generator_mixins INFO     mongo_db = CCCLGenerator, topic = CCCL/PURBACHAL/ENM_01 created 67d6a872abb4b940df23f4ae succesfully
2025-03-16 16:31:14,428 pop.CCCL_generator_mixins INFO     mongo_db = TemporaryCCCLGenerator, topic = CCCL/PURBACHAL/ENM_01 created 67d6a872abb4b940df23f4af succesfully
2025-03-16 16:31:14,445 pop.CCCL_generator_mixins INFO     mongo_db = TodayCCCLGenerator, topic = CCCL/PURBACHAL/ENM_01 created 67d6a872abb4b940df23f4b0 succesfully
2025-03-16 16:31:25,974 pop.CCCL_environment_mixins INFO     mongo_db = CCCLEnvironment, topic = CCCL/PURBACHAL/ENV_01 created 67d6a87dabb4b940df23f4b4 succesfully
2025-03-16 16:31:25,985 pop.CCCL_environment_mixins INFO     mongo_db = TemporaryCCCLEnvironment, topic = CCCL/PURBACHAL/ENV_01 created 67d6a87dabb4b940df23f4b5 succesfully
2025-03-16 16:31:26,001 pop.CCCL_environment_mixins INFO     mongo_db = TodayCCCLEnvironment, topic = CCCL/PURBACHAL/ENV_01 created 67d6a87dabb4b940df23f4b6 succesfully
2025-03-16 16:31:26,079 pop.CPM_RT_mixins INFO     mongo_db = RTModelCPM, topic = MQTT_RT_DATA created 67d6a87eabb4b940df23f4b7 succesfully
2025-03-16 16:31:26,094 pop.CPM_RT_mixins INFO     mongo_db = TemporaryRTModelCPM, topic = MQTT_RT_DATA created 67d6a87eabb4b940df23f4b8 succesfully
2025-03-16 16:31:26,113 pop.CPM_RT_mixins INFO     mongo_db = TodayRTModelCPM, topic = MQTT_RT_DATA created 67d6a87eabb4b940df23f4b9 succesfully
2025-03-16 16:32:16,605 pop.CPM_ENY_FRZ_mongo_mixins INFO     mongo_db = EnyFrzDataModelCPM, topic = MQTT_ENY_FRZ created 67d6a8b0c1dd4a73440d4ba9 succesfully
2025-03-16 16:32:16,625 pop.CPM_DAY_DATA_mongo_mixins INFO     mongo_db = DayDataModelCPM, topic = MQTT_DAY_DATA created 67d6a8b0c1dd4a73440d4baa succesfully
2025-03-16 16:32:16,684 pop.CPM_ENY_NOW_mongo_mixins INFO     mongo_db = EnyNowDataModelCPM, topic = MQTT_ENY_NOW created 67d6a8b0c1dd4a73440d4bab succesfully
2025-03-16 16:32:16,701 pop.CPM_ENY_NOW_mongo_mixins INFO     mongo_db = TemporaryEnyNowDataModelCPM, topic = MQTT_ENY_NOW created 67d6a8b0c1dd4a73440d4bac succesfully
2025-03-16 16:32:16,718 pop.CPM_ENY_NOW_mongo_mixins INFO     mongo_db = TodayEnyNowDataModelCPM, topic = MQTT_ENY_NOW created 67d6a8b0c1dd4a73440d4bad succesfully
2025-03-16 16:32:16,741 pop.CPM_ENY_NOW_mongo_mixins INFO     mongo_db = Last7DaysEnyNowDataModelCPM, topic = MQTT_ENY_NOW created 67d6a8b0c1dd4a73440d4bae succesfully
2025-03-16 16:32:16,787 pop.CPM_RT_mixins INFO     mongo_db = RTModelCPM, topic = MQTT_RT_DATA created 67d6a8b0c1dd4a73440d4baf succesfully
2025-03-16 16:32:16,815 pop.CPM_RT_mixins INFO     mongo_db = TemporaryRTModelCPM, topic = MQTT_RT_DATA created 67d6a8b0c1dd4a73440d4bb0 succesfully
2025-03-16 16:32:16,840 pop.CPM_RT_mixins INFO     mongo_db = TodayRTModelCPM, topic = MQTT_RT_DATA created 67d6a8b0c1dd4a73440d4bb1 succesfully
2025-03-16 16:32:23,196 django.request ERROR    Internal Server Error: /api/v1.0/pop/ups-data/
Traceback (most recent call last):
  File "/opt/venv/lib/python3.9/site-packages/django/core/handlers/exception.py", line 55, in inner
    response = get_response(request)
  File "/opt/venv/lib/python3.9/site-packages/django/core/handlers/base.py", line 197, in _get_response
    response = wrapped_callback(request, *callback_args, **callback_kwargs)
  File "/opt/venv/lib/python3.9/site-packages/django/views/decorators/csrf.py", line 54, in wrapped_view
    return view_func(*args, **kwargs)
  File "/opt/venv/lib/python3.9/site-packages/rest_framework/viewsets.py", line 125, in view
    return self.dispatch(request, *args, **kwargs)
  File "/opt/venv/lib/python3.9/site-packages/rest_framework/views.py", line 509, in dispatch
    response = self.handle_exception(exc)
  File "/opt/venv/lib/python3.9/site-packages/rest_framework/views.py", line 469, in handle_exception
    self.raise_uncaught_exception(exc)
  File "/opt/venv/lib/python3.9/site-packages/rest_framework/views.py", line 480, in raise_uncaught_exception
    raise exc
  File "/opt/venv/lib/python3.9/site-packages/rest_framework/views.py", line 506, in dispatch
    response = handler(request, *args, **kwargs)
  File "/opt/app/pop/api/views.py", line 432, in list
    queryset = self.get_queryset()
  File "/opt/app/pop/api/views.py", line 422, in get_queryset
    dt = datetime.fromisoformat(start_time)
TypeError: fromisoformat: argument must be str
2025-03-16 16:32:24,207 pop.CPM_RT_mixins INFO     mongo_db = RTModelCPM, topic = MQTT_RT_DATA created 67d6a8b8c1dd4a73440d4bb5 succesfully
2025-03-16 16:32:24,220 pop.CPM_RT_mixins INFO     mongo_db = TemporaryRTModelCPM, topic = MQTT_RT_DATA created 67d6a8b8c1dd4a73440d4bb6 succesfully
2025-03-16 16:32:24,233 pop.CPM_RT_mixins INFO     mongo_db = TodayRTModelCPM, topic = MQTT_RT_DATA created 67d6a8b8c1dd4a73440d4bb7 succesfully
2025-03-16 16:32:26,721 pop.CCCL_environment_mixins INFO     mongo_db = CCCLEnvironment, topic = CCCL/PURBACHAL/ENV_01 created 67d6a8bac1dd4a73440d4bb8 succesfully
2025-03-16 16:32:26,735 pop.CCCL_environment_mixins INFO     mongo_db = TemporaryCCCLEnvironment, topic = CCCL/PURBACHAL/ENV_01 created 67d6a8bac1dd4a73440d4bb9 succesfully
2025-03-16 16:32:26,748 pop.CCCL_environment_mixins INFO     mongo_db = TodayCCCLEnvironment, topic = CCCL/PURBACHAL/ENV_01 created 67d6a8bac1dd4a73440d4bba succesfully
2025-03-16 16:32:29,173 django.request ERROR    Internal Server Error: /api/v1.0/pop/ups-data/
Traceback (most recent call last):
  File "/opt/venv/lib/python3.9/site-packages/django/core/handlers/exception.py", line 55, in inner
    response = get_response(request)
  File "/opt/venv/lib/python3.9/site-packages/django/core/handlers/base.py", line 197, in _get_response
    response = wrapped_callback(request, *callback_args, **callback_kwargs)
  File "/opt/venv/lib/python3.9/site-packages/django/views/decorators/csrf.py", line 54, in wrapped_view
    return view_func(*args, **kwargs)
  File "/opt/venv/lib/python3.9/site-packages/rest_framework/viewsets.py", line 125, in view
    return self.dispatch(request, *args, **kwargs)
  File "/opt/venv/lib/python3.9/site-packages/rest_framework/views.py", line 509, in dispatch
    response = self.handle_exception(exc)
  File "/opt/venv/lib/python3.9/site-packages/rest_framework/views.py", line 469, in handle_exception
    self.raise_uncaught_exception(exc)
  File "/opt/venv/lib/python3.9/site-packages/rest_framework/views.py", line 480, in raise_uncaught_exception
    raise exc
  File "/opt/venv/lib/python3.9/site-packages/rest_framework/views.py", line 506, in dispatch
    response = handler(request, *args, **kwargs)
  File "/opt/app/pop/api/views.py", line 432, in list
    queryset = self.get_queryset()
  File "/opt/app/pop/api/views.py", line 422, in get_queryset
    dt = datetime.fromisoformat(start_time)
TypeError: fromisoformat: argument must be str
2025-03-16 16:32:54,298 pop.CPM_RT_mixins INFO     mongo_db = RTModelCPM, topic = MQTT_RT_DATA created 67d6a8d6c1dd4a73440d4bbe succesfully
2025-03-16 16:32:54,313 pop.CPM_RT_mixins INFO     mongo_db = TemporaryRTModelCPM, topic = MQTT_RT_DATA created 67d6a8d6c1dd4a73440d4bbf succesfully
2025-03-16 16:32:54,332 pop.CPM_RT_mixins INFO     mongo_db = TodayRTModelCPM, topic = MQTT_RT_DATA created 67d6a8d6c1dd4a73440d4bc0 succesfully
2025-03-16 16:32:57,005 pop.CCCL_environment_mixins INFO     mongo_db = CCCLEnvironment, topic = CCCL/PURBACHAL/ENV_01 created 67d6a8d9c1dd4a73440d4bc1 succesfully
2025-03-16 16:32:57,019 pop.CCCL_environment_mixins INFO     mongo_db = TemporaryCCCLEnvironment, topic = CCCL/PURBACHAL/ENV_01 created 67d6a8d9c1dd4a73440d4bc2 succesfully
2025-03-16 16:32:57,032 pop.CCCL_environment_mixins INFO     mongo_db = TodayCCCLEnvironment, topic = CCCL/PURBACHAL/ENV_01 created 67d6a8d9c1dd4a73440d4bc3 succesfully
2025-03-16 16:33:14,441 pop.CCCL_generator_mixins INFO     mongo_db = CCCLGenerator, topic = CCCL/PURBACHAL/ENM_01 created 67d6a8eac1dd4a73440d4bc4 succesfully
2025-03-16 16:33:14,457 pop.CCCL_generator_mixins INFO     mongo_db = TemporaryCCCLGenerator, topic = CCCL/PURBACHAL/ENM_01 created 67d6a8eac1dd4a73440d4bc5 succesfully
2025-03-16 16:33:14,472 pop.CCCL_generator_mixins INFO     mongo_db = TodayCCCLGenerator, topic = CCCL/PURBACHAL/ENM_01 created 67d6a8eac1dd4a73440d4bc6 succesfully
2025-03-16 16:33:25,168 pop.CPM_RT_mixins INFO     mongo_db = RTModelCPM, topic = MQTT_RT_DATA created 67d6a8f5c1dd4a73440d4bca succesfully
2025-03-16 16:33:25,180 pop.CPM_RT_mixins INFO     mongo_db = TemporaryRTModelCPM, topic = MQTT_RT_DATA created 67d6a8f5c1dd4a73440d4bcb succesfully
2025-03-16 16:33:25,190 pop.CPM_RT_mixins INFO     mongo_db = TodayRTModelCPM, topic = MQTT_RT_DATA created 67d6a8f5c1dd4a73440d4bcc succesfully
2025-03-16 16:33:27,438 pop.CCCL_environment_mixins INFO     mongo_db = CCCLEnvironment, topic = CCCL/PURBACHAL/ENV_01 created 67d6a8f7c1dd4a73440d4bcd succesfully
2025-03-16 16:33:27,456 pop.CCCL_environment_mixins INFO     mongo_db = TemporaryCCCLEnvironment, topic = CCCL/PURBACHAL/ENV_01 created 67d6a8f7c1dd4a73440d4bce succesfully
2025-03-16 16:33:27,469 pop.CCCL_environment_mixins INFO     mongo_db = TodayCCCLEnvironment, topic = CCCL/PURBACHAL/ENV_01 created 67d6a8f7c1dd4a73440d4bcf succesfully
2025-03-16 16:33:54,516 pop.CPM_RT_mixins INFO     mongo_db = RTModelCPM, topic = MQTT_RT_DATA created 67d6a912c1dd4a73440d4bd3 succesfully
2025-03-16 16:33:54,529 pop.CPM_RT_mixins INFO     mongo_db = TemporaryRTModelCPM, topic = MQTT_RT_DATA created 67d6a912c1dd4a73440d4bd4 succesfully
2025-03-16 16:33:54,542 pop.CPM_RT_mixins INFO     mongo_db = TodayRTModelCPM, topic = MQTT_RT_DATA created 67d6a912c1dd4a73440d4bd5 succesfully
2025-03-16 16:33:57,751 pop.CCCL_environment_mixins INFO     mongo_db = CCCLEnvironment, topic = CCCL/PURBACHAL/ENV_01 created 67d6a915c1dd4a73440d4bd6 succesfully
2025-03-16 16:33:57,764 pop.CCCL_environment_mixins INFO     mongo_db = TemporaryCCCLEnvironment, topic = CCCL/PURBACHAL/ENV_01 created 67d6a915c1dd4a73440d4bd7 succesfully
2025-03-16 16:33:57,773 pop.CCCL_environment_mixins INFO     mongo_db = TodayCCCLEnvironment, topic = CCCL/PURBACHAL/ENV_01 created 67d6a915c1dd4a73440d4bd8 succesfully
2025-03-16 16:34:14,438 pop.CCCL_generator_mixins INFO     mongo_db = CCCLGenerator, topic = CCCL/PURBACHAL/ENM_01 created 67d6a926c1dd4a73440d4bd9 succesfully
2025-03-16 16:34:14,456 pop.CCCL_generator_mixins INFO     mongo_db = TemporaryCCCLGenerator, topic = CCCL/PURBACHAL/ENM_01 created 67d6a926c1dd4a73440d4bda succesfully
2025-03-16 16:34:14,470 pop.CCCL_generator_mixins INFO     mongo_db = TodayCCCLGenerator, topic = CCCL/PURBACHAL/ENM_01 created 67d6a926c1dd4a73440d4bdb succesfully
2025-03-16 16:35:19,329 pop.CPM_ENY_FRZ_mongo_mixins INFO     mongo_db = EnyFrzDataModelCPM, topic = MQTT_ENY_FRZ created 67d6a967b62329093e80a850 succesfully
2025-03-16 16:35:19,363 pop.CPM_DAY_DATA_mongo_mixins INFO     mongo_db = DayDataModelCPM, topic = MQTT_DAY_DATA created 67d6a967b62329093e80a851 succesfully
2025-03-16 16:35:19,447 pop.CPM_ENY_NOW_mongo_mixins INFO     mongo_db = EnyNowDataModelCPM, topic = MQTT_ENY_NOW created 67d6a967b62329093e80a852 succesfully
2025-03-16 16:35:19,467 pop.CPM_ENY_NOW_mongo_mixins INFO     mongo_db = TemporaryEnyNowDataModelCPM, topic = MQTT_ENY_NOW created 67d6a967b62329093e80a853 succesfully
2025-03-16 16:35:19,484 pop.CPM_ENY_NOW_mongo_mixins INFO     mongo_db = TodayEnyNowDataModelCPM, topic = MQTT_ENY_NOW created 67d6a967b62329093e80a854 succesfully
2025-03-16 16:35:19,503 pop.CPM_ENY_NOW_mongo_mixins INFO     mongo_db = Last7DaysEnyNowDataModelCPM, topic = MQTT_ENY_NOW created 67d6a967b62329093e80a855 succesfully
2025-03-16 16:35:19,552 pop.CPM_RT_mixins INFO     mongo_db = RTModelCPM, topic = MQTT_RT_DATA created 67d6a967b62329093e80a856 succesfully
2025-03-16 16:35:19,573 pop.CPM_RT_mixins INFO     mongo_db = TemporaryRTModelCPM, topic = MQTT_RT_DATA created 67d6a967b62329093e80a857 succesfully
2025-03-16 16:35:19,601 pop.CPM_RT_mixins INFO     mongo_db = TodayRTModelCPM, topic = MQTT_RT_DATA created 67d6a967b62329093e80a858 succesfully
2025-03-16 16:35:25,392 pop.CPM_RT_mixins INFO     mongo_db = RTModelCPM, topic = MQTT_RT_DATA created 67d6a96db62329093e80a85c succesfully
2025-03-16 16:35:25,406 pop.CPM_RT_mixins INFO     mongo_db = TemporaryRTModelCPM, topic = MQTT_RT_DATA created 67d6a96db62329093e80a85d succesfully
2025-03-16 16:35:25,418 pop.CPM_RT_mixins INFO     mongo_db = TodayRTModelCPM, topic = MQTT_RT_DATA created 67d6a96db62329093e80a85e succesfully
2025-03-16 16:35:28,999 pop.CCCL_environment_mixins INFO     mongo_db = CCCLEnvironment, topic = CCCL/PURBACHAL/ENV_01 created 67d6a970b62329093e80a85f succesfully
2025-03-16 16:35:29,026 pop.CCCL_environment_mixins INFO     mongo_db = TemporaryCCCLEnvironment, topic = CCCL/PURBACHAL/ENV_01 created 67d6a971b62329093e80a860 succesfully
2025-03-16 16:35:29,041 pop.CCCL_environment_mixins INFO     mongo_db = TodayCCCLEnvironment, topic = CCCL/PURBACHAL/ENV_01 created 67d6a971b62329093e80a861 succesfully
2025-03-16 16:35:56,343 pop.CPM_RT_mixins INFO     mongo_db = RTModelCPM, topic = MQTT_RT_DATA created 67d6a98cb62329093e80a865 succesfully
2025-03-16 16:35:56,356 pop.CPM_RT_mixins INFO     mongo_db = TemporaryRTModelCPM, topic = MQTT_RT_DATA created 67d6a98cb62329093e80a866 succesfully
2025-03-16 16:35:56,367 pop.CPM_RT_mixins INFO     mongo_db = TodayRTModelCPM, topic = MQTT_RT_DATA created 67d6a98cb62329093e80a867 succesfully
2025-03-16 16:35:59,309 pop.CCCL_environment_mixins INFO     mongo_db = CCCLEnvironment, topic = CCCL/PURBACHAL/ENV_01 created 67d6a98fb62329093e80a868 succesfully
2025-03-16 16:35:59,324 pop.CCCL_environment_mixins INFO     mongo_db = TemporaryCCCLEnvironment, topic = CCCL/PURBACHAL/ENV_01 created 67d6a98fb62329093e80a869 succesfully
2025-03-16 16:35:59,335 pop.CCCL_environment_mixins INFO     mongo_db = TodayCCCLEnvironment, topic = CCCL/PURBACHAL/ENV_01 created 67d6a98fb62329093e80a86a succesfully
2025-03-16 16:36:14,433 pop.CCCL_generator_mixins INFO     mongo_db = CCCLGenerator, topic = CCCL/PURBACHAL/ENM_01 created 67d6a99eb62329093e80a86b succesfully
2025-03-16 16:36:14,456 pop.CCCL_generator_mixins INFO     mongo_db = TemporaryCCCLGenerator, topic = CCCL/PURBACHAL/ENM_01 created 67d6a99eb62329093e80a86c succesfully
2025-03-16 16:36:14,474 pop.CCCL_generator_mixins INFO     mongo_db = TodayCCCLGenerator, topic = CCCL/PURBACHAL/ENM_01 created 67d6a99eb62329093e80a86d succesfully
2025-03-16 16:36:25,700 pop.CPM_RT_mixins INFO     mongo_db = RTModelCPM, topic = MQTT_RT_DATA created 67d6a9a9b62329093e80a871 succesfully
2025-03-16 16:36:25,713 pop.CPM_RT_mixins INFO     mongo_db = TemporaryRTModelCPM, topic = MQTT_RT_DATA created 67d6a9a9b62329093e80a872 succesfully
2025-03-16 16:36:25,729 pop.CPM_RT_mixins INFO     mongo_db = TodayRTModelCPM, topic = MQTT_RT_DATA created 67d6a9a9b62329093e80a873 succesfully
2025-03-16 16:36:29,595 pop.CCCL_environment_mixins INFO     mongo_db = CCCLEnvironment, topic = CCCL/PURBACHAL/ENV_01 created 67d6a9adb62329093e80a874 succesfully
2025-03-16 16:36:29,606 pop.CCCL_environment_mixins INFO     mongo_db = TemporaryCCCLEnvironment, topic = CCCL/PURBACHAL/ENV_01 created 67d6a9adb62329093e80a875 succesfully
2025-03-16 16:36:29,616 pop.CCCL_environment_mixins INFO     mongo_db = TodayCCCLEnvironment, topic = CCCL/PURBACHAL/ENV_01 created 67d6a9adb62329093e80a876 succesfully
2025-03-16 16:36:55,809 pop.CPM_ENY_FRZ_mongo_mixins INFO     mongo_db = EnyFrzDataModelCPM, topic = MQTT_ENY_FRZ created 67d6a9c79b7ee35c0d682287 succesfully
2025-03-16 16:36:55,833 pop.CPM_DAY_DATA_mongo_mixins INFO     mongo_db = DayDataModelCPM, topic = MQTT_DAY_DATA created 67d6a9c79b7ee35c0d682288 succesfully
2025-03-16 16:36:55,896 pop.CPM_ENY_NOW_mongo_mixins INFO     mongo_db = EnyNowDataModelCPM, topic = MQTT_ENY_NOW created 67d6a9c79b7ee35c0d682289 succesfully
2025-03-16 16:36:55,915 pop.CPM_ENY_NOW_mongo_mixins INFO     mongo_db = TemporaryEnyNowDataModelCPM, topic = MQTT_ENY_NOW created 67d6a9c79b7ee35c0d68228a succesfully
2025-03-16 16:36:55,942 pop.CPM_ENY_NOW_mongo_mixins INFO     mongo_db = TodayEnyNowDataModelCPM, topic = MQTT_ENY_NOW created 67d6a9c79b7ee35c0d68228b succesfully
2025-03-16 16:36:55,966 pop.CPM_ENY_NOW_mongo_mixins INFO     mongo_db = Last7DaysEnyNowDataModelCPM, topic = MQTT_ENY_NOW created 67d6a9c79b7ee35c0d68228c succesfully
2025-03-16 16:36:56,957 pop.CPM_RT_mixins INFO     mongo_db = RTModelCPM, topic = MQTT_RT_DATA created 67d6a9c89b7ee35c0d68228d succesfully
2025-03-16 16:36:56,977 pop.CPM_RT_mixins INFO     mongo_db = TemporaryRTModelCPM, topic = MQTT_RT_DATA created 67d6a9c89b7ee35c0d68228e succesfully
2025-03-16 16:36:57,000 pop.CPM_RT_mixins INFO     mongo_db = TodayRTModelCPM, topic = MQTT_RT_DATA created 67d6a9c89b7ee35c0d68228f succesfully
2025-03-16 16:36:59,925 pop.CCCL_environment_mixins INFO     mongo_db = CCCLEnvironment, topic = CCCL/PURBACHAL/ENV_01 created 67d6a9cb9b7ee35c0d682290 succesfully
2025-03-16 16:36:59,945 pop.CCCL_environment_mixins INFO     mongo_db = TemporaryCCCLEnvironment, topic = CCCL/PURBACHAL/ENV_01 created 67d6a9cb9b7ee35c0d682291 succesfully
2025-03-16 16:36:59,955 pop.CCCL_environment_mixins INFO     mongo_db = TodayCCCLEnvironment, topic = CCCL/PURBACHAL/ENV_01 created 67d6a9cb9b7ee35c0d682292 succesfully
2025-03-16 16:37:14,437 pop.CCCL_generator_mixins INFO     mongo_db = CCCLGenerator, topic = CCCL/PURBACHAL/ENM_01 created 67d6a9da9b7ee35c0d682293 succesfully
2025-03-16 16:37:14,452 pop.CCCL_generator_mixins INFO     mongo_db = TemporaryCCCLGenerator, topic = CCCL/PURBACHAL/ENM_01 created 67d6a9da9b7ee35c0d682294 succesfully
2025-03-16 16:37:14,474 pop.CCCL_generator_mixins INFO     mongo_db = TodayCCCLGenerator, topic = CCCL/PURBACHAL/ENM_01 created 67d6a9da9b7ee35c0d682295 succesfully
2025-03-16 16:37:24,439 pop.CPM_RT_mixins INFO     mongo_db = RTModelCPM, topic = MQTT_RT_DATA created 67d6a9e49b7ee35c0d682299 succesfully
2025-03-16 16:37:24,450 pop.CPM_RT_mixins INFO     mongo_db = TemporaryRTModelCPM, topic = MQTT_RT_DATA created 67d6a9e49b7ee35c0d68229a succesfully
2025-03-16 16:37:24,463 pop.CPM_RT_mixins INFO     mongo_db = TodayRTModelCPM, topic = MQTT_RT_DATA created 67d6a9e49b7ee35c0d68229b succesfully
2025-03-16 16:37:30,230 pop.CCCL_environment_mixins INFO     mongo_db = CCCLEnvironment, topic = CCCL/PURBACHAL/ENV_01 created 67d6a9ea9b7ee35c0d68229c succesfully
2025-03-16 16:37:30,249 pop.CCCL_environment_mixins INFO     mongo_db = TemporaryCCCLEnvironment, topic = CCCL/PURBACHAL/ENV_01 created 67d6a9ea9b7ee35c0d68229d succesfully
2025-03-16 16:37:30,259 pop.CCCL_environment_mixins INFO     mongo_db = TodayCCCLEnvironment, topic = CCCL/PURBACHAL/ENV_01 created 67d6a9ea9b7ee35c0d68229e succesfully
2025-03-16 16:37:54,232 pop.CPM_RT_mixins INFO     mongo_db = RTModelCPM, topic = MQTT_RT_DATA created 67d6aa029b7ee35c0d6822a2 succesfully
2025-03-16 16:37:54,246 pop.CPM_RT_mixins INFO     mongo_db = TemporaryRTModelCPM, topic = MQTT_RT_DATA created 67d6aa029b7ee35c0d6822a3 succesfully
2025-03-16 16:37:54,258 pop.CPM_RT_mixins INFO     mongo_db = TodayRTModelCPM, topic = MQTT_RT_DATA created 67d6aa029b7ee35c0d6822a4 succesfully
2025-03-16 16:38:00,520 pop.CCCL_environment_mixins INFO     mongo_db = CCCLEnvironment, topic = CCCL/PURBACHAL/ENV_01 created 67d6aa089b7ee35c0d6822a5 succesfully
2025-03-16 16:38:00,536 pop.CCCL_environment_mixins INFO     mongo_db = TemporaryCCCLEnvironment, topic = CCCL/PURBACHAL/ENV_01 created 67d6aa089b7ee35c0d6822a6 succesfully
2025-03-16 16:38:00,548 pop.CCCL_environment_mixins INFO     mongo_db = TodayCCCLEnvironment, topic = CCCL/PURBACHAL/ENV_01 created 67d6aa089b7ee35c0d6822a7 succesfully
2025-03-16 16:38:14,426 pop.CCCL_generator_mixins INFO     mongo_db = CCCLGenerator, topic = CCCL/PURBACHAL/ENM_01 created 67d6aa169b7ee35c0d6822a8 succesfully
2025-03-16 16:38:14,442 pop.CCCL_generator_mixins INFO     mongo_db = TemporaryCCCLGenerator, topic = CCCL/PURBACHAL/ENM_01 created 67d6aa169b7ee35c0d6822a9 succesfully
2025-03-16 16:38:14,453 pop.CCCL_generator_mixins INFO     mongo_db = TodayCCCLGenerator, topic = CCCL/PURBACHAL/ENM_01 created 67d6aa169b7ee35c0d6822aa succesfully
2025-03-16 16:38:24,670 pop.CPM_RT_mixins INFO     mongo_db = RTModelCPM, topic = MQTT_RT_DATA created 67d6aa209b7ee35c0d6822ae succesfully
2025-03-16 16:38:24,680 pop.CPM_RT_mixins INFO     mongo_db = TemporaryRTModelCPM, topic = MQTT_RT_DATA created 67d6aa209b7ee35c0d6822af succesfully
2025-03-16 16:38:24,691 pop.CPM_RT_mixins INFO     mongo_db = TodayRTModelCPM, topic = MQTT_RT_DATA created 67d6aa209b7ee35c0d6822b0 succesfully
2025-03-16 16:38:30,858 pop.CCCL_environment_mixins INFO     mongo_db = CCCLEnvironment, topic = CCCL/PURBACHAL/ENV_01 created 67d6aa269b7ee35c0d6822b1 succesfully
2025-03-16 16:38:30,873 pop.CCCL_environment_mixins INFO     mongo_db = TemporaryCCCLEnvironment, topic = CCCL/PURBACHAL/ENV_01 created 67d6aa269b7ee35c0d6822b2 succesfully
2025-03-16 16:38:30,883 pop.CCCL_environment_mixins INFO     mongo_db = TodayCCCLEnvironment, topic = CCCL/PURBACHAL/ENV_01 created 67d6aa269b7ee35c0d6822b3 succesfully
2025-03-16 16:38:56,071 pop.CPM_RT_mixins INFO     mongo_db = RTModelCPM, topic = MQTT_RT_DATA created 67d6aa409b7ee35c0d6822b7 succesfully
2025-03-16 16:38:56,083 pop.CPM_RT_mixins INFO     mongo_db = TemporaryRTModelCPM, topic = MQTT_RT_DATA created 67d6aa409b7ee35c0d6822b8 succesfully
2025-03-16 16:38:56,094 pop.CPM_RT_mixins INFO     mongo_db = TodayRTModelCPM, topic = MQTT_RT_DATA created 67d6aa409b7ee35c0d6822b9 succesfully
2025-03-16 16:39:01,163 pop.CCCL_environment_mixins INFO     mongo_db = CCCLEnvironment, topic = CCCL/PURBACHAL/ENV_01 created 67d6aa459b7ee35c0d6822ba succesfully
2025-03-16 16:39:01,186 pop.CCCL_environment_mixins INFO     mongo_db = TemporaryCCCLEnvironment, topic = CCCL/PURBACHAL/ENV_01 created 67d6aa459b7ee35c0d6822bb succesfully
2025-03-16 16:39:01,199 pop.CCCL_environment_mixins INFO     mongo_db = TodayCCCLEnvironment, topic = CCCL/PURBACHAL/ENV_01 created 67d6aa459b7ee35c0d6822bc succesfully
2025-03-16 16:39:04,296 pop.CPM_ENY_NOW_mongo_mixins INFO     mongo_db = EnyNowDataModelCPM, topic = MQTT_ENY_NOW created 67d6aa489b7ee35c0d6822bd succesfully
2025-03-16 16:39:04,303 pop.CPM_ENY_NOW_mongo_mixins INFO     mongo_db = TemporaryEnyNowDataModelCPM, topic = MQTT_ENY_NOW created 67d6aa489b7ee35c0d6822be succesfully
2025-03-16 16:39:04,309 pop.CPM_ENY_NOW_mongo_mixins INFO     mongo_db = TodayEnyNowDataModelCPM, topic = MQTT_ENY_NOW created 67d6aa489b7ee35c0d6822bf succesfully
2025-03-16 16:39:04,315 pop.CPM_ENY_NOW_mongo_mixins INFO     mongo_db = Last7DaysEnyNowDataModelCPM, topic = MQTT_ENY_NOW created 67d6aa489b7ee35c0d6822c0 succesfully
2025-03-16 16:39:14,430 pop.CCCL_generator_mixins INFO     mongo_db = CCCLGenerator, topic = CCCL/PURBACHAL/ENM_01 created 67d6aa529b7ee35c0d6822c1 succesfully
2025-03-16 16:39:14,447 pop.CCCL_generator_mixins INFO     mongo_db = TemporaryCCCLGenerator, topic = CCCL/PURBACHAL/ENM_01 created 67d6aa529b7ee35c0d6822c2 succesfully
2025-03-16 16:39:14,457 pop.CCCL_generator_mixins INFO     mongo_db = TodayCCCLGenerator, topic = CCCL/PURBACHAL/ENM_01 created 67d6aa529b7ee35c0d6822c3 succesfully
2025-03-16 16:39:25,640 pop.CPM_RT_mixins INFO     mongo_db = RTModelCPM, topic = MQTT_RT_DATA created 67d6aa5d9b7ee35c0d6822c7 succesfully
2025-03-16 16:39:25,653 pop.CPM_RT_mixins INFO     mongo_db = TemporaryRTModelCPM, topic = MQTT_RT_DATA created 67d6aa5d9b7ee35c0d6822c8 succesfully
2025-03-16 16:39:25,665 pop.CPM_RT_mixins INFO     mongo_db = TodayRTModelCPM, topic = MQTT_RT_DATA created 67d6aa5d9b7ee35c0d6822c9 succesfully
2025-03-16 16:39:31,679 pop.CCCL_environment_mixins INFO     mongo_db = CCCLEnvironment, topic = CCCL/PURBACHAL/ENV_01 created 67d6aa639b7ee35c0d6822ca succesfully
2025-03-16 16:39:31,701 pop.CCCL_environment_mixins INFO     mongo_db = TemporaryCCCLEnvironment, topic = CCCL/PURBACHAL/ENV_01 created 67d6aa639b7ee35c0d6822cb succesfully
2025-03-16 16:39:31,711 pop.CCCL_environment_mixins INFO     mongo_db = TodayCCCLEnvironment, topic = CCCL/PURBACHAL/ENV_01 created 67d6aa639b7ee35c0d6822cc succesfully
2025-03-16 16:39:55,467 pop.CPM_RT_mixins INFO     mongo_db = RTModelCPM, topic = MQTT_RT_DATA created 67d6aa7b9b7ee35c0d6822d0 succesfully
2025-03-16 16:39:55,487 pop.CPM_RT_mixins INFO     mongo_db = TemporaryRTModelCPM, topic = MQTT_RT_DATA created 67d6aa7b9b7ee35c0d6822d1 succesfully
2025-03-16 16:39:55,501 pop.CPM_RT_mixins INFO     mongo_db = TodayRTModelCPM, topic = MQTT_RT_DATA created 67d6aa7b9b7ee35c0d6822d2 succesfully
2025-03-16 16:40:01,979 pop.CCCL_environment_mixins INFO     mongo_db = CCCLEnvironment, topic = CCCL/PURBACHAL/ENV_01 created 67d6aa819b7ee35c0d6822d3 succesfully
2025-03-16 16:40:01,999 pop.CCCL_environment_mixins INFO     mongo_db = TemporaryCCCLEnvironment, topic = CCCL/PURBACHAL/ENV_01 created 67d6aa819b7ee35c0d6822d4 succesfully
2025-03-16 16:40:02,019 pop.CCCL_environment_mixins INFO     mongo_db = TodayCCCLEnvironment, topic = CCCL/PURBACHAL/ENV_01 created 67d6aa829b7ee35c0d6822d5 succesfully
2025-03-16 16:40:14,423 pop.CCCL_generator_mixins INFO     mongo_db = CCCLGenerator, topic = CCCL/PURBACHAL/ENM_01 created 67d6aa8e9b7ee35c0d6822d6 succesfully
2025-03-16 16:40:14,435 pop.CCCL_generator_mixins INFO     mongo_db = TemporaryCCCLGenerator, topic = CCCL/PURBACHAL/ENM_01 created 67d6aa8e9b7ee35c0d6822d7 succesfully
2025-03-16 16:40:14,447 pop.CCCL_generator_mixins INFO     mongo_db = TodayCCCLGenerator, topic = CCCL/PURBACHAL/ENM_01 created 67d6aa8e9b7ee35c0d6822d8 succesfully
2025-03-16 16:40:26,133 pop.CPM_RT_mixins INFO     mongo_db = RTModelCPM, topic = MQTT_RT_DATA created 67d6aa9a9b7ee35c0d6822dc succesfully
2025-03-16 16:40:26,146 pop.CPM_RT_mixins INFO     mongo_db = TemporaryRTModelCPM, topic = MQTT_RT_DATA created 67d6aa9a9b7ee35c0d6822dd succesfully
2025-03-16 16:40:26,157 pop.CPM_RT_mixins INFO     mongo_db = TodayRTModelCPM, topic = MQTT_RT_DATA created 67d6aa9a9b7ee35c0d6822de succesfully
2025-03-16 16:40:32,404 pop.CCCL_environment_mixins INFO     mongo_db = CCCLEnvironment, topic = CCCL/PURBACHAL/ENV_01 created 67d6aaa09b7ee35c0d6822df succesfully
2025-03-16 16:40:32,429 pop.CCCL_environment_mixins INFO     mongo_db = TemporaryCCCLEnvironment, topic = CCCL/PURBACHAL/ENV_01 created 67d6aaa09b7ee35c0d6822e0 succesfully
2025-03-16 16:40:32,443 pop.CCCL_environment_mixins INFO     mongo_db = TodayCCCLEnvironment, topic = CCCL/PURBACHAL/ENV_01 created 67d6aaa09b7ee35c0d6822e1 succesfully
2025-03-16 16:40:55,973 pop.CPM_RT_mixins INFO     mongo_db = RTModelCPM, topic = MQTT_RT_DATA created 67d6aab79b7ee35c0d6822e2 succesfully
2025-03-16 16:40:55,988 pop.CPM_RT_mixins INFO     mongo_db = TemporaryRTModelCPM, topic = MQTT_RT_DATA created 67d6aab79b7ee35c0d6822e3 succesfully
2025-03-16 16:40:56,011 pop.CPM_RT_mixins INFO     mongo_db = TodayRTModelCPM, topic = MQTT_RT_DATA created 67d6aab89b7ee35c0d6822e4 succesfully
2025-03-16 16:41:02,719 pop.CCCL_environment_mixins INFO     mongo_db = CCCLEnvironment, topic = CCCL/PURBACHAL/ENV_01 created 67d6aabe9b7ee35c0d6822e8 succesfully
2025-03-16 16:41:02,740 pop.CCCL_environment_mixins INFO     mongo_db = TemporaryCCCLEnvironment, topic = CCCL/PURBACHAL/ENV_01 created 67d6aabe9b7ee35c0d6822e9 succesfully
2025-03-16 16:41:02,759 pop.CCCL_environment_mixins INFO     mongo_db = TodayCCCLEnvironment, topic = CCCL/PURBACHAL/ENV_01 created 67d6aabe9b7ee35c0d6822ea succesfully
2025-03-16 16:41:14,418 pop.CCCL_generator_mixins INFO     mongo_db = CCCLGenerator, topic = CCCL/PURBACHAL/ENM_01 created 67d6aaca9b7ee35c0d6822eb succesfully
2025-03-16 16:41:14,435 pop.CCCL_generator_mixins INFO     mongo_db = TemporaryCCCLGenerator, topic = CCCL/PURBACHAL/ENM_01 created 67d6aaca9b7ee35c0d6822ec succesfully
2025-03-16 16:41:14,450 pop.CCCL_generator_mixins INFO     mongo_db = TodayCCCLGenerator, topic = CCCL/PURBACHAL/ENM_01 created 67d6aaca9b7ee35c0d6822ed succesfully
2025-03-16 16:41:24,649 pop.CPM_RT_mixins INFO     mongo_db = RTModelCPM, topic = MQTT_RT_DATA created 67d6aad49b7ee35c0d6822ee succesfully
2025-03-16 16:41:24,661 pop.CPM_RT_mixins INFO     mongo_db = TemporaryRTModelCPM, topic = MQTT_RT_DATA created 67d6aad49b7ee35c0d6822ef succesfully
2025-03-16 16:41:24,672 pop.CPM_RT_mixins INFO     mongo_db = TodayRTModelCPM, topic = MQTT_RT_DATA created 67d6aad49b7ee35c0d6822f0 succesfully
2025-03-16 16:41:33,133 pop.CCCL_environment_mixins INFO     mongo_db = CCCLEnvironment, topic = CCCL/PURBACHAL/ENV_01 created 67d6aadd9b7ee35c0d6822f4 succesfully
2025-03-16 16:41:33,144 pop.CCCL_environment_mixins INFO     mongo_db = TemporaryCCCLEnvironment, topic = CCCL/PURBACHAL/ENV_01 created 67d6aadd9b7ee35c0d6822f5 succesfully
2025-03-16 16:41:33,154 pop.CCCL_environment_mixins INFO     mongo_db = TodayCCCLEnvironment, topic = CCCL/PURBACHAL/ENV_01 created 67d6aadd9b7ee35c0d6822f6 succesfully
2025-03-16 16:41:54,920 pop.CPM_RT_mixins INFO     mongo_db = RTModelCPM, topic = MQTT_RT_DATA created 67d6aaf29b7ee35c0d6822f7 succesfully
2025-03-16 16:41:54,933 pop.CPM_RT_mixins INFO     mongo_db = TemporaryRTModelCPM, topic = MQTT_RT_DATA created 67d6aaf29b7ee35c0d6822f8 succesfully
2025-03-16 16:41:54,945 pop.CPM_RT_mixins INFO     mongo_db = TodayRTModelCPM, topic = MQTT_RT_DATA created 67d6aaf29b7ee35c0d6822f9 succesfully
2025-03-16 16:42:03,440 pop.CCCL_environment_mixins INFO     mongo_db = CCCLEnvironment, topic = CCCL/PURBACHAL/ENV_01 created 67d6aafb9b7ee35c0d6822fd succesfully
2025-03-16 16:42:03,456 pop.CCCL_environment_mixins INFO     mongo_db = TemporaryCCCLEnvironment, topic = CCCL/PURBACHAL/ENV_01 created 67d6aafb9b7ee35c0d6822fe succesfully
2025-03-16 16:42:03,465 pop.CCCL_environment_mixins INFO     mongo_db = TodayCCCLEnvironment, topic = CCCL/PURBACHAL/ENV_01 created 67d6aafb9b7ee35c0d6822ff succesfully
2025-03-16 16:42:14,405 pop.CCCL_generator_mixins INFO     mongo_db = CCCLGenerator, topic = CCCL/PURBACHAL/ENM_01 created 67d6ab069b7ee35c0d682300 succesfully
2025-03-16 16:42:14,420 pop.CCCL_generator_mixins INFO     mongo_db = TemporaryCCCLGenerator, topic = CCCL/PURBACHAL/ENM_01 created 67d6ab069b7ee35c0d682301 succesfully
2025-03-16 16:42:14,432 pop.CCCL_generator_mixins INFO     mongo_db = TodayCCCLGenerator, topic = CCCL/PURBACHAL/ENM_01 created 67d6ab069b7ee35c0d682302 succesfully
2025-03-16 16:42:25,359 pop.CPM_RT_mixins INFO     mongo_db = RTModelCPM, topic = MQTT_RT_DATA created 67d6ab119b7ee35c0d682303 succesfully
2025-03-16 16:42:25,380 pop.CPM_RT_mixins INFO     mongo_db = TemporaryRTModelCPM, topic = MQTT_RT_DATA created 67d6ab119b7ee35c0d682304 succesfully
2025-03-16 16:42:25,399 pop.CPM_RT_mixins INFO     mongo_db = TodayRTModelCPM, topic = MQTT_RT_DATA created 67d6ab119b7ee35c0d682305 succesfully
2025-03-16 16:42:33,690 pop.CCCL_environment_mixins INFO     mongo_db = CCCLEnvironment, topic = CCCL/PURBACHAL/ENV_01 created 67d6ab199b7ee35c0d682309 succesfully
2025-03-16 16:42:33,711 pop.CCCL_environment_mixins INFO     mongo_db = TemporaryCCCLEnvironment, topic = CCCL/PURBACHAL/ENV_01 created 67d6ab199b7ee35c0d68230a succesfully
2025-03-16 16:42:33,723 pop.CCCL_environment_mixins INFO     mongo_db = TodayCCCLEnvironment, topic = CCCL/PURBACHAL/ENV_01 created 67d6ab199b7ee35c0d68230b succesfully
2025-03-16 16:42:54,201 pop.CPM_RT_mixins INFO     mongo_db = RTModelCPM, topic = MQTT_RT_DATA created 67d6ab2e9b7ee35c0d68230c succesfully
2025-03-16 16:42:54,214 pop.CPM_RT_mixins INFO     mongo_db = TemporaryRTModelCPM, topic = MQTT_RT_DATA created 67d6ab2e9b7ee35c0d68230d succesfully
2025-03-16 16:42:54,225 pop.CPM_RT_mixins INFO     mongo_db = TodayRTModelCPM, topic = MQTT_RT_DATA created 67d6ab2e9b7ee35c0d68230e succesfully
2025-03-16 16:43:54,178 pop.CPM_ENY_FRZ_mongo_mixins INFO     mongo_db = EnyFrzDataModelCPM, topic = MQTT_ENY_FRZ created 67d6ab6a7cce706417b2dc59 succesfully
2025-03-16 16:43:54,200 pop.CPM_DAY_DATA_mongo_mixins INFO     mongo_db = DayDataModelCPM, topic = MQTT_DAY_DATA created 67d6ab6a7cce706417b2dc5a succesfully
2025-03-16 16:43:54,256 pop.CPM_ENY_NOW_mongo_mixins INFO     mongo_db = EnyNowDataModelCPM, topic = MQTT_ENY_NOW created 67d6ab6a7cce706417b2dc5b succesfully
2025-03-16 16:43:54,278 pop.CPM_ENY_NOW_mongo_mixins INFO     mongo_db = TemporaryEnyNowDataModelCPM, topic = MQTT_ENY_NOW created 67d6ab6a7cce706417b2dc5c succesfully
2025-03-16 16:43:54,302 pop.CPM_ENY_NOW_mongo_mixins INFO     mongo_db = TodayEnyNowDataModelCPM, topic = MQTT_ENY_NOW created 67d6ab6a7cce706417b2dc5d succesfully
2025-03-16 16:43:54,322 pop.CPM_ENY_NOW_mongo_mixins INFO     mongo_db = Last7DaysEnyNowDataModelCPM, topic = MQTT_ENY_NOW created 67d6ab6a7cce706417b2dc5e succesfully
2025-03-16 16:43:54,458 pop.CPM_RT_mixins INFO     mongo_db = RTModelCPM, topic = MQTT_RT_DATA created 67d6ab6a7cce706417b2dc5f succesfully
2025-03-16 16:43:54,491 pop.CPM_RT_mixins INFO     mongo_db = TemporaryRTModelCPM, topic = MQTT_RT_DATA created 67d6ab6a7cce706417b2dc60 succesfully
2025-03-16 16:43:54,525 pop.CPM_RT_mixins INFO     mongo_db = TodayRTModelCPM, topic = MQTT_RT_DATA created 67d6ab6a7cce706417b2dc61 succesfully
2025-03-16 16:44:04,574 pop.CCCL_environment_mixins INFO     mongo_db = CCCLEnvironment, topic = CCCL/PURBACHAL/ENV_01 created 67d6ab747cce706417b2dc65 succesfully
2025-03-16 16:44:04,587 pop.CCCL_environment_mixins INFO     mongo_db = TemporaryCCCLEnvironment, topic = CCCL/PURBACHAL/ENV_01 created 67d6ab747cce706417b2dc66 succesfully
2025-03-16 16:44:04,604 pop.CCCL_environment_mixins INFO     mongo_db = TodayCCCLEnvironment, topic = CCCL/PURBACHAL/ENV_01 created 67d6ab747cce706417b2dc67 succesfully
2025-03-16 16:44:14,428 pop.CCCL_generator_mixins INFO     mongo_db = CCCLGenerator, topic = CCCL/PURBACHAL/ENM_01 created 67d6ab7e7cce706417b2dc68 succesfully
2025-03-16 16:44:14,459 pop.CCCL_generator_mixins INFO     mongo_db = TemporaryCCCLGenerator, topic = CCCL/PURBACHAL/ENM_01 created 67d6ab7e7cce706417b2dc69 succesfully
2025-03-16 16:44:14,492 pop.CCCL_generator_mixins INFO     mongo_db = TodayCCCLGenerator, topic = CCCL/PURBACHAL/ENM_01 created 67d6ab7e7cce706417b2dc6a succesfully
2025-03-16 16:44:25,045 pop.CPM_RT_mixins INFO     mongo_db = RTModelCPM, topic = MQTT_RT_DATA created 67d6ab897cce706417b2dc6b succesfully
2025-03-16 16:44:25,056 pop.CPM_RT_mixins INFO     mongo_db = TemporaryRTModelCPM, topic = MQTT_RT_DATA created 67d6ab897cce706417b2dc6c succesfully
2025-03-16 16:44:25,069 pop.CPM_RT_mixins INFO     mongo_db = TodayRTModelCPM, topic = MQTT_RT_DATA created 67d6ab897cce706417b2dc6d succesfully
2025-03-16 16:44:34,897 pop.CCCL_environment_mixins INFO     mongo_db = CCCLEnvironment, topic = CCCL/PURBACHAL/ENV_01 created 67d6ab927cce706417b2dc71 succesfully
2025-03-16 16:44:34,908 pop.CCCL_environment_mixins INFO     mongo_db = TemporaryCCCLEnvironment, topic = CCCL/PURBACHAL/ENV_01 created 67d6ab927cce706417b2dc72 succesfully
2025-03-16 16:44:34,916 pop.CCCL_environment_mixins INFO     mongo_db = TodayCCCLEnvironment, topic = CCCL/PURBACHAL/ENV_01 created 67d6ab927cce706417b2dc73 succesfully
2025-03-16 16:44:54,518 pop.CPM_RT_mixins INFO     mongo_db = RTModelCPM, topic = MQTT_RT_DATA created 67d6aba67cce706417b2dc74 succesfully
2025-03-16 16:44:54,535 pop.CPM_RT_mixins INFO     mongo_db = TemporaryRTModelCPM, topic = MQTT_RT_DATA created 67d6aba67cce706417b2dc75 succesfully
2025-03-16 16:44:54,549 pop.CPM_RT_mixins INFO     mongo_db = TodayRTModelCPM, topic = MQTT_RT_DATA created 67d6aba67cce706417b2dc76 succesfully
2025-03-16 16:45:05,203 pop.CCCL_environment_mixins INFO     mongo_db = CCCLEnvironment, topic = CCCL/PURBACHAL/ENV_01 created 67d6abb17cce706417b2dc7a succesfully
2025-03-16 16:45:05,235 pop.CCCL_environment_mixins INFO     mongo_db = TemporaryCCCLEnvironment, topic = CCCL/PURBACHAL/ENV_01 created 67d6abb17cce706417b2dc7b succesfully
2025-03-16 16:45:05,247 pop.CCCL_environment_mixins INFO     mongo_db = TodayCCCLEnvironment, topic = CCCL/PURBACHAL/ENV_01 created 67d6abb17cce706417b2dc7c succesfully
2025-03-16 16:45:14,418 pop.CCCL_generator_mixins INFO     mongo_db = CCCLGenerator, topic = CCCL/PURBACHAL/ENM_01 created 67d6abba7cce706417b2dc7d succesfully
2025-03-16 16:45:14,437 pop.CCCL_generator_mixins INFO     mongo_db = TemporaryCCCLGenerator, topic = CCCL/PURBACHAL/ENM_01 created 67d6abba7cce706417b2dc7e succesfully
2025-03-16 16:45:14,448 pop.CCCL_generator_mixins INFO     mongo_db = TodayCCCLGenerator, topic = CCCL/PURBACHAL/ENM_01 created 67d6abba7cce706417b2dc7f succesfully
2025-03-16 16:45:24,894 pop.CPM_RT_mixins INFO     mongo_db = RTModelCPM, topic = MQTT_RT_DATA created 67d6abc47cce706417b2dc80 succesfully
2025-03-16 16:45:24,907 pop.CPM_RT_mixins INFO     mongo_db = TemporaryRTModelCPM, topic = MQTT_RT_DATA created 67d6abc47cce706417b2dc81 succesfully
2025-03-16 16:45:24,919 pop.CPM_RT_mixins INFO     mongo_db = TodayRTModelCPM, topic = MQTT_RT_DATA created 67d6abc47cce706417b2dc82 succesfully
2025-03-16 16:45:35,523 pop.CCCL_environment_mixins INFO     mongo_db = CCCLEnvironment, topic = CCCL/PURBACHAL/ENV_01 created 67d6abcf7cce706417b2dc86 succesfully
2025-03-16 16:45:35,537 pop.CCCL_environment_mixins INFO     mongo_db = TemporaryCCCLEnvironment, topic = CCCL/PURBACHAL/ENV_01 created 67d6abcf7cce706417b2dc87 succesfully
2025-03-16 16:45:35,547 pop.CCCL_environment_mixins INFO     mongo_db = TodayCCCLEnvironment, topic = CCCL/PURBACHAL/ENV_01 created 67d6abcf7cce706417b2dc88 succesfully
2025-03-16 16:45:55,077 pop.CPM_RT_mixins INFO     mongo_db = RTModelCPM, topic = MQTT_RT_DATA created 67d6abe37cce706417b2dc89 succesfully
2025-03-16 16:45:55,088 pop.CPM_RT_mixins INFO     mongo_db = TemporaryRTModelCPM, topic = MQTT_RT_DATA created 67d6abe37cce706417b2dc8a succesfully
2025-03-16 16:45:55,103 pop.CPM_RT_mixins INFO     mongo_db = TodayRTModelCPM, topic = MQTT_RT_DATA created 67d6abe37cce706417b2dc8b succesfully
2025-03-16 16:46:05,824 pop.CCCL_environment_mixins INFO     mongo_db = CCCLEnvironment, topic = CCCL/PURBACHAL/ENV_01 created 67d6abed7cce706417b2dc8f succesfully
2025-03-16 16:46:05,853 pop.CCCL_environment_mixins INFO     mongo_db = TemporaryCCCLEnvironment, topic = CCCL/PURBACHAL/ENV_01 created 67d6abed7cce706417b2dc90 succesfully
2025-03-16 16:46:05,872 pop.CCCL_environment_mixins INFO     mongo_db = TodayCCCLEnvironment, topic = CCCL/PURBACHAL/ENV_01 created 67d6abed7cce706417b2dc91 succesfully
2025-03-16 16:46:14,418 pop.CCCL_generator_mixins INFO     mongo_db = CCCLGenerator, topic = CCCL/PURBACHAL/ENM_01 created 67d6abf67cce706417b2dc92 succesfully
2025-03-16 16:46:14,431 pop.CCCL_generator_mixins INFO     mongo_db = TemporaryCCCLGenerator, topic = CCCL/PURBACHAL/ENM_01 created 67d6abf67cce706417b2dc93 succesfully
2025-03-16 16:46:14,443 pop.CCCL_generator_mixins INFO     mongo_db = TodayCCCLGenerator, topic = CCCL/PURBACHAL/ENM_01 created 67d6abf67cce706417b2dc94 succesfully
2025-03-16 16:46:36,147 pop.CCCL_environment_mixins INFO     mongo_db = CCCLEnvironment, topic = CCCL/PURBACHAL/ENV_01 created 67d6ac0c7cce706417b2dc98 succesfully
2025-03-16 16:46:36,160 pop.CCCL_environment_mixins INFO     mongo_db = TemporaryCCCLEnvironment, topic = CCCL/PURBACHAL/ENV_01 created 67d6ac0c7cce706417b2dc99 succesfully
2025-03-16 16:46:36,171 pop.CCCL_environment_mixins INFO     mongo_db = TodayCCCLEnvironment, topic = CCCL/PURBACHAL/ENV_01 created 67d6ac0c7cce706417b2dc9a succesfully
2025-03-16 16:46:54,514 pop.CPM_RT_mixins INFO     mongo_db = RTModelCPM, topic = MQTT_RT_DATA created 67d6ac1e7cce706417b2dc9b succesfully
2025-03-16 16:46:54,525 pop.CPM_RT_mixins INFO     mongo_db = TemporaryRTModelCPM, topic = MQTT_RT_DATA created 67d6ac1e7cce706417b2dc9c succesfully
2025-03-16 16:46:54,537 pop.CPM_RT_mixins INFO     mongo_db = TodayRTModelCPM, topic = MQTT_RT_DATA created 67d6ac1e7cce706417b2dc9d succesfully
2025-03-16 16:47:06,450 pop.CCCL_environment_mixins INFO     mongo_db = CCCLEnvironment, topic = CCCL/PURBACHAL/ENV_01 created 67d6ac2a7cce706417b2dca1 succesfully
2025-03-16 16:47:06,471 pop.CCCL_environment_mixins INFO     mongo_db = TemporaryCCCLEnvironment, topic = CCCL/PURBACHAL/ENV_01 created 67d6ac2a7cce706417b2dca2 succesfully
2025-03-16 16:47:06,486 pop.CCCL_environment_mixins INFO     mongo_db = TodayCCCLEnvironment, topic = CCCL/PURBACHAL/ENV_01 created 67d6ac2a7cce706417b2dca3 succesfully
2025-03-16 16:47:14,421 pop.CCCL_generator_mixins INFO     mongo_db = CCCLGenerator, topic = CCCL/PURBACHAL/ENM_01 created 67d6ac327cce706417b2dca4 succesfully
2025-03-16 16:47:14,443 pop.CCCL_generator_mixins INFO     mongo_db = TemporaryCCCLGenerator, topic = CCCL/PURBACHAL/ENM_01 created 67d6ac327cce706417b2dca5 succesfully
2025-03-16 16:47:14,454 pop.CCCL_generator_mixins INFO     mongo_db = TodayCCCLGenerator, topic = CCCL/PURBACHAL/ENM_01 created 67d6ac327cce706417b2dca6 succesfully
2025-03-16 16:47:36,758 pop.CCCL_environment_mixins INFO     mongo_db = CCCLEnvironment, topic = CCCL/PURBACHAL/ENV_01 created 67d6ac487cce706417b2dcaa succesfully
2025-03-16 16:47:36,773 pop.CCCL_environment_mixins INFO     mongo_db = TemporaryCCCLEnvironment, topic = CCCL/PURBACHAL/ENV_01 created 67d6ac487cce706417b2dcab succesfully
2025-03-16 16:47:36,782 pop.CCCL_environment_mixins INFO     mongo_db = TodayCCCLEnvironment, topic = CCCL/PURBACHAL/ENV_01 created 67d6ac487cce706417b2dcac succesfully
2025-03-16 16:47:54,456 pop.CPM_RT_mixins INFO     mongo_db = RTModelCPM, topic = MQTT_RT_DATA created 67d6ac5a7cce706417b2dcad succesfully
2025-03-16 16:47:54,476 pop.CPM_RT_mixins INFO     mongo_db = TemporaryRTModelCPM, topic = MQTT_RT_DATA created 67d6ac5a7cce706417b2dcae succesfully
2025-03-16 16:47:54,504 pop.CPM_RT_mixins INFO     mongo_db = TodayRTModelCPM, topic = MQTT_RT_DATA created 67d6ac5a7cce706417b2dcaf succesfully
