2025-03-23 23:11:31,009 pop.CPM_DAY_DATA_mongo_mixins INFO     mongo_db = DayDataModelCPM, topic = MQTT_DAY_DATA created 67e040c37a24a5c1883c8566 succesfully
2025-03-23 23:11:31,021 pop.CPM_ENY_FRZ_mongo_mixins INFO     mongo_db = EnyFrzDataModelCPM, topic = MQTT_ENY_FRZ created 67e040c37a24a5c1883c8567 succesfully
2025-03-23 23:11:31,037 pop.CPM_ENY_NOW_mongo_mixins INFO     mongo_db = EnyNowDataModelCPM, topic = MQTT_ENY_NOW created 67e040c37a24a5c1883c8568 succesfully
2025-03-23 23:11:31,043 pop.CPM_ENY_NOW_mongo_mixins INFO     mongo_db = TemporaryEnyNowDataModelCPM, topic = MQTT_ENY_NOW created 67e040c37a24a5c1883c8569 succesfully
2025-03-23 23:11:31,046 pop.CPM_ENY_NOW_mongo_mixins INFO     mongo_db = TodayEnyNowDataModelCPM, topic = MQTT_ENY_NOW created 67e040c37a24a5c1883c856a succesfully
2025-03-23 23:11:31,051 pop.CPM_ENY_NOW_mongo_mixins INFO     mongo_db = Last7DaysEnyNowDataModelCPM, topic = MQTT_ENY_NOW created 67e040c37a24a5c1883c856b succesfully
2025-03-23 23:11:32,145 pop.CPM_RT_mixins INFO     mongo_db = RTModelCPM, topic = MQTT_RT_DATA created 67e040c47a24a5c1883c856c succesfully
2025-03-23 23:11:32,162 pop.CPM_RT_mixins INFO     mongo_db = TemporaryRTModelCPM, topic = MQTT_RT_DATA created 67e040c47a24a5c1883c856d succesfully
2025-03-23 23:11:32,174 pop.CPM_RT_mixins INFO     mongo_db = TodayRTModelCPM, topic = MQTT_RT_DATA created 67e040c47a24a5c1883c856e succesfully
2025-03-23 23:11:55,305 pop.CCCL_environment_mixins INFO     mongo_db = CCCLEnvironment, topic = CCCL/PURBACHAL/ENV_01 created 67e040db7a24a5c1883c856f succesfully
2025-03-23 23:11:55,321 pop.CCCL_environment_mixins INFO     mongo_db = TemporaryCCCLEnvironment, topic = CCCL/PURBACHAL/ENV_01 created 67e040db7a24a5c1883c8570 succesfully
2025-03-23 23:11:55,329 pop.CCCL_environment_mixins INFO     mongo_db = TodayCCCLEnvironment, topic = CCCL/PURBACHAL/ENV_01 created 67e040db7a24a5c1883c8571 succesfully
2025-03-23 23:12:02,668 pop.CPM_RT_mixins INFO     mongo_db = RTModelCPM, topic = MQTT_RT_DATA created 67e040e27a24a5c1883c8572 succesfully
2025-03-23 23:12:02,676 pop.CPM_RT_mixins INFO     mongo_db = TemporaryRTModelCPM, topic = MQTT_RT_DATA created 67e040e27a24a5c1883c8573 succesfully
2025-03-23 23:12:02,682 pop.CPM_RT_mixins INFO     mongo_db = TodayRTModelCPM, topic = MQTT_RT_DATA created 67e040e27a24a5c1883c8574 succesfully
2025-03-23 23:12:05,421 pop.CCCL_generator_mixins INFO     mongo_db = CCCLGenerator, topic = CCCL/PURBACHAL/ENM_01 created 67e040e57a24a5c1883c8575 succesfully
2025-03-23 23:12:05,437 pop.CCCL_generator_mixins INFO     mongo_db = TemporaryCCCLGenerator, topic = CCCL/PURBACHAL/ENM_01 created 67e040e57a24a5c1883c8576 succesfully
2025-03-23 23:12:05,450 pop.CCCL_generator_mixins INFO     mongo_db = TodayCCCLGenerator, topic = CCCL/PURBACHAL/ENM_01 created 67e040e57a24a5c1883c8577 succesfully
2025-03-23 23:12:25,587 pop.CCCL_environment_mixins INFO     mongo_db = CCCLEnvironment, topic = CCCL/PURBACHAL/ENV_01 created 67e040f97a24a5c1883c8578 succesfully
2025-03-23 23:12:25,605 pop.CCCL_environment_mixins INFO     mongo_db = TemporaryCCCLEnvironment, topic = CCCL/PURBACHAL/ENV_01 created 67e040f97a24a5c1883c8579 succesfully
2025-03-23 23:12:25,635 pop.CCCL_environment_mixins INFO     mongo_db = TodayCCCLEnvironment, topic = CCCL/PURBACHAL/ENV_01 created 67e040f97a24a5c1883c857a succesfully
2025-03-23 23:12:31,647 pop.CPM_RT_mixins INFO     mongo_db = RTModelCPM, topic = MQTT_RT_DATA created 67e040ff7a24a5c1883c857b succesfully
2025-03-23 23:12:31,656 pop.CPM_RT_mixins INFO     mongo_db = TemporaryRTModelCPM, topic = MQTT_RT_DATA created 67e040ff7a24a5c1883c857c succesfully
2025-03-23 23:12:31,665 pop.CPM_RT_mixins INFO     mongo_db = TodayRTModelCPM, topic = MQTT_RT_DATA created 67e040ff7a24a5c1883c857d succesfully
2025-03-23 23:12:56,003 pop.CCCL_environment_mixins INFO     mongo_db = CCCLEnvironment, topic = CCCL/PURBACHAL/ENV_01 created 67e041187a24a5c1883c857e succesfully
2025-03-23 23:12:56,017 pop.CCCL_environment_mixins INFO     mongo_db = TemporaryCCCLEnvironment, topic = CCCL/PURBACHAL/ENV_01 created 67e041187a24a5c1883c857f succesfully
2025-03-23 23:12:56,030 pop.CCCL_environment_mixins INFO     mongo_db = TodayCCCLEnvironment, topic = CCCL/PURBACHAL/ENV_01 created 67e041187a24a5c1883c8580 succesfully
2025-03-23 23:13:02,652 pop.CPM_RT_mixins INFO     mongo_db = RTModelCPM, topic = MQTT_RT_DATA created 67e0411e7a24a5c1883c8581 succesfully
2025-03-23 23:13:02,663 pop.CPM_RT_mixins INFO     mongo_db = TemporaryRTModelCPM, topic = MQTT_RT_DATA created 67e0411e7a24a5c1883c8582 succesfully
2025-03-23 23:13:02,670 pop.CPM_RT_mixins INFO     mongo_db = TodayRTModelCPM, topic = MQTT_RT_DATA created 67e0411e7a24a5c1883c8583 succesfully
2025-03-23 23:13:05,323 pop.CCCL_generator_mixins INFO     mongo_db = CCCLGenerator, topic = CCCL/PURBACHAL/ENM_01 created 67e041217a24a5c1883c8584 succesfully
2025-03-23 23:13:05,332 pop.CCCL_generator_mixins INFO     mongo_db = TemporaryCCCLGenerator, topic = CCCL/PURBACHAL/ENM_01 created 67e041217a24a5c1883c8585 succesfully
2025-03-23 23:13:05,337 pop.CCCL_generator_mixins INFO     mongo_db = TodayCCCLGenerator, topic = CCCL/PURBACHAL/ENM_01 created 67e041217a24a5c1883c8586 succesfully
2025-03-23 23:13:26,313 pop.CCCL_environment_mixins INFO     mongo_db = CCCLEnvironment, topic = CCCL/PURBACHAL/ENV_01 created 67e041367a24a5c1883c8587 succesfully
2025-03-23 23:13:26,323 pop.CCCL_environment_mixins INFO     mongo_db = TemporaryCCCLEnvironment, topic = CCCL/PURBACHAL/ENV_01 created 67e041367a24a5c1883c8588 succesfully
2025-03-23 23:13:26,327 pop.CCCL_environment_mixins INFO     mongo_db = TodayCCCLEnvironment, topic = CCCL/PURBACHAL/ENV_01 created 67e041367a24a5c1883c8589 succesfully
2025-03-23 23:13:32,971 django.request WARNING  Not Found: /favicon.ico
2025-03-23 23:13:56,720 pop.CCCL_environment_mixins INFO     mongo_db = CCCLEnvironment, topic = CCCL/PURBACHAL/ENV_01 created 67e041547a24a5c1883c858a succesfully
2025-03-23 23:13:56,728 pop.CCCL_environment_mixins INFO     mongo_db = TemporaryCCCLEnvironment, topic = CCCL/PURBACHAL/ENV_01 created 67e041547a24a5c1883c858b succesfully
2025-03-23 23:13:56,734 pop.CCCL_environment_mixins INFO     mongo_db = TodayCCCLEnvironment, topic = CCCL/PURBACHAL/ENV_01 created 67e041547a24a5c1883c858c succesfully
2025-03-23 23:14:01,753 pop.CPM_RT_mixins INFO     mongo_db = RTModelCPM, topic = MQTT_RT_DATA created 67e041597a24a5c1883c858d succesfully
2025-03-23 23:14:01,759 pop.CPM_RT_mixins INFO     mongo_db = TemporaryRTModelCPM, topic = MQTT_RT_DATA created 67e041597a24a5c1883c858e succesfully
2025-03-23 23:14:01,765 pop.CPM_RT_mixins INFO     mongo_db = TodayRTModelCPM, topic = MQTT_RT_DATA created 67e041597a24a5c1883c858f succesfully
2025-03-23 23:14:05,261 pop.CCCL_generator_mixins INFO     mongo_db = CCCLGenerator, topic = CCCL/PURBACHAL/ENM_01 created 67e0415d7a24a5c1883c8590 succesfully
2025-03-23 23:14:05,276 pop.CCCL_generator_mixins INFO     mongo_db = TemporaryCCCLGenerator, topic = CCCL/PURBACHAL/ENM_01 created 67e0415d7a24a5c1883c8591 succesfully
2025-03-23 23:14:05,284 pop.CCCL_generator_mixins INFO     mongo_db = TodayCCCLGenerator, topic = CCCL/PURBACHAL/ENM_01 created 67e0415d7a24a5c1883c8592 succesfully
2025-03-23 23:14:30,062 pop.CPM_DAY_DATA_mongo_mixins INFO     mongo_db = DayDataModelCPM, topic = MQTT_DAY_DATA created 67e04176cc630737986095f4 succesfully
2025-03-23 23:14:30,084 pop.CPM_ENY_FRZ_mongo_mixins INFO     mongo_db = EnyFrzDataModelCPM, topic = MQTT_ENY_FRZ created 67e04176cc630737986095f5 succesfully
2025-03-23 23:14:30,138 pop.CPM_ENY_NOW_mongo_mixins INFO     mongo_db = EnyNowDataModelCPM, topic = MQTT_ENY_NOW created 67e04176cc630737986095f6 succesfully
2025-03-23 23:14:30,148 pop.CPM_ENY_NOW_mongo_mixins INFO     mongo_db = TemporaryEnyNowDataModelCPM, topic = MQTT_ENY_NOW created 67e04176cc630737986095f7 succesfully
2025-03-23 23:14:30,164 pop.CPM_ENY_NOW_mongo_mixins INFO     mongo_db = TodayEnyNowDataModelCPM, topic = MQTT_ENY_NOW created 67e04176cc630737986095f8 succesfully
2025-03-23 23:14:30,180 pop.CPM_ENY_NOW_mongo_mixins INFO     mongo_db = Last7DaysEnyNowDataModelCPM, topic = MQTT_ENY_NOW created 67e04176cc630737986095f9 succesfully
2025-03-23 23:14:31,670 pop.CPM_RT_mixins INFO     mongo_db = RTModelCPM, topic = MQTT_RT_DATA created 67e04177cc630737986095fa succesfully
2025-03-23 23:14:31,683 pop.CPM_RT_mixins INFO     mongo_db = TemporaryRTModelCPM, topic = MQTT_RT_DATA created 67e04177cc630737986095fb succesfully
2025-03-23 23:14:31,697 pop.CPM_RT_mixins INFO     mongo_db = TodayRTModelCPM, topic = MQTT_RT_DATA created 67e04177cc630737986095fc succesfully
2025-03-23 23:14:57,281 pop.CCCL_environment_mixins INFO     mongo_db = CCCLEnvironment, topic = CCCL/PURBACHAL/ENV_01 created 67e04191cc630737986095fd succesfully
2025-03-23 23:14:57,305 pop.CCCL_environment_mixins INFO     mongo_db = TemporaryCCCLEnvironment, topic = CCCL/PURBACHAL/ENV_01 created 67e04191cc630737986095fe succesfully
2025-03-23 23:14:57,339 pop.CCCL_environment_mixins INFO     mongo_db = TodayCCCLEnvironment, topic = CCCL/PURBACHAL/ENV_01 created 67e04191cc630737986095ff succesfully
2025-03-23 23:15:01,779 pop.CPM_RT_mixins INFO     mongo_db = RTModelCPM, topic = MQTT_RT_DATA created 67e04195cc63073798609600 succesfully
2025-03-23 23:15:01,793 pop.CPM_RT_mixins INFO     mongo_db = TemporaryRTModelCPM, topic = MQTT_RT_DATA created 67e04195cc63073798609601 succesfully
2025-03-23 23:15:01,810 pop.CPM_RT_mixins INFO     mongo_db = TodayRTModelCPM, topic = MQTT_RT_DATA created 67e04195cc63073798609602 succesfully
2025-03-23 23:15:05,332 pop.CCCL_generator_mixins INFO     mongo_db = CCCLGenerator, topic = CCCL/PURBACHAL/ENM_01 created 67e04199cc63073798609603 succesfully
2025-03-23 23:15:05,345 pop.CCCL_generator_mixins INFO     mongo_db = TemporaryCCCLGenerator, topic = CCCL/PURBACHAL/ENM_01 created 67e04199cc63073798609604 succesfully
2025-03-23 23:15:05,354 pop.CCCL_generator_mixins INFO     mongo_db = TodayCCCLGenerator, topic = CCCL/PURBACHAL/ENM_01 created 67e04199cc63073798609605 succesfully
2025-03-23 23:15:27,630 pop.CCCL_environment_mixins INFO     mongo_db = CCCLEnvironment, topic = CCCL/PURBACHAL/ENV_01 created 67e041afcc63073798609606 succesfully
2025-03-23 23:15:27,646 pop.CCCL_environment_mixins INFO     mongo_db = TemporaryCCCLEnvironment, topic = CCCL/PURBACHAL/ENV_01 created 67e041afcc63073798609607 succesfully
2025-03-23 23:15:27,660 pop.CCCL_environment_mixins INFO     mongo_db = TodayCCCLEnvironment, topic = CCCL/PURBACHAL/ENV_01 created 67e041afcc63073798609608 succesfully
2025-03-23 23:15:32,784 pop.CPM_RT_mixins INFO     mongo_db = RTModelCPM, topic = MQTT_RT_DATA created 67e041b4cc63073798609609 succesfully
2025-03-23 23:15:32,793 pop.CPM_RT_mixins INFO     mongo_db = TemporaryRTModelCPM, topic = MQTT_RT_DATA created 67e041b4cc6307379860960a succesfully
2025-03-23 23:15:32,801 pop.CPM_RT_mixins INFO     mongo_db = TodayRTModelCPM, topic = MQTT_RT_DATA created 67e041b4cc6307379860960b succesfully
2025-03-23 23:15:58,041 pop.CCCL_environment_mixins INFO     mongo_db = CCCLEnvironment, topic = CCCL/PURBACHAL/ENV_01 created 67e041cecc6307379860960c succesfully
2025-03-23 23:15:58,056 pop.CCCL_environment_mixins INFO     mongo_db = TemporaryCCCLEnvironment, topic = CCCL/PURBACHAL/ENV_01 created 67e041cecc6307379860960d succesfully
2025-03-23 23:15:58,069 pop.CCCL_environment_mixins INFO     mongo_db = TodayCCCLEnvironment, topic = CCCL/PURBACHAL/ENV_01 created 67e041cecc6307379860960e succesfully
2025-03-23 23:16:02,674 pop.CPM_RT_mixins INFO     mongo_db = RTModelCPM, topic = MQTT_RT_DATA created 67e041d2cc6307379860960f succesfully
2025-03-23 23:16:02,691 pop.CPM_RT_mixins INFO     mongo_db = TemporaryRTModelCPM, topic = MQTT_RT_DATA created 67e041d2cc63073798609610 succesfully
2025-03-23 23:16:02,705 pop.CPM_RT_mixins INFO     mongo_db = TodayRTModelCPM, topic = MQTT_RT_DATA created 67e041d2cc63073798609611 succesfully
2025-03-23 23:16:05,318 pop.CCCL_generator_mixins INFO     mongo_db = CCCLGenerator, topic = CCCL/PURBACHAL/ENM_01 created 67e041d5cc63073798609612 succesfully
2025-03-23 23:16:05,348 pop.CCCL_generator_mixins INFO     mongo_db = TemporaryCCCLGenerator, topic = CCCL/PURBACHAL/ENM_01 created 67e041d5cc63073798609613 succesfully
2025-03-23 23:16:05,367 pop.CCCL_generator_mixins INFO     mongo_db = TodayCCCLGenerator, topic = CCCL/PURBACHAL/ENM_01 created 67e041d5cc63073798609614 succesfully
2025-03-23 23:16:13,498 django.request WARNING  Unauthorized: /api/v1.0/pop/cpm-data/
2025-03-23 23:16:28,333 pop.CCCL_environment_mixins INFO     mongo_db = CCCLEnvironment, topic = CCCL/PURBACHAL/ENV_01 created 67e041eccc63073798609615 succesfully
2025-03-23 23:16:28,362 pop.CCCL_environment_mixins INFO     mongo_db = TemporaryCCCLEnvironment, topic = CCCL/PURBACHAL/ENV_01 created 67e041eccc63073798609616 succesfully
2025-03-23 23:16:28,385 pop.CCCL_environment_mixins INFO     mongo_db = TodayCCCLEnvironment, topic = CCCL/PURBACHAL/ENV_01 created 67e041eccc63073798609617 succesfully
2025-03-23 23:16:32,796 pop.CPM_RT_mixins INFO     mongo_db = RTModelCPM, topic = MQTT_RT_DATA created 67e041f0cc63073798609618 succesfully
2025-03-23 23:16:32,807 pop.CPM_RT_mixins INFO     mongo_db = TemporaryRTModelCPM, topic = MQTT_RT_DATA created 67e041f0cc63073798609619 succesfully
2025-03-23 23:16:32,820 pop.CPM_RT_mixins INFO     mongo_db = TodayRTModelCPM, topic = MQTT_RT_DATA created 67e041f0cc6307379860961a succesfully
2025-03-23 23:16:58,558 pop.CCCL_environment_mixins INFO     mongo_db = CCCLEnvironment, topic = CCCL/PURBACHAL/ENV_01 created 67e0420acc6307379860961b succesfully
2025-03-23 23:16:58,572 pop.CCCL_environment_mixins INFO     mongo_db = TemporaryCCCLEnvironment, topic = CCCL/PURBACHAL/ENV_01 created 67e0420acc6307379860961c succesfully
2025-03-23 23:16:58,580 pop.CCCL_environment_mixins INFO     mongo_db = TodayCCCLEnvironment, topic = CCCL/PURBACHAL/ENV_01 created 67e0420acc6307379860961d succesfully
2025-03-23 23:17:02,915 pop.CPM_RT_mixins INFO     mongo_db = RTModelCPM, topic = MQTT_RT_DATA created 67e0420ecc6307379860961e succesfully
2025-03-23 23:17:02,926 pop.CPM_RT_mixins INFO     mongo_db = TemporaryRTModelCPM, topic = MQTT_RT_DATA created 67e0420ecc6307379860961f succesfully
2025-03-23 23:17:02,934 pop.CPM_RT_mixins INFO     mongo_db = TodayRTModelCPM, topic = MQTT_RT_DATA created 67e0420ecc63073798609620 succesfully
2025-03-23 23:17:05,595 pop.CCCL_generator_mixins INFO     mongo_db = CCCLGenerator, topic = CCCL/PURBACHAL/ENM_01 created 67e04211cc63073798609621 succesfully
2025-03-23 23:17:05,613 pop.CCCL_generator_mixins INFO     mongo_db = TemporaryCCCLGenerator, topic = CCCL/PURBACHAL/ENM_01 created 67e04211cc63073798609622 succesfully
2025-03-23 23:17:05,641 pop.CCCL_generator_mixins INFO     mongo_db = TodayCCCLGenerator, topic = CCCL/PURBACHAL/ENM_01 created 67e04211cc63073798609623 succesfully
2025-03-23 23:17:28,808 pop.CCCL_environment_mixins INFO     mongo_db = CCCLEnvironment, topic = CCCL/PURBACHAL/ENV_01 created 67e04228cc63073798609624 succesfully
2025-03-23 23:17:28,820 pop.CCCL_environment_mixins INFO     mongo_db = TemporaryCCCLEnvironment, topic = CCCL/PURBACHAL/ENV_01 created 67e04228cc63073798609625 succesfully
2025-03-23 23:17:28,832 pop.CCCL_environment_mixins INFO     mongo_db = TodayCCCLEnvironment, topic = CCCL/PURBACHAL/ENV_01 created 67e04228cc63073798609626 succesfully
2025-03-23 23:17:32,919 pop.CPM_RT_mixins INFO     mongo_db = RTModelCPM, topic = MQTT_RT_DATA created 67e0422ccc63073798609627 succesfully
2025-03-23 23:17:32,927 pop.CPM_RT_mixins INFO     mongo_db = TemporaryRTModelCPM, topic = MQTT_RT_DATA created 67e0422ccc63073798609628 succesfully
2025-03-23 23:17:32,936 pop.CPM_RT_mixins INFO     mongo_db = TodayRTModelCPM, topic = MQTT_RT_DATA created 67e0422ccc63073798609629 succesfully
2025-03-23 23:17:59,133 pop.CCCL_environment_mixins INFO     mongo_db = CCCLEnvironment, topic = CCCL/PURBACHAL/ENV_01 created 67e04247cc6307379860962a succesfully
2025-03-23 23:17:59,148 pop.CCCL_environment_mixins INFO     mongo_db = TemporaryCCCLEnvironment, topic = CCCL/PURBACHAL/ENV_01 created 67e04247cc6307379860962b succesfully
2025-03-23 23:17:59,162 pop.CCCL_environment_mixins INFO     mongo_db = TodayCCCLEnvironment, topic = CCCL/PURBACHAL/ENV_01 created 67e04247cc6307379860962c succesfully
2025-03-23 23:18:02,825 pop.CPM_RT_mixins INFO     mongo_db = RTModelCPM, topic = MQTT_RT_DATA created 67e0424acc6307379860962d succesfully
2025-03-23 23:18:02,839 pop.CPM_RT_mixins INFO     mongo_db = TemporaryRTModelCPM, topic = MQTT_RT_DATA created 67e0424acc6307379860962e succesfully
2025-03-23 23:18:02,845 pop.CPM_RT_mixins INFO     mongo_db = TodayRTModelCPM, topic = MQTT_RT_DATA created 67e0424acc6307379860962f succesfully
2025-03-23 23:18:05,254 pop.CCCL_generator_mixins INFO     mongo_db = CCCLGenerator, topic = CCCL/PURBACHAL/ENM_01 created 67e0424dcc63073798609630 succesfully
2025-03-23 23:18:05,272 pop.CCCL_generator_mixins INFO     mongo_db = TemporaryCCCLGenerator, topic = CCCL/PURBACHAL/ENM_01 created 67e0424dcc63073798609631 succesfully
2025-03-23 23:18:05,286 pop.CCCL_generator_mixins INFO     mongo_db = TodayCCCLGenerator, topic = CCCL/PURBACHAL/ENM_01 created 67e0424dcc63073798609632 succesfully
2025-03-23 23:18:30,037 pop.CCCL_environment_mixins INFO     mongo_db = CCCLEnvironment, topic = CCCL/PURBACHAL/ENV_01 created 67e04266cc63073798609633 succesfully
2025-03-23 23:18:30,055 pop.CCCL_environment_mixins INFO     mongo_db = TemporaryCCCLEnvironment, topic = CCCL/PURBACHAL/ENV_01 created 67e04266cc63073798609634 succesfully
2025-03-23 23:18:30,076 pop.CCCL_environment_mixins INFO     mongo_db = TodayCCCLEnvironment, topic = CCCL/PURBACHAL/ENV_01 created 67e04266cc63073798609635 succesfully
2025-03-23 23:18:32,820 pop.CPM_RT_mixins INFO     mongo_db = RTModelCPM, topic = MQTT_RT_DATA created 67e04268cc63073798609636 succesfully
2025-03-23 23:18:32,834 pop.CPM_RT_mixins INFO     mongo_db = TemporaryRTModelCPM, topic = MQTT_RT_DATA created 67e04268cc63073798609637 succesfully
2025-03-23 23:18:32,844 pop.CPM_RT_mixins INFO     mongo_db = TodayRTModelCPM, topic = MQTT_RT_DATA created 67e04268cc63073798609638 succesfully
2025-03-23 23:19:00,249 pop.CCCL_environment_mixins INFO     mongo_db = CCCLEnvironment, topic = CCCL/PURBACHAL/ENV_01 created 67e04284cc63073798609639 succesfully
2025-03-23 23:19:00,259 pop.CCCL_environment_mixins INFO     mongo_db = TemporaryCCCLEnvironment, topic = CCCL/PURBACHAL/ENV_01 created 67e04284cc6307379860963a succesfully
2025-03-23 23:19:00,264 pop.CCCL_environment_mixins INFO     mongo_db = TodayCCCLEnvironment, topic = CCCL/PURBACHAL/ENV_01 created 67e04284cc6307379860963b succesfully
2025-03-23 23:19:01,868 pop.CPM_RT_mixins INFO     mongo_db = RTModelCPM, topic = MQTT_RT_DATA created 67e04285cc6307379860963c succesfully
2025-03-23 23:19:01,878 pop.CPM_RT_mixins INFO     mongo_db = TemporaryRTModelCPM, topic = MQTT_RT_DATA created 67e04285cc6307379860963d succesfully
2025-03-23 23:19:01,889 pop.CPM_RT_mixins INFO     mongo_db = TodayRTModelCPM, topic = MQTT_RT_DATA created 67e04285cc6307379860963e succesfully
2025-03-23 23:19:05,303 pop.CCCL_generator_mixins INFO     mongo_db = CCCLGenerator, topic = CCCL/PURBACHAL/ENM_01 created 67e04289cc6307379860963f succesfully
2025-03-23 23:19:05,320 pop.CCCL_generator_mixins INFO     mongo_db = TemporaryCCCLGenerator, topic = CCCL/PURBACHAL/ENM_01 created 67e04289cc63073798609640 succesfully
2025-03-23 23:19:05,334 pop.CCCL_generator_mixins INFO     mongo_db = TodayCCCLGenerator, topic = CCCL/PURBACHAL/ENM_01 created 67e04289cc63073798609641 succesfully
2025-03-23 23:19:30,444 pop.CCCL_environment_mixins INFO     mongo_db = CCCLEnvironment, topic = CCCL/PURBACHAL/ENV_01 created 67e042a2cc63073798609642 succesfully
2025-03-23 23:19:30,457 pop.CCCL_environment_mixins INFO     mongo_db = TemporaryCCCLEnvironment, topic = CCCL/PURBACHAL/ENV_01 created 67e042a2cc63073798609643 succesfully
2025-03-23 23:19:30,472 pop.CCCL_environment_mixins INFO     mongo_db = TodayCCCLEnvironment, topic = CCCL/PURBACHAL/ENV_01 created 67e042a2cc63073798609644 succesfully
2025-03-23 23:19:33,105 pop.CPM_RT_mixins INFO     mongo_db = RTModelCPM, topic = MQTT_RT_DATA created 67e042a5cc63073798609645 succesfully
2025-03-23 23:19:33,117 pop.CPM_RT_mixins INFO     mongo_db = TemporaryRTModelCPM, topic = MQTT_RT_DATA created 67e042a5cc63073798609646 succesfully
2025-03-23 23:19:33,123 pop.CPM_RT_mixins INFO     mongo_db = TodayRTModelCPM, topic = MQTT_RT_DATA created 67e042a5cc63073798609647 succesfully
2025-03-23 23:20:00,688 pop.CCCL_environment_mixins INFO     mongo_db = CCCLEnvironment, topic = CCCL/PURBACHAL/ENV_01 created 67e042c0cc63073798609648 succesfully
2025-03-23 23:20:00,701 pop.CCCL_environment_mixins INFO     mongo_db = TemporaryCCCLEnvironment, topic = CCCL/PURBACHAL/ENV_01 created 67e042c0cc63073798609649 succesfully
2025-03-23 23:20:00,714 pop.CCCL_environment_mixins INFO     mongo_db = TodayCCCLEnvironment, topic = CCCL/PURBACHAL/ENV_01 created 67e042c0cc6307379860964a succesfully
2025-03-23 23:20:01,841 pop.CPM_RT_mixins INFO     mongo_db = RTModelCPM, topic = MQTT_RT_DATA created 67e042c1cc6307379860964b succesfully
2025-03-23 23:20:01,852 pop.CPM_RT_mixins INFO     mongo_db = TemporaryRTModelCPM, topic = MQTT_RT_DATA created 67e042c1cc6307379860964c succesfully
2025-03-23 23:20:01,863 pop.CPM_RT_mixins INFO     mongo_db = TodayRTModelCPM, topic = MQTT_RT_DATA created 67e042c1cc6307379860964d succesfully
2025-03-23 23:20:05,371 pop.CCCL_generator_mixins INFO     mongo_db = CCCLGenerator, topic = CCCL/PURBACHAL/ENM_01 created 67e042c5cc6307379860964e succesfully
2025-03-23 23:20:05,385 pop.CCCL_generator_mixins INFO     mongo_db = TemporaryCCCLGenerator, topic = CCCL/PURBACHAL/ENM_01 created 67e042c5cc6307379860964f succesfully
2025-03-23 23:20:05,392 pop.CCCL_generator_mixins INFO     mongo_db = TodayCCCLGenerator, topic = CCCL/PURBACHAL/ENM_01 created 67e042c5cc63073798609650 succesfully
2025-03-23 23:20:31,036 pop.CCCL_environment_mixins INFO     mongo_db = CCCLEnvironment, topic = CCCL/PURBACHAL/ENV_01 created 67e042dfcc63073798609651 succesfully
2025-03-23 23:20:31,049 pop.CCCL_environment_mixins INFO     mongo_db = TemporaryCCCLEnvironment, topic = CCCL/PURBACHAL/ENV_01 created 67e042dfcc63073798609652 succesfully
2025-03-23 23:20:31,056 pop.CCCL_environment_mixins INFO     mongo_db = TodayCCCLEnvironment, topic = CCCL/PURBACHAL/ENV_01 created 67e042dfcc63073798609653 succesfully
2025-03-23 23:20:32,822 pop.CPM_RT_mixins INFO     mongo_db = RTModelCPM, topic = MQTT_RT_DATA created 67e042e0cc63073798609654 succesfully
2025-03-23 23:20:32,828 pop.CPM_RT_mixins INFO     mongo_db = TemporaryRTModelCPM, topic = MQTT_RT_DATA created 67e042e0cc63073798609655 succesfully
2025-03-23 23:20:32,834 pop.CPM_RT_mixins INFO     mongo_db = TodayRTModelCPM, topic = MQTT_RT_DATA created 67e042e0cc63073798609656 succesfully
2025-03-23 23:21:01,301 pop.CCCL_environment_mixins INFO     mongo_db = CCCLEnvironment, topic = CCCL/PURBACHAL/ENV_01 created 67e042fdcc63073798609657 succesfully
2025-03-23 23:21:01,307 pop.CCCL_environment_mixins INFO     mongo_db = TemporaryCCCLEnvironment, topic = CCCL/PURBACHAL/ENV_01 created 67e042fdcc63073798609658 succesfully
2025-03-23 23:21:01,312 pop.CCCL_environment_mixins INFO     mongo_db = TodayCCCLEnvironment, topic = CCCL/PURBACHAL/ENV_01 created 67e042fdcc63073798609659 succesfully
2025-03-23 23:21:02,760 pop.CPM_RT_mixins INFO     mongo_db = RTModelCPM, topic = MQTT_RT_DATA created 67e042fecc6307379860965a succesfully
2025-03-23 23:21:02,768 pop.CPM_RT_mixins INFO     mongo_db = TemporaryRTModelCPM, topic = MQTT_RT_DATA created 67e042fecc6307379860965b succesfully
2025-03-23 23:21:02,776 pop.CPM_RT_mixins INFO     mongo_db = TodayRTModelCPM, topic = MQTT_RT_DATA created 67e042fecc6307379860965c succesfully
2025-03-23 23:21:05,304 pop.CCCL_generator_mixins INFO     mongo_db = CCCLGenerator, topic = CCCL/PURBACHAL/ENM_01 created 67e04301cc6307379860965d succesfully
2025-03-23 23:21:05,314 pop.CCCL_generator_mixins INFO     mongo_db = TemporaryCCCLGenerator, topic = CCCL/PURBACHAL/ENM_01 created 67e04301cc6307379860965e succesfully
2025-03-23 23:21:05,320 pop.CCCL_generator_mixins INFO     mongo_db = TodayCCCLGenerator, topic = CCCL/PURBACHAL/ENM_01 created 67e04301cc6307379860965f succesfully
2025-03-23 23:21:32,548 pop.CCCL_environment_mixins INFO     mongo_db = CCCLEnvironment, topic = CCCL/PURBACHAL/ENV_01 created 67e0431ccc63073798609660 succesfully
2025-03-23 23:21:32,564 pop.CCCL_environment_mixins INFO     mongo_db = TemporaryCCCLEnvironment, topic = CCCL/PURBACHAL/ENV_01 created 67e0431ccc63073798609661 succesfully
2025-03-23 23:21:32,583 pop.CCCL_environment_mixins INFO     mongo_db = TodayCCCLEnvironment, topic = CCCL/PURBACHAL/ENV_01 created 67e0431ccc63073798609662 succesfully
2025-03-23 23:22:02,792 pop.CCCL_environment_mixins INFO     mongo_db = CCCLEnvironment, topic = CCCL/PURBACHAL/ENV_01 created 67e0433acc63073798609663 succesfully
2025-03-23 23:22:02,805 pop.CCCL_environment_mixins INFO     mongo_db = TemporaryCCCLEnvironment, topic = CCCL/PURBACHAL/ENV_01 created 67e0433acc63073798609664 succesfully
2025-03-23 23:22:02,819 pop.CCCL_environment_mixins INFO     mongo_db = TodayCCCLEnvironment, topic = CCCL/PURBACHAL/ENV_01 created 67e0433acc63073798609665 succesfully
2025-03-23 23:22:03,975 pop.CPM_RT_mixins INFO     mongo_db = RTModelCPM, topic = MQTT_RT_DATA created 67e0433bcc63073798609666 succesfully
2025-03-23 23:22:03,994 pop.CPM_RT_mixins INFO     mongo_db = TemporaryRTModelCPM, topic = MQTT_RT_DATA created 67e0433bcc63073798609667 succesfully
2025-03-23 23:22:04,010 pop.CPM_RT_mixins INFO     mongo_db = TodayRTModelCPM, topic = MQTT_RT_DATA created 67e0433ccc63073798609668 succesfully
2025-03-23 23:22:05,312 pop.CCCL_generator_mixins INFO     mongo_db = CCCLGenerator, topic = CCCL/PURBACHAL/ENM_01 created 67e0433dcc63073798609669 succesfully
2025-03-23 23:22:05,329 pop.CCCL_generator_mixins INFO     mongo_db = TemporaryCCCLGenerator, topic = CCCL/PURBACHAL/ENM_01 created 67e0433dcc6307379860966a succesfully
2025-03-23 23:22:05,343 pop.CCCL_generator_mixins INFO     mongo_db = TodayCCCLGenerator, topic = CCCL/PURBACHAL/ENM_01 created 67e0433dcc6307379860966b succesfully
2025-03-23 23:22:32,283 pop.CCCL_environment_mixins INFO     mongo_db = CCCLEnvironment, topic = CCCL/PURBACHAL/ENV_01 created 67e04358cc6307379860966c succesfully
2025-03-23 23:22:32,298 pop.CCCL_environment_mixins INFO     mongo_db = TemporaryCCCLEnvironment, topic = CCCL/PURBACHAL/ENV_01 created 67e04358cc6307379860966d succesfully
2025-03-23 23:22:32,315 pop.CCCL_environment_mixins INFO     mongo_db = TodayCCCLEnvironment, topic = CCCL/PURBACHAL/ENV_01 created 67e04358cc6307379860966e succesfully
2025-03-23 23:22:33,040 pop.CPM_RT_mixins INFO     mongo_db = RTModelCPM, topic = MQTT_RT_DATA created 67e04359cc6307379860966f succesfully
2025-03-23 23:22:33,049 pop.CPM_RT_mixins INFO     mongo_db = TemporaryRTModelCPM, topic = MQTT_RT_DATA created 67e04359cc63073798609670 succesfully
2025-03-23 23:22:33,059 pop.CPM_RT_mixins INFO     mongo_db = TodayRTModelCPM, topic = MQTT_RT_DATA created 67e04359cc63073798609671 succesfully
2025-03-23 23:23:01,886 pop.CPM_RT_mixins INFO     mongo_db = RTModelCPM, topic = MQTT_RT_DATA created 67e04375cc63073798609672 succesfully
2025-03-23 23:23:01,892 pop.CPM_RT_mixins INFO     mongo_db = TemporaryRTModelCPM, topic = MQTT_RT_DATA created 67e04375cc63073798609673 succesfully
2025-03-23 23:23:01,898 pop.CPM_RT_mixins INFO     mongo_db = TodayRTModelCPM, topic = MQTT_RT_DATA created 67e04375cc63073798609674 succesfully
2025-03-23 23:23:02,725 pop.CCCL_environment_mixins INFO     mongo_db = CCCLEnvironment, topic = CCCL/PURBACHAL/ENV_01 created 67e04376cc63073798609675 succesfully
2025-03-23 23:23:02,735 pop.CCCL_environment_mixins INFO     mongo_db = TemporaryCCCLEnvironment, topic = CCCL/PURBACHAL/ENV_01 created 67e04376cc63073798609676 succesfully
2025-03-23 23:23:02,740 pop.CCCL_environment_mixins INFO     mongo_db = TodayCCCLEnvironment, topic = CCCL/PURBACHAL/ENV_01 created 67e04376cc63073798609677 succesfully
2025-03-23 23:23:05,289 pop.CCCL_generator_mixins INFO     mongo_db = CCCLGenerator, topic = CCCL/PURBACHAL/ENM_01 created 67e04379cc63073798609678 succesfully
2025-03-23 23:23:05,299 pop.CCCL_generator_mixins INFO     mongo_db = TemporaryCCCLGenerator, topic = CCCL/PURBACHAL/ENM_01 created 67e04379cc63073798609679 succesfully
2025-03-23 23:23:05,304 pop.CCCL_generator_mixins INFO     mongo_db = TodayCCCLGenerator, topic = CCCL/PURBACHAL/ENM_01 created 67e04379cc6307379860967a succesfully
2025-03-23 23:23:33,037 pop.CCCL_environment_mixins INFO     mongo_db = CCCLEnvironment, topic = CCCL/PURBACHAL/ENV_01 created 67e04395cc6307379860967b succesfully
2025-03-23 23:23:33,047 pop.CCCL_environment_mixins INFO     mongo_db = TemporaryCCCLEnvironment, topic = CCCL/PURBACHAL/ENV_01 created 67e04395cc6307379860967c succesfully
2025-03-23 23:23:33,053 pop.CCCL_environment_mixins INFO     mongo_db = TodayCCCLEnvironment, topic = CCCL/PURBACHAL/ENV_01 created 67e04395cc6307379860967d succesfully
2025-03-23 23:24:01,614 pop.CPM_RT_mixins INFO     mongo_db = RTModelCPM, topic = MQTT_RT_DATA created 67e043b1cc6307379860967e succesfully
2025-03-23 23:24:01,620 pop.CPM_RT_mixins INFO     mongo_db = TemporaryRTModelCPM, topic = MQTT_RT_DATA created 67e043b1cc6307379860967f succesfully
2025-03-23 23:24:01,626 pop.CPM_RT_mixins INFO     mongo_db = TodayRTModelCPM, topic = MQTT_RT_DATA created 67e043b1cc63073798609680 succesfully
2025-03-23 23:24:03,347 pop.CCCL_environment_mixins INFO     mongo_db = CCCLEnvironment, topic = CCCL/PURBACHAL/ENV_01 created 67e043b3cc63073798609681 succesfully
2025-03-23 23:24:03,359 pop.CCCL_environment_mixins INFO     mongo_db = TemporaryCCCLEnvironment, topic = CCCL/PURBACHAL/ENV_01 created 67e043b3cc63073798609682 succesfully
2025-03-23 23:24:03,363 pop.CCCL_environment_mixins INFO     mongo_db = TodayCCCLEnvironment, topic = CCCL/PURBACHAL/ENV_01 created 67e043b3cc63073798609683 succesfully
2025-03-23 23:24:05,296 pop.CCCL_generator_mixins INFO     mongo_db = CCCLGenerator, topic = CCCL/PURBACHAL/ENM_01 created 67e043b5cc63073798609684 succesfully
2025-03-23 23:24:05,308 pop.CCCL_generator_mixins INFO     mongo_db = TemporaryCCCLGenerator, topic = CCCL/PURBACHAL/ENM_01 created 67e043b5cc63073798609685 succesfully
2025-03-23 23:24:05,316 pop.CCCL_generator_mixins INFO     mongo_db = TodayCCCLGenerator, topic = CCCL/PURBACHAL/ENM_01 created 67e043b5cc63073798609686 succesfully
2025-03-23 23:24:08,787 pop.CPM_ENY_NOW_mongo_mixins INFO     mongo_db = EnyNowDataModelCPM, topic = MQTT_ENY_NOW created 67e043b8cc63073798609687 succesfully
2025-03-23 23:24:08,791 pop.CPM_ENY_NOW_mongo_mixins INFO     mongo_db = TemporaryEnyNowDataModelCPM, topic = MQTT_ENY_NOW created 67e043b8cc63073798609688 succesfully
2025-03-23 23:24:08,795 pop.CPM_ENY_NOW_mongo_mixins INFO     mongo_db = TodayEnyNowDataModelCPM, topic = MQTT_ENY_NOW created 67e043b8cc63073798609689 succesfully
2025-03-23 23:24:08,798 pop.CPM_ENY_NOW_mongo_mixins INFO     mongo_db = Last7DaysEnyNowDataModelCPM, topic = MQTT_ENY_NOW created 67e043b8cc6307379860968a succesfully
2025-03-23 23:24:32,665 pop.CPM_RT_mixins INFO     mongo_db = RTModelCPM, topic = MQTT_RT_DATA created 67e043d0cc6307379860968b succesfully
2025-03-23 23:24:32,672 pop.CPM_RT_mixins INFO     mongo_db = TemporaryRTModelCPM, topic = MQTT_RT_DATA created 67e043d0cc6307379860968c succesfully
2025-03-23 23:24:32,678 pop.CPM_RT_mixins INFO     mongo_db = TodayRTModelCPM, topic = MQTT_RT_DATA created 67e043d0cc6307379860968d succesfully
2025-03-23 23:24:33,667 pop.CCCL_environment_mixins INFO     mongo_db = CCCLEnvironment, topic = CCCL/PURBACHAL/ENV_01 created 67e043d1cc6307379860968e succesfully
2025-03-23 23:24:33,676 pop.CCCL_environment_mixins INFO     mongo_db = TemporaryCCCLEnvironment, topic = CCCL/PURBACHAL/ENV_01 created 67e043d1cc6307379860968f succesfully
2025-03-23 23:24:33,681 pop.CCCL_environment_mixins INFO     mongo_db = TodayCCCLEnvironment, topic = CCCL/PURBACHAL/ENV_01 created 67e043d1cc63073798609690 succesfully
2025-03-23 23:25:01,640 pop.CPM_RT_mixins INFO     mongo_db = RTModelCPM, topic = MQTT_RT_DATA created 67e043edcc63073798609691 succesfully
2025-03-23 23:25:01,649 pop.CPM_RT_mixins INFO     mongo_db = TemporaryRTModelCPM, topic = MQTT_RT_DATA created 67e043edcc63073798609692 succesfully
2025-03-23 23:25:01,655 pop.CPM_RT_mixins INFO     mongo_db = TodayRTModelCPM, topic = MQTT_RT_DATA created 67e043edcc63073798609693 succesfully
2025-03-23 23:25:03,968 pop.CCCL_environment_mixins INFO     mongo_db = CCCLEnvironment, topic = CCCL/PURBACHAL/ENV_01 created 67e043efcc63073798609694 succesfully
2025-03-23 23:25:03,979 pop.CCCL_environment_mixins INFO     mongo_db = TemporaryCCCLEnvironment, topic = CCCL/PURBACHAL/ENV_01 created 67e043efcc63073798609695 succesfully
2025-03-23 23:25:03,984 pop.CCCL_environment_mixins INFO     mongo_db = TodayCCCLEnvironment, topic = CCCL/PURBACHAL/ENV_01 created 67e043efcc63073798609696 succesfully
2025-03-23 23:25:05,302 pop.CCCL_generator_mixins INFO     mongo_db = CCCLGenerator, topic = CCCL/PURBACHAL/ENM_01 created 67e043f1cc63073798609697 succesfully
2025-03-23 23:25:05,311 pop.CCCL_generator_mixins INFO     mongo_db = TemporaryCCCLGenerator, topic = CCCL/PURBACHAL/ENM_01 created 67e043f1cc63073798609698 succesfully
2025-03-23 23:25:05,318 pop.CCCL_generator_mixins INFO     mongo_db = TodayCCCLGenerator, topic = CCCL/PURBACHAL/ENM_01 created 67e043f1cc63073798609699 succesfully
2025-03-23 23:25:32,750 pop.CPM_RT_mixins INFO     mongo_db = RTModelCPM, topic = MQTT_RT_DATA created 67e0440ccc6307379860969a succesfully
2025-03-23 23:25:32,757 pop.CPM_RT_mixins INFO     mongo_db = TemporaryRTModelCPM, topic = MQTT_RT_DATA created 67e0440ccc6307379860969b succesfully
2025-03-23 23:25:32,763 pop.CPM_RT_mixins INFO     mongo_db = TodayRTModelCPM, topic = MQTT_RT_DATA created 67e0440ccc6307379860969c succesfully
2025-03-23 23:25:34,277 pop.CCCL_environment_mixins INFO     mongo_db = CCCLEnvironment, topic = CCCL/PURBACHAL/ENV_01 created 67e0440ecc6307379860969d succesfully
2025-03-23 23:25:34,288 pop.CCCL_environment_mixins INFO     mongo_db = TemporaryCCCLEnvironment, topic = CCCL/PURBACHAL/ENV_01 created 67e0440ecc6307379860969e succesfully
2025-03-23 23:25:34,293 pop.CCCL_environment_mixins INFO     mongo_db = TodayCCCLEnvironment, topic = CCCL/PURBACHAL/ENV_01 created 67e0440ecc6307379860969f succesfully
2025-03-23 23:26:02,857 pop.CPM_RT_mixins INFO     mongo_db = RTModelCPM, topic = MQTT_RT_DATA created 67e0442acc630737986096a0 succesfully
2025-03-23 23:26:02,863 pop.CPM_RT_mixins INFO     mongo_db = TemporaryRTModelCPM, topic = MQTT_RT_DATA created 67e0442acc630737986096a1 succesfully
2025-03-23 23:26:02,869 pop.CPM_RT_mixins INFO     mongo_db = TodayRTModelCPM, topic = MQTT_RT_DATA created 67e0442acc630737986096a2 succesfully
2025-03-23 23:26:04,894 pop.CCCL_environment_mixins INFO     mongo_db = CCCLEnvironment, topic = CCCL/PURBACHAL/ENV_01 created 67e0442ccc630737986096a3 succesfully
2025-03-23 23:26:04,904 pop.CCCL_environment_mixins INFO     mongo_db = TemporaryCCCLEnvironment, topic = CCCL/PURBACHAL/ENV_01 created 67e0442ccc630737986096a4 succesfully
2025-03-23 23:26:04,908 pop.CCCL_environment_mixins INFO     mongo_db = TodayCCCLEnvironment, topic = CCCL/PURBACHAL/ENV_01 created 67e0442ccc630737986096a5 succesfully
2025-03-23 23:26:05,307 pop.CCCL_generator_mixins INFO     mongo_db = CCCLGenerator, topic = CCCL/PURBACHAL/ENM_01 created 67e0442dcc630737986096a6 succesfully
2025-03-23 23:26:05,315 pop.CCCL_generator_mixins INFO     mongo_db = TemporaryCCCLGenerator, topic = CCCL/PURBACHAL/ENM_01 created 67e0442dcc630737986096a7 succesfully
2025-03-23 23:26:05,321 pop.CCCL_generator_mixins INFO     mongo_db = TodayCCCLGenerator, topic = CCCL/PURBACHAL/ENM_01 created 67e0442dcc630737986096a8 succesfully
2025-03-23 23:26:31,642 pop.CPM_RT_mixins INFO     mongo_db = RTModelCPM, topic = MQTT_RT_DATA created 67e04447cc630737986096a9 succesfully
2025-03-23 23:26:31,650 pop.CPM_RT_mixins INFO     mongo_db = TemporaryRTModelCPM, topic = MQTT_RT_DATA created 67e04447cc630737986096aa succesfully
2025-03-23 23:26:31,656 pop.CPM_RT_mixins INFO     mongo_db = TodayRTModelCPM, topic = MQTT_RT_DATA created 67e04447cc630737986096ab succesfully
2025-03-23 23:26:35,205 pop.CCCL_environment_mixins INFO     mongo_db = CCCLEnvironment, topic = CCCL/PURBACHAL/ENV_01 created 67e0444bcc630737986096ac succesfully
2025-03-23 23:26:35,214 pop.CCCL_environment_mixins INFO     mongo_db = TemporaryCCCLEnvironment, topic = CCCL/PURBACHAL/ENV_01 created 67e0444bcc630737986096ad succesfully
2025-03-23 23:26:35,219 pop.CCCL_environment_mixins INFO     mongo_db = TodayCCCLEnvironment, topic = CCCL/PURBACHAL/ENV_01 created 67e0444bcc630737986096ae succesfully
2025-03-23 23:27:02,759 pop.CPM_RT_mixins INFO     mongo_db = RTModelCPM, topic = MQTT_RT_DATA created 67e04466cc630737986096af succesfully
2025-03-23 23:27:02,765 pop.CPM_RT_mixins INFO     mongo_db = TemporaryRTModelCPM, topic = MQTT_RT_DATA created 67e04466cc630737986096b0 succesfully
2025-03-23 23:27:02,771 pop.CPM_RT_mixins INFO     mongo_db = TodayRTModelCPM, topic = MQTT_RT_DATA created 67e04466cc630737986096b1 succesfully
2025-03-23 23:27:05,417 pop.CCCL_generator_mixins INFO     mongo_db = CCCLGenerator, topic = CCCL/PURBACHAL/ENM_01 created 67e04469cc630737986096b2 succesfully
2025-03-23 23:27:05,425 pop.CCCL_generator_mixins INFO     mongo_db = TemporaryCCCLGenerator, topic = CCCL/PURBACHAL/ENM_01 created 67e04469cc630737986096b3 succesfully
2025-03-23 23:27:05,430 pop.CCCL_generator_mixins INFO     mongo_db = TodayCCCLGenerator, topic = CCCL/PURBACHAL/ENM_01 created 67e04469cc630737986096b4 succesfully
2025-03-23 23:27:05,483 pop.CCCL_environment_mixins INFO     mongo_db = CCCLEnvironment, topic = CCCL/PURBACHAL/ENV_01 created 67e04469cc630737986096b5 succesfully
2025-03-23 23:27:05,490 pop.CCCL_environment_mixins INFO     mongo_db = TemporaryCCCLEnvironment, topic = CCCL/PURBACHAL/ENV_01 created 67e04469cc630737986096b6 succesfully
2025-03-23 23:27:05,494 pop.CCCL_environment_mixins INFO     mongo_db = TodayCCCLEnvironment, topic = CCCL/PURBACHAL/ENV_01 created 67e04469cc630737986096b7 succesfully
2025-03-23 23:27:31,734 pop.CPM_RT_mixins INFO     mongo_db = RTModelCPM, topic = MQTT_RT_DATA created 67e04483cc630737986096b8 succesfully
2025-03-23 23:27:31,741 pop.CPM_RT_mixins INFO     mongo_db = TemporaryRTModelCPM, topic = MQTT_RT_DATA created 67e04483cc630737986096b9 succesfully
2025-03-23 23:27:31,747 pop.CPM_RT_mixins INFO     mongo_db = TodayRTModelCPM, topic = MQTT_RT_DATA created 67e04483cc630737986096ba succesfully
2025-03-23 23:27:35,825 pop.CCCL_environment_mixins INFO     mongo_db = CCCLEnvironment, topic = CCCL/PURBACHAL/ENV_01 created 67e04487cc630737986096bb succesfully
2025-03-23 23:27:35,835 pop.CCCL_environment_mixins INFO     mongo_db = TemporaryCCCLEnvironment, topic = CCCL/PURBACHAL/ENV_01 created 67e04487cc630737986096bc succesfully
2025-03-23 23:27:35,841 pop.CCCL_environment_mixins INFO     mongo_db = TodayCCCLEnvironment, topic = CCCL/PURBACHAL/ENV_01 created 67e04487cc630737986096bd succesfully
2025-03-23 23:28:01,637 pop.CPM_RT_mixins INFO     mongo_db = RTModelCPM, topic = MQTT_RT_DATA created 67e044a1cc630737986096be succesfully
2025-03-23 23:28:01,643 pop.CPM_RT_mixins INFO     mongo_db = TemporaryRTModelCPM, topic = MQTT_RT_DATA created 67e044a1cc630737986096bf succesfully
2025-03-23 23:28:01,649 pop.CPM_RT_mixins INFO     mongo_db = TodayRTModelCPM, topic = MQTT_RT_DATA created 67e044a1cc630737986096c0 succesfully
2025-03-23 23:28:05,318 pop.CCCL_generator_mixins INFO     mongo_db = CCCLGenerator, topic = CCCL/PURBACHAL/ENM_01 created 67e044a5cc630737986096c1 succesfully
2025-03-23 23:28:05,328 pop.CCCL_generator_mixins INFO     mongo_db = TemporaryCCCLGenerator, topic = CCCL/PURBACHAL/ENM_01 created 67e044a5cc630737986096c2 succesfully
2025-03-23 23:28:05,333 pop.CCCL_generator_mixins INFO     mongo_db = TodayCCCLGenerator, topic = CCCL/PURBACHAL/ENM_01 created 67e044a5cc630737986096c3 succesfully
2025-03-23 23:28:06,134 pop.CCCL_environment_mixins INFO     mongo_db = CCCLEnvironment, topic = CCCL/PURBACHAL/ENV_01 created 67e044a6cc630737986096c4 succesfully
2025-03-23 23:28:06,144 pop.CCCL_environment_mixins INFO     mongo_db = TemporaryCCCLEnvironment, topic = CCCL/PURBACHAL/ENV_01 created 67e044a6cc630737986096c5 succesfully
2025-03-23 23:28:06,149 pop.CCCL_environment_mixins INFO     mongo_db = TodayCCCLEnvironment, topic = CCCL/PURBACHAL/ENV_01 created 67e044a6cc630737986096c6 succesfully
2025-03-23 23:28:36,444 pop.CCCL_environment_mixins INFO     mongo_db = CCCLEnvironment, topic = CCCL/PURBACHAL/ENV_01 created 67e044c4cc630737986096c7 succesfully
2025-03-23 23:28:36,455 pop.CCCL_environment_mixins INFO     mongo_db = TemporaryCCCLEnvironment, topic = CCCL/PURBACHAL/ENV_01 created 67e044c4cc630737986096c8 succesfully
2025-03-23 23:28:36,460 pop.CCCL_environment_mixins INFO     mongo_db = TodayCCCLEnvironment, topic = CCCL/PURBACHAL/ENV_01 created 67e044c4cc630737986096c9 succesfully
2025-03-23 23:29:01,853 pop.CPM_RT_mixins INFO     mongo_db = RTModelCPM, topic = MQTT_RT_DATA created 67e044ddcc630737986096ca succesfully
2025-03-23 23:29:01,859 pop.CPM_RT_mixins INFO     mongo_db = TemporaryRTModelCPM, topic = MQTT_RT_DATA created 67e044ddcc630737986096cb succesfully
2025-03-23 23:29:01,867 pop.CPM_RT_mixins INFO     mongo_db = TodayRTModelCPM, topic = MQTT_RT_DATA created 67e044ddcc630737986096cc succesfully
2025-03-23 23:29:05,326 pop.CCCL_generator_mixins INFO     mongo_db = CCCLGenerator, topic = CCCL/PURBACHAL/ENM_01 created 67e044e1cc630737986096cd succesfully
2025-03-23 23:29:05,335 pop.CCCL_generator_mixins INFO     mongo_db = TemporaryCCCLGenerator, topic = CCCL/PURBACHAL/ENM_01 created 67e044e1cc630737986096ce succesfully
2025-03-23 23:29:05,341 pop.CCCL_generator_mixins INFO     mongo_db = TodayCCCLGenerator, topic = CCCL/PURBACHAL/ENM_01 created 67e044e1cc630737986096cf succesfully
2025-03-23 23:29:06,755 pop.CCCL_environment_mixins INFO     mongo_db = CCCLEnvironment, topic = CCCL/PURBACHAL/ENV_01 created 67e044e2cc630737986096d0 succesfully
2025-03-23 23:29:06,764 pop.CCCL_environment_mixins INFO     mongo_db = TemporaryCCCLEnvironment, topic = CCCL/PURBACHAL/ENV_01 created 67e044e2cc630737986096d1 succesfully
2025-03-23 23:29:06,769 pop.CCCL_environment_mixins INFO     mongo_db = TodayCCCLEnvironment, topic = CCCL/PURBACHAL/ENV_01 created 67e044e2cc630737986096d2 succesfully
2025-03-23 23:29:37,065 pop.CCCL_environment_mixins INFO     mongo_db = CCCLEnvironment, topic = CCCL/PURBACHAL/ENV_01 created 67e04501cc630737986096d3 succesfully
2025-03-23 23:29:37,074 pop.CCCL_environment_mixins INFO     mongo_db = TemporaryCCCLEnvironment, topic = CCCL/PURBACHAL/ENV_01 created 67e04501cc630737986096d4 succesfully
2025-03-23 23:29:37,079 pop.CCCL_environment_mixins INFO     mongo_db = TodayCCCLEnvironment, topic = CCCL/PURBACHAL/ENV_01 created 67e04501cc630737986096d5 succesfully
2025-03-23 23:30:02,266 pop.CPM_RT_mixins INFO     mongo_db = RTModelCPM, topic = MQTT_RT_DATA created 67e0451acc630737986096d6 succesfully
2025-03-23 23:30:02,273 pop.CPM_RT_mixins INFO     mongo_db = TemporaryRTModelCPM, topic = MQTT_RT_DATA created 67e0451acc630737986096d7 succesfully
2025-03-23 23:30:02,278 pop.CPM_RT_mixins INFO     mongo_db = TodayRTModelCPM, topic = MQTT_RT_DATA created 67e0451acc630737986096d8 succesfully
2025-03-23 23:30:05,331 pop.CCCL_generator_mixins INFO     mongo_db = CCCLGenerator, topic = CCCL/PURBACHAL/ENM_01 created 67e0451dcc630737986096d9 succesfully
2025-03-23 23:30:05,340 pop.CCCL_generator_mixins INFO     mongo_db = TemporaryCCCLGenerator, topic = CCCL/PURBACHAL/ENM_01 created 67e0451dcc630737986096da succesfully
2025-03-23 23:30:05,346 pop.CCCL_generator_mixins INFO     mongo_db = TodayCCCLGenerator, topic = CCCL/PURBACHAL/ENM_01 created 67e0451dcc630737986096db succesfully
2025-03-23 23:30:07,372 pop.CCCL_environment_mixins INFO     mongo_db = CCCLEnvironment, topic = CCCL/PURBACHAL/ENV_01 created 67e0451fcc630737986096dc succesfully
2025-03-23 23:30:07,380 pop.CCCL_environment_mixins INFO     mongo_db = TemporaryCCCLEnvironment, topic = CCCL/PURBACHAL/ENV_01 created 67e0451fcc630737986096dd succesfully
2025-03-23 23:30:07,385 pop.CCCL_environment_mixins INFO     mongo_db = TodayCCCLEnvironment, topic = CCCL/PURBACHAL/ENV_01 created 67e0451fcc630737986096de succesfully
2025-03-23 23:30:31,751 pop.CPM_RT_mixins INFO     mongo_db = RTModelCPM, topic = MQTT_RT_DATA created 67e04537cc630737986096df succesfully
2025-03-23 23:30:31,758 pop.CPM_RT_mixins INFO     mongo_db = TemporaryRTModelCPM, topic = MQTT_RT_DATA created 67e04537cc630737986096e0 succesfully
2025-03-23 23:30:31,764 pop.CPM_RT_mixins INFO     mongo_db = TodayRTModelCPM, topic = MQTT_RT_DATA created 67e04537cc630737986096e1 succesfully
2025-03-23 23:30:37,683 pop.CCCL_environment_mixins INFO     mongo_db = CCCLEnvironment, topic = CCCL/PURBACHAL/ENV_01 created 67e0453dcc630737986096e2 succesfully
2025-03-23 23:30:37,692 pop.CCCL_environment_mixins INFO     mongo_db = TemporaryCCCLEnvironment, topic = CCCL/PURBACHAL/ENV_01 created 67e0453dcc630737986096e3 succesfully
2025-03-23 23:30:37,697 pop.CCCL_environment_mixins INFO     mongo_db = TodayCCCLEnvironment, topic = CCCL/PURBACHAL/ENV_01 created 67e0453dcc630737986096e4 succesfully
2025-03-23 23:31:01,864 pop.CPM_RT_mixins INFO     mongo_db = RTModelCPM, topic = MQTT_RT_DATA created 67e04555cc630737986096e5 succesfully
2025-03-23 23:31:01,870 pop.CPM_RT_mixins INFO     mongo_db = TemporaryRTModelCPM, topic = MQTT_RT_DATA created 67e04555cc630737986096e6 succesfully
2025-03-23 23:31:01,876 pop.CPM_RT_mixins INFO     mongo_db = TodayRTModelCPM, topic = MQTT_RT_DATA created 67e04555cc630737986096e7 succesfully
2025-03-23 23:31:05,333 pop.CCCL_generator_mixins INFO     mongo_db = CCCLGenerator, topic = CCCL/PURBACHAL/ENM_01 created 67e04559cc630737986096e8 succesfully
2025-03-23 23:31:05,340 pop.CCCL_generator_mixins INFO     mongo_db = TemporaryCCCLGenerator, topic = CCCL/PURBACHAL/ENM_01 created 67e04559cc630737986096e9 succesfully
2025-03-23 23:31:05,345 pop.CCCL_generator_mixins INFO     mongo_db = TodayCCCLGenerator, topic = CCCL/PURBACHAL/ENM_01 created 67e04559cc630737986096ea succesfully
2025-03-23 23:31:08,301 pop.CCCL_environment_mixins INFO     mongo_db = CCCLEnvironment, topic = CCCL/PURBACHAL/ENV_01 created 67e0455ccc630737986096eb succesfully
2025-03-23 23:31:08,317 pop.CCCL_environment_mixins INFO     mongo_db = TemporaryCCCLEnvironment, topic = CCCL/PURBACHAL/ENV_01 created 67e0455ccc630737986096ec succesfully
2025-03-23 23:31:08,326 pop.CCCL_environment_mixins INFO     mongo_db = TodayCCCLEnvironment, topic = CCCL/PURBACHAL/ENV_01 created 67e0455ccc630737986096ed succesfully
2025-03-23 23:31:38,547 pop.CCCL_environment_mixins INFO     mongo_db = CCCLEnvironment, topic = CCCL/PURBACHAL/ENV_01 created 67e0457acc630737986096ee succesfully
2025-03-23 23:31:38,556 pop.CCCL_environment_mixins INFO     mongo_db = TemporaryCCCLEnvironment, topic = CCCL/PURBACHAL/ENV_01 created 67e0457acc630737986096ef succesfully
2025-03-23 23:31:38,563 pop.CCCL_environment_mixins INFO     mongo_db = TodayCCCLEnvironment, topic = CCCL/PURBACHAL/ENV_01 created 67e0457acc630737986096f0 succesfully
2025-03-23 23:32:01,970 pop.CPM_RT_mixins INFO     mongo_db = RTModelCPM, topic = MQTT_RT_DATA created 67e04591cc630737986096f1 succesfully
2025-03-23 23:32:01,976 pop.CPM_RT_mixins INFO     mongo_db = TemporaryRTModelCPM, topic = MQTT_RT_DATA created 67e04591cc630737986096f2 succesfully
2025-03-23 23:32:01,982 pop.CPM_RT_mixins INFO     mongo_db = TodayRTModelCPM, topic = MQTT_RT_DATA created 67e04591cc630737986096f3 succesfully
2025-03-23 23:32:05,340 pop.CCCL_generator_mixins INFO     mongo_db = CCCLGenerator, topic = CCCL/PURBACHAL/ENM_01 created 67e04595cc630737986096f4 succesfully
2025-03-23 23:32:05,348 pop.CCCL_generator_mixins INFO     mongo_db = TemporaryCCCLGenerator, topic = CCCL/PURBACHAL/ENM_01 created 67e04595cc630737986096f5 succesfully
2025-03-23 23:32:05,354 pop.CCCL_generator_mixins INFO     mongo_db = TodayCCCLGenerator, topic = CCCL/PURBACHAL/ENM_01 created 67e04595cc630737986096f6 succesfully
2025-03-23 23:32:08,861 pop.CCCL_environment_mixins INFO     mongo_db = CCCLEnvironment, topic = CCCL/PURBACHAL/ENV_01 created 67e04598cc630737986096f7 succesfully
2025-03-23 23:32:08,871 pop.CCCL_environment_mixins INFO     mongo_db = TemporaryCCCLEnvironment, topic = CCCL/PURBACHAL/ENV_01 created 67e04598cc630737986096f8 succesfully
2025-03-23 23:32:08,876 pop.CCCL_environment_mixins INFO     mongo_db = TodayCCCLEnvironment, topic = CCCL/PURBACHAL/ENV_01 created 67e04598cc630737986096f9 succesfully
2025-03-23 23:32:32,996 pop.CPM_RT_mixins INFO     mongo_db = RTModelCPM, topic = MQTT_RT_DATA created 67e045b0cc630737986096fa succesfully
2025-03-23 23:32:33,003 pop.CPM_RT_mixins INFO     mongo_db = TemporaryRTModelCPM, topic = MQTT_RT_DATA created 67e045b1cc630737986096fb succesfully
2025-03-23 23:32:33,010 pop.CPM_RT_mixins INFO     mongo_db = TodayRTModelCPM, topic = MQTT_RT_DATA created 67e045b1cc630737986096fc succesfully
2025-03-23 23:32:39,228 pop.CCCL_environment_mixins INFO     mongo_db = CCCLEnvironment, topic = CCCL/PURBACHAL/ENV_01 created 67e045b7cc630737986096fd succesfully
2025-03-23 23:32:39,234 pop.CCCL_environment_mixins INFO     mongo_db = TemporaryCCCLEnvironment, topic = CCCL/PURBACHAL/ENV_01 created 67e045b7cc630737986096fe succesfully
2025-03-23 23:32:39,238 pop.CCCL_environment_mixins INFO     mongo_db = TodayCCCLEnvironment, topic = CCCL/PURBACHAL/ENV_01 created 67e045b7cc630737986096ff succesfully
2025-03-23 23:33:02,999 pop.CPM_RT_mixins INFO     mongo_db = RTModelCPM, topic = MQTT_RT_DATA created 67e045cecc63073798609700 succesfully
2025-03-23 23:33:03,007 pop.CPM_RT_mixins INFO     mongo_db = TemporaryRTModelCPM, topic = MQTT_RT_DATA created 67e045cfcc63073798609701 succesfully
2025-03-23 23:33:03,015 pop.CPM_RT_mixins INFO     mongo_db = TodayRTModelCPM, topic = MQTT_RT_DATA created 67e045cfcc63073798609702 succesfully
2025-03-23 23:33:05,346 pop.CCCL_generator_mixins INFO     mongo_db = CCCLGenerator, topic = CCCL/PURBACHAL/ENM_01 created 67e045d1cc63073798609703 succesfully
2025-03-23 23:33:05,357 pop.CCCL_generator_mixins INFO     mongo_db = TemporaryCCCLGenerator, topic = CCCL/PURBACHAL/ENM_01 created 67e045d1cc63073798609704 succesfully
2025-03-23 23:33:05,363 pop.CCCL_generator_mixins INFO     mongo_db = TodayCCCLGenerator, topic = CCCL/PURBACHAL/ENM_01 created 67e045d1cc63073798609705 succesfully
2025-03-23 23:33:09,847 pop.CCCL_environment_mixins INFO     mongo_db = CCCLEnvironment, topic = CCCL/PURBACHAL/ENV_01 created 67e045d5cc63073798609706 succesfully
2025-03-23 23:33:09,856 pop.CCCL_environment_mixins INFO     mongo_db = TemporaryCCCLEnvironment, topic = CCCL/PURBACHAL/ENV_01 created 67e045d5cc63073798609707 succesfully
2025-03-23 23:33:09,862 pop.CCCL_environment_mixins INFO     mongo_db = TodayCCCLEnvironment, topic = CCCL/PURBACHAL/ENV_01 created 67e045d5cc63073798609708 succesfully
2025-03-23 23:33:33,409 pop.CPM_RT_mixins INFO     mongo_db = RTModelCPM, topic = MQTT_RT_DATA created 67e045edcc63073798609709 succesfully
2025-03-23 23:33:33,415 pop.CPM_RT_mixins INFO     mongo_db = TemporaryRTModelCPM, topic = MQTT_RT_DATA created 67e045edcc6307379860970a succesfully
2025-03-23 23:33:33,423 pop.CPM_RT_mixins INFO     mongo_db = TodayRTModelCPM, topic = MQTT_RT_DATA created 67e045edcc6307379860970b succesfully
2025-03-23 23:33:40,166 pop.CCCL_environment_mixins INFO     mongo_db = CCCLEnvironment, topic = CCCL/PURBACHAL/ENV_01 created 67e045f4cc6307379860970c succesfully
2025-03-23 23:33:40,176 pop.CCCL_environment_mixins INFO     mongo_db = TemporaryCCCLEnvironment, topic = CCCL/PURBACHAL/ENV_01 created 67e045f4cc6307379860970d succesfully
2025-03-23 23:33:40,181 pop.CCCL_environment_mixins INFO     mongo_db = TodayCCCLEnvironment, topic = CCCL/PURBACHAL/ENV_01 created 67e045f4cc6307379860970e succesfully
2025-03-23 23:34:01,980 pop.CPM_RT_mixins INFO     mongo_db = RTModelCPM, topic = MQTT_RT_DATA created 67e04609cc6307379860970f succesfully
2025-03-23 23:34:01,986 pop.CPM_RT_mixins INFO     mongo_db = TemporaryRTModelCPM, topic = MQTT_RT_DATA created 67e04609cc63073798609710 succesfully
2025-03-23 23:34:01,992 pop.CPM_RT_mixins INFO     mongo_db = TodayRTModelCPM, topic = MQTT_RT_DATA created 67e04609cc63073798609711 succesfully
2025-03-23 23:34:05,266 pop.CCCL_generator_mixins INFO     mongo_db = CCCLGenerator, topic = CCCL/PURBACHAL/ENM_01 created 67e0460dcc63073798609712 succesfully
2025-03-23 23:34:05,276 pop.CCCL_generator_mixins INFO     mongo_db = TemporaryCCCLGenerator, topic = CCCL/PURBACHAL/ENM_01 created 67e0460dcc63073798609713 succesfully
2025-03-23 23:34:05,282 pop.CCCL_generator_mixins INFO     mongo_db = TodayCCCLGenerator, topic = CCCL/PURBACHAL/ENM_01 created 67e0460dcc63073798609714 succesfully
2025-03-23 23:34:10,467 pop.CCCL_environment_mixins INFO     mongo_db = CCCLEnvironment, topic = CCCL/PURBACHAL/ENV_01 created 67e04612cc63073798609715 succesfully
2025-03-23 23:34:10,480 pop.CCCL_environment_mixins INFO     mongo_db = TemporaryCCCLEnvironment, topic = CCCL/PURBACHAL/ENV_01 created 67e04612cc63073798609716 succesfully
2025-03-23 23:34:10,495 pop.CCCL_environment_mixins INFO     mongo_db = TodayCCCLEnvironment, topic = CCCL/PURBACHAL/ENV_01 created 67e04612cc63073798609717 succesfully
2025-03-23 23:34:31,983 pop.CPM_RT_mixins INFO     mongo_db = RTModelCPM, topic = MQTT_RT_DATA created 67e04627cc63073798609718 succesfully
2025-03-23 23:34:31,989 pop.CPM_RT_mixins INFO     mongo_db = TemporaryRTModelCPM, topic = MQTT_RT_DATA created 67e04627cc63073798609719 succesfully
2025-03-23 23:34:31,995 pop.CPM_RT_mixins INFO     mongo_db = TodayRTModelCPM, topic = MQTT_RT_DATA created 67e04627cc6307379860971a succesfully
2025-03-23 23:34:40,781 pop.CCCL_environment_mixins INFO     mongo_db = CCCLEnvironment, topic = CCCL/PURBACHAL/ENV_01 created 67e04630cc6307379860971b succesfully
2025-03-23 23:34:40,789 pop.CCCL_environment_mixins INFO     mongo_db = TemporaryCCCLEnvironment, topic = CCCL/PURBACHAL/ENV_01 created 67e04630cc6307379860971c succesfully
2025-03-23 23:34:40,796 pop.CCCL_environment_mixins INFO     mongo_db = TodayCCCLEnvironment, topic = CCCL/PURBACHAL/ENV_01 created 67e04630cc6307379860971d succesfully
2025-03-23 23:35:03,009 pop.CPM_RT_mixins INFO     mongo_db = RTModelCPM, topic = MQTT_RT_DATA created 67e04647cc6307379860971e succesfully
2025-03-23 23:35:03,016 pop.CPM_RT_mixins INFO     mongo_db = TemporaryRTModelCPM, topic = MQTT_RT_DATA created 67e04647cc6307379860971f succesfully
2025-03-23 23:35:03,022 pop.CPM_RT_mixins INFO     mongo_db = TodayRTModelCPM, topic = MQTT_RT_DATA created 67e04647cc63073798609720 succesfully
2025-03-23 23:35:05,254 pop.CCCL_generator_mixins INFO     mongo_db = CCCLGenerator, topic = CCCL/PURBACHAL/ENM_01 created 67e04649cc63073798609721 succesfully
2025-03-23 23:35:05,263 pop.CCCL_generator_mixins INFO     mongo_db = TemporaryCCCLGenerator, topic = CCCL/PURBACHAL/ENM_01 created 67e04649cc63073798609722 succesfully
2025-03-23 23:35:05,272 pop.CCCL_generator_mixins INFO     mongo_db = TodayCCCLGenerator, topic = CCCL/PURBACHAL/ENM_01 created 67e04649cc63073798609723 succesfully
2025-03-23 23:35:11,030 pop.CCCL_environment_mixins INFO     mongo_db = CCCLEnvironment, topic = CCCL/PURBACHAL/ENV_01 created 67e0464fcc63073798609724 succesfully
2025-03-23 23:35:11,037 pop.CCCL_environment_mixins INFO     mongo_db = TemporaryCCCLEnvironment, topic = CCCL/PURBACHAL/ENV_01 created 67e0464fcc63073798609725 succesfully
2025-03-23 23:35:11,042 pop.CCCL_environment_mixins INFO     mongo_db = TodayCCCLEnvironment, topic = CCCL/PURBACHAL/ENV_01 created 67e0464fcc63073798609726 succesfully
2025-03-23 23:35:31,941 pop.CPM_RT_mixins INFO     mongo_db = RTModelCPM, topic = MQTT_RT_DATA created 67e04663cc63073798609727 succesfully
2025-03-23 23:35:31,947 pop.CPM_RT_mixins INFO     mongo_db = TemporaryRTModelCPM, topic = MQTT_RT_DATA created 67e04663cc63073798609728 succesfully
2025-03-23 23:35:31,953 pop.CPM_RT_mixins INFO     mongo_db = TodayRTModelCPM, topic = MQTT_RT_DATA created 67e04663cc63073798609729 succesfully
2025-03-23 23:35:41,401 pop.CCCL_environment_mixins INFO     mongo_db = CCCLEnvironment, topic = CCCL/PURBACHAL/ENV_01 created 67e0466dcc6307379860972a succesfully
2025-03-23 23:35:41,414 pop.CCCL_environment_mixins INFO     mongo_db = TemporaryCCCLEnvironment, topic = CCCL/PURBACHAL/ENV_01 created 67e0466dcc6307379860972b succesfully
2025-03-23 23:35:41,422 pop.CCCL_environment_mixins INFO     mongo_db = TodayCCCLEnvironment, topic = CCCL/PURBACHAL/ENV_01 created 67e0466dcc6307379860972c succesfully
2025-03-23 23:36:01,989 pop.CPM_RT_mixins INFO     mongo_db = RTModelCPM, topic = MQTT_RT_DATA created 67e04681cc6307379860972d succesfully
2025-03-23 23:36:01,996 pop.CPM_RT_mixins INFO     mongo_db = TemporaryRTModelCPM, topic = MQTT_RT_DATA created 67e04681cc6307379860972e succesfully
2025-03-23 23:36:02,003 pop.CPM_RT_mixins INFO     mongo_db = TodayRTModelCPM, topic = MQTT_RT_DATA created 67e04682cc6307379860972f succesfully
2025-03-23 23:36:05,278 pop.CCCL_generator_mixins INFO     mongo_db = CCCLGenerator, topic = CCCL/PURBACHAL/ENM_01 created 67e04685cc63073798609730 succesfully
2025-03-23 23:36:05,296 pop.CCCL_generator_mixins INFO     mongo_db = TemporaryCCCLGenerator, topic = CCCL/PURBACHAL/ENM_01 created 67e04685cc63073798609731 succesfully
2025-03-23 23:36:05,308 pop.CCCL_generator_mixins INFO     mongo_db = TodayCCCLGenerator, topic = CCCL/PURBACHAL/ENM_01 created 67e04685cc63073798609732 succesfully
2025-03-23 23:36:11,810 pop.CCCL_environment_mixins INFO     mongo_db = CCCLEnvironment, topic = CCCL/PURBACHAL/ENV_01 created 67e0468bcc63073798609733 succesfully
2025-03-23 23:36:11,823 pop.CCCL_environment_mixins INFO     mongo_db = TemporaryCCCLEnvironment, topic = CCCL/PURBACHAL/ENV_01 created 67e0468bcc63073798609734 succesfully
2025-03-23 23:36:11,833 pop.CCCL_environment_mixins INFO     mongo_db = TodayCCCLEnvironment, topic = CCCL/PURBACHAL/ENV_01 created 67e0468bcc63073798609735 succesfully
2025-03-23 23:36:31,991 pop.CPM_RT_mixins INFO     mongo_db = RTModelCPM, topic = MQTT_RT_DATA created 67e0469fcc63073798609736 succesfully
2025-03-23 23:36:32,000 pop.CPM_RT_mixins INFO     mongo_db = TemporaryRTModelCPM, topic = MQTT_RT_DATA created 67e0469fcc63073798609737 succesfully
2025-03-23 23:36:32,008 pop.CPM_RT_mixins INFO     mongo_db = TodayRTModelCPM, topic = MQTT_RT_DATA created 67e046a0cc63073798609738 succesfully
2025-03-23 23:36:42,129 pop.CCCL_environment_mixins INFO     mongo_db = CCCLEnvironment, topic = CCCL/PURBACHAL/ENV_01 created 67e046aacc63073798609739 succesfully
2025-03-23 23:36:42,138 pop.CCCL_environment_mixins INFO     mongo_db = TemporaryCCCLEnvironment, topic = CCCL/PURBACHAL/ENV_01 created 67e046aacc6307379860973a succesfully
2025-03-23 23:36:42,144 pop.CCCL_environment_mixins INFO     mongo_db = TodayCCCLEnvironment, topic = CCCL/PURBACHAL/ENV_01 created 67e046aacc6307379860973b succesfully
2025-03-23 23:37:01,995 pop.CPM_RT_mixins INFO     mongo_db = RTModelCPM, topic = MQTT_RT_DATA created 67e046bdcc6307379860973c succesfully
2025-03-23 23:37:02,002 pop.CPM_RT_mixins INFO     mongo_db = TemporaryRTModelCPM, topic = MQTT_RT_DATA created 67e046becc6307379860973d succesfully
2025-03-23 23:37:02,008 pop.CPM_RT_mixins INFO     mongo_db = TodayRTModelCPM, topic = MQTT_RT_DATA created 67e046becc6307379860973e succesfully
2025-03-23 23:37:05,263 pop.CCCL_generator_mixins INFO     mongo_db = CCCLGenerator, topic = CCCL/PURBACHAL/ENM_01 created 67e046c1cc6307379860973f succesfully
2025-03-23 23:37:05,272 pop.CCCL_generator_mixins INFO     mongo_db = TemporaryCCCLGenerator, topic = CCCL/PURBACHAL/ENM_01 created 67e046c1cc63073798609740 succesfully
2025-03-23 23:37:05,277 pop.CCCL_generator_mixins INFO     mongo_db = TodayCCCLGenerator, topic = CCCL/PURBACHAL/ENM_01 created 67e046c1cc63073798609741 succesfully
2025-03-23 23:37:12,428 pop.CCCL_environment_mixins INFO     mongo_db = CCCLEnvironment, topic = CCCL/PURBACHAL/ENV_01 created 67e046c8cc63073798609742 succesfully
2025-03-23 23:37:12,440 pop.CCCL_environment_mixins INFO     mongo_db = TemporaryCCCLEnvironment, topic = CCCL/PURBACHAL/ENV_01 created 67e046c8cc63073798609743 succesfully
2025-03-23 23:37:12,448 pop.CCCL_environment_mixins INFO     mongo_db = TodayCCCLEnvironment, topic = CCCL/PURBACHAL/ENV_01 created 67e046c8cc63073798609744 succesfully
2025-03-23 23:37:33,018 pop.CPM_RT_mixins INFO     mongo_db = RTModelCPM, topic = MQTT_RT_DATA created 67e046ddcc63073798609745 succesfully
2025-03-23 23:37:33,024 pop.CPM_RT_mixins INFO     mongo_db = TemporaryRTModelCPM, topic = MQTT_RT_DATA created 67e046ddcc63073798609746 succesfully
2025-03-23 23:37:33,030 pop.CPM_RT_mixins INFO     mongo_db = TodayRTModelCPM, topic = MQTT_RT_DATA created 67e046ddcc63073798609747 succesfully
2025-03-23 23:37:42,748 pop.CCCL_environment_mixins INFO     mongo_db = CCCLEnvironment, topic = CCCL/PURBACHAL/ENV_01 created 67e046e6cc63073798609748 succesfully
2025-03-23 23:37:42,757 pop.CCCL_environment_mixins INFO     mongo_db = TemporaryCCCLEnvironment, topic = CCCL/PURBACHAL/ENV_01 created 67e046e6cc63073798609749 succesfully
2025-03-23 23:37:42,764 pop.CCCL_environment_mixins INFO     mongo_db = TodayCCCLEnvironment, topic = CCCL/PURBACHAL/ENV_01 created 67e046e6cc6307379860974a succesfully
2025-03-23 23:38:03,229 pop.CPM_RT_mixins INFO     mongo_db = RTModelCPM, topic = MQTT_RT_DATA created 67e046fbcc6307379860974b succesfully
2025-03-23 23:38:03,238 pop.CPM_RT_mixins INFO     mongo_db = TemporaryRTModelCPM, topic = MQTT_RT_DATA created 67e046fbcc6307379860974c succesfully
2025-03-23 23:38:03,246 pop.CPM_RT_mixins INFO     mongo_db = TodayRTModelCPM, topic = MQTT_RT_DATA created 67e046fbcc6307379860974d succesfully
2025-03-23 23:38:05,272 pop.CCCL_generator_mixins INFO     mongo_db = CCCLGenerator, topic = CCCL/PURBACHAL/ENM_01 created 67e046fdcc6307379860974e succesfully
2025-03-23 23:38:05,282 pop.CCCL_generator_mixins INFO     mongo_db = TemporaryCCCLGenerator, topic = CCCL/PURBACHAL/ENM_01 created 67e046fdcc6307379860974f succesfully
2025-03-23 23:38:05,289 pop.CCCL_generator_mixins INFO     mongo_db = TodayCCCLGenerator, topic = CCCL/PURBACHAL/ENM_01 created 67e046fdcc63073798609750 succesfully
2025-03-23 23:38:13,080 pop.CCCL_environment_mixins INFO     mongo_db = CCCLEnvironment, topic = CCCL/PURBACHAL/ENV_01 created 67e04705cc63073798609751 succesfully
2025-03-23 23:38:13,092 pop.CCCL_environment_mixins INFO     mongo_db = TemporaryCCCLEnvironment, topic = CCCL/PURBACHAL/ENV_01 created 67e04705cc63073798609752 succesfully
2025-03-23 23:38:13,099 pop.CCCL_environment_mixins INFO     mongo_db = TodayCCCLEnvironment, topic = CCCL/PURBACHAL/ENV_01 created 67e04705cc63073798609753 succesfully
2025-03-23 23:38:32,718 pop.CPM_RT_mixins INFO     mongo_db = RTModelCPM, topic = MQTT_RT_DATA created 67e04718cc63073798609754 succesfully
2025-03-23 23:38:32,725 pop.CPM_RT_mixins INFO     mongo_db = TemporaryRTModelCPM, topic = MQTT_RT_DATA created 67e04718cc63073798609755 succesfully
2025-03-23 23:38:32,731 pop.CPM_RT_mixins INFO     mongo_db = TodayRTModelCPM, topic = MQTT_RT_DATA created 67e04718cc63073798609756 succesfully
2025-03-23 23:38:43,368 pop.CCCL_environment_mixins INFO     mongo_db = CCCLEnvironment, topic = CCCL/PURBACHAL/ENV_01 created 67e04723cc63073798609757 succesfully
2025-03-23 23:38:43,378 pop.CCCL_environment_mixins INFO     mongo_db = TemporaryCCCLEnvironment, topic = CCCL/PURBACHAL/ENV_01 created 67e04723cc63073798609758 succesfully
2025-03-23 23:38:43,391 pop.CCCL_environment_mixins INFO     mongo_db = TodayCCCLEnvironment, topic = CCCL/PURBACHAL/ENV_01 created 67e04723cc63073798609759 succesfully
2025-03-23 23:39:01,701 pop.CPM_RT_mixins INFO     mongo_db = RTModelCPM, topic = MQTT_RT_DATA created 67e04735cc6307379860975a succesfully
2025-03-23 23:39:01,707 pop.CPM_RT_mixins INFO     mongo_db = TemporaryRTModelCPM, topic = MQTT_RT_DATA created 67e04735cc6307379860975b succesfully
2025-03-23 23:39:01,714 pop.CPM_RT_mixins INFO     mongo_db = TodayRTModelCPM, topic = MQTT_RT_DATA created 67e04735cc6307379860975c succesfully
2025-03-23 23:39:05,289 pop.CCCL_generator_mixins INFO     mongo_db = CCCLGenerator, topic = CCCL/PURBACHAL/ENM_01 created 67e04739cc6307379860975d succesfully
2025-03-23 23:39:05,305 pop.CCCL_generator_mixins INFO     mongo_db = TemporaryCCCLGenerator, topic = CCCL/PURBACHAL/ENM_01 created 67e04739cc6307379860975e succesfully
2025-03-23 23:39:05,317 pop.CCCL_generator_mixins INFO     mongo_db = TodayCCCLGenerator, topic = CCCL/PURBACHAL/ENM_01 created 67e04739cc6307379860975f succesfully
2025-03-23 23:39:08,452 pop.CPM_ENY_NOW_mongo_mixins INFO     mongo_db = EnyNowDataModelCPM, topic = MQTT_ENY_NOW created 67e0473ccc63073798609760 succesfully
2025-03-23 23:39:08,481 pop.CPM_ENY_NOW_mongo_mixins INFO     mongo_db = TemporaryEnyNowDataModelCPM, topic = MQTT_ENY_NOW created 67e0473ccc63073798609761 succesfully
2025-03-23 23:39:08,495 pop.CPM_ENY_NOW_mongo_mixins INFO     mongo_db = TodayEnyNowDataModelCPM, topic = MQTT_ENY_NOW created 67e0473ccc63073798609762 succesfully
2025-03-23 23:39:08,512 pop.CPM_ENY_NOW_mongo_mixins INFO     mongo_db = Last7DaysEnyNowDataModelCPM, topic = MQTT_ENY_NOW created 67e0473ccc63073798609763 succesfully
2025-03-23 23:39:13,671 pop.CCCL_environment_mixins INFO     mongo_db = CCCLEnvironment, topic = CCCL/PURBACHAL/ENV_01 created 67e04741cc63073798609764 succesfully
2025-03-23 23:39:13,692 pop.CCCL_environment_mixins INFO     mongo_db = TemporaryCCCLEnvironment, topic = CCCL/PURBACHAL/ENV_01 created 67e04741cc63073798609765 succesfully
2025-03-23 23:39:13,708 pop.CCCL_environment_mixins INFO     mongo_db = TodayCCCLEnvironment, topic = CCCL/PURBACHAL/ENV_01 created 67e04741cc63073798609766 succesfully
2025-03-23 23:39:43,937 pop.CCCL_environment_mixins INFO     mongo_db = CCCLEnvironment, topic = CCCL/PURBACHAL/ENV_01 created 67e0475fcc63073798609767 succesfully
2025-03-23 23:39:43,957 pop.CCCL_environment_mixins INFO     mongo_db = TemporaryCCCLEnvironment, topic = CCCL/PURBACHAL/ENV_01 created 67e0475fcc63073798609768 succesfully
2025-03-23 23:39:43,972 pop.CCCL_environment_mixins INFO     mongo_db = TodayCCCLEnvironment, topic = CCCL/PURBACHAL/ENV_01 created 67e0475fcc63073798609769 succesfully
2025-03-23 23:40:03,131 pop.CPM_RT_mixins INFO     mongo_db = RTModelCPM, topic = MQTT_RT_DATA created 67e04773cc6307379860976a succesfully
2025-03-23 23:40:03,139 pop.CPM_RT_mixins INFO     mongo_db = TemporaryRTModelCPM, topic = MQTT_RT_DATA created 67e04773cc6307379860976b succesfully
2025-03-23 23:40:03,146 pop.CPM_RT_mixins INFO     mongo_db = TodayRTModelCPM, topic = MQTT_RT_DATA created 67e04773cc6307379860976c succesfully
2025-03-23 23:40:05,216 pop.CCCL_generator_mixins INFO     mongo_db = CCCLGenerator, topic = CCCL/PURBACHAL/ENM_01 created 67e04775cc6307379860976d succesfully
2025-03-23 23:40:05,224 pop.CCCL_generator_mixins INFO     mongo_db = TemporaryCCCLGenerator, topic = CCCL/PURBACHAL/ENM_01 created 67e04775cc6307379860976e succesfully
2025-03-23 23:40:05,230 pop.CCCL_generator_mixins INFO     mongo_db = TodayCCCLGenerator, topic = CCCL/PURBACHAL/ENM_01 created 67e04775cc6307379860976f succesfully
2025-03-23 23:40:14,286 pop.CCCL_environment_mixins INFO     mongo_db = CCCLEnvironment, topic = CCCL/PURBACHAL/ENV_01 created 67e0477ecc63073798609770 succesfully
2025-03-23 23:40:14,294 pop.CCCL_environment_mixins INFO     mongo_db = TemporaryCCCLEnvironment, topic = CCCL/PURBACHAL/ENV_01 created 67e0477ecc63073798609771 succesfully
2025-03-23 23:40:14,299 pop.CCCL_environment_mixins INFO     mongo_db = TodayCCCLEnvironment, topic = CCCL/PURBACHAL/ENV_01 created 67e0477ecc63073798609772 succesfully
2025-03-23 23:40:33,026 pop.CPM_RT_mixins INFO     mongo_db = RTModelCPM, topic = MQTT_RT_DATA created 67e04791cc63073798609773 succesfully
2025-03-23 23:40:33,034 pop.CPM_RT_mixins INFO     mongo_db = TemporaryRTModelCPM, topic = MQTT_RT_DATA created 67e04791cc63073798609774 succesfully
2025-03-23 23:40:33,041 pop.CPM_RT_mixins INFO     mongo_db = TodayRTModelCPM, topic = MQTT_RT_DATA created 67e04791cc63073798609775 succesfully
2025-03-23 23:40:44,596 pop.CCCL_environment_mixins INFO     mongo_db = CCCLEnvironment, topic = CCCL/PURBACHAL/ENV_01 created 67e0479ccc63073798609776 succesfully
2025-03-23 23:40:44,604 pop.CCCL_environment_mixins INFO     mongo_db = TemporaryCCCLEnvironment, topic = CCCL/PURBACHAL/ENV_01 created 67e0479ccc63073798609777 succesfully
2025-03-23 23:40:44,610 pop.CCCL_environment_mixins INFO     mongo_db = TodayCCCLEnvironment, topic = CCCL/PURBACHAL/ENV_01 created 67e0479ccc63073798609778 succesfully
2025-03-23 23:41:02,021 pop.CPM_RT_mixins INFO     mongo_db = RTModelCPM, topic = MQTT_RT_DATA created 67e047aecc63073798609779 succesfully
2025-03-23 23:41:02,029 pop.CPM_RT_mixins INFO     mongo_db = TemporaryRTModelCPM, topic = MQTT_RT_DATA created 67e047aecc6307379860977a succesfully
2025-03-23 23:41:02,037 pop.CPM_RT_mixins INFO     mongo_db = TodayRTModelCPM, topic = MQTT_RT_DATA created 67e047aecc6307379860977b succesfully
2025-03-23 23:41:05,201 pop.CCCL_generator_mixins INFO     mongo_db = CCCLGenerator, topic = CCCL/PURBACHAL/ENM_01 created 67e047b1cc6307379860977c succesfully
2025-03-23 23:41:05,211 pop.CCCL_generator_mixins INFO     mongo_db = TemporaryCCCLGenerator, topic = CCCL/PURBACHAL/ENM_01 created 67e047b1cc6307379860977d succesfully
2025-03-23 23:41:05,217 pop.CCCL_generator_mixins INFO     mongo_db = TodayCCCLGenerator, topic = CCCL/PURBACHAL/ENM_01 created 67e047b1cc6307379860977e succesfully
2025-03-23 23:41:14,850 pop.CCCL_environment_mixins INFO     mongo_db = CCCLEnvironment, topic = CCCL/PURBACHAL/ENV_01 created 67e047bacc6307379860977f succesfully
2025-03-23 23:41:14,856 pop.CCCL_environment_mixins INFO     mongo_db = TemporaryCCCLEnvironment, topic = CCCL/PURBACHAL/ENV_01 created 67e047bacc63073798609780 succesfully
2025-03-23 23:41:14,861 pop.CCCL_environment_mixins INFO     mongo_db = TodayCCCLEnvironment, topic = CCCL/PURBACHAL/ENV_01 created 67e047bacc63073798609781 succesfully
2025-03-23 23:41:31,907 pop.CPM_RT_mixins INFO     mongo_db = RTModelCPM, topic = MQTT_RT_DATA created 67e047cbcc63073798609782 succesfully
2025-03-23 23:41:31,913 pop.CPM_RT_mixins INFO     mongo_db = TemporaryRTModelCPM, topic = MQTT_RT_DATA created 67e047cbcc63073798609783 succesfully
2025-03-23 23:41:31,920 pop.CPM_RT_mixins INFO     mongo_db = TodayRTModelCPM, topic = MQTT_RT_DATA created 67e047cbcc63073798609784 succesfully
2025-03-23 23:41:45,163 pop.CCCL_environment_mixins INFO     mongo_db = CCCLEnvironment, topic = CCCL/PURBACHAL/ENV_01 created 67e047d9cc63073798609785 succesfully
2025-03-23 23:41:45,175 pop.CCCL_environment_mixins INFO     mongo_db = TemporaryCCCLEnvironment, topic = CCCL/PURBACHAL/ENV_01 created 67e047d9cc63073798609786 succesfully
2025-03-23 23:41:45,182 pop.CCCL_environment_mixins INFO     mongo_db = TodayCCCLEnvironment, topic = CCCL/PURBACHAL/ENV_01 created 67e047d9cc63073798609787 succesfully
2025-03-23 23:42:03,240 pop.CPM_RT_mixins INFO     mongo_db = RTModelCPM, topic = MQTT_RT_DATA created 67e047ebcc63073798609788 succesfully
2025-03-23 23:42:03,246 pop.CPM_RT_mixins INFO     mongo_db = TemporaryRTModelCPM, topic = MQTT_RT_DATA created 67e047ebcc63073798609789 succesfully
2025-03-23 23:42:03,252 pop.CPM_RT_mixins INFO     mongo_db = TodayRTModelCPM, topic = MQTT_RT_DATA created 67e047ebcc6307379860978a succesfully
2025-03-23 23:42:05,285 pop.CCCL_generator_mixins INFO     mongo_db = CCCLGenerator, topic = CCCL/PURBACHAL/ENM_01 created 67e047edcc6307379860978b succesfully
2025-03-23 23:42:05,306 pop.CCCL_generator_mixins INFO     mongo_db = TemporaryCCCLGenerator, topic = CCCL/PURBACHAL/ENM_01 created 67e047edcc6307379860978c succesfully
2025-03-23 23:42:05,328 pop.CCCL_generator_mixins INFO     mongo_db = TodayCCCLGenerator, topic = CCCL/PURBACHAL/ENM_01 created 67e047edcc6307379860978d succesfully
2025-03-23 23:42:15,619 pop.CCCL_environment_mixins INFO     mongo_db = CCCLEnvironment, topic = CCCL/PURBACHAL/ENV_01 created 67e047f7cc6307379860978e succesfully
2025-03-23 23:42:15,627 pop.CCCL_environment_mixins INFO     mongo_db = TemporaryCCCLEnvironment, topic = CCCL/PURBACHAL/ENV_01 created 67e047f7cc6307379860978f succesfully
2025-03-23 23:42:15,632 pop.CCCL_environment_mixins INFO     mongo_db = TodayCCCLEnvironment, topic = CCCL/PURBACHAL/ENV_01 created 67e047f7cc63073798609790 succesfully
2025-03-23 23:42:45,927 pop.CCCL_environment_mixins INFO     mongo_db = CCCLEnvironment, topic = CCCL/PURBACHAL/ENV_01 created 67e04815cc63073798609791 succesfully
2025-03-23 23:42:45,935 pop.CCCL_environment_mixins INFO     mongo_db = TemporaryCCCLEnvironment, topic = CCCL/PURBACHAL/ENV_01 created 67e04815cc63073798609792 succesfully
2025-03-23 23:42:45,940 pop.CCCL_environment_mixins INFO     mongo_db = TodayCCCLEnvironment, topic = CCCL/PURBACHAL/ENV_01 created 67e04815cc63073798609793 succesfully
2025-03-23 23:43:01,615 pop.CPM_RT_mixins INFO     mongo_db = RTModelCPM, topic = MQTT_RT_DATA created 67e04825cc63073798609794 succesfully
2025-03-23 23:43:01,623 pop.CPM_RT_mixins INFO     mongo_db = TemporaryRTModelCPM, topic = MQTT_RT_DATA created 67e04825cc63073798609795 succesfully
2025-03-23 23:43:01,630 pop.CPM_RT_mixins INFO     mongo_db = TodayRTModelCPM, topic = MQTT_RT_DATA created 67e04825cc63073798609796 succesfully
2025-03-23 23:43:05,292 pop.CCCL_generator_mixins INFO     mongo_db = CCCLGenerator, topic = CCCL/PURBACHAL/ENM_01 created 67e04829cc63073798609797 succesfully
2025-03-23 23:43:05,299 pop.CCCL_generator_mixins INFO     mongo_db = TemporaryCCCLGenerator, topic = CCCL/PURBACHAL/ENM_01 created 67e04829cc63073798609798 succesfully
2025-03-23 23:43:05,305 pop.CCCL_generator_mixins INFO     mongo_db = TodayCCCLGenerator, topic = CCCL/PURBACHAL/ENM_01 created 67e04829cc63073798609799 succesfully
2025-03-23 23:43:16,209 pop.CCCL_environment_mixins INFO     mongo_db = CCCLEnvironment, topic = CCCL/PURBACHAL/ENV_01 created 67e04834cc6307379860979a succesfully
2025-03-23 23:43:16,223 pop.CCCL_environment_mixins INFO     mongo_db = TemporaryCCCLEnvironment, topic = CCCL/PURBACHAL/ENV_01 created 67e04834cc6307379860979b succesfully
2025-03-23 23:43:16,237 pop.CCCL_environment_mixins INFO     mongo_db = TodayCCCLEnvironment, topic = CCCL/PURBACHAL/ENV_01 created 67e04834cc6307379860979c succesfully
2025-03-23 23:43:32,131 pop.CPM_RT_mixins INFO     mongo_db = RTModelCPM, topic = MQTT_RT_DATA created 67e04844cc6307379860979d succesfully
2025-03-23 23:43:32,138 pop.CPM_RT_mixins INFO     mongo_db = TemporaryRTModelCPM, topic = MQTT_RT_DATA created 67e04844cc6307379860979e succesfully
2025-03-23 23:43:32,144 pop.CPM_RT_mixins INFO     mongo_db = TodayRTModelCPM, topic = MQTT_RT_DATA created 67e04844cc6307379860979f succesfully
2025-03-23 23:43:46,639 pop.CCCL_environment_mixins INFO     mongo_db = CCCLEnvironment, topic = CCCL/PURBACHAL/ENV_01 created 67e04852cc630737986097a0 succesfully
2025-03-23 23:43:46,651 pop.CCCL_environment_mixins INFO     mongo_db = TemporaryCCCLEnvironment, topic = CCCL/PURBACHAL/ENV_01 created 67e04852cc630737986097a1 succesfully
2025-03-23 23:43:46,658 pop.CCCL_environment_mixins INFO     mongo_db = TodayCCCLEnvironment, topic = CCCL/PURBACHAL/ENV_01 created 67e04852cc630737986097a2 succesfully
2025-03-23 23:44:03,154 pop.CPM_RT_mixins INFO     mongo_db = RTModelCPM, topic = MQTT_RT_DATA created 67e04863cc630737986097a3 succesfully
2025-03-23 23:44:03,161 pop.CPM_RT_mixins INFO     mongo_db = TemporaryRTModelCPM, topic = MQTT_RT_DATA created 67e04863cc630737986097a4 succesfully
2025-03-23 23:44:03,167 pop.CPM_RT_mixins INFO     mongo_db = TodayRTModelCPM, topic = MQTT_RT_DATA created 67e04863cc630737986097a5 succesfully
2025-03-23 23:44:05,300 pop.CCCL_generator_mixins INFO     mongo_db = CCCLGenerator, topic = CCCL/PURBACHAL/ENM_01 created 67e04865cc630737986097a6 succesfully
2025-03-23 23:44:05,307 pop.CCCL_generator_mixins INFO     mongo_db = TemporaryCCCLGenerator, topic = CCCL/PURBACHAL/ENM_01 created 67e04865cc630737986097a7 succesfully
2025-03-23 23:44:05,314 pop.CCCL_generator_mixins INFO     mongo_db = TodayCCCLGenerator, topic = CCCL/PURBACHAL/ENM_01 created 67e04865cc630737986097a8 succesfully
2025-03-23 23:44:16,966 pop.CCCL_environment_mixins INFO     mongo_db = CCCLEnvironment, topic = CCCL/PURBACHAL/ENV_01 created 67e04870cc630737986097a9 succesfully
2025-03-23 23:44:16,976 pop.CCCL_environment_mixins INFO     mongo_db = TemporaryCCCLEnvironment, topic = CCCL/PURBACHAL/ENV_01 created 67e04870cc630737986097aa succesfully
2025-03-23 23:44:16,981 pop.CCCL_environment_mixins INFO     mongo_db = TodayCCCLEnvironment, topic = CCCL/PURBACHAL/ENV_01 created 67e04870cc630737986097ab succesfully
2025-03-23 23:44:47,275 pop.CCCL_environment_mixins INFO     mongo_db = CCCLEnvironment, topic = CCCL/PURBACHAL/ENV_01 created 67e0488fcc630737986097ac succesfully
2025-03-23 23:44:47,285 pop.CCCL_environment_mixins INFO     mongo_db = TemporaryCCCLEnvironment, topic = CCCL/PURBACHAL/ENV_01 created 67e0488fcc630737986097ad succesfully
2025-03-23 23:44:47,290 pop.CCCL_environment_mixins INFO     mongo_db = TodayCCCLEnvironment, topic = CCCL/PURBACHAL/ENV_01 created 67e0488fcc630737986097ae succesfully
2025-03-23 23:45:02,858 pop.CPM_RT_mixins INFO     mongo_db = RTModelCPM, topic = MQTT_RT_DATA created 67e0489ecc630737986097af succesfully
2025-03-23 23:45:02,866 pop.CPM_RT_mixins INFO     mongo_db = TemporaryRTModelCPM, topic = MQTT_RT_DATA created 67e0489ecc630737986097b0 succesfully
2025-03-23 23:45:02,872 pop.CPM_RT_mixins INFO     mongo_db = TodayRTModelCPM, topic = MQTT_RT_DATA created 67e0489ecc630737986097b1 succesfully
2025-03-23 23:45:05,301 pop.CCCL_generator_mixins INFO     mongo_db = CCCLGenerator, topic = CCCL/PURBACHAL/ENM_01 created 67e048a1cc630737986097b2 succesfully
2025-03-23 23:45:05,309 pop.CCCL_generator_mixins INFO     mongo_db = TemporaryCCCLGenerator, topic = CCCL/PURBACHAL/ENM_01 created 67e048a1cc630737986097b3 succesfully
2025-03-23 23:45:05,315 pop.CCCL_generator_mixins INFO     mongo_db = TodayCCCLGenerator, topic = CCCL/PURBACHAL/ENM_01 created 67e048a1cc630737986097b4 succesfully
2025-03-23 23:45:17,535 pop.CCCL_environment_mixins INFO     mongo_db = CCCLEnvironment, topic = CCCL/PURBACHAL/ENV_01 created 67e048adcc630737986097b5 succesfully
2025-03-23 23:45:17,542 pop.CCCL_environment_mixins INFO     mongo_db = TemporaryCCCLEnvironment, topic = CCCL/PURBACHAL/ENV_01 created 67e048adcc630737986097b6 succesfully
2025-03-23 23:45:17,546 pop.CCCL_environment_mixins INFO     mongo_db = TodayCCCLEnvironment, topic = CCCL/PURBACHAL/ENV_01 created 67e048adcc630737986097b7 succesfully
2025-03-23 23:45:47,851 pop.CCCL_environment_mixins INFO     mongo_db = CCCLEnvironment, topic = CCCL/PURBACHAL/ENV_01 created 67e048cbcc630737986097b8 succesfully
2025-03-23 23:45:47,858 pop.CCCL_environment_mixins INFO     mongo_db = TemporaryCCCLEnvironment, topic = CCCL/PURBACHAL/ENV_01 created 67e048cbcc630737986097b9 succesfully
2025-03-23 23:45:47,862 pop.CCCL_environment_mixins INFO     mongo_db = TodayCCCLEnvironment, topic = CCCL/PURBACHAL/ENV_01 created 67e048cbcc630737986097ba succesfully
2025-03-23 23:46:01,834 pop.CPM_RT_mixins INFO     mongo_db = RTModelCPM, topic = MQTT_RT_DATA created 67e048d9cc630737986097bb succesfully
2025-03-23 23:46:01,840 pop.CPM_RT_mixins INFO     mongo_db = TemporaryRTModelCPM, topic = MQTT_RT_DATA created 67e048d9cc630737986097bc succesfully
2025-03-23 23:46:01,846 pop.CPM_RT_mixins INFO     mongo_db = TodayRTModelCPM, topic = MQTT_RT_DATA created 67e048d9cc630737986097bd succesfully
2025-03-23 23:46:05,308 pop.CCCL_generator_mixins INFO     mongo_db = CCCLGenerator, topic = CCCL/PURBACHAL/ENM_01 created 67e048ddcc630737986097be succesfully
2025-03-23 23:46:05,317 pop.CCCL_generator_mixins INFO     mongo_db = TemporaryCCCLGenerator, topic = CCCL/PURBACHAL/ENM_01 created 67e048ddcc630737986097bf succesfully
2025-03-23 23:46:05,323 pop.CCCL_generator_mixins INFO     mongo_db = TodayCCCLGenerator, topic = CCCL/PURBACHAL/ENM_01 created 67e048ddcc630737986097c0 succesfully
2025-03-23 23:46:18,211 pop.CCCL_environment_mixins INFO     mongo_db = CCCLEnvironment, topic = CCCL/PURBACHAL/ENV_01 created 67e048eacc630737986097c1 succesfully
2025-03-23 23:46:18,231 pop.CCCL_environment_mixins INFO     mongo_db = TemporaryCCCLEnvironment, topic = CCCL/PURBACHAL/ENV_01 created 67e048eacc630737986097c2 succesfully
2025-03-23 23:46:18,246 pop.CCCL_environment_mixins INFO     mongo_db = TodayCCCLEnvironment, topic = CCCL/PURBACHAL/ENV_01 created 67e048eacc630737986097c3 succesfully
2025-03-23 23:46:31,926 pop.CPM_RT_mixins INFO     mongo_db = RTModelCPM, topic = MQTT_RT_DATA created 67e048f7cc630737986097c4 succesfully
2025-03-23 23:46:31,933 pop.CPM_RT_mixins INFO     mongo_db = TemporaryRTModelCPM, topic = MQTT_RT_DATA created 67e048f7cc630737986097c5 succesfully
2025-03-23 23:46:31,940 pop.CPM_RT_mixins INFO     mongo_db = TodayRTModelCPM, topic = MQTT_RT_DATA created 67e048f7cc630737986097c6 succesfully
2025-03-23 23:46:48,516 pop.CCCL_environment_mixins INFO     mongo_db = CCCLEnvironment, topic = CCCL/PURBACHAL/ENV_01 created 67e04908cc630737986097c7 succesfully
2025-03-23 23:46:48,528 pop.CCCL_environment_mixins INFO     mongo_db = TemporaryCCCLEnvironment, topic = CCCL/PURBACHAL/ENV_01 created 67e04908cc630737986097c8 succesfully
2025-03-23 23:46:48,538 pop.CCCL_environment_mixins INFO     mongo_db = TodayCCCLEnvironment, topic = CCCL/PURBACHAL/ENV_01 created 67e04908cc630737986097c9 succesfully
2025-03-23 23:47:02,042 pop.CPM_RT_mixins INFO     mongo_db = RTModelCPM, topic = MQTT_RT_DATA created 67e04916cc630737986097ca succesfully
2025-03-23 23:47:02,049 pop.CPM_RT_mixins INFO     mongo_db = TemporaryRTModelCPM, topic = MQTT_RT_DATA created 67e04916cc630737986097cb succesfully
2025-03-23 23:47:02,055 pop.CPM_RT_mixins INFO     mongo_db = TodayRTModelCPM, topic = MQTT_RT_DATA created 67e04916cc630737986097cc succesfully
2025-03-23 23:47:05,187 pop.CCCL_generator_mixins INFO     mongo_db = CCCLGenerator, topic = CCCL/PURBACHAL/ENM_01 created 67e04919cc630737986097cd succesfully
2025-03-23 23:47:05,195 pop.CCCL_generator_mixins INFO     mongo_db = TemporaryCCCLGenerator, topic = CCCL/PURBACHAL/ENM_01 created 67e04919cc630737986097ce succesfully
2025-03-23 23:47:05,202 pop.CCCL_generator_mixins INFO     mongo_db = TodayCCCLGenerator, topic = CCCL/PURBACHAL/ENM_01 created 67e04919cc630737986097cf succesfully
2025-03-23 23:47:19,131 pop.CCCL_environment_mixins INFO     mongo_db = CCCLEnvironment, topic = CCCL/PURBACHAL/ENV_01 created 67e04927cc630737986097d0 succesfully
2025-03-23 23:47:19,141 pop.CCCL_environment_mixins INFO     mongo_db = TemporaryCCCLEnvironment, topic = CCCL/PURBACHAL/ENV_01 created 67e04927cc630737986097d1 succesfully
2025-03-23 23:47:19,146 pop.CCCL_environment_mixins INFO     mongo_db = TodayCCCLEnvironment, topic = CCCL/PURBACHAL/ENV_01 created 67e04927cc630737986097d2 succesfully
2025-03-23 23:47:33,171 pop.CPM_RT_mixins INFO     mongo_db = RTModelCPM, topic = MQTT_RT_DATA created 67e04935cc630737986097d3 succesfully
2025-03-23 23:47:33,177 pop.CPM_RT_mixins INFO     mongo_db = TemporaryRTModelCPM, topic = MQTT_RT_DATA created 67e04935cc630737986097d4 succesfully
2025-03-23 23:47:33,183 pop.CPM_RT_mixins INFO     mongo_db = TodayRTModelCPM, topic = MQTT_RT_DATA created 67e04935cc630737986097d5 succesfully
2025-03-23 23:47:49,441 pop.CCCL_environment_mixins INFO     mongo_db = CCCLEnvironment, topic = CCCL/PURBACHAL/ENV_01 created 67e04945cc630737986097d6 succesfully
2025-03-23 23:47:49,451 pop.CCCL_environment_mixins INFO     mongo_db = TemporaryCCCLEnvironment, topic = CCCL/PURBACHAL/ENV_01 created 67e04945cc630737986097d7 succesfully
2025-03-23 23:47:49,458 pop.CCCL_environment_mixins INFO     mongo_db = TodayCCCLEnvironment, topic = CCCL/PURBACHAL/ENV_01 created 67e04945cc630737986097d8 succesfully
2025-03-23 23:48:01,634 pop.CPM_RT_mixins INFO     mongo_db = RTModelCPM, topic = MQTT_RT_DATA created 67e04951cc630737986097d9 succesfully
2025-03-23 23:48:01,640 pop.CPM_RT_mixins INFO     mongo_db = TemporaryRTModelCPM, topic = MQTT_RT_DATA created 67e04951cc630737986097da succesfully
2025-03-23 23:48:01,646 pop.CPM_RT_mixins INFO     mongo_db = TodayRTModelCPM, topic = MQTT_RT_DATA created 67e04951cc630737986097db succesfully
2025-03-23 23:48:05,273 pop.CCCL_generator_mixins INFO     mongo_db = CCCLGenerator, topic = CCCL/PURBACHAL/ENM_01 created 67e04955cc630737986097dc succesfully
2025-03-23 23:48:05,284 pop.CCCL_generator_mixins INFO     mongo_db = TemporaryCCCLGenerator, topic = CCCL/PURBACHAL/ENM_01 created 67e04955cc630737986097dd succesfully
2025-03-23 23:48:05,295 pop.CCCL_generator_mixins INFO     mongo_db = TodayCCCLGenerator, topic = CCCL/PURBACHAL/ENM_01 created 67e04955cc630737986097de succesfully
2025-03-23 23:48:19,856 pop.CCCL_environment_mixins INFO     mongo_db = CCCLEnvironment, topic = CCCL/PURBACHAL/ENV_01 created 67e04963cc630737986097df succesfully
2025-03-23 23:48:19,867 pop.CCCL_environment_mixins INFO     mongo_db = TemporaryCCCLEnvironment, topic = CCCL/PURBACHAL/ENV_01 created 67e04963cc630737986097e0 succesfully
2025-03-23 23:48:19,872 pop.CCCL_environment_mixins INFO     mongo_db = TodayCCCLEnvironment, topic = CCCL/PURBACHAL/ENV_01 created 67e04963cc630737986097e1 succesfully
2025-03-23 23:48:50,015 pop.CCCL_environment_mixins INFO     mongo_db = CCCLEnvironment, topic = CCCL/PURBACHAL/ENV_01 created 67e04982cc630737986097e2 succesfully
2025-03-23 23:48:50,022 pop.CCCL_environment_mixins INFO     mongo_db = TemporaryCCCLEnvironment, topic = CCCL/PURBACHAL/ENV_01 created 67e04982cc630737986097e3 succesfully
2025-03-23 23:48:50,027 pop.CCCL_environment_mixins INFO     mongo_db = TodayCCCLEnvironment, topic = CCCL/PURBACHAL/ENV_01 created 67e04982cc630737986097e4 succesfully
2025-03-23 23:49:01,958 pop.CPM_RT_mixins INFO     mongo_db = RTModelCPM, topic = MQTT_RT_DATA created 67e0498dcc630737986097e5 succesfully
2025-03-23 23:49:01,965 pop.CPM_RT_mixins INFO     mongo_db = TemporaryRTModelCPM, topic = MQTT_RT_DATA created 67e0498dcc630737986097e6 succesfully
2025-03-23 23:49:01,973 pop.CPM_RT_mixins INFO     mongo_db = TodayRTModelCPM, topic = MQTT_RT_DATA created 67e0498dcc630737986097e7 succesfully
2025-03-23 23:49:05,184 pop.CCCL_generator_mixins INFO     mongo_db = CCCLGenerator, topic = CCCL/PURBACHAL/ENM_01 created 67e04991cc630737986097e8 succesfully
2025-03-23 23:49:05,193 pop.CCCL_generator_mixins INFO     mongo_db = TemporaryCCCLGenerator, topic = CCCL/PURBACHAL/ENM_01 created 67e04991cc630737986097e9 succesfully
2025-03-23 23:49:05,198 pop.CCCL_generator_mixins INFO     mongo_db = TodayCCCLGenerator, topic = CCCL/PURBACHAL/ENM_01 created 67e04991cc630737986097ea succesfully
2025-03-23 23:49:20,375 pop.CCCL_environment_mixins INFO     mongo_db = CCCLEnvironment, topic = CCCL/PURBACHAL/ENV_01 created 67e049a0cc630737986097eb succesfully
2025-03-23 23:49:20,384 pop.CCCL_environment_mixins INFO     mongo_db = TemporaryCCCLEnvironment, topic = CCCL/PURBACHAL/ENV_01 created 67e049a0cc630737986097ec succesfully
2025-03-23 23:49:20,388 pop.CCCL_environment_mixins INFO     mongo_db = TodayCCCLEnvironment, topic = CCCL/PURBACHAL/ENV_01 created 67e049a0cc630737986097ed succesfully
2025-03-23 23:49:32,876 pop.CPM_RT_mixins INFO     mongo_db = RTModelCPM, topic = MQTT_RT_DATA created 67e049accc630737986097ee succesfully
2025-03-23 23:49:32,882 pop.CPM_RT_mixins INFO     mongo_db = TemporaryRTModelCPM, topic = MQTT_RT_DATA created 67e049accc630737986097ef succesfully
2025-03-23 23:49:32,890 pop.CPM_RT_mixins INFO     mongo_db = TodayRTModelCPM, topic = MQTT_RT_DATA created 67e049accc630737986097f0 succesfully
2025-03-23 23:49:50,680 pop.CCCL_environment_mixins INFO     mongo_db = CCCLEnvironment, topic = CCCL/PURBACHAL/ENV_01 created 67e049becc630737986097f1 succesfully
2025-03-23 23:49:50,693 pop.CCCL_environment_mixins INFO     mongo_db = TemporaryCCCLEnvironment, topic = CCCL/PURBACHAL/ENV_01 created 67e049becc630737986097f2 succesfully
2025-03-23 23:49:50,700 pop.CCCL_environment_mixins INFO     mongo_db = TodayCCCLEnvironment, topic = CCCL/PURBACHAL/ENV_01 created 67e049becc630737986097f3 succesfully
2025-03-23 23:50:02,683 pop.CPM_RT_mixins INFO     mongo_db = RTModelCPM, topic = MQTT_RT_DATA created 67e049cacc630737986097f4 succesfully
2025-03-23 23:50:02,692 pop.CPM_RT_mixins INFO     mongo_db = TemporaryRTModelCPM, topic = MQTT_RT_DATA created 67e049cacc630737986097f5 succesfully
2025-03-23 23:50:02,701 pop.CPM_RT_mixins INFO     mongo_db = TodayRTModelCPM, topic = MQTT_RT_DATA created 67e049cacc630737986097f6 succesfully
2025-03-23 23:50:05,179 pop.CCCL_generator_mixins INFO     mongo_db = CCCLGenerator, topic = CCCL/PURBACHAL/ENM_01 created 67e049cdcc630737986097f7 succesfully
2025-03-23 23:50:05,197 pop.CCCL_generator_mixins INFO     mongo_db = TemporaryCCCLGenerator, topic = CCCL/PURBACHAL/ENM_01 created 67e049cdcc630737986097f8 succesfully
2025-03-23 23:50:05,210 pop.CCCL_generator_mixins INFO     mongo_db = TodayCCCLGenerator, topic = CCCL/PURBACHAL/ENM_01 created 67e049cdcc630737986097f9 succesfully
2025-03-23 23:50:20,939 pop.CCCL_environment_mixins INFO     mongo_db = CCCLEnvironment, topic = CCCL/PURBACHAL/ENV_01 created 67e049dccc630737986097fa succesfully
2025-03-23 23:50:20,946 pop.CCCL_environment_mixins INFO     mongo_db = TemporaryCCCLEnvironment, topic = CCCL/PURBACHAL/ENV_01 created 67e049dccc630737986097fb succesfully
2025-03-23 23:50:20,952 pop.CCCL_environment_mixins INFO     mongo_db = TodayCCCLEnvironment, topic = CCCL/PURBACHAL/ENV_01 created 67e049dccc630737986097fc succesfully
2025-03-23 23:50:32,682 pop.CPM_RT_mixins INFO     mongo_db = RTModelCPM, topic = MQTT_RT_DATA created 67e049e8cc630737986097fd succesfully
2025-03-23 23:50:32,688 pop.CPM_RT_mixins INFO     mongo_db = TemporaryRTModelCPM, topic = MQTT_RT_DATA created 67e049e8cc630737986097fe succesfully
2025-03-23 23:50:32,695 pop.CPM_RT_mixins INFO     mongo_db = TodayRTModelCPM, topic = MQTT_RT_DATA created 67e049e8cc630737986097ff succesfully
2025-03-23 23:50:51,295 pop.CCCL_environment_mixins INFO     mongo_db = CCCLEnvironment, topic = CCCL/PURBACHAL/ENV_01 created 67e049fbcc63073798609800 succesfully
2025-03-23 23:50:51,301 pop.CCCL_environment_mixins INFO     mongo_db = TemporaryCCCLEnvironment, topic = CCCL/PURBACHAL/ENV_01 created 67e049fbcc63073798609801 succesfully
2025-03-23 23:50:51,306 pop.CCCL_environment_mixins INFO     mongo_db = TodayCCCLEnvironment, topic = CCCL/PURBACHAL/ENV_01 created 67e049fbcc63073798609802 succesfully
2025-03-23 23:51:01,768 pop.CPM_RT_mixins INFO     mongo_db = RTModelCPM, topic = MQTT_RT_DATA created 67e04a05cc63073798609803 succesfully
2025-03-23 23:51:01,775 pop.CPM_RT_mixins INFO     mongo_db = TemporaryRTModelCPM, topic = MQTT_RT_DATA created 67e04a05cc63073798609804 succesfully
2025-03-23 23:51:01,781 pop.CPM_RT_mixins INFO     mongo_db = TodayRTModelCPM, topic = MQTT_RT_DATA created 67e04a05cc63073798609805 succesfully
2025-03-23 23:51:05,172 pop.CCCL_generator_mixins INFO     mongo_db = CCCLGenerator, topic = CCCL/PURBACHAL/ENM_01 created 67e04a09cc63073798609806 succesfully
2025-03-23 23:51:05,178 pop.CCCL_generator_mixins INFO     mongo_db = TemporaryCCCLGenerator, topic = CCCL/PURBACHAL/ENM_01 created 67e04a09cc63073798609807 succesfully
2025-03-23 23:51:05,184 pop.CCCL_generator_mixins INFO     mongo_db = TodayCCCLGenerator, topic = CCCL/PURBACHAL/ENM_01 created 67e04a09cc63073798609808 succesfully
2025-03-23 23:51:21,554 pop.CCCL_environment_mixins INFO     mongo_db = CCCLEnvironment, topic = CCCL/PURBACHAL/ENV_01 created 67e04a19cc63073798609809 succesfully
2025-03-23 23:51:21,560 pop.CCCL_environment_mixins INFO     mongo_db = TemporaryCCCLEnvironment, topic = CCCL/PURBACHAL/ENV_01 created 67e04a19cc6307379860980a succesfully
2025-03-23 23:51:21,564 pop.CCCL_environment_mixins INFO     mongo_db = TodayCCCLEnvironment, topic = CCCL/PURBACHAL/ENV_01 created 67e04a19cc6307379860980b succesfully
2025-03-23 23:51:32,072 pop.CPM_RT_mixins INFO     mongo_db = RTModelCPM, topic = MQTT_RT_DATA created 67e04a24cc6307379860980c succesfully
2025-03-23 23:51:32,083 pop.CPM_RT_mixins INFO     mongo_db = TemporaryRTModelCPM, topic = MQTT_RT_DATA created 67e04a24cc6307379860980d succesfully
2025-03-23 23:51:32,091 pop.CPM_RT_mixins INFO     mongo_db = TodayRTModelCPM, topic = MQTT_RT_DATA created 67e04a24cc6307379860980e succesfully
2025-03-23 23:51:51,924 pop.CCCL_environment_mixins INFO     mongo_db = CCCLEnvironment, topic = CCCL/PURBACHAL/ENV_01 created 67e04a37cc6307379860980f succesfully
2025-03-23 23:51:51,929 pop.CCCL_environment_mixins INFO     mongo_db = TemporaryCCCLEnvironment, topic = CCCL/PURBACHAL/ENV_01 created 67e04a37cc63073798609810 succesfully
2025-03-23 23:51:51,934 pop.CCCL_environment_mixins INFO     mongo_db = TodayCCCLEnvironment, topic = CCCL/PURBACHAL/ENV_01 created 67e04a37cc63073798609811 succesfully
2025-03-23 23:52:01,956 pop.CPM_RT_mixins INFO     mongo_db = RTModelCPM, topic = MQTT_RT_DATA created 67e04a41cc63073798609812 succesfully
2025-03-23 23:52:01,962 pop.CPM_RT_mixins INFO     mongo_db = TemporaryRTModelCPM, topic = MQTT_RT_DATA created 67e04a41cc63073798609813 succesfully
2025-03-23 23:52:01,970 pop.CPM_RT_mixins INFO     mongo_db = TodayRTModelCPM, topic = MQTT_RT_DATA created 67e04a41cc63073798609814 succesfully
2025-03-23 23:52:05,230 pop.CCCL_generator_mixins INFO     mongo_db = CCCLGenerator, topic = CCCL/PURBACHAL/ENM_01 created 67e04a45cc63073798609815 succesfully
2025-03-23 23:52:05,242 pop.CCCL_generator_mixins INFO     mongo_db = TemporaryCCCLGenerator, topic = CCCL/PURBACHAL/ENM_01 created 67e04a45cc63073798609816 succesfully
2025-03-23 23:52:05,254 pop.CCCL_generator_mixins INFO     mongo_db = TodayCCCLGenerator, topic = CCCL/PURBACHAL/ENM_01 created 67e04a45cc63073798609817 succesfully
2025-03-23 23:52:22,329 pop.CCCL_environment_mixins INFO     mongo_db = CCCLEnvironment, topic = CCCL/PURBACHAL/ENV_01 created 67e04a56cc63073798609818 succesfully
2025-03-23 23:52:22,338 pop.CCCL_environment_mixins INFO     mongo_db = TemporaryCCCLEnvironment, topic = CCCL/PURBACHAL/ENV_01 created 67e04a56cc63073798609819 succesfully
2025-03-23 23:52:22,348 pop.CCCL_environment_mixins INFO     mongo_db = TodayCCCLEnvironment, topic = CCCL/PURBACHAL/ENV_01 created 67e04a56cc6307379860981a succesfully
2025-03-23 23:52:31,552 pop.CPM_RT_mixins INFO     mongo_db = RTModelCPM, topic = MQTT_RT_DATA created 67e04a5fcc6307379860981b succesfully
2025-03-23 23:52:31,558 pop.CPM_RT_mixins INFO     mongo_db = TemporaryRTModelCPM, topic = MQTT_RT_DATA created 67e04a5fcc6307379860981c succesfully
2025-03-23 23:52:31,565 pop.CPM_RT_mixins INFO     mongo_db = TodayRTModelCPM, topic = MQTT_RT_DATA created 67e04a5fcc6307379860981d succesfully
2025-03-23 23:52:52,642 pop.CCCL_environment_mixins INFO     mongo_db = CCCLEnvironment, topic = CCCL/PURBACHAL/ENV_01 created 67e04a74cc6307379860981e succesfully
2025-03-23 23:52:52,650 pop.CCCL_environment_mixins INFO     mongo_db = TemporaryCCCLEnvironment, topic = CCCL/PURBACHAL/ENV_01 created 67e04a74cc6307379860981f succesfully
2025-03-23 23:52:52,655 pop.CCCL_environment_mixins INFO     mongo_db = TodayCCCLEnvironment, topic = CCCL/PURBACHAL/ENV_01 created 67e04a74cc63073798609820 succesfully
2025-03-23 23:53:03,399 pop.CPM_RT_mixins INFO     mongo_db = RTModelCPM, topic = MQTT_RT_DATA created 67e04a7fcc63073798609821 succesfully
2025-03-23 23:53:03,406 pop.CPM_RT_mixins INFO     mongo_db = TemporaryRTModelCPM, topic = MQTT_RT_DATA created 67e04a7fcc63073798609822 succesfully
2025-03-23 23:53:03,412 pop.CPM_RT_mixins INFO     mongo_db = TodayRTModelCPM, topic = MQTT_RT_DATA created 67e04a7fcc63073798609823 succesfully
2025-03-23 23:53:05,239 pop.CCCL_generator_mixins INFO     mongo_db = CCCLGenerator, topic = CCCL/PURBACHAL/ENM_01 created 67e04a81cc63073798609824 succesfully
2025-03-23 23:53:05,245 pop.CCCL_generator_mixins INFO     mongo_db = TemporaryCCCLGenerator, topic = CCCL/PURBACHAL/ENM_01 created 67e04a81cc63073798609825 succesfully
2025-03-23 23:53:05,251 pop.CCCL_generator_mixins INFO     mongo_db = TodayCCCLGenerator, topic = CCCL/PURBACHAL/ENM_01 created 67e04a81cc63073798609826 succesfully
2025-03-23 23:53:22,842 pop.CCCL_environment_mixins INFO     mongo_db = CCCLEnvironment, topic = CCCL/PURBACHAL/ENV_01 created 67e04a92cc63073798609827 succesfully
2025-03-23 23:53:22,853 pop.CCCL_environment_mixins INFO     mongo_db = TemporaryCCCLEnvironment, topic = CCCL/PURBACHAL/ENV_01 created 67e04a92cc63073798609828 succesfully
2025-03-23 23:53:22,860 pop.CCCL_environment_mixins INFO     mongo_db = TodayCCCLEnvironment, topic = CCCL/PURBACHAL/ENV_01 created 67e04a92cc63073798609829 succesfully
2025-03-23 23:53:32,889 pop.CPM_RT_mixins INFO     mongo_db = RTModelCPM, topic = MQTT_RT_DATA created 67e04a9ccc6307379860982a succesfully
2025-03-23 23:53:32,896 pop.CPM_RT_mixins INFO     mongo_db = TemporaryRTModelCPM, topic = MQTT_RT_DATA created 67e04a9ccc6307379860982b succesfully
2025-03-23 23:53:32,902 pop.CPM_RT_mixins INFO     mongo_db = TodayRTModelCPM, topic = MQTT_RT_DATA created 67e04a9ccc6307379860982c succesfully
2025-03-23 23:53:53,103 pop.CCCL_environment_mixins INFO     mongo_db = CCCLEnvironment, topic = CCCL/PURBACHAL/ENV_01 created 67e04ab1cc6307379860982d succesfully
2025-03-23 23:53:53,108 pop.CCCL_environment_mixins INFO     mongo_db = TemporaryCCCLEnvironment, topic = CCCL/PURBACHAL/ENV_01 created 67e04ab1cc6307379860982e succesfully
2025-03-23 23:53:53,114 pop.CCCL_environment_mixins INFO     mongo_db = TodayCCCLEnvironment, topic = CCCL/PURBACHAL/ENV_01 created 67e04ab1cc6307379860982f succesfully
2025-03-23 23:54:03,100 pop.CPM_RT_mixins INFO     mongo_db = RTModelCPM, topic = MQTT_RT_DATA created 67e04abbcc63073798609830 succesfully
2025-03-23 23:54:03,109 pop.CPM_RT_mixins INFO     mongo_db = TemporaryRTModelCPM, topic = MQTT_RT_DATA created 67e04abbcc63073798609831 succesfully
2025-03-23 23:54:03,118 pop.CPM_RT_mixins INFO     mongo_db = TodayRTModelCPM, topic = MQTT_RT_DATA created 67e04abbcc63073798609832 succesfully
2025-03-23 23:54:05,163 pop.CCCL_generator_mixins INFO     mongo_db = CCCLGenerator, topic = CCCL/PURBACHAL/ENM_01 created 67e04abdcc63073798609833 succesfully
2025-03-23 23:54:05,169 pop.CCCL_generator_mixins INFO     mongo_db = TemporaryCCCLGenerator, topic = CCCL/PURBACHAL/ENM_01 created 67e04abdcc63073798609834 succesfully
2025-03-23 23:54:05,175 pop.CCCL_generator_mixins INFO     mongo_db = TodayCCCLGenerator, topic = CCCL/PURBACHAL/ENM_01 created 67e04abdcc63073798609835 succesfully
2025-03-23 23:54:10,264 pop.CPM_ENY_NOW_mongo_mixins INFO     mongo_db = EnyNowDataModelCPM, topic = MQTT_ENY_NOW created 67e04ac2cc63073798609836 succesfully
2025-03-23 23:54:10,268 pop.CPM_ENY_NOW_mongo_mixins INFO     mongo_db = TemporaryEnyNowDataModelCPM, topic = MQTT_ENY_NOW created 67e04ac2cc63073798609837 succesfully
2025-03-23 23:54:10,272 pop.CPM_ENY_NOW_mongo_mixins INFO     mongo_db = TodayEnyNowDataModelCPM, topic = MQTT_ENY_NOW created 67e04ac2cc63073798609838 succesfully
2025-03-23 23:54:10,276 pop.CPM_ENY_NOW_mongo_mixins INFO     mongo_db = Last7DaysEnyNowDataModelCPM, topic = MQTT_ENY_NOW created 67e04ac2cc63073798609839 succesfully
2025-03-23 23:54:23,739 pop.CCCL_environment_mixins INFO     mongo_db = CCCLEnvironment, topic = CCCL/PURBACHAL/ENV_01 created 67e04acfcc6307379860983a succesfully
2025-03-23 23:54:23,762 pop.CCCL_environment_mixins INFO     mongo_db = TemporaryCCCLEnvironment, topic = CCCL/PURBACHAL/ENV_01 created 67e04acfcc6307379860983b succesfully
2025-03-23 23:54:23,775 pop.CCCL_environment_mixins INFO     mongo_db = TodayCCCLEnvironment, topic = CCCL/PURBACHAL/ENV_01 created 67e04acfcc6307379860983c succesfully
2025-03-23 23:54:54,058 pop.CCCL_environment_mixins INFO     mongo_db = CCCLEnvironment, topic = CCCL/PURBACHAL/ENV_01 created 67e04aeecc6307379860983d succesfully
2025-03-23 23:54:54,063 pop.CCCL_environment_mixins INFO     mongo_db = TemporaryCCCLEnvironment, topic = CCCL/PURBACHAL/ENV_01 created 67e04aeecc6307379860983e succesfully
2025-03-23 23:54:54,067 pop.CCCL_environment_mixins INFO     mongo_db = TodayCCCLEnvironment, topic = CCCL/PURBACHAL/ENV_01 created 67e04aeecc6307379860983f succesfully
2025-03-23 23:55:02,106 pop.CPM_RT_mixins INFO     mongo_db = RTModelCPM, topic = MQTT_RT_DATA created 67e04af6cc63073798609840 succesfully
2025-03-23 23:55:02,112 pop.CPM_RT_mixins INFO     mongo_db = TemporaryRTModelCPM, topic = MQTT_RT_DATA created 67e04af6cc63073798609841 succesfully
2025-03-23 23:55:02,119 pop.CPM_RT_mixins INFO     mongo_db = TodayRTModelCPM, topic = MQTT_RT_DATA created 67e04af6cc63073798609842 succesfully
2025-03-23 23:55:05,246 pop.CCCL_generator_mixins INFO     mongo_db = CCCLGenerator, topic = CCCL/PURBACHAL/ENM_01 created 67e04af9cc63073798609843 succesfully
2025-03-23 23:55:05,255 pop.CCCL_generator_mixins INFO     mongo_db = TemporaryCCCLGenerator, topic = CCCL/PURBACHAL/ENM_01 created 67e04af9cc63073798609844 succesfully
2025-03-23 23:55:05,262 pop.CCCL_generator_mixins INFO     mongo_db = TodayCCCLGenerator, topic = CCCL/PURBACHAL/ENM_01 created 67e04af9cc63073798609845 succesfully
2025-03-23 23:55:24,342 pop.CCCL_environment_mixins INFO     mongo_db = CCCLEnvironment, topic = CCCL/PURBACHAL/ENV_01 created 67e04b0ccc63073798609846 succesfully
2025-03-23 23:55:24,351 pop.CCCL_environment_mixins INFO     mongo_db = TemporaryCCCLEnvironment, topic = CCCL/PURBACHAL/ENV_01 created 67e04b0ccc63073798609847 succesfully
2025-03-23 23:55:24,359 pop.CCCL_environment_mixins INFO     mongo_db = TodayCCCLEnvironment, topic = CCCL/PURBACHAL/ENV_01 created 67e04b0ccc63073798609848 succesfully
2025-03-23 23:55:31,766 pop.CPM_RT_mixins INFO     mongo_db = RTModelCPM, topic = MQTT_RT_DATA created 67e04b13cc63073798609849 succesfully
2025-03-23 23:55:31,775 pop.CPM_RT_mixins INFO     mongo_db = TemporaryRTModelCPM, topic = MQTT_RT_DATA created 67e04b13cc6307379860984a succesfully
2025-03-23 23:55:31,781 pop.CPM_RT_mixins INFO     mongo_db = TodayRTModelCPM, topic = MQTT_RT_DATA created 67e04b13cc6307379860984b succesfully
2025-03-23 23:55:54,707 pop.CCCL_environment_mixins INFO     mongo_db = CCCLEnvironment, topic = CCCL/PURBACHAL/ENV_01 created 67e04b2acc6307379860984c succesfully
2025-03-23 23:55:54,712 pop.CCCL_environment_mixins INFO     mongo_db = TemporaryCCCLEnvironment, topic = CCCL/PURBACHAL/ENV_01 created 67e04b2acc6307379860984d succesfully
2025-03-23 23:55:54,717 pop.CCCL_environment_mixins INFO     mongo_db = TodayCCCLEnvironment, topic = CCCL/PURBACHAL/ENV_01 created 67e04b2acc6307379860984e succesfully
2025-03-23 23:56:01,805 pop.CPM_RT_mixins INFO     mongo_db = RTModelCPM, topic = MQTT_RT_DATA created 67e04b31cc6307379860984f succesfully
2025-03-23 23:56:01,820 pop.CPM_RT_mixins INFO     mongo_db = TemporaryRTModelCPM, topic = MQTT_RT_DATA created 67e04b31cc63073798609850 succesfully
2025-03-23 23:56:01,833 pop.CPM_RT_mixins INFO     mongo_db = TodayRTModelCPM, topic = MQTT_RT_DATA created 67e04b31cc63073798609851 succesfully
2025-03-23 23:56:05,151 pop.CCCL_generator_mixins INFO     mongo_db = CCCLGenerator, topic = CCCL/PURBACHAL/ENM_01 created 67e04b35cc63073798609852 succesfully
2025-03-23 23:56:05,157 pop.CCCL_generator_mixins INFO     mongo_db = TemporaryCCCLGenerator, topic = CCCL/PURBACHAL/ENM_01 created 67e04b35cc63073798609853 succesfully
2025-03-23 23:56:05,163 pop.CCCL_generator_mixins INFO     mongo_db = TodayCCCLGenerator, topic = CCCL/PURBACHAL/ENM_01 created 67e04b35cc63073798609854 succesfully
2025-03-23 23:56:25,024 pop.CCCL_environment_mixins INFO     mongo_db = CCCLEnvironment, topic = CCCL/PURBACHAL/ENV_01 created 67e04b49cc63073798609855 succesfully
2025-03-23 23:56:25,031 pop.CCCL_environment_mixins INFO     mongo_db = TemporaryCCCLEnvironment, topic = CCCL/PURBACHAL/ENV_01 created 67e04b49cc63073798609856 succesfully
2025-03-23 23:56:25,036 pop.CCCL_environment_mixins INFO     mongo_db = TodayCCCLEnvironment, topic = CCCL/PURBACHAL/ENV_01 created 67e04b49cc63073798609857 succesfully
2025-03-23 23:56:31,794 pop.CPM_RT_mixins INFO     mongo_db = RTModelCPM, topic = MQTT_RT_DATA created 67e04b4fcc63073798609858 succesfully
2025-03-23 23:56:31,803 pop.CPM_RT_mixins INFO     mongo_db = TemporaryRTModelCPM, topic = MQTT_RT_DATA created 67e04b4fcc63073798609859 succesfully
2025-03-23 23:56:31,810 pop.CPM_RT_mixins INFO     mongo_db = TodayRTModelCPM, topic = MQTT_RT_DATA created 67e04b4fcc6307379860985a succesfully
2025-03-23 23:56:55,348 pop.CCCL_environment_mixins INFO     mongo_db = CCCLEnvironment, topic = CCCL/PURBACHAL/ENV_01 created 67e04b67cc6307379860985b succesfully
2025-03-23 23:56:55,356 pop.CCCL_environment_mixins INFO     mongo_db = TemporaryCCCLEnvironment, topic = CCCL/PURBACHAL/ENV_01 created 67e04b67cc6307379860985c succesfully
2025-03-23 23:56:55,361 pop.CCCL_environment_mixins INFO     mongo_db = TodayCCCLEnvironment, topic = CCCL/PURBACHAL/ENV_01 created 67e04b67cc6307379860985d succesfully
2025-03-23 23:57:01,793 pop.CPM_RT_mixins INFO     mongo_db = RTModelCPM, topic = MQTT_RT_DATA created 67e04b6dcc6307379860985e succesfully
2025-03-23 23:57:01,800 pop.CPM_RT_mixins INFO     mongo_db = TemporaryRTModelCPM, topic = MQTT_RT_DATA created 67e04b6dcc6307379860985f succesfully
2025-03-23 23:57:01,806 pop.CPM_RT_mixins INFO     mongo_db = TodayRTModelCPM, topic = MQTT_RT_DATA created 67e04b6dcc63073798609860 succesfully
2025-03-23 23:57:05,149 pop.CCCL_generator_mixins INFO     mongo_db = CCCLGenerator, topic = CCCL/PURBACHAL/ENM_01 created 67e04b71cc63073798609861 succesfully
2025-03-23 23:57:05,158 pop.CCCL_generator_mixins INFO     mongo_db = TemporaryCCCLGenerator, topic = CCCL/PURBACHAL/ENM_01 created 67e04b71cc63073798609862 succesfully
2025-03-23 23:57:05,164 pop.CCCL_generator_mixins INFO     mongo_db = TodayCCCLGenerator, topic = CCCL/PURBACHAL/ENM_01 created 67e04b71cc63073798609863 succesfully
2025-03-23 23:57:25,631 pop.CCCL_environment_mixins INFO     mongo_db = CCCLEnvironment, topic = CCCL/PURBACHAL/ENV_01 created 67e04b85cc63073798609864 succesfully
2025-03-23 23:57:25,639 pop.CCCL_environment_mixins INFO     mongo_db = TemporaryCCCLEnvironment, topic = CCCL/PURBACHAL/ENV_01 created 67e04b85cc63073798609865 succesfully
2025-03-23 23:57:25,643 pop.CCCL_environment_mixins INFO     mongo_db = TodayCCCLEnvironment, topic = CCCL/PURBACHAL/ENV_01 created 67e04b85cc63073798609866 succesfully
2025-03-23 23:57:33,012 pop.CPM_RT_mixins INFO     mongo_db = RTModelCPM, topic = MQTT_RT_DATA created 67e04b8dcc63073798609867 succesfully
2025-03-23 23:57:33,019 pop.CPM_RT_mixins INFO     mongo_db = TemporaryRTModelCPM, topic = MQTT_RT_DATA created 67e04b8dcc63073798609868 succesfully
2025-03-23 23:57:33,027 pop.CPM_RT_mixins INFO     mongo_db = TodayRTModelCPM, topic = MQTT_RT_DATA created 67e04b8dcc63073798609869 succesfully
2025-03-23 23:57:55,964 pop.CCCL_environment_mixins INFO     mongo_db = CCCLEnvironment, topic = CCCL/PURBACHAL/ENV_01 created 67e04ba3cc6307379860986a succesfully
2025-03-23 23:57:55,971 pop.CCCL_environment_mixins INFO     mongo_db = TemporaryCCCLEnvironment, topic = CCCL/PURBACHAL/ENV_01 created 67e04ba3cc6307379860986b succesfully
2025-03-23 23:57:55,977 pop.CCCL_environment_mixins INFO     mongo_db = TodayCCCLEnvironment, topic = CCCL/PURBACHAL/ENV_01 created 67e04ba3cc6307379860986c succesfully
2025-03-23 23:58:01,904 pop.CPM_RT_mixins INFO     mongo_db = RTModelCPM, topic = MQTT_RT_DATA created 67e04ba9cc6307379860986d succesfully
2025-03-23 23:58:01,910 pop.CPM_RT_mixins INFO     mongo_db = TemporaryRTModelCPM, topic = MQTT_RT_DATA created 67e04ba9cc6307379860986e succesfully
2025-03-23 23:58:01,917 pop.CPM_RT_mixins INFO     mongo_db = TodayRTModelCPM, topic = MQTT_RT_DATA created 67e04ba9cc6307379860986f succesfully
2025-03-23 23:58:05,263 pop.CCCL_generator_mixins INFO     mongo_db = CCCLGenerator, topic = CCCL/PURBACHAL/ENM_01 created 67e04badcc63073798609870 succesfully
2025-03-23 23:58:05,271 pop.CCCL_generator_mixins INFO     mongo_db = TemporaryCCCLGenerator, topic = CCCL/PURBACHAL/ENM_01 created 67e04badcc63073798609871 succesfully
2025-03-23 23:58:05,276 pop.CCCL_generator_mixins INFO     mongo_db = TodayCCCLGenerator, topic = CCCL/PURBACHAL/ENM_01 created 67e04badcc63073798609872 succesfully
2025-03-23 23:58:26,199 pop.CCCL_environment_mixins INFO     mongo_db = CCCLEnvironment, topic = CCCL/PURBACHAL/ENV_01 created 67e04bc2cc63073798609873 succesfully
2025-03-23 23:58:26,208 pop.CCCL_environment_mixins INFO     mongo_db = TemporaryCCCLEnvironment, topic = CCCL/PURBACHAL/ENV_01 created 67e04bc2cc63073798609874 succesfully
2025-03-23 23:58:26,221 pop.CCCL_environment_mixins INFO     mongo_db = TodayCCCLEnvironment, topic = CCCL/PURBACHAL/ENV_01 created 67e04bc2cc63073798609875 succesfully
2025-03-23 23:58:56,563 pop.CCCL_environment_mixins INFO     mongo_db = CCCLEnvironment, topic = CCCL/PURBACHAL/ENV_01 created 67e04be0cc63073798609876 succesfully
2025-03-23 23:58:56,575 pop.CCCL_environment_mixins INFO     mongo_db = TemporaryCCCLEnvironment, topic = CCCL/PURBACHAL/ENV_01 created 67e04be0cc63073798609877 succesfully
2025-03-23 23:58:56,590 pop.CCCL_environment_mixins INFO     mongo_db = TodayCCCLEnvironment, topic = CCCL/PURBACHAL/ENV_01 created 67e04be0cc63073798609878 succesfully
2025-03-23 23:59:01,943 pop.CPM_RT_mixins INFO     mongo_db = RTModelCPM, topic = MQTT_RT_DATA created 67e04be5cc63073798609879 succesfully
2025-03-23 23:59:01,958 pop.CPM_RT_mixins INFO     mongo_db = TemporaryRTModelCPM, topic = MQTT_RT_DATA created 67e04be5cc6307379860987a succesfully
2025-03-23 23:59:01,974 pop.CPM_RT_mixins INFO     mongo_db = TodayRTModelCPM, topic = MQTT_RT_DATA created 67e04be5cc6307379860987b succesfully
2025-03-23 23:59:05,268 pop.CCCL_generator_mixins INFO     mongo_db = CCCLGenerator, topic = CCCL/PURBACHAL/ENM_01 created 67e04be9cc6307379860987c succesfully
2025-03-23 23:59:05,275 pop.CCCL_generator_mixins INFO     mongo_db = TemporaryCCCLGenerator, topic = CCCL/PURBACHAL/ENM_01 created 67e04be9cc6307379860987d succesfully
2025-03-23 23:59:05,281 pop.CCCL_generator_mixins INFO     mongo_db = TodayCCCLGenerator, topic = CCCL/PURBACHAL/ENM_01 created 67e04be9cc6307379860987e succesfully
2025-03-23 23:59:26,859 pop.CCCL_environment_mixins INFO     mongo_db = CCCLEnvironment, topic = CCCL/PURBACHAL/ENV_01 created 67e04bfecc6307379860987f succesfully
2025-03-23 23:59:26,875 pop.CCCL_environment_mixins INFO     mongo_db = TemporaryCCCLEnvironment, topic = CCCL/PURBACHAL/ENV_01 created 67e04bfecc63073798609880 succesfully
2025-03-23 23:59:26,894 pop.CCCL_environment_mixins INFO     mongo_db = TodayCCCLEnvironment, topic = CCCL/PURBACHAL/ENV_01 created 67e04bfecc63073798609881 succesfully
2025-03-23 23:59:31,909 pop.CPM_RT_mixins INFO     mongo_db = RTModelCPM, topic = MQTT_RT_DATA created 67e04c03cc63073798609882 succesfully
2025-03-23 23:59:31,928 pop.CPM_RT_mixins INFO     mongo_db = TemporaryRTModelCPM, topic = MQTT_RT_DATA created 67e04c03cc63073798609883 succesfully
2025-03-23 23:59:31,944 pop.CPM_RT_mixins INFO     mongo_db = TodayRTModelCPM, topic = MQTT_RT_DATA created 67e04c03cc63073798609884 succesfully
2025-03-23 23:59:57,284 pop.CCCL_environment_mixins INFO     mongo_db = CCCLEnvironment, topic = CCCL/PURBACHAL/ENV_01 created 67e04c1dcc63073798609885 succesfully
2025-03-23 23:59:57,299 pop.CCCL_environment_mixins INFO     mongo_db = TemporaryCCCLEnvironment, topic = CCCL/PURBACHAL/ENV_01 created 67e04c1dcc63073798609886 succesfully
2025-03-23 23:59:57,311 pop.CCCL_environment_mixins INFO     mongo_db = TodayCCCLEnvironment, topic = CCCL/PURBACHAL/ENV_01 created 67e04c1dcc63073798609887 succesfully
2025-03-24 00:00:02,170 pop.CPM_RT_mixins INFO     mongo_db = RTModelCPM, topic = MQTT_RT_DATA created 67e04c22cc63073798609888 succesfully
2025-03-24 00:00:02,177 pop.CPM_RT_mixins INFO     mongo_db = TemporaryRTModelCPM, topic = MQTT_RT_DATA created 67e04c22cc63073798609889 succesfully
2025-03-24 00:00:02,183 pop.CPM_RT_mixins INFO     mongo_db = TodayRTModelCPM, topic = MQTT_RT_DATA created 67e04c22cc6307379860988a succesfully
2025-03-24 00:00:05,250 pop.CCCL_generator_mixins INFO     mongo_db = CCCLGenerator, topic = CCCL/PURBACHAL/ENM_01 created 67e04c25cc6307379860988b succesfully
2025-03-24 00:00:05,268 pop.CCCL_generator_mixins INFO     mongo_db = TemporaryCCCLGenerator, topic = CCCL/PURBACHAL/ENM_01 created 67e04c25cc6307379860988c succesfully
2025-03-24 00:00:05,278 pop.CCCL_generator_mixins INFO     mongo_db = TodayCCCLGenerator, topic = CCCL/PURBACHAL/ENM_01 created 67e04c25cc6307379860988d succesfully
2025-03-24 00:00:27,407 pop.CCCL_environment_mixins INFO     mongo_db = CCCLEnvironment, topic = CCCL/PURBACHAL/ENV_01 created 67e04c3bcc6307379860988e succesfully
2025-03-24 00:00:27,412 pop.CCCL_environment_mixins INFO     mongo_db = TemporaryCCCLEnvironment, topic = CCCL/PURBACHAL/ENV_01 created 67e04c3bcc6307379860988f succesfully
2025-03-24 00:00:27,416 pop.CCCL_environment_mixins INFO     mongo_db = TodayCCCLEnvironment, topic = CCCL/PURBACHAL/ENV_01 created 67e04c3bcc63073798609890 succesfully
2025-03-24 00:00:31,703 pop.CPM_RT_mixins INFO     mongo_db = RTModelCPM, topic = MQTT_RT_DATA created 67e04c3fcc63073798609891 succesfully
2025-03-24 00:00:31,710 pop.CPM_RT_mixins INFO     mongo_db = TemporaryRTModelCPM, topic = MQTT_RT_DATA created 67e04c3fcc63073798609892 succesfully
2025-03-24 00:00:31,717 pop.CPM_RT_mixins INFO     mongo_db = TodayRTModelCPM, topic = MQTT_RT_DATA created 67e04c3fcc63073798609893 succesfully
2025-03-24 00:00:57,696 pop.CCCL_environment_mixins INFO     mongo_db = CCCLEnvironment, topic = CCCL/PURBACHAL/ENV_01 created 67e04c59cc63073798609894 succesfully
2025-03-24 00:00:57,707 pop.CCCL_environment_mixins INFO     mongo_db = TemporaryCCCLEnvironment, topic = CCCL/PURBACHAL/ENV_01 created 67e04c59cc63073798609895 succesfully
2025-03-24 00:00:57,714 pop.CCCL_environment_mixins INFO     mongo_db = TodayCCCLEnvironment, topic = CCCL/PURBACHAL/ENV_01 created 67e04c59cc63073798609896 succesfully
2025-03-24 00:01:02,727 pop.CPM_RT_mixins INFO     mongo_db = RTModelCPM, topic = MQTT_RT_DATA created 67e04c5ecc63073798609897 succesfully
2025-03-24 00:01:02,733 pop.CPM_RT_mixins INFO     mongo_db = TemporaryRTModelCPM, topic = MQTT_RT_DATA created 67e04c5ecc63073798609898 succesfully
2025-03-24 00:01:02,739 pop.CPM_RT_mixins INFO     mongo_db = TodayRTModelCPM, topic = MQTT_RT_DATA created 67e04c5ecc63073798609899 succesfully
2025-03-24 00:01:05,180 pop.CCCL_generator_mixins INFO     mongo_db = CCCLGenerator, topic = CCCL/PURBACHAL/ENM_01 created 67e04c61cc6307379860989a succesfully
2025-03-24 00:01:05,186 pop.CCCL_generator_mixins INFO     mongo_db = TemporaryCCCLGenerator, topic = CCCL/PURBACHAL/ENM_01 created 67e04c61cc6307379860989b succesfully
2025-03-24 00:01:05,192 pop.CCCL_generator_mixins INFO     mongo_db = TodayCCCLGenerator, topic = CCCL/PURBACHAL/ENM_01 created 67e04c61cc6307379860989c succesfully
2025-03-24 00:01:27,986 pop.CCCL_environment_mixins INFO     mongo_db = CCCLEnvironment, topic = CCCL/PURBACHAL/ENV_01 created 67e04c77cc6307379860989d succesfully
2025-03-24 00:01:27,998 pop.CCCL_environment_mixins INFO     mongo_db = TemporaryCCCLEnvironment, topic = CCCL/PURBACHAL/ENV_01 created 67e04c77cc6307379860989e succesfully
2025-03-24 00:01:28,007 pop.CCCL_environment_mixins INFO     mongo_db = TodayCCCLEnvironment, topic = CCCL/PURBACHAL/ENV_01 created 67e04c78cc6307379860989f succesfully
2025-03-24 00:01:58,299 pop.CCCL_environment_mixins INFO     mongo_db = CCCLEnvironment, topic = CCCL/PURBACHAL/ENV_01 created 67e04c96cc630737986098a0 succesfully
2025-03-24 00:01:58,310 pop.CCCL_environment_mixins INFO     mongo_db = TemporaryCCCLEnvironment, topic = CCCL/PURBACHAL/ENV_01 created 67e04c96cc630737986098a1 succesfully
2025-03-24 00:01:58,318 pop.CCCL_environment_mixins INFO     mongo_db = TodayCCCLEnvironment, topic = CCCL/PURBACHAL/ENV_01 created 67e04c96cc630737986098a2 succesfully
2025-03-24 00:02:01,912 pop.CPM_RT_mixins INFO     mongo_db = RTModelCPM, topic = MQTT_RT_DATA created 67e04c99cc630737986098a3 succesfully
2025-03-24 00:02:01,918 pop.CPM_RT_mixins INFO     mongo_db = TemporaryRTModelCPM, topic = MQTT_RT_DATA created 67e04c99cc630737986098a4 succesfully
2025-03-24 00:02:01,924 pop.CPM_RT_mixins INFO     mongo_db = TodayRTModelCPM, topic = MQTT_RT_DATA created 67e04c99cc630737986098a5 succesfully
2025-03-24 00:02:05,192 pop.CCCL_generator_mixins INFO     mongo_db = CCCLGenerator, topic = CCCL/PURBACHAL/ENM_01 created 67e04c9dcc630737986098a6 succesfully
2025-03-24 00:02:05,200 pop.CCCL_generator_mixins INFO     mongo_db = TemporaryCCCLGenerator, topic = CCCL/PURBACHAL/ENM_01 created 67e04c9dcc630737986098a7 succesfully
2025-03-24 00:02:05,206 pop.CCCL_generator_mixins INFO     mongo_db = TodayCCCLGenerator, topic = CCCL/PURBACHAL/ENM_01 created 67e04c9dcc630737986098a8 succesfully
2025-03-24 00:02:28,733 pop.CCCL_environment_mixins INFO     mongo_db = CCCLEnvironment, topic = CCCL/PURBACHAL/ENV_01 created 67e04cb4cc630737986098a9 succesfully
2025-03-24 00:02:28,747 pop.CCCL_environment_mixins INFO     mongo_db = TemporaryCCCLEnvironment, topic = CCCL/PURBACHAL/ENV_01 created 67e04cb4cc630737986098aa succesfully
2025-03-24 00:02:28,757 pop.CCCL_environment_mixins INFO     mongo_db = TodayCCCLEnvironment, topic = CCCL/PURBACHAL/ENV_01 created 67e04cb4cc630737986098ab succesfully
2025-03-24 00:02:33,016 pop.CPM_RT_mixins INFO     mongo_db = RTModelCPM, topic = MQTT_RT_DATA created 67e04cb9cc630737986098ac succesfully
2025-03-24 00:02:33,023 pop.CPM_RT_mixins INFO     mongo_db = TemporaryRTModelCPM, topic = MQTT_RT_DATA created 67e04cb9cc630737986098ad succesfully
2025-03-24 00:02:33,029 pop.CPM_RT_mixins INFO     mongo_db = TodayRTModelCPM, topic = MQTT_RT_DATA created 67e04cb9cc630737986098ae succesfully
2025-03-24 00:02:59,038 pop.CCCL_environment_mixins INFO     mongo_db = CCCLEnvironment, topic = CCCL/PURBACHAL/ENV_01 created 67e04cd3cc630737986098af succesfully
2025-03-24 00:02:59,047 pop.CCCL_environment_mixins INFO     mongo_db = TemporaryCCCLEnvironment, topic = CCCL/PURBACHAL/ENV_01 created 67e04cd3cc630737986098b0 succesfully
2025-03-24 00:02:59,056 pop.CCCL_environment_mixins INFO     mongo_db = TodayCCCLEnvironment, topic = CCCL/PURBACHAL/ENV_01 created 67e04cd3cc630737986098b1 succesfully
2025-03-24 00:03:02,114 pop.CPM_RT_mixins INFO     mongo_db = RTModelCPM, topic = MQTT_RT_DATA created 67e04cd6cc630737986098b2 succesfully
2025-03-24 00:03:02,121 pop.CPM_RT_mixins INFO     mongo_db = TemporaryRTModelCPM, topic = MQTT_RT_DATA created 67e04cd6cc630737986098b3 succesfully
2025-03-24 00:03:02,129 pop.CPM_RT_mixins INFO     mongo_db = TodayRTModelCPM, topic = MQTT_RT_DATA created 67e04cd6cc630737986098b4 succesfully
2025-03-24 00:03:05,138 pop.CCCL_generator_mixins INFO     mongo_db = CCCLGenerator, topic = CCCL/PURBACHAL/ENM_01 created 67e04cd9cc630737986098b5 succesfully
2025-03-24 00:03:05,146 pop.CCCL_generator_mixins INFO     mongo_db = TemporaryCCCLGenerator, topic = CCCL/PURBACHAL/ENM_01 created 67e04cd9cc630737986098b6 succesfully
2025-03-24 00:03:05,153 pop.CCCL_generator_mixins INFO     mongo_db = TodayCCCLGenerator, topic = CCCL/PURBACHAL/ENM_01 created 67e04cd9cc630737986098b7 succesfully
2025-03-24 00:03:29,379 pop.CCCL_environment_mixins INFO     mongo_db = CCCLEnvironment, topic = CCCL/PURBACHAL/ENV_01 created 67e04cf1cc630737986098b8 succesfully
2025-03-24 00:03:29,386 pop.CCCL_environment_mixins INFO     mongo_db = TemporaryCCCLEnvironment, topic = CCCL/PURBACHAL/ENV_01 created 67e04cf1cc630737986098b9 succesfully
2025-03-24 00:03:29,390 pop.CCCL_environment_mixins INFO     mongo_db = TodayCCCLEnvironment, topic = CCCL/PURBACHAL/ENV_01 created 67e04cf1cc630737986098ba succesfully
2025-03-24 00:03:31,514 pop.CPM_RT_mixins INFO     mongo_db = RTModelCPM, topic = MQTT_RT_DATA created 67e04cf3cc630737986098bb succesfully
2025-03-24 00:03:31,521 pop.CPM_RT_mixins INFO     mongo_db = TemporaryRTModelCPM, topic = MQTT_RT_DATA created 67e04cf3cc630737986098bc succesfully
2025-03-24 00:03:31,527 pop.CPM_RT_mixins INFO     mongo_db = TodayRTModelCPM, topic = MQTT_RT_DATA created 67e04cf3cc630737986098bd succesfully
2025-03-24 00:03:59,619 pop.CCCL_environment_mixins INFO     mongo_db = CCCLEnvironment, topic = CCCL/PURBACHAL/ENV_01 created 67e04d0fcc630737986098be succesfully
2025-03-24 00:03:59,629 pop.CCCL_environment_mixins INFO     mongo_db = TemporaryCCCLEnvironment, topic = CCCL/PURBACHAL/ENV_01 created 67e04d0fcc630737986098bf succesfully
2025-03-24 00:03:59,635 pop.CCCL_environment_mixins INFO     mongo_db = TodayCCCLEnvironment, topic = CCCL/PURBACHAL/ENV_01 created 67e04d0fcc630737986098c0 succesfully
2025-03-24 00:04:02,038 pop.CPM_RT_mixins INFO     mongo_db = RTModelCPM, topic = MQTT_RT_DATA created 67e04d12cc630737986098c1 succesfully
2025-03-24 00:04:02,047 pop.CPM_RT_mixins INFO     mongo_db = TemporaryRTModelCPM, topic = MQTT_RT_DATA created 67e04d12cc630737986098c2 succesfully
2025-03-24 00:04:02,057 pop.CPM_RT_mixins INFO     mongo_db = TodayRTModelCPM, topic = MQTT_RT_DATA created 67e04d12cc630737986098c3 succesfully
2025-03-24 00:04:05,138 pop.CCCL_generator_mixins INFO     mongo_db = CCCLGenerator, topic = CCCL/PURBACHAL/ENM_01 created 67e04d15cc630737986098c4 succesfully
2025-03-24 00:04:05,146 pop.CCCL_generator_mixins INFO     mongo_db = TemporaryCCCLGenerator, topic = CCCL/PURBACHAL/ENM_01 created 67e04d15cc630737986098c5 succesfully
2025-03-24 00:04:05,152 pop.CCCL_generator_mixins INFO     mongo_db = TodayCCCLGenerator, topic = CCCL/PURBACHAL/ENM_01 created 67e04d15cc630737986098c6 succesfully
2025-03-24 00:04:29,966 pop.CCCL_environment_mixins INFO     mongo_db = CCCLEnvironment, topic = CCCL/PURBACHAL/ENV_01 created 67e04d2dcc630737986098c7 succesfully
2025-03-24 00:04:29,973 pop.CCCL_environment_mixins INFO     mongo_db = TemporaryCCCLEnvironment, topic = CCCL/PURBACHAL/ENV_01 created 67e04d2dcc630737986098c8 succesfully
2025-03-24 00:04:29,979 pop.CCCL_environment_mixins INFO     mongo_db = TodayCCCLEnvironment, topic = CCCL/PURBACHAL/ENV_01 created 67e04d2dcc630737986098c9 succesfully
2025-03-24 00:04:31,535 pop.CPM_RT_mixins INFO     mongo_db = RTModelCPM, topic = MQTT_RT_DATA created 67e04d2fcc630737986098ca succesfully
2025-03-24 00:04:31,546 pop.CPM_RT_mixins INFO     mongo_db = TemporaryRTModelCPM, topic = MQTT_RT_DATA created 67e04d2fcc630737986098cb succesfully
2025-03-24 00:04:31,555 pop.CPM_RT_mixins INFO     mongo_db = TodayRTModelCPM, topic = MQTT_RT_DATA created 67e04d2fcc630737986098cc succesfully
2025-03-24 00:05:00,242 pop.CCCL_environment_mixins INFO     mongo_db = CCCLEnvironment, topic = CCCL/PURBACHAL/ENV_01 created 67e04d4ccc630737986098cd succesfully
2025-03-24 00:05:00,252 pop.CCCL_environment_mixins INFO     mongo_db = TemporaryCCCLEnvironment, topic = CCCL/PURBACHAL/ENV_01 created 67e04d4ccc630737986098ce succesfully
2025-03-24 00:05:00,258 pop.CCCL_environment_mixins INFO     mongo_db = TodayCCCLEnvironment, topic = CCCL/PURBACHAL/ENV_01 created 67e04d4ccc630737986098cf succesfully
2025-03-24 00:05:02,023 pop.CPM_RT_mixins INFO     mongo_db = RTModelCPM, topic = MQTT_RT_DATA created 67e04d4ecc630737986098d0 succesfully
2025-03-24 00:05:02,030 pop.CPM_RT_mixins INFO     mongo_db = TemporaryRTModelCPM, topic = MQTT_RT_DATA created 67e04d4ecc630737986098d1 succesfully
2025-03-24 00:05:02,037 pop.CPM_RT_mixins INFO     mongo_db = TodayRTModelCPM, topic = MQTT_RT_DATA created 67e04d4ecc630737986098d2 succesfully
2025-03-24 00:05:05,138 pop.CCCL_generator_mixins INFO     mongo_db = CCCLGenerator, topic = CCCL/PURBACHAL/ENM_01 created 67e04d51cc630737986098d3 succesfully
2025-03-24 00:05:05,148 pop.CCCL_generator_mixins INFO     mongo_db = TemporaryCCCLGenerator, topic = CCCL/PURBACHAL/ENM_01 created 67e04d51cc630737986098d4 succesfully
2025-03-24 00:05:05,153 pop.CCCL_generator_mixins INFO     mongo_db = TodayCCCLGenerator, topic = CCCL/PURBACHAL/ENM_01 created 67e04d51cc630737986098d5 succesfully
2025-03-24 00:05:30,588 pop.CCCL_environment_mixins INFO     mongo_db = CCCLEnvironment, topic = CCCL/PURBACHAL/ENV_01 created 67e04d6acc630737986098d6 succesfully
2025-03-24 00:05:30,600 pop.CCCL_environment_mixins INFO     mongo_db = TemporaryCCCLEnvironment, topic = CCCL/PURBACHAL/ENV_01 created 67e04d6acc630737986098d7 succesfully
2025-03-24 00:05:30,610 pop.CCCL_environment_mixins INFO     mongo_db = TodayCCCLEnvironment, topic = CCCL/PURBACHAL/ENV_01 created 67e04d6acc630737986098d8 succesfully
2025-03-24 00:05:32,866 pop.CPM_RT_mixins INFO     mongo_db = RTModelCPM, topic = MQTT_RT_DATA created 67e04d6ccc630737986098d9 succesfully
2025-03-24 00:05:32,877 pop.CPM_RT_mixins INFO     mongo_db = TemporaryRTModelCPM, topic = MQTT_RT_DATA created 67e04d6ccc630737986098da succesfully
2025-03-24 00:05:32,887 pop.CPM_RT_mixins INFO     mongo_db = TodayRTModelCPM, topic = MQTT_RT_DATA created 67e04d6ccc630737986098db succesfully
2025-03-24 00:06:00,900 pop.CCCL_environment_mixins INFO     mongo_db = CCCLEnvironment, topic = CCCL/PURBACHAL/ENV_01 created 67e04d88cc630737986098dc succesfully
2025-03-24 00:06:00,909 pop.CCCL_environment_mixins INFO     mongo_db = TemporaryCCCLEnvironment, topic = CCCL/PURBACHAL/ENV_01 created 67e04d88cc630737986098dd succesfully
2025-03-24 00:06:00,915 pop.CCCL_environment_mixins INFO     mongo_db = TodayCCCLEnvironment, topic = CCCL/PURBACHAL/ENV_01 created 67e04d88cc630737986098de succesfully
2025-03-24 00:06:02,956 pop.CPM_RT_mixins INFO     mongo_db = RTModelCPM, topic = MQTT_RT_DATA created 67e04d8acc630737986098df succesfully
2025-03-24 00:06:02,963 pop.CPM_RT_mixins INFO     mongo_db = TemporaryRTModelCPM, topic = MQTT_RT_DATA created 67e04d8acc630737986098e0 succesfully
2025-03-24 00:06:02,972 pop.CPM_RT_mixins INFO     mongo_db = TodayRTModelCPM, topic = MQTT_RT_DATA created 67e04d8acc630737986098e1 succesfully
2025-03-24 00:06:05,203 pop.CCCL_generator_mixins INFO     mongo_db = CCCLGenerator, topic = CCCL/PURBACHAL/ENM_01 created 67e04d8dcc630737986098e2 succesfully
2025-03-24 00:06:05,212 pop.CCCL_generator_mixins INFO     mongo_db = TemporaryCCCLGenerator, topic = CCCL/PURBACHAL/ENM_01 created 67e04d8dcc630737986098e3 succesfully
2025-03-24 00:06:05,220 pop.CCCL_generator_mixins INFO     mongo_db = TodayCCCLGenerator, topic = CCCL/PURBACHAL/ENM_01 created 67e04d8dcc630737986098e4 succesfully
2025-03-24 00:06:31,265 pop.CCCL_environment_mixins INFO     mongo_db = CCCLEnvironment, topic = CCCL/PURBACHAL/ENV_01 created 67e04da7cc630737986098e5 succesfully
2025-03-24 00:06:31,271 pop.CCCL_environment_mixins INFO     mongo_db = TemporaryCCCLEnvironment, topic = CCCL/PURBACHAL/ENV_01 created 67e04da7cc630737986098e6 succesfully
2025-03-24 00:06:31,276 pop.CCCL_environment_mixins INFO     mongo_db = TodayCCCLEnvironment, topic = CCCL/PURBACHAL/ENV_01 created 67e04da7cc630737986098e7 succesfully
2025-03-24 00:06:32,935 pop.CPM_RT_mixins INFO     mongo_db = RTModelCPM, topic = MQTT_RT_DATA created 67e04da8cc630737986098e8 succesfully
2025-03-24 00:06:32,941 pop.CPM_RT_mixins INFO     mongo_db = TemporaryRTModelCPM, topic = MQTT_RT_DATA created 67e04da8cc630737986098e9 succesfully
2025-03-24 00:06:32,949 pop.CPM_RT_mixins INFO     mongo_db = TodayRTModelCPM, topic = MQTT_RT_DATA created 67e04da8cc630737986098ea succesfully
2025-03-24 00:07:01,657 pop.CCCL_environment_mixins INFO     mongo_db = CCCLEnvironment, topic = CCCL/PURBACHAL/ENV_01 created 67e04dc5cc630737986098eb succesfully
2025-03-24 00:07:01,665 pop.CCCL_environment_mixins INFO     mongo_db = TemporaryCCCLEnvironment, topic = CCCL/PURBACHAL/ENV_01 created 67e04dc5cc630737986098ec succesfully
2025-03-24 00:07:01,670 pop.CCCL_environment_mixins INFO     mongo_db = TodayCCCLEnvironment, topic = CCCL/PURBACHAL/ENV_01 created 67e04dc5cc630737986098ed succesfully
2025-03-24 00:07:01,873 pop.CPM_RT_mixins INFO     mongo_db = RTModelCPM, topic = MQTT_RT_DATA created 67e04dc5cc630737986098ee succesfully
2025-03-24 00:07:01,880 pop.CPM_RT_mixins INFO     mongo_db = TemporaryRTModelCPM, topic = MQTT_RT_DATA created 67e04dc5cc630737986098ef succesfully
2025-03-24 00:07:01,886 pop.CPM_RT_mixins INFO     mongo_db = TodayRTModelCPM, topic = MQTT_RT_DATA created 67e04dc5cc630737986098f0 succesfully
2025-03-24 00:07:05,209 pop.CCCL_generator_mixins INFO     mongo_db = CCCLGenerator, topic = CCCL/PURBACHAL/ENM_01 created 67e04dc9cc630737986098f1 succesfully
2025-03-24 00:07:05,227 pop.CCCL_generator_mixins INFO     mongo_db = TemporaryCCCLGenerator, topic = CCCL/PURBACHAL/ENM_01 created 67e04dc9cc630737986098f2 succesfully
2025-03-24 00:07:05,236 pop.CCCL_generator_mixins INFO     mongo_db = TodayCCCLGenerator, topic = CCCL/PURBACHAL/ENM_01 created 67e04dc9cc630737986098f3 succesfully
2025-03-24 00:07:31,988 pop.CCCL_environment_mixins INFO     mongo_db = CCCLEnvironment, topic = CCCL/PURBACHAL/ENV_01 created 67e04de3cc630737986098f4 succesfully
2025-03-24 00:07:31,995 pop.CCCL_environment_mixins INFO     mongo_db = TemporaryCCCLEnvironment, topic = CCCL/PURBACHAL/ENV_01 created 67e04de3cc630737986098f5 succesfully
2025-03-24 00:07:32,000 pop.CCCL_environment_mixins INFO     mongo_db = TodayCCCLEnvironment, topic = CCCL/PURBACHAL/ENV_01 created 67e04de3cc630737986098f6 succesfully
2025-03-24 00:08:01,744 pop.CPM_RT_mixins INFO     mongo_db = RTModelCPM, topic = MQTT_RT_DATA created 67e04e01cc630737986098f7 succesfully
2025-03-24 00:08:01,751 pop.CPM_RT_mixins INFO     mongo_db = TemporaryRTModelCPM, topic = MQTT_RT_DATA created 67e04e01cc630737986098f8 succesfully
2025-03-24 00:08:01,757 pop.CPM_RT_mixins INFO     mongo_db = TodayRTModelCPM, topic = MQTT_RT_DATA created 67e04e01cc630737986098f9 succesfully
2025-03-24 00:08:02,342 pop.CCCL_environment_mixins INFO     mongo_db = CCCLEnvironment, topic = CCCL/PURBACHAL/ENV_01 created 67e04e02cc630737986098fa succesfully
2025-03-24 00:08:02,352 pop.CCCL_environment_mixins INFO     mongo_db = TemporaryCCCLEnvironment, topic = CCCL/PURBACHAL/ENV_01 created 67e04e02cc630737986098fb succesfully
2025-03-24 00:08:02,357 pop.CCCL_environment_mixins INFO     mongo_db = TodayCCCLEnvironment, topic = CCCL/PURBACHAL/ENV_01 created 67e04e02cc630737986098fc succesfully
2025-03-24 00:08:05,115 pop.CCCL_generator_mixins INFO     mongo_db = CCCLGenerator, topic = CCCL/PURBACHAL/ENM_01 created 67e04e05cc630737986098fd succesfully
2025-03-24 00:08:05,122 pop.CCCL_generator_mixins INFO     mongo_db = TemporaryCCCLGenerator, topic = CCCL/PURBACHAL/ENM_01 created 67e04e05cc630737986098fe succesfully
2025-03-24 00:08:05,129 pop.CCCL_generator_mixins INFO     mongo_db = TodayCCCLGenerator, topic = CCCL/PURBACHAL/ENM_01 created 67e04e05cc630737986098ff succesfully
2025-03-24 00:08:31,702 pop.CPM_RT_mixins INFO     mongo_db = RTModelCPM, topic = MQTT_RT_DATA created 67e04e1fcc63073798609900 succesfully
2025-03-24 00:08:31,737 pop.CPM_RT_mixins INFO     mongo_db = TemporaryRTModelCPM, topic = MQTT_RT_DATA created 67e04e1fcc63073798609901 succesfully
2025-03-24 00:08:31,764 pop.CPM_RT_mixins INFO     mongo_db = TodayRTModelCPM, topic = MQTT_RT_DATA created 67e04e1fcc63073798609902 succesfully
2025-03-24 00:08:32,649 pop.CCCL_environment_mixins INFO     mongo_db = CCCLEnvironment, topic = CCCL/PURBACHAL/ENV_01 created 67e04e20cc63073798609903 succesfully
2025-03-24 00:08:32,658 pop.CCCL_environment_mixins INFO     mongo_db = TemporaryCCCLEnvironment, topic = CCCL/PURBACHAL/ENV_01 created 67e04e20cc63073798609904 succesfully
2025-03-24 00:08:32,662 pop.CCCL_environment_mixins INFO     mongo_db = TodayCCCLEnvironment, topic = CCCL/PURBACHAL/ENV_01 created 67e04e20cc63073798609905 succesfully
2025-03-24 00:09:01,646 pop.CPM_RT_mixins INFO     mongo_db = RTModelCPM, topic = MQTT_RT_DATA created 67e04e3dcc63073798609906 succesfully
2025-03-24 00:09:01,656 pop.CPM_RT_mixins INFO     mongo_db = TemporaryRTModelCPM, topic = MQTT_RT_DATA created 67e04e3dcc63073798609907 succesfully
2025-03-24 00:09:01,666 pop.CPM_RT_mixins INFO     mongo_db = TodayRTModelCPM, topic = MQTT_RT_DATA created 67e04e3dcc63073798609908 succesfully
2025-03-24 00:09:02,925 pop.CCCL_environment_mixins INFO     mongo_db = CCCLEnvironment, topic = CCCL/PURBACHAL/ENV_01 created 67e04e3ecc63073798609909 succesfully
2025-03-24 00:09:02,935 pop.CCCL_environment_mixins INFO     mongo_db = TemporaryCCCLEnvironment, topic = CCCL/PURBACHAL/ENV_01 created 67e04e3ecc6307379860990a succesfully
2025-03-24 00:09:02,940 pop.CCCL_environment_mixins INFO     mongo_db = TodayCCCLEnvironment, topic = CCCL/PURBACHAL/ENV_01 created 67e04e3ecc6307379860990b succesfully
2025-03-24 00:09:05,216 pop.CCCL_generator_mixins INFO     mongo_db = CCCLGenerator, topic = CCCL/PURBACHAL/ENM_01 created 67e04e41cc6307379860990c succesfully
2025-03-24 00:09:05,228 pop.CCCL_generator_mixins INFO     mongo_db = TemporaryCCCLGenerator, topic = CCCL/PURBACHAL/ENM_01 created 67e04e41cc6307379860990d succesfully
2025-03-24 00:09:05,235 pop.CCCL_generator_mixins INFO     mongo_db = TodayCCCLGenerator, topic = CCCL/PURBACHAL/ENM_01 created 67e04e41cc6307379860990e succesfully
2025-03-24 00:09:08,396 pop.CPM_ENY_NOW_mongo_mixins INFO     mongo_db = EnyNowDataModelCPM, topic = MQTT_ENY_NOW created 67e04e44cc6307379860990f succesfully
2025-03-24 00:09:08,402 pop.CPM_ENY_NOW_mongo_mixins INFO     mongo_db = TemporaryEnyNowDataModelCPM, topic = MQTT_ENY_NOW created 67e04e44cc63073798609910 succesfully
2025-03-24 00:09:08,407 pop.CPM_ENY_NOW_mongo_mixins INFO     mongo_db = TodayEnyNowDataModelCPM, topic = MQTT_ENY_NOW created 67e04e44cc63073798609911 succesfully
2025-03-24 00:09:08,413 pop.CPM_ENY_NOW_mongo_mixins INFO     mongo_db = Last7DaysEnyNowDataModelCPM, topic = MQTT_ENY_NOW created 67e04e44cc63073798609912 succesfully
2025-03-24 00:09:31,753 pop.CPM_RT_mixins INFO     mongo_db = RTModelCPM, topic = MQTT_RT_DATA created 67e04e5bcc63073798609913 succesfully
2025-03-24 00:09:31,769 pop.CPM_RT_mixins INFO     mongo_db = TemporaryRTModelCPM, topic = MQTT_RT_DATA created 67e04e5bcc63073798609914 succesfully
2025-03-24 00:09:31,781 pop.CPM_RT_mixins INFO     mongo_db = TodayRTModelCPM, topic = MQTT_RT_DATA created 67e04e5bcc63073798609915 succesfully
2025-03-24 00:09:33,238 pop.CCCL_environment_mixins INFO     mongo_db = CCCLEnvironment, topic = CCCL/PURBACHAL/ENV_01 created 67e04e5dcc63073798609916 succesfully
2025-03-24 00:09:33,248 pop.CCCL_environment_mixins INFO     mongo_db = TemporaryCCCLEnvironment, topic = CCCL/PURBACHAL/ENV_01 created 67e04e5dcc63073798609917 succesfully
2025-03-24 00:09:33,253 pop.CCCL_environment_mixins INFO     mongo_db = TodayCCCLEnvironment, topic = CCCL/PURBACHAL/ENV_01 created 67e04e5dcc63073798609918 succesfully
2025-03-24 00:10:01,649 pop.CPM_RT_mixins INFO     mongo_db = RTModelCPM, topic = MQTT_RT_DATA created 67e04e79cc63073798609919 succesfully
2025-03-24 00:10:01,656 pop.CPM_RT_mixins INFO     mongo_db = TemporaryRTModelCPM, topic = MQTT_RT_DATA created 67e04e79cc6307379860991a succesfully
2025-03-24 00:10:01,662 pop.CPM_RT_mixins INFO     mongo_db = TodayRTModelCPM, topic = MQTT_RT_DATA created 67e04e79cc6307379860991b succesfully
2025-03-24 00:10:03,582 pop.CCCL_environment_mixins INFO     mongo_db = CCCLEnvironment, topic = CCCL/PURBACHAL/ENV_01 created 67e04e7bcc6307379860991c succesfully
2025-03-24 00:10:03,591 pop.CCCL_environment_mixins INFO     mongo_db = TemporaryCCCLEnvironment, topic = CCCL/PURBACHAL/ENV_01 created 67e04e7bcc6307379860991d succesfully
2025-03-24 00:10:03,596 pop.CCCL_environment_mixins INFO     mongo_db = TodayCCCLEnvironment, topic = CCCL/PURBACHAL/ENV_01 created 67e04e7bcc6307379860991e succesfully
2025-03-24 00:10:05,125 pop.CCCL_generator_mixins INFO     mongo_db = CCCLGenerator, topic = CCCL/PURBACHAL/ENM_01 created 67e04e7dcc6307379860991f succesfully
2025-03-24 00:10:05,136 pop.CCCL_generator_mixins INFO     mongo_db = TemporaryCCCLGenerator, topic = CCCL/PURBACHAL/ENM_01 created 67e04e7dcc63073798609920 succesfully
2025-03-24 00:10:05,142 pop.CCCL_generator_mixins INFO     mongo_db = TodayCCCLGenerator, topic = CCCL/PURBACHAL/ENM_01 created 67e04e7dcc63073798609921 succesfully
2025-03-24 00:10:32,786 pop.CPM_RT_mixins INFO     mongo_db = RTModelCPM, topic = MQTT_RT_DATA created 67e04e98cc63073798609922 succesfully
2025-03-24 00:10:32,793 pop.CPM_RT_mixins INFO     mongo_db = TemporaryRTModelCPM, topic = MQTT_RT_DATA created 67e04e98cc63073798609923 succesfully
2025-03-24 00:10:32,800 pop.CPM_RT_mixins INFO     mongo_db = TodayRTModelCPM, topic = MQTT_RT_DATA created 67e04e98cc63073798609924 succesfully
2025-03-24 00:10:33,899 pop.CCCL_environment_mixins INFO     mongo_db = CCCLEnvironment, topic = CCCL/PURBACHAL/ENV_01 created 67e04e99cc63073798609925 succesfully
2025-03-24 00:10:33,909 pop.CCCL_environment_mixins INFO     mongo_db = TemporaryCCCLEnvironment, topic = CCCL/PURBACHAL/ENV_01 created 67e04e99cc63073798609926 succesfully
2025-03-24 00:10:33,914 pop.CCCL_environment_mixins INFO     mongo_db = TodayCCCLEnvironment, topic = CCCL/PURBACHAL/ENV_01 created 67e04e99cc63073798609927 succesfully
2025-03-24 00:11:01,680 pop.CPM_RT_mixins INFO     mongo_db = RTModelCPM, topic = MQTT_RT_DATA created 67e04eb5cc63073798609928 succesfully
2025-03-24 00:11:01,692 pop.CPM_RT_mixins INFO     mongo_db = TemporaryRTModelCPM, topic = MQTT_RT_DATA created 67e04eb5cc63073798609929 succesfully
2025-03-24 00:11:01,699 pop.CPM_RT_mixins INFO     mongo_db = TodayRTModelCPM, topic = MQTT_RT_DATA created 67e04eb5cc6307379860992a succesfully
2025-03-24 00:11:04,184 pop.CCCL_environment_mixins INFO     mongo_db = CCCLEnvironment, topic = CCCL/PURBACHAL/ENV_01 created 67e04eb8cc6307379860992b succesfully
2025-03-24 00:11:04,194 pop.CCCL_environment_mixins INFO     mongo_db = TemporaryCCCLEnvironment, topic = CCCL/PURBACHAL/ENV_01 created 67e04eb8cc6307379860992c succesfully
2025-03-24 00:11:04,201 pop.CCCL_environment_mixins INFO     mongo_db = TodayCCCLEnvironment, topic = CCCL/PURBACHAL/ENV_01 created 67e04eb8cc6307379860992d succesfully
2025-03-24 00:11:05,118 pop.CCCL_generator_mixins INFO     mongo_db = CCCLGenerator, topic = CCCL/PURBACHAL/ENM_01 created 67e04eb9cc6307379860992e succesfully
2025-03-24 00:11:05,124 pop.CCCL_generator_mixins INFO     mongo_db = TemporaryCCCLGenerator, topic = CCCL/PURBACHAL/ENM_01 created 67e04eb9cc6307379860992f succesfully
2025-03-24 00:11:05,130 pop.CCCL_generator_mixins INFO     mongo_db = TodayCCCLGenerator, topic = CCCL/PURBACHAL/ENM_01 created 67e04eb9cc63073798609930 succesfully
2025-03-24 00:11:32,699 pop.CPM_RT_mixins INFO     mongo_db = RTModelCPM, topic = MQTT_RT_DATA created 67e04ed4cc63073798609931 succesfully
2025-03-24 00:11:32,705 pop.CPM_RT_mixins INFO     mongo_db = TemporaryRTModelCPM, topic = MQTT_RT_DATA created 67e04ed4cc63073798609932 succesfully
2025-03-24 00:11:32,711 pop.CPM_RT_mixins INFO     mongo_db = TodayRTModelCPM, topic = MQTT_RT_DATA created 67e04ed4cc63073798609933 succesfully
2025-03-24 00:11:34,520 pop.CCCL_environment_mixins INFO     mongo_db = CCCLEnvironment, topic = CCCL/PURBACHAL/ENV_01 created 67e04ed6cc63073798609934 succesfully
2025-03-24 00:11:34,528 pop.CCCL_environment_mixins INFO     mongo_db = TemporaryCCCLEnvironment, topic = CCCL/PURBACHAL/ENV_01 created 67e04ed6cc63073798609935 succesfully
2025-03-24 00:11:34,536 pop.CCCL_environment_mixins INFO     mongo_db = TodayCCCLEnvironment, topic = CCCL/PURBACHAL/ENV_01 created 67e04ed6cc63073798609936 succesfully
2025-03-24 00:12:01,968 pop.CPM_RT_mixins INFO     mongo_db = RTModelCPM, topic = MQTT_RT_DATA created 67e04ef1cc63073798609937 succesfully
2025-03-24 00:12:01,978 pop.CPM_RT_mixins INFO     mongo_db = TemporaryRTModelCPM, topic = MQTT_RT_DATA created 67e04ef1cc63073798609938 succesfully
2025-03-24 00:12:01,987 pop.CPM_RT_mixins INFO     mongo_db = TodayRTModelCPM, topic = MQTT_RT_DATA created 67e04ef1cc63073798609939 succesfully
2025-03-24 00:12:04,807 pop.CCCL_environment_mixins INFO     mongo_db = CCCLEnvironment, topic = CCCL/PURBACHAL/ENV_01 created 67e04ef4cc6307379860993a succesfully
2025-03-24 00:12:04,819 pop.CCCL_environment_mixins INFO     mongo_db = TemporaryCCCLEnvironment, topic = CCCL/PURBACHAL/ENV_01 created 67e04ef4cc6307379860993b succesfully
2025-03-24 00:12:04,825 pop.CCCL_environment_mixins INFO     mongo_db = TodayCCCLEnvironment, topic = CCCL/PURBACHAL/ENV_01 created 67e04ef4cc6307379860993c succesfully
2025-03-24 00:12:05,131 pop.CCCL_generator_mixins INFO     mongo_db = CCCLGenerator, topic = CCCL/PURBACHAL/ENM_01 created 67e04ef5cc6307379860993d succesfully
2025-03-24 00:12:05,141 pop.CCCL_generator_mixins INFO     mongo_db = TemporaryCCCLGenerator, topic = CCCL/PURBACHAL/ENM_01 created 67e04ef5cc6307379860993e succesfully
2025-03-24 00:12:05,148 pop.CCCL_generator_mixins INFO     mongo_db = TodayCCCLGenerator, topic = CCCL/PURBACHAL/ENM_01 created 67e04ef5cc6307379860993f succesfully
2025-03-24 00:12:53,744 pop.CPM_DAY_DATA_mongo_mixins INFO     mongo_db = DayDataModelCPM, topic = MQTT_DAY_DATA created 67e04f2570516ad79d82203c succesfully
2025-03-24 00:12:53,765 pop.CPM_ENY_FRZ_mongo_mixins INFO     mongo_db = EnyFrzDataModelCPM, topic = MQTT_ENY_FRZ created 67e04f2570516ad79d82203d succesfully
2025-03-24 00:12:53,801 pop.CPM_ENY_NOW_mongo_mixins INFO     mongo_db = EnyNowDataModelCPM, topic = MQTT_ENY_NOW created 67e04f2570516ad79d82203e succesfully
2025-03-24 00:12:53,814 pop.CPM_ENY_NOW_mongo_mixins INFO     mongo_db = TemporaryEnyNowDataModelCPM, topic = MQTT_ENY_NOW created 67e04f2570516ad79d82203f succesfully
2025-03-24 00:12:53,832 pop.CPM_ENY_NOW_mongo_mixins INFO     mongo_db = TodayEnyNowDataModelCPM, topic = MQTT_ENY_NOW created 67e04f2570516ad79d822040 succesfully
2025-03-24 00:12:53,846 pop.CPM_ENY_NOW_mongo_mixins INFO     mongo_db = Last7DaysEnyNowDataModelCPM, topic = MQTT_ENY_NOW created 67e04f2570516ad79d822041 succesfully
2025-03-24 00:12:53,875 pop.CPM_RT_mixins INFO     mongo_db = RTModelCPM, topic = MQTT_RT_DATA created 67e04f2570516ad79d822042 succesfully
2025-03-24 00:12:53,888 pop.CPM_RT_mixins INFO     mongo_db = TemporaryRTModelCPM, topic = MQTT_RT_DATA created 67e04f2570516ad79d822043 succesfully
2025-03-24 00:12:53,913 pop.CPM_RT_mixins INFO     mongo_db = TodayRTModelCPM, topic = MQTT_RT_DATA created 67e04f2570516ad79d822044 succesfully
2025-03-24 00:13:01,968 pop.CPM_RT_mixins INFO     mongo_db = RTModelCPM, topic = MQTT_RT_DATA created 67e04f2d70516ad79d822045 succesfully
2025-03-24 00:13:01,976 pop.CPM_RT_mixins INFO     mongo_db = TemporaryRTModelCPM, topic = MQTT_RT_DATA created 67e04f2d70516ad79d822046 succesfully
2025-03-24 00:13:01,984 pop.CPM_RT_mixins INFO     mongo_db = TodayRTModelCPM, topic = MQTT_RT_DATA created 67e04f2d70516ad79d822047 succesfully
2025-03-24 00:13:05,169 pop.CCCL_generator_mixins INFO     mongo_db = CCCLGenerator, topic = CCCL/PURBACHAL/ENM_01 created 67e04f3170516ad79d822048 succesfully
2025-03-24 00:13:05,184 pop.CCCL_generator_mixins INFO     mongo_db = TemporaryCCCLGenerator, topic = CCCL/PURBACHAL/ENM_01 created 67e04f3170516ad79d822049 succesfully
2025-03-24 00:13:05,193 pop.CCCL_generator_mixins INFO     mongo_db = TodayCCCLGenerator, topic = CCCL/PURBACHAL/ENM_01 created 67e04f3170516ad79d82204a succesfully
2025-03-24 00:13:05,471 pop.CCCL_environment_mixins INFO     mongo_db = CCCLEnvironment, topic = CCCL/PURBACHAL/ENV_01 created 67e04f3170516ad79d82204b succesfully
2025-03-24 00:13:05,484 pop.CCCL_environment_mixins INFO     mongo_db = TemporaryCCCLEnvironment, topic = CCCL/PURBACHAL/ENV_01 created 67e04f3170516ad79d82204c succesfully
2025-03-24 00:13:05,497 pop.CCCL_environment_mixins INFO     mongo_db = TodayCCCLEnvironment, topic = CCCL/PURBACHAL/ENV_01 created 67e04f3170516ad79d82204d succesfully
2025-03-24 00:13:35,776 pop.CCCL_environment_mixins INFO     mongo_db = CCCLEnvironment, topic = CCCL/PURBACHAL/ENV_01 created 67e04f4f70516ad79d82204e succesfully
2025-03-24 00:13:35,786 pop.CCCL_environment_mixins INFO     mongo_db = TemporaryCCCLEnvironment, topic = CCCL/PURBACHAL/ENV_01 created 67e04f4f70516ad79d82204f succesfully
2025-03-24 00:13:35,793 pop.CCCL_environment_mixins INFO     mongo_db = TodayCCCLEnvironment, topic = CCCL/PURBACHAL/ENV_01 created 67e04f4f70516ad79d822050 succesfully
2025-03-24 00:14:02,115 pop.CPM_RT_mixins INFO     mongo_db = RTModelCPM, topic = MQTT_RT_DATA created 67e04f6a70516ad79d822051 succesfully
2025-03-24 00:14:02,121 pop.CPM_RT_mixins INFO     mongo_db = TemporaryRTModelCPM, topic = MQTT_RT_DATA created 67e04f6a70516ad79d822052 succesfully
2025-03-24 00:14:02,128 pop.CPM_RT_mixins INFO     mongo_db = TodayRTModelCPM, topic = MQTT_RT_DATA created 67e04f6a70516ad79d822053 succesfully
2025-03-24 00:14:05,167 pop.CCCL_generator_mixins INFO     mongo_db = CCCLGenerator, topic = CCCL/PURBACHAL/ENM_01 created 67e04f6d70516ad79d822054 succesfully
2025-03-24 00:14:05,175 pop.CCCL_generator_mixins INFO     mongo_db = TemporaryCCCLGenerator, topic = CCCL/PURBACHAL/ENM_01 created 67e04f6d70516ad79d822055 succesfully
2025-03-24 00:14:05,182 pop.CCCL_generator_mixins INFO     mongo_db = TodayCCCLGenerator, topic = CCCL/PURBACHAL/ENM_01 created 67e04f6d70516ad79d822056 succesfully
2025-03-24 00:14:06,146 pop.CCCL_environment_mixins INFO     mongo_db = CCCLEnvironment, topic = CCCL/PURBACHAL/ENV_01 created 67e04f6e70516ad79d822057 succesfully
2025-03-24 00:14:06,152 pop.CCCL_environment_mixins INFO     mongo_db = TemporaryCCCLEnvironment, topic = CCCL/PURBACHAL/ENV_01 created 67e04f6e70516ad79d822058 succesfully
2025-03-24 00:14:06,157 pop.CCCL_environment_mixins INFO     mongo_db = TodayCCCLEnvironment, topic = CCCL/PURBACHAL/ENV_01 created 67e04f6e70516ad79d822059 succesfully
2025-03-24 00:14:36,503 pop.CCCL_environment_mixins INFO     mongo_db = CCCLEnvironment, topic = CCCL/PURBACHAL/ENV_01 created 67e04f8c70516ad79d82205a succesfully
2025-03-24 00:14:36,514 pop.CCCL_environment_mixins INFO     mongo_db = TemporaryCCCLEnvironment, topic = CCCL/PURBACHAL/ENV_01 created 67e04f8c70516ad79d82205b succesfully
2025-03-24 00:14:36,522 pop.CCCL_environment_mixins INFO     mongo_db = TodayCCCLEnvironment, topic = CCCL/PURBACHAL/ENV_01 created 67e04f8c70516ad79d82205c succesfully
2025-03-24 00:15:02,010 pop.CPM_RT_mixins INFO     mongo_db = RTModelCPM, topic = MQTT_RT_DATA created 67e04fa670516ad79d82205d succesfully
2025-03-24 00:15:02,016 pop.CPM_RT_mixins INFO     mongo_db = TemporaryRTModelCPM, topic = MQTT_RT_DATA created 67e04fa670516ad79d82205e succesfully
2025-03-24 00:15:02,025 pop.CPM_RT_mixins INFO     mongo_db = TodayRTModelCPM, topic = MQTT_RT_DATA created 67e04fa670516ad79d82205f succesfully
2025-03-24 00:15:05,179 pop.CCCL_generator_mixins INFO     mongo_db = CCCLGenerator, topic = CCCL/PURBACHAL/ENM_01 created 67e04fa970516ad79d822060 succesfully
2025-03-24 00:15:05,187 pop.CCCL_generator_mixins INFO     mongo_db = TemporaryCCCLGenerator, topic = CCCL/PURBACHAL/ENM_01 created 67e04fa970516ad79d822061 succesfully
2025-03-24 00:15:05,193 pop.CCCL_generator_mixins INFO     mongo_db = TodayCCCLGenerator, topic = CCCL/PURBACHAL/ENM_01 created 67e04fa970516ad79d822062 succesfully
2025-03-24 00:15:06,812 pop.CCCL_environment_mixins INFO     mongo_db = CCCLEnvironment, topic = CCCL/PURBACHAL/ENV_01 created 67e04faa70516ad79d822063 succesfully
2025-03-24 00:15:06,822 pop.CCCL_environment_mixins INFO     mongo_db = TemporaryCCCLEnvironment, topic = CCCL/PURBACHAL/ENV_01 created 67e04faa70516ad79d822064 succesfully
2025-03-24 00:15:06,827 pop.CCCL_environment_mixins INFO     mongo_db = TodayCCCLEnvironment, topic = CCCL/PURBACHAL/ENV_01 created 67e04faa70516ad79d822065 succesfully
2025-03-24 00:15:37,432 pop.CCCL_environment_mixins INFO     mongo_db = CCCLEnvironment, topic = CCCL/PURBACHAL/ENV_01 created 67e04fc970516ad79d822066 succesfully
2025-03-24 00:15:37,443 pop.CCCL_environment_mixins INFO     mongo_db = TemporaryCCCLEnvironment, topic = CCCL/PURBACHAL/ENV_01 created 67e04fc970516ad79d822067 succesfully
2025-03-24 00:15:37,448 pop.CCCL_environment_mixins INFO     mongo_db = TodayCCCLEnvironment, topic = CCCL/PURBACHAL/ENV_01 created 67e04fc970516ad79d822068 succesfully
2025-03-24 00:16:01,720 pop.CPM_RT_mixins INFO     mongo_db = RTModelCPM, topic = MQTT_RT_DATA created 67e04fe170516ad79d822069 succesfully
2025-03-24 00:16:01,729 pop.CPM_RT_mixins INFO     mongo_db = TemporaryRTModelCPM, topic = MQTT_RT_DATA created 67e04fe170516ad79d82206a succesfully
2025-03-24 00:16:01,737 pop.CPM_RT_mixins INFO     mongo_db = TodayRTModelCPM, topic = MQTT_RT_DATA created 67e04fe170516ad79d82206b succesfully
2025-03-24 00:16:05,200 pop.CCCL_generator_mixins INFO     mongo_db = CCCLGenerator, topic = CCCL/PURBACHAL/ENM_01 created 67e04fe570516ad79d82206c succesfully
2025-03-24 00:16:05,212 pop.CCCL_generator_mixins INFO     mongo_db = TemporaryCCCLGenerator, topic = CCCL/PURBACHAL/ENM_01 created 67e04fe570516ad79d82206d succesfully
2025-03-24 00:16:05,223 pop.CCCL_generator_mixins INFO     mongo_db = TodayCCCLGenerator, topic = CCCL/PURBACHAL/ENM_01 created 67e04fe570516ad79d82206e succesfully
2025-03-24 00:16:07,851 pop.CCCL_environment_mixins INFO     mongo_db = CCCLEnvironment, topic = CCCL/PURBACHAL/ENV_01 created 67e04fe770516ad79d82206f succesfully
2025-03-24 00:16:07,858 pop.CCCL_environment_mixins INFO     mongo_db = TemporaryCCCLEnvironment, topic = CCCL/PURBACHAL/ENV_01 created 67e04fe770516ad79d822070 succesfully
2025-03-24 00:16:07,866 pop.CCCL_environment_mixins INFO     mongo_db = TodayCCCLEnvironment, topic = CCCL/PURBACHAL/ENV_01 created 67e04fe770516ad79d822071 succesfully
2025-03-24 00:16:31,826 pop.CPM_RT_mixins INFO     mongo_db = RTModelCPM, topic = MQTT_RT_DATA created 67e04fff70516ad79d822072 succesfully
2025-03-24 00:16:31,833 pop.CPM_RT_mixins INFO     mongo_db = TemporaryRTModelCPM, topic = MQTT_RT_DATA created 67e04fff70516ad79d822073 succesfully
2025-03-24 00:16:31,843 pop.CPM_RT_mixins INFO     mongo_db = TodayRTModelCPM, topic = MQTT_RT_DATA created 67e04fff70516ad79d822074 succesfully
2025-03-24 00:16:38,056 pop.CCCL_environment_mixins INFO     mongo_db = CCCLEnvironment, topic = CCCL/PURBACHAL/ENV_01 created 67e0500670516ad79d822075 succesfully
2025-03-24 00:16:38,069 pop.CCCL_environment_mixins INFO     mongo_db = TemporaryCCCLEnvironment, topic = CCCL/PURBACHAL/ENV_01 created 67e0500670516ad79d822076 succesfully
2025-03-24 00:16:38,078 pop.CCCL_environment_mixins INFO     mongo_db = TodayCCCLEnvironment, topic = CCCL/PURBACHAL/ENV_01 created 67e0500670516ad79d822077 succesfully
2025-03-24 00:17:02,872 pop.CPM_RT_mixins INFO     mongo_db = RTModelCPM, topic = MQTT_RT_DATA created 67e0501e70516ad79d822078 succesfully
2025-03-24 00:17:02,882 pop.CPM_RT_mixins INFO     mongo_db = TemporaryRTModelCPM, topic = MQTT_RT_DATA created 67e0501e70516ad79d822079 succesfully
2025-03-24 00:17:02,894 pop.CPM_RT_mixins INFO     mongo_db = TodayRTModelCPM, topic = MQTT_RT_DATA created 67e0501e70516ad79d82207a succesfully
2025-03-24 00:17:05,137 pop.CCCL_generator_mixins INFO     mongo_db = CCCLGenerator, topic = CCCL/PURBACHAL/ENM_01 created 67e0502170516ad79d82207b succesfully
2025-03-24 00:17:05,145 pop.CCCL_generator_mixins INFO     mongo_db = TemporaryCCCLGenerator, topic = CCCL/PURBACHAL/ENM_01 created 67e0502170516ad79d82207c succesfully
2025-03-24 00:17:05,153 pop.CCCL_generator_mixins INFO     mongo_db = TodayCCCLGenerator, topic = CCCL/PURBACHAL/ENM_01 created 67e0502170516ad79d82207d succesfully
2025-03-24 00:17:08,480 pop.CCCL_environment_mixins INFO     mongo_db = CCCLEnvironment, topic = CCCL/PURBACHAL/ENV_01 created 67e0502470516ad79d82207e succesfully
2025-03-24 00:17:08,492 pop.CCCL_environment_mixins INFO     mongo_db = TemporaryCCCLEnvironment, topic = CCCL/PURBACHAL/ENV_01 created 67e0502470516ad79d82207f succesfully
2025-03-24 00:17:08,497 pop.CCCL_environment_mixins INFO     mongo_db = TodayCCCLEnvironment, topic = CCCL/PURBACHAL/ENV_01 created 67e0502470516ad79d822080 succesfully
2025-03-24 00:17:32,114 pop.CPM_RT_mixins INFO     mongo_db = RTModelCPM, topic = MQTT_RT_DATA created 67e0503c70516ad79d822081 succesfully
2025-03-24 00:17:32,121 pop.CPM_RT_mixins INFO     mongo_db = TemporaryRTModelCPM, topic = MQTT_RT_DATA created 67e0503c70516ad79d822082 succesfully
2025-03-24 00:17:32,129 pop.CPM_RT_mixins INFO     mongo_db = TodayRTModelCPM, topic = MQTT_RT_DATA created 67e0503c70516ad79d822083 succesfully
2025-03-24 00:17:38,785 pop.CCCL_environment_mixins INFO     mongo_db = CCCLEnvironment, topic = CCCL/PURBACHAL/ENV_01 created 67e0504270516ad79d822084 succesfully
2025-03-24 00:17:38,805 pop.CCCL_environment_mixins INFO     mongo_db = TemporaryCCCLEnvironment, topic = CCCL/PURBACHAL/ENV_01 created 67e0504270516ad79d822085 succesfully
2025-03-24 00:17:38,814 pop.CCCL_environment_mixins INFO     mongo_db = TodayCCCLEnvironment, topic = CCCL/PURBACHAL/ENV_01 created 67e0504270516ad79d822086 succesfully
2025-03-24 00:18:23,873 pop.CPM_DAY_DATA_mongo_mixins INFO     mongo_db = DayDataModelCPM, topic = MQTT_DAY_DATA created 67e0506f179519cad11ebde6 succesfully
2025-03-24 00:18:23,891 pop.CPM_ENY_FRZ_mongo_mixins INFO     mongo_db = EnyFrzDataModelCPM, topic = MQTT_ENY_FRZ created 67e0506f179519cad11ebde7 succesfully
2025-03-24 00:18:23,922 pop.CPM_ENY_NOW_mongo_mixins INFO     mongo_db = EnyNowDataModelCPM, topic = MQTT_ENY_NOW created 67e0506f179519cad11ebde8 succesfully
2025-03-24 00:18:23,935 pop.CPM_ENY_NOW_mongo_mixins INFO     mongo_db = TemporaryEnyNowDataModelCPM, topic = MQTT_ENY_NOW created 67e0506f179519cad11ebde9 succesfully
2025-03-24 00:18:23,949 pop.CPM_ENY_NOW_mongo_mixins INFO     mongo_db = TodayEnyNowDataModelCPM, topic = MQTT_ENY_NOW created 67e0506f179519cad11ebdea succesfully
2025-03-24 00:18:23,963 pop.CPM_ENY_NOW_mongo_mixins INFO     mongo_db = Last7DaysEnyNowDataModelCPM, topic = MQTT_ENY_NOW created 67e0506f179519cad11ebdeb succesfully
2025-03-24 00:18:23,994 pop.CPM_RT_mixins INFO     mongo_db = RTModelCPM, topic = MQTT_RT_DATA created 67e0506f179519cad11ebdec succesfully
2025-03-24 00:18:24,022 pop.CPM_RT_mixins INFO     mongo_db = TemporaryRTModelCPM, topic = MQTT_RT_DATA created 67e05070179519cad11ebded succesfully
2025-03-24 00:18:24,046 pop.CPM_RT_mixins INFO     mongo_db = TodayRTModelCPM, topic = MQTT_RT_DATA created 67e05070179519cad11ebdee succesfully
2025-03-24 00:18:39,310 pop.CCCL_environment_mixins INFO     mongo_db = CCCLEnvironment, topic = CCCL/PURBACHAL/ENV_01 created 67e0507f179519cad11ebdef succesfully
2025-03-24 00:18:39,324 pop.CCCL_environment_mixins INFO     mongo_db = TemporaryCCCLEnvironment, topic = CCCL/PURBACHAL/ENV_01 created 67e0507f179519cad11ebdf0 succesfully
2025-03-24 00:18:39,333 pop.CCCL_environment_mixins INFO     mongo_db = TodayCCCLEnvironment, topic = CCCL/PURBACHAL/ENV_01 created 67e0507f179519cad11ebdf1 succesfully
2025-03-24 00:19:01,843 pop.CPM_RT_mixins INFO     mongo_db = RTModelCPM, topic = MQTT_RT_DATA created 67e05095179519cad11ebdf2 succesfully
2025-03-24 00:19:01,851 pop.CPM_RT_mixins INFO     mongo_db = TemporaryRTModelCPM, topic = MQTT_RT_DATA created 67e05095179519cad11ebdf3 succesfully
2025-03-24 00:19:01,859 pop.CPM_RT_mixins INFO     mongo_db = TodayRTModelCPM, topic = MQTT_RT_DATA created 67e05095179519cad11ebdf4 succesfully
2025-03-24 00:19:05,320 pop.CCCL_generator_mixins INFO     mongo_db = CCCLGenerator, topic = CCCL/PURBACHAL/ENM_01 created 67e05099179519cad11ebdf5 succesfully
2025-03-24 00:19:05,331 pop.CCCL_generator_mixins INFO     mongo_db = TemporaryCCCLGenerator, topic = CCCL/PURBACHAL/ENM_01 created 67e05099179519cad11ebdf6 succesfully
2025-03-24 00:19:05,339 pop.CCCL_generator_mixins INFO     mongo_db = TodayCCCLGenerator, topic = CCCL/PURBACHAL/ENM_01 created 67e05099179519cad11ebdf7 succesfully
2025-03-24 00:19:09,591 pop.CCCL_environment_mixins INFO     mongo_db = CCCLEnvironment, topic = CCCL/PURBACHAL/ENV_01 created 67e0509d179519cad11ebdf8 succesfully
2025-03-24 00:19:09,596 pop.CCCL_environment_mixins INFO     mongo_db = TemporaryCCCLEnvironment, topic = CCCL/PURBACHAL/ENV_01 created 67e0509d179519cad11ebdf9 succesfully
2025-03-24 00:19:09,601 pop.CCCL_environment_mixins INFO     mongo_db = TodayCCCLEnvironment, topic = CCCL/PURBACHAL/ENV_01 created 67e0509d179519cad11ebdfa succesfully
2025-03-24 00:19:40,012 pop.CCCL_environment_mixins INFO     mongo_db = CCCLEnvironment, topic = CCCL/PURBACHAL/ENV_01 created 67e050bc179519cad11ebdfb succesfully
2025-03-24 00:19:40,021 pop.CCCL_environment_mixins INFO     mongo_db = TemporaryCCCLEnvironment, topic = CCCL/PURBACHAL/ENV_01 created 67e050bc179519cad11ebdfc succesfully
2025-03-24 00:19:40,026 pop.CCCL_environment_mixins INFO     mongo_db = TodayCCCLEnvironment, topic = CCCL/PURBACHAL/ENV_01 created 67e050bc179519cad11ebdfd succesfully
2025-03-24 00:20:02,947 pop.CPM_RT_mixins INFO     mongo_db = RTModelCPM, topic = MQTT_RT_DATA created 67e050d2179519cad11ebdfe succesfully
2025-03-24 00:20:02,954 pop.CPM_RT_mixins INFO     mongo_db = TemporaryRTModelCPM, topic = MQTT_RT_DATA created 67e050d2179519cad11ebdff succesfully
2025-03-24 00:20:02,960 pop.CPM_RT_mixins INFO     mongo_db = TodayRTModelCPM, topic = MQTT_RT_DATA created 67e050d2179519cad11ebe00 succesfully
2025-03-24 00:20:05,146 pop.CCCL_generator_mixins INFO     mongo_db = CCCLGenerator, topic = CCCL/PURBACHAL/ENM_01 created 67e050d5179519cad11ebe01 succesfully
2025-03-24 00:20:05,155 pop.CCCL_generator_mixins INFO     mongo_db = TemporaryCCCLGenerator, topic = CCCL/PURBACHAL/ENM_01 created 67e050d5179519cad11ebe02 succesfully
2025-03-24 00:20:05,163 pop.CCCL_generator_mixins INFO     mongo_db = TodayCCCLGenerator, topic = CCCL/PURBACHAL/ENM_01 created 67e050d5179519cad11ebe03 succesfully
2025-03-24 00:20:10,448 pop.CCCL_environment_mixins INFO     mongo_db = CCCLEnvironment, topic = CCCL/PURBACHAL/ENV_01 created 67e050da179519cad11ebe04 succesfully
2025-03-24 00:20:10,457 pop.CCCL_environment_mixins INFO     mongo_db = TemporaryCCCLEnvironment, topic = CCCL/PURBACHAL/ENV_01 created 67e050da179519cad11ebe05 succesfully
2025-03-24 00:20:10,464 pop.CCCL_environment_mixins INFO     mongo_db = TodayCCCLEnvironment, topic = CCCL/PURBACHAL/ENV_01 created 67e050da179519cad11ebe06 succesfully
2025-03-24 00:20:31,936 pop.CPM_RT_mixins INFO     mongo_db = RTModelCPM, topic = MQTT_RT_DATA created 67e050ef179519cad11ebe07 succesfully
2025-03-24 00:20:31,942 pop.CPM_RT_mixins INFO     mongo_db = TemporaryRTModelCPM, topic = MQTT_RT_DATA created 67e050ef179519cad11ebe08 succesfully
2025-03-24 00:20:31,948 pop.CPM_RT_mixins INFO     mongo_db = TodayRTModelCPM, topic = MQTT_RT_DATA created 67e050ef179519cad11ebe09 succesfully
2025-03-24 00:20:40,766 pop.CCCL_environment_mixins INFO     mongo_db = CCCLEnvironment, topic = CCCL/PURBACHAL/ENV_01 created 67e050f8179519cad11ebe0a succesfully
2025-03-24 00:20:40,789 pop.CCCL_environment_mixins INFO     mongo_db = TemporaryCCCLEnvironment, topic = CCCL/PURBACHAL/ENV_01 created 67e050f8179519cad11ebe0b succesfully
2025-03-24 00:20:40,802 pop.CCCL_environment_mixins INFO     mongo_db = TodayCCCLEnvironment, topic = CCCL/PURBACHAL/ENV_01 created 67e050f8179519cad11ebe0c succesfully
2025-03-24 00:21:02,062 pop.CPM_RT_mixins INFO     mongo_db = RTModelCPM, topic = MQTT_RT_DATA created 67e0510e179519cad11ebe0d succesfully
2025-03-24 00:21:02,070 pop.CPM_RT_mixins INFO     mongo_db = TemporaryRTModelCPM, topic = MQTT_RT_DATA created 67e0510e179519cad11ebe0e succesfully
2025-03-24 00:21:02,079 pop.CPM_RT_mixins INFO     mongo_db = TodayRTModelCPM, topic = MQTT_RT_DATA created 67e0510e179519cad11ebe0f succesfully
2025-03-24 00:21:05,228 pop.CCCL_generator_mixins INFO     mongo_db = CCCLGenerator, topic = CCCL/PURBACHAL/ENM_01 created 67e05111179519cad11ebe10 succesfully
2025-03-24 00:21:05,235 pop.CCCL_generator_mixins INFO     mongo_db = TemporaryCCCLGenerator, topic = CCCL/PURBACHAL/ENM_01 created 67e05111179519cad11ebe11 succesfully
2025-03-24 00:21:05,241 pop.CCCL_generator_mixins INFO     mongo_db = TodayCCCLGenerator, topic = CCCL/PURBACHAL/ENM_01 created 67e05111179519cad11ebe12 succesfully
2025-03-24 00:21:11,061 pop.CCCL_environment_mixins INFO     mongo_db = CCCLEnvironment, topic = CCCL/PURBACHAL/ENV_01 created 67e05117179519cad11ebe13 succesfully
2025-03-24 00:21:11,071 pop.CCCL_environment_mixins INFO     mongo_db = TemporaryCCCLEnvironment, topic = CCCL/PURBACHAL/ENV_01 created 67e05117179519cad11ebe14 succesfully
2025-03-24 00:21:11,079 pop.CCCL_environment_mixins INFO     mongo_db = TodayCCCLEnvironment, topic = CCCL/PURBACHAL/ENV_01 created 67e05117179519cad11ebe15 succesfully
2025-03-24 00:21:32,047 pop.CPM_RT_mixins INFO     mongo_db = RTModelCPM, topic = MQTT_RT_DATA created 67e0512c179519cad11ebe16 succesfully
2025-03-24 00:21:32,054 pop.CPM_RT_mixins INFO     mongo_db = TemporaryRTModelCPM, topic = MQTT_RT_DATA created 67e0512c179519cad11ebe17 succesfully
2025-03-24 00:21:32,064 pop.CPM_RT_mixins INFO     mongo_db = TodayRTModelCPM, topic = MQTT_RT_DATA created 67e0512c179519cad11ebe18 succesfully
2025-03-24 00:21:41,316 pop.CCCL_environment_mixins INFO     mongo_db = CCCLEnvironment, topic = CCCL/PURBACHAL/ENV_01 created 67e05135179519cad11ebe19 succesfully
2025-03-24 00:21:41,327 pop.CCCL_environment_mixins INFO     mongo_db = TemporaryCCCLEnvironment, topic = CCCL/PURBACHAL/ENV_01 created 67e05135179519cad11ebe1a succesfully
2025-03-24 00:21:41,333 pop.CCCL_environment_mixins INFO     mongo_db = TodayCCCLEnvironment, topic = CCCL/PURBACHAL/ENV_01 created 67e05135179519cad11ebe1b succesfully
2025-03-24 00:22:01,971 pop.CPM_RT_mixins INFO     mongo_db = RTModelCPM, topic = MQTT_RT_DATA created 67e05149179519cad11ebe1c succesfully
2025-03-24 00:22:01,978 pop.CPM_RT_mixins INFO     mongo_db = TemporaryRTModelCPM, topic = MQTT_RT_DATA created 67e05149179519cad11ebe1d succesfully
2025-03-24 00:22:01,985 pop.CPM_RT_mixins INFO     mongo_db = TodayRTModelCPM, topic = MQTT_RT_DATA created 67e05149179519cad11ebe1e succesfully
2025-03-24 00:22:05,237 pop.CCCL_generator_mixins INFO     mongo_db = CCCLGenerator, topic = CCCL/PURBACHAL/ENM_01 created 67e0514d179519cad11ebe1f succesfully
2025-03-24 00:22:05,245 pop.CCCL_generator_mixins INFO     mongo_db = TemporaryCCCLGenerator, topic = CCCL/PURBACHAL/ENM_01 created 67e0514d179519cad11ebe20 succesfully
2025-03-24 00:22:05,251 pop.CCCL_generator_mixins INFO     mongo_db = TodayCCCLGenerator, topic = CCCL/PURBACHAL/ENM_01 created 67e0514d179519cad11ebe21 succesfully
2025-03-24 00:22:11,699 pop.CCCL_environment_mixins INFO     mongo_db = CCCLEnvironment, topic = CCCL/PURBACHAL/ENV_01 created 67e05153179519cad11ebe22 succesfully
2025-03-24 00:22:11,714 pop.CCCL_environment_mixins INFO     mongo_db = TemporaryCCCLEnvironment, topic = CCCL/PURBACHAL/ENV_01 created 67e05153179519cad11ebe23 succesfully
2025-03-24 00:22:11,727 pop.CCCL_environment_mixins INFO     mongo_db = TodayCCCLEnvironment, topic = CCCL/PURBACHAL/ENV_01 created 67e05153179519cad11ebe24 succesfully
2025-03-24 00:22:31,977 pop.CPM_RT_mixins INFO     mongo_db = RTModelCPM, topic = MQTT_RT_DATA created 67e05167179519cad11ebe25 succesfully
2025-03-24 00:22:31,983 pop.CPM_RT_mixins INFO     mongo_db = TemporaryRTModelCPM, topic = MQTT_RT_DATA created 67e05167179519cad11ebe26 succesfully
2025-03-24 00:22:31,989 pop.CPM_RT_mixins INFO     mongo_db = TodayRTModelCPM, topic = MQTT_RT_DATA created 67e05167179519cad11ebe27 succesfully
2025-03-24 00:22:41,944 pop.CCCL_environment_mixins INFO     mongo_db = CCCLEnvironment, topic = CCCL/PURBACHAL/ENV_01 created 67e05171179519cad11ebe28 succesfully
2025-03-24 00:22:41,959 pop.CCCL_environment_mixins INFO     mongo_db = TemporaryCCCLEnvironment, topic = CCCL/PURBACHAL/ENV_01 created 67e05171179519cad11ebe29 succesfully
2025-03-24 00:22:41,976 pop.CCCL_environment_mixins INFO     mongo_db = TodayCCCLEnvironment, topic = CCCL/PURBACHAL/ENV_01 created 67e05171179519cad11ebe2a succesfully
2025-03-24 00:23:02,896 pop.CPM_RT_mixins INFO     mongo_db = RTModelCPM, topic = MQTT_RT_DATA created 67e05186179519cad11ebe2b succesfully
2025-03-24 00:23:02,904 pop.CPM_RT_mixins INFO     mongo_db = TemporaryRTModelCPM, topic = MQTT_RT_DATA created 67e05186179519cad11ebe2c succesfully
2025-03-24 00:23:02,913 pop.CPM_RT_mixins INFO     mongo_db = TodayRTModelCPM, topic = MQTT_RT_DATA created 67e05186179519cad11ebe2d succesfully
2025-03-24 00:23:05,246 pop.CCCL_generator_mixins INFO     mongo_db = CCCLGenerator, topic = CCCL/PURBACHAL/ENM_01 created 67e05189179519cad11ebe2e succesfully
2025-03-24 00:23:05,256 pop.CCCL_generator_mixins INFO     mongo_db = TemporaryCCCLGenerator, topic = CCCL/PURBACHAL/ENM_01 created 67e05189179519cad11ebe2f succesfully
2025-03-24 00:23:05,266 pop.CCCL_generator_mixins INFO     mongo_db = TodayCCCLGenerator, topic = CCCL/PURBACHAL/ENM_01 created 67e05189179519cad11ebe30 succesfully
2025-03-24 00:23:12,614 pop.CCCL_environment_mixins INFO     mongo_db = CCCLEnvironment, topic = CCCL/PURBACHAL/ENV_01 created 67e05190179519cad11ebe31 succesfully
2025-03-24 00:23:12,623 pop.CCCL_environment_mixins INFO     mongo_db = TemporaryCCCLEnvironment, topic = CCCL/PURBACHAL/ENV_01 created 67e05190179519cad11ebe32 succesfully
2025-03-24 00:23:12,628 pop.CCCL_environment_mixins INFO     mongo_db = TodayCCCLEnvironment, topic = CCCL/PURBACHAL/ENV_01 created 67e05190179519cad11ebe33 succesfully
2025-03-24 00:23:42,721 pop.CCCL_environment_mixins INFO     mongo_db = CCCLEnvironment, topic = CCCL/PURBACHAL/ENV_01 created 67e051ae179519cad11ebe34 succesfully
2025-03-24 00:23:42,729 pop.CCCL_environment_mixins INFO     mongo_db = TemporaryCCCLEnvironment, topic = CCCL/PURBACHAL/ENV_01 created 67e051ae179519cad11ebe35 succesfully
2025-03-24 00:23:42,734 pop.CCCL_environment_mixins INFO     mongo_db = TodayCCCLEnvironment, topic = CCCL/PURBACHAL/ENV_01 created 67e051ae179519cad11ebe36 succesfully
2025-03-24 00:24:02,085 pop.CPM_RT_mixins INFO     mongo_db = RTModelCPM, topic = MQTT_RT_DATA created 67e051c2179519cad11ebe37 succesfully
2025-03-24 00:24:02,092 pop.CPM_RT_mixins INFO     mongo_db = TemporaryRTModelCPM, topic = MQTT_RT_DATA created 67e051c2179519cad11ebe38 succesfully
2025-03-24 00:24:02,098 pop.CPM_RT_mixins INFO     mongo_db = TodayRTModelCPM, topic = MQTT_RT_DATA created 67e051c2179519cad11ebe39 succesfully
2025-03-24 00:24:05,251 pop.CCCL_generator_mixins INFO     mongo_db = CCCLGenerator, topic = CCCL/PURBACHAL/ENM_01 created 67e051c5179519cad11ebe3a succesfully
2025-03-24 00:24:05,258 pop.CCCL_generator_mixins INFO     mongo_db = TemporaryCCCLGenerator, topic = CCCL/PURBACHAL/ENM_01 created 67e051c5179519cad11ebe3b succesfully
2025-03-24 00:24:05,264 pop.CCCL_generator_mixins INFO     mongo_db = TodayCCCLGenerator, topic = CCCL/PURBACHAL/ENM_01 created 67e051c5179519cad11ebe3c succesfully
2025-03-24 00:24:08,948 pop.CPM_ENY_NOW_mongo_mixins INFO     mongo_db = EnyNowDataModelCPM, topic = MQTT_ENY_NOW created 67e051c8179519cad11ebe3d succesfully
2025-03-24 00:24:08,954 pop.CPM_ENY_NOW_mongo_mixins INFO     mongo_db = TemporaryEnyNowDataModelCPM, topic = MQTT_ENY_NOW created 67e051c8179519cad11ebe3e succesfully
2025-03-24 00:24:08,959 pop.CPM_ENY_NOW_mongo_mixins INFO     mongo_db = TodayEnyNowDataModelCPM, topic = MQTT_ENY_NOW created 67e051c8179519cad11ebe3f succesfully
2025-03-24 00:24:08,966 pop.CPM_ENY_NOW_mongo_mixins INFO     mongo_db = Last7DaysEnyNowDataModelCPM, topic = MQTT_ENY_NOW created 67e051c8179519cad11ebe40 succesfully
2025-03-24 00:24:13,027 pop.CCCL_environment_mixins INFO     mongo_db = CCCLEnvironment, topic = CCCL/PURBACHAL/ENV_01 created 67e051cd179519cad11ebe41 succesfully
2025-03-24 00:24:13,037 pop.CCCL_environment_mixins INFO     mongo_db = TemporaryCCCLEnvironment, topic = CCCL/PURBACHAL/ENV_01 created 67e051cd179519cad11ebe42 succesfully
2025-03-24 00:24:13,042 pop.CCCL_environment_mixins INFO     mongo_db = TodayCCCLEnvironment, topic = CCCL/PURBACHAL/ENV_01 created 67e051cd179519cad11ebe43 succesfully
2025-03-24 00:24:31,805 pop.CPM_RT_mixins INFO     mongo_db = RTModelCPM, topic = MQTT_RT_DATA created 67e051df179519cad11ebe44 succesfully
2025-03-24 00:24:31,812 pop.CPM_RT_mixins INFO     mongo_db = TemporaryRTModelCPM, topic = MQTT_RT_DATA created 67e051df179519cad11ebe45 succesfully
2025-03-24 00:24:31,818 pop.CPM_RT_mixins INFO     mongo_db = TodayRTModelCPM, topic = MQTT_RT_DATA created 67e051df179519cad11ebe46 succesfully
2025-03-24 00:24:43,226 pop.CCCL_environment_mixins INFO     mongo_db = CCCLEnvironment, topic = CCCL/PURBACHAL/ENV_01 created 67e051eb179519cad11ebe47 succesfully
2025-03-24 00:24:43,239 pop.CCCL_environment_mixins INFO     mongo_db = TemporaryCCCLEnvironment, topic = CCCL/PURBACHAL/ENV_01 created 67e051eb179519cad11ebe48 succesfully
2025-03-24 00:24:43,247 pop.CCCL_environment_mixins INFO     mongo_db = TodayCCCLEnvironment, topic = CCCL/PURBACHAL/ENV_01 created 67e051eb179519cad11ebe49 succesfully
2025-03-24 00:25:01,788 pop.CPM_RT_mixins INFO     mongo_db = RTModelCPM, topic = MQTT_RT_DATA created 67e051fd179519cad11ebe4a succesfully
2025-03-24 00:25:01,795 pop.CPM_RT_mixins INFO     mongo_db = TemporaryRTModelCPM, topic = MQTT_RT_DATA created 67e051fd179519cad11ebe4b succesfully
2025-03-24 00:25:01,801 pop.CPM_RT_mixins INFO     mongo_db = TodayRTModelCPM, topic = MQTT_RT_DATA created 67e051fd179519cad11ebe4c succesfully
2025-03-24 00:25:05,259 pop.CCCL_generator_mixins INFO     mongo_db = CCCLGenerator, topic = CCCL/PURBACHAL/ENM_01 created 67e05201179519cad11ebe4d succesfully
2025-03-24 00:25:05,268 pop.CCCL_generator_mixins INFO     mongo_db = TemporaryCCCLGenerator, topic = CCCL/PURBACHAL/ENM_01 created 67e05201179519cad11ebe4e succesfully
2025-03-24 00:25:05,274 pop.CCCL_generator_mixins INFO     mongo_db = TodayCCCLGenerator, topic = CCCL/PURBACHAL/ENM_01 created 67e05201179519cad11ebe4f succesfully
2025-03-24 00:25:13,659 pop.CCCL_environment_mixins INFO     mongo_db = CCCLEnvironment, topic = CCCL/PURBACHAL/ENV_01 created 67e05209179519cad11ebe50 succesfully
2025-03-24 00:25:13,676 pop.CCCL_environment_mixins INFO     mongo_db = TemporaryCCCLEnvironment, topic = CCCL/PURBACHAL/ENV_01 created 67e05209179519cad11ebe51 succesfully
2025-03-24 00:25:13,695 pop.CCCL_environment_mixins INFO     mongo_db = TodayCCCLEnvironment, topic = CCCL/PURBACHAL/ENV_01 created 67e05209179519cad11ebe52 succesfully
2025-03-24 00:25:31,819 pop.CPM_RT_mixins INFO     mongo_db = RTModelCPM, topic = MQTT_RT_DATA created 67e0521b179519cad11ebe53 succesfully
2025-03-24 00:25:31,826 pop.CPM_RT_mixins INFO     mongo_db = TemporaryRTModelCPM, topic = MQTT_RT_DATA created 67e0521b179519cad11ebe54 succesfully
2025-03-24 00:25:31,832 pop.CPM_RT_mixins INFO     mongo_db = TodayRTModelCPM, topic = MQTT_RT_DATA created 67e0521b179519cad11ebe55 succesfully
2025-03-24 00:25:44,070 pop.CCCL_environment_mixins INFO     mongo_db = CCCLEnvironment, topic = CCCL/PURBACHAL/ENV_01 created 67e05228179519cad11ebe56 succesfully
2025-03-24 00:25:44,078 pop.CCCL_environment_mixins INFO     mongo_db = TemporaryCCCLEnvironment, topic = CCCL/PURBACHAL/ENV_01 created 67e05228179519cad11ebe57 succesfully
2025-03-24 00:25:44,085 pop.CCCL_environment_mixins INFO     mongo_db = TodayCCCLEnvironment, topic = CCCL/PURBACHAL/ENV_01 created 67e05228179519cad11ebe58 succesfully
2025-03-24 00:26:01,801 pop.CPM_RT_mixins INFO     mongo_db = RTModelCPM, topic = MQTT_RT_DATA created 67e05239179519cad11ebe59 succesfully
2025-03-24 00:26:01,812 pop.CPM_RT_mixins INFO     mongo_db = TemporaryRTModelCPM, topic = MQTT_RT_DATA created 67e05239179519cad11ebe5a succesfully
2025-03-24 00:26:01,819 pop.CPM_RT_mixins INFO     mongo_db = TodayRTModelCPM, topic = MQTT_RT_DATA created 67e05239179519cad11ebe5b succesfully
2025-03-24 00:26:05,136 pop.CCCL_generator_mixins INFO     mongo_db = CCCLGenerator, topic = CCCL/PURBACHAL/ENM_01 created 67e0523d179519cad11ebe5c succesfully
2025-03-24 00:26:05,147 pop.CCCL_generator_mixins INFO     mongo_db = TemporaryCCCLGenerator, topic = CCCL/PURBACHAL/ENM_01 created 67e0523d179519cad11ebe5d succesfully
2025-03-24 00:26:05,154 pop.CCCL_generator_mixins INFO     mongo_db = TodayCCCLGenerator, topic = CCCL/PURBACHAL/ENM_01 created 67e0523d179519cad11ebe5e succesfully
2025-03-24 00:26:14,388 pop.CCCL_environment_mixins INFO     mongo_db = CCCLEnvironment, topic = CCCL/PURBACHAL/ENV_01 created 67e05246179519cad11ebe5f succesfully
2025-03-24 00:26:14,402 pop.CCCL_environment_mixins INFO     mongo_db = TemporaryCCCLEnvironment, topic = CCCL/PURBACHAL/ENV_01 created 67e05246179519cad11ebe60 succesfully
2025-03-24 00:26:14,412 pop.CCCL_environment_mixins INFO     mongo_db = TodayCCCLEnvironment, topic = CCCL/PURBACHAL/ENV_01 created 67e05246179519cad11ebe61 succesfully
2025-03-24 00:26:31,831 pop.CPM_RT_mixins INFO     mongo_db = RTModelCPM, topic = MQTT_RT_DATA created 67e05257179519cad11ebe62 succesfully
2025-03-24 00:26:31,838 pop.CPM_RT_mixins INFO     mongo_db = TemporaryRTModelCPM, topic = MQTT_RT_DATA created 67e05257179519cad11ebe63 succesfully
2025-03-24 00:26:31,844 pop.CPM_RT_mixins INFO     mongo_db = TodayRTModelCPM, topic = MQTT_RT_DATA created 67e05257179519cad11ebe64 succesfully
2025-03-24 00:26:44,689 pop.CCCL_environment_mixins INFO     mongo_db = CCCLEnvironment, topic = CCCL/PURBACHAL/ENV_01 created 67e05264179519cad11ebe65 succesfully
2025-03-24 00:26:44,698 pop.CCCL_environment_mixins INFO     mongo_db = TemporaryCCCLEnvironment, topic = CCCL/PURBACHAL/ENV_01 created 67e05264179519cad11ebe66 succesfully
2025-03-24 00:26:44,703 pop.CCCL_environment_mixins INFO     mongo_db = TodayCCCLEnvironment, topic = CCCL/PURBACHAL/ENV_01 created 67e05264179519cad11ebe67 succesfully
2025-03-24 00:27:01,724 pop.CPM_RT_mixins INFO     mongo_db = RTModelCPM, topic = MQTT_RT_DATA created 67e05275179519cad11ebe68 succesfully
2025-03-24 00:27:01,730 pop.CPM_RT_mixins INFO     mongo_db = TemporaryRTModelCPM, topic = MQTT_RT_DATA created 67e05275179519cad11ebe69 succesfully
2025-03-24 00:27:01,736 pop.CPM_RT_mixins INFO     mongo_db = TodayRTModelCPM, topic = MQTT_RT_DATA created 67e05275179519cad11ebe6a succesfully
2025-03-24 00:27:05,175 pop.CCCL_generator_mixins INFO     mongo_db = CCCLGenerator, topic = CCCL/PURBACHAL/ENM_01 created 67e05279179519cad11ebe6b succesfully
2025-03-24 00:27:05,188 pop.CCCL_generator_mixins INFO     mongo_db = TemporaryCCCLGenerator, topic = CCCL/PURBACHAL/ENM_01 created 67e05279179519cad11ebe6c succesfully
2025-03-24 00:27:05,195 pop.CCCL_generator_mixins INFO     mongo_db = TodayCCCLGenerator, topic = CCCL/PURBACHAL/ENM_01 created 67e05279179519cad11ebe6d succesfully
2025-03-24 00:27:14,901 pop.CCCL_environment_mixins INFO     mongo_db = CCCLEnvironment, topic = CCCL/PURBACHAL/ENV_01 created 67e05282179519cad11ebe6e succesfully
2025-03-24 00:27:14,910 pop.CCCL_environment_mixins INFO     mongo_db = TemporaryCCCLEnvironment, topic = CCCL/PURBACHAL/ENV_01 created 67e05282179519cad11ebe6f succesfully
2025-03-24 00:27:14,918 pop.CCCL_environment_mixins INFO     mongo_db = TodayCCCLEnvironment, topic = CCCL/PURBACHAL/ENV_01 created 67e05282179519cad11ebe70 succesfully
2025-03-24 00:27:45,150 pop.CCCL_environment_mixins INFO     mongo_db = CCCLEnvironment, topic = CCCL/PURBACHAL/ENV_01 created 67e052a1179519cad11ebe71 succesfully
2025-03-24 00:27:45,166 pop.CCCL_environment_mixins INFO     mongo_db = TemporaryCCCLEnvironment, topic = CCCL/PURBACHAL/ENV_01 created 67e052a1179519cad11ebe72 succesfully
2025-03-24 00:27:45,176 pop.CCCL_environment_mixins INFO     mongo_db = TodayCCCLEnvironment, topic = CCCL/PURBACHAL/ENV_01 created 67e052a1179519cad11ebe73 succesfully
2025-03-24 00:28:01,708 pop.CPM_RT_mixins INFO     mongo_db = RTModelCPM, topic = MQTT_RT_DATA created 67e052b1179519cad11ebe74 succesfully
2025-03-24 00:28:01,716 pop.CPM_RT_mixins INFO     mongo_db = TemporaryRTModelCPM, topic = MQTT_RT_DATA created 67e052b1179519cad11ebe75 succesfully
2025-03-24 00:28:01,722 pop.CPM_RT_mixins INFO     mongo_db = TodayRTModelCPM, topic = MQTT_RT_DATA created 67e052b1179519cad11ebe76 succesfully
2025-03-24 00:28:05,184 pop.CCCL_generator_mixins INFO     mongo_db = CCCLGenerator, topic = CCCL/PURBACHAL/ENM_01 created 67e052b5179519cad11ebe77 succesfully
2025-03-24 00:28:05,200 pop.CCCL_generator_mixins INFO     mongo_db = TemporaryCCCLGenerator, topic = CCCL/PURBACHAL/ENM_01 created 67e052b5179519cad11ebe78 succesfully
2025-03-24 00:28:05,210 pop.CCCL_generator_mixins INFO     mongo_db = TodayCCCLGenerator, topic = CCCL/PURBACHAL/ENM_01 created 67e052b5179519cad11ebe79 succesfully
2025-03-24 00:28:15,408 pop.CCCL_environment_mixins INFO     mongo_db = CCCLEnvironment, topic = CCCL/PURBACHAL/ENV_01 created 67e052bf179519cad11ebe7a succesfully
2025-03-24 00:28:15,429 pop.CCCL_environment_mixins INFO     mongo_db = TemporaryCCCLEnvironment, topic = CCCL/PURBACHAL/ENV_01 created 67e052bf179519cad11ebe7b succesfully
2025-03-24 00:28:15,443 pop.CCCL_environment_mixins INFO     mongo_db = TodayCCCLEnvironment, topic = CCCL/PURBACHAL/ENV_01 created 67e052bf179519cad11ebe7c succesfully
2025-03-24 00:28:33,163 pop.CPM_RT_mixins INFO     mongo_db = RTModelCPM, topic = MQTT_RT_DATA created 67e052d1179519cad11ebe7d succesfully
2025-03-24 00:28:33,194 pop.CPM_RT_mixins INFO     mongo_db = TemporaryRTModelCPM, topic = MQTT_RT_DATA created 67e052d1179519cad11ebe7e succesfully
2025-03-24 00:28:33,201 pop.CPM_RT_mixins INFO     mongo_db = TodayRTModelCPM, topic = MQTT_RT_DATA created 67e052d1179519cad11ebe7f succesfully
2025-03-24 00:28:46,047 pop.CCCL_environment_mixins INFO     mongo_db = CCCLEnvironment, topic = CCCL/PURBACHAL/ENV_01 created 67e052de179519cad11ebe80 succesfully
2025-03-24 00:28:46,057 pop.CCCL_environment_mixins INFO     mongo_db = TemporaryCCCLEnvironment, topic = CCCL/PURBACHAL/ENV_01 created 67e052de179519cad11ebe81 succesfully
2025-03-24 00:28:46,062 pop.CCCL_environment_mixins INFO     mongo_db = TodayCCCLEnvironment, topic = CCCL/PURBACHAL/ENV_01 created 67e052de179519cad11ebe82 succesfully
2025-03-24 00:29:02,004 pop.CPM_RT_mixins INFO     mongo_db = RTModelCPM, topic = MQTT_RT_DATA created 67e052ee179519cad11ebe83 succesfully
2025-03-24 00:29:02,011 pop.CPM_RT_mixins INFO     mongo_db = TemporaryRTModelCPM, topic = MQTT_RT_DATA created 67e052ee179519cad11ebe84 succesfully
2025-03-24 00:29:02,018 pop.CPM_RT_mixins INFO     mongo_db = TodayRTModelCPM, topic = MQTT_RT_DATA created 67e052ee179519cad11ebe85 succesfully
2025-03-24 00:29:05,187 pop.CCCL_generator_mixins INFO     mongo_db = CCCLGenerator, topic = CCCL/PURBACHAL/ENM_01 created 67e052f1179519cad11ebe86 succesfully
2025-03-24 00:29:05,195 pop.CCCL_generator_mixins INFO     mongo_db = TemporaryCCCLGenerator, topic = CCCL/PURBACHAL/ENM_01 created 67e052f1179519cad11ebe87 succesfully
2025-03-24 00:29:05,202 pop.CCCL_generator_mixins INFO     mongo_db = TodayCCCLGenerator, topic = CCCL/PURBACHAL/ENM_01 created 67e052f1179519cad11ebe88 succesfully
2025-03-24 00:29:16,244 pop.CCCL_environment_mixins INFO     mongo_db = CCCLEnvironment, topic = CCCL/PURBACHAL/ENV_01 created 67e052fc179519cad11ebe89 succesfully
2025-03-24 00:29:16,252 pop.CCCL_environment_mixins INFO     mongo_db = TemporaryCCCLEnvironment, topic = CCCL/PURBACHAL/ENV_01 created 67e052fc179519cad11ebe8a succesfully
2025-03-24 00:29:16,256 pop.CCCL_environment_mixins INFO     mongo_db = TodayCCCLEnvironment, topic = CCCL/PURBACHAL/ENV_01 created 67e052fc179519cad11ebe8b succesfully
2025-03-24 00:29:33,018 pop.CPM_RT_mixins INFO     mongo_db = RTModelCPM, topic = MQTT_RT_DATA created 67e0530d179519cad11ebe8c succesfully
2025-03-24 00:29:33,027 pop.CPM_RT_mixins INFO     mongo_db = TemporaryRTModelCPM, topic = MQTT_RT_DATA created 67e0530d179519cad11ebe8d succesfully
2025-03-24 00:29:33,036 pop.CPM_RT_mixins INFO     mongo_db = TodayRTModelCPM, topic = MQTT_RT_DATA created 67e0530d179519cad11ebe8e succesfully
2025-03-24 00:29:46,550 pop.CCCL_environment_mixins INFO     mongo_db = CCCLEnvironment, topic = CCCL/PURBACHAL/ENV_01 created 67e0531a179519cad11ebe8f succesfully
2025-03-24 00:29:46,560 pop.CCCL_environment_mixins INFO     mongo_db = TemporaryCCCLEnvironment, topic = CCCL/PURBACHAL/ENV_01 created 67e0531a179519cad11ebe90 succesfully
2025-03-24 00:29:46,568 pop.CCCL_environment_mixins INFO     mongo_db = TodayCCCLEnvironment, topic = CCCL/PURBACHAL/ENV_01 created 67e0531a179519cad11ebe91 succesfully
2025-03-24 00:30:02,033 pop.CPM_RT_mixins INFO     mongo_db = RTModelCPM, topic = MQTT_RT_DATA created 67e0532a179519cad11ebe92 succesfully
2025-03-24 00:30:02,048 pop.CPM_RT_mixins INFO     mongo_db = TemporaryRTModelCPM, topic = MQTT_RT_DATA created 67e0532a179519cad11ebe93 succesfully
2025-03-24 00:30:02,057 pop.CPM_RT_mixins INFO     mongo_db = TodayRTModelCPM, topic = MQTT_RT_DATA created 67e0532a179519cad11ebe94 succesfully
2025-03-24 00:30:05,192 pop.CCCL_generator_mixins INFO     mongo_db = CCCLGenerator, topic = CCCL/PURBACHAL/ENM_01 created 67e0532d179519cad11ebe95 succesfully
2025-03-24 00:30:05,200 pop.CCCL_generator_mixins INFO     mongo_db = TemporaryCCCLGenerator, topic = CCCL/PURBACHAL/ENM_01 created 67e0532d179519cad11ebe96 succesfully
2025-03-24 00:30:05,206 pop.CCCL_generator_mixins INFO     mongo_db = TodayCCCLGenerator, topic = CCCL/PURBACHAL/ENM_01 created 67e0532d179519cad11ebe97 succesfully
2025-03-24 00:30:16,751 pop.CCCL_environment_mixins INFO     mongo_db = CCCLEnvironment, topic = CCCL/PURBACHAL/ENV_01 created 67e05338179519cad11ebe98 succesfully
2025-03-24 00:30:16,758 pop.CCCL_environment_mixins INFO     mongo_db = TemporaryCCCLEnvironment, topic = CCCL/PURBACHAL/ENV_01 created 67e05338179519cad11ebe99 succesfully
2025-03-24 00:30:16,763 pop.CCCL_environment_mixins INFO     mongo_db = TodayCCCLEnvironment, topic = CCCL/PURBACHAL/ENV_01 created 67e05338179519cad11ebe9a succesfully
2025-03-24 00:30:31,929 pop.CPM_RT_mixins INFO     mongo_db = RTModelCPM, topic = MQTT_RT_DATA created 67e05347179519cad11ebe9b succesfully
2025-03-24 00:30:31,936 pop.CPM_RT_mixins INFO     mongo_db = TemporaryRTModelCPM, topic = MQTT_RT_DATA created 67e05347179519cad11ebe9c succesfully
2025-03-24 00:30:31,942 pop.CPM_RT_mixins INFO     mongo_db = TodayRTModelCPM, topic = MQTT_RT_DATA created 67e05347179519cad11ebe9d succesfully
2025-03-24 00:30:47,175 pop.CCCL_environment_mixins INFO     mongo_db = CCCLEnvironment, topic = CCCL/PURBACHAL/ENV_01 created 67e05357179519cad11ebe9e succesfully
2025-03-24 00:30:47,183 pop.CCCL_environment_mixins INFO     mongo_db = TemporaryCCCLEnvironment, topic = CCCL/PURBACHAL/ENV_01 created 67e05357179519cad11ebe9f succesfully
2025-03-24 00:30:47,189 pop.CCCL_environment_mixins INFO     mongo_db = TodayCCCLEnvironment, topic = CCCL/PURBACHAL/ENV_01 created 67e05357179519cad11ebea0 succesfully
2025-03-24 00:31:02,775 pop.CPM_RT_mixins INFO     mongo_db = RTModelCPM, topic = MQTT_RT_DATA created 67e05366179519cad11ebea1 succesfully
2025-03-24 00:31:02,785 pop.CPM_RT_mixins INFO     mongo_db = TemporaryRTModelCPM, topic = MQTT_RT_DATA created 67e05366179519cad11ebea2 succesfully
2025-03-24 00:31:02,794 pop.CPM_RT_mixins INFO     mongo_db = TodayRTModelCPM, topic = MQTT_RT_DATA created 67e05366179519cad11ebea3 succesfully
2025-03-24 00:31:05,208 pop.CCCL_generator_mixins INFO     mongo_db = CCCLGenerator, topic = CCCL/PURBACHAL/ENM_01 created 67e05369179519cad11ebea4 succesfully
2025-03-24 00:31:05,226 pop.CCCL_generator_mixins INFO     mongo_db = TemporaryCCCLGenerator, topic = CCCL/PURBACHAL/ENM_01 created 67e05369179519cad11ebea5 succesfully
2025-03-24 00:31:05,239 pop.CCCL_generator_mixins INFO     mongo_db = TodayCCCLGenerator, topic = CCCL/PURBACHAL/ENM_01 created 67e05369179519cad11ebea6 succesfully
2025-03-24 00:31:17,482 pop.CCCL_environment_mixins INFO     mongo_db = CCCLEnvironment, topic = CCCL/PURBACHAL/ENV_01 created 67e05375179519cad11ebea7 succesfully
2025-03-24 00:31:17,495 pop.CCCL_environment_mixins INFO     mongo_db = TemporaryCCCLEnvironment, topic = CCCL/PURBACHAL/ENV_01 created 67e05375179519cad11ebea8 succesfully
2025-03-24 00:31:17,505 pop.CCCL_environment_mixins INFO     mongo_db = TodayCCCLEnvironment, topic = CCCL/PURBACHAL/ENV_01 created 67e05375179519cad11ebea9 succesfully
2025-03-24 00:31:31,837 pop.CPM_RT_mixins INFO     mongo_db = RTModelCPM, topic = MQTT_RT_DATA created 67e05383179519cad11ebeaa succesfully
2025-03-24 00:31:31,844 pop.CPM_RT_mixins INFO     mongo_db = TemporaryRTModelCPM, topic = MQTT_RT_DATA created 67e05383179519cad11ebeab succesfully
2025-03-24 00:31:31,850 pop.CPM_RT_mixins INFO     mongo_db = TodayRTModelCPM, topic = MQTT_RT_DATA created 67e05383179519cad11ebeac succesfully
2025-03-24 00:31:47,901 pop.CCCL_environment_mixins INFO     mongo_db = CCCLEnvironment, topic = CCCL/PURBACHAL/ENV_01 created 67e05393179519cad11ebead succesfully
2025-03-24 00:31:47,921 pop.CCCL_environment_mixins INFO     mongo_db = TemporaryCCCLEnvironment, topic = CCCL/PURBACHAL/ENV_01 created 67e05393179519cad11ebeae succesfully
2025-03-24 00:31:47,937 pop.CCCL_environment_mixins INFO     mongo_db = TodayCCCLEnvironment, topic = CCCL/PURBACHAL/ENV_01 created 67e05393179519cad11ebeaf succesfully
2025-03-24 00:32:01,839 pop.CPM_RT_mixins INFO     mongo_db = RTModelCPM, topic = MQTT_RT_DATA created 67e053a1179519cad11ebeb0 succesfully
2025-03-24 00:32:01,848 pop.CPM_RT_mixins INFO     mongo_db = TemporaryRTModelCPM, topic = MQTT_RT_DATA created 67e053a1179519cad11ebeb1 succesfully
2025-03-24 00:32:01,858 pop.CPM_RT_mixins INFO     mongo_db = TodayRTModelCPM, topic = MQTT_RT_DATA created 67e053a1179519cad11ebeb2 succesfully
2025-03-24 00:32:05,616 pop.CCCL_generator_mixins INFO     mongo_db = CCCLGenerator, topic = CCCL/PURBACHAL/ENM_01 created 67e053a5179519cad11ebeb3 succesfully
2025-03-24 00:32:05,624 pop.CCCL_generator_mixins INFO     mongo_db = TemporaryCCCLGenerator, topic = CCCL/PURBACHAL/ENM_01 created 67e053a5179519cad11ebeb4 succesfully
2025-03-24 00:32:05,631 pop.CCCL_generator_mixins INFO     mongo_db = TodayCCCLGenerator, topic = CCCL/PURBACHAL/ENM_01 created 67e053a5179519cad11ebeb5 succesfully
2025-03-24 00:32:18,207 pop.CCCL_environment_mixins INFO     mongo_db = CCCLEnvironment, topic = CCCL/PURBACHAL/ENV_01 created 67e053b2179519cad11ebeb6 succesfully
2025-03-24 00:32:18,215 pop.CCCL_environment_mixins INFO     mongo_db = TemporaryCCCLEnvironment, topic = CCCL/PURBACHAL/ENV_01 created 67e053b2179519cad11ebeb7 succesfully
2025-03-24 00:32:18,220 pop.CCCL_environment_mixins INFO     mongo_db = TodayCCCLEnvironment, topic = CCCL/PURBACHAL/ENV_01 created 67e053b2179519cad11ebeb8 succesfully
2025-03-24 00:32:48,724 pop.CCCL_environment_mixins INFO     mongo_db = CCCLEnvironment, topic = CCCL/PURBACHAL/ENV_01 created 67e053d0179519cad11ebeb9 succesfully
2025-03-24 00:32:48,761 pop.CCCL_environment_mixins INFO     mongo_db = TemporaryCCCLEnvironment, topic = CCCL/PURBACHAL/ENV_01 created 67e053d0179519cad11ebeba succesfully
2025-03-24 00:32:48,797 pop.CCCL_environment_mixins INFO     mongo_db = TodayCCCLEnvironment, topic = CCCL/PURBACHAL/ENV_01 created 67e053d0179519cad11ebebb succesfully
2025-03-24 00:33:01,665 pop.CPM_RT_mixins INFO     mongo_db = RTModelCPM, topic = MQTT_RT_DATA created 67e053dd179519cad11ebebc succesfully
2025-03-24 00:33:01,676 pop.CPM_RT_mixins INFO     mongo_db = TemporaryRTModelCPM, topic = MQTT_RT_DATA created 67e053dd179519cad11ebebd succesfully
2025-03-24 00:33:01,693 pop.CPM_RT_mixins INFO     mongo_db = TodayRTModelCPM, topic = MQTT_RT_DATA created 67e053dd179519cad11ebebe succesfully
2025-03-24 00:33:05,216 pop.CCCL_generator_mixins INFO     mongo_db = CCCLGenerator, topic = CCCL/PURBACHAL/ENM_01 created 67e053e1179519cad11ebebf succesfully
2025-03-24 00:33:05,229 pop.CCCL_generator_mixins INFO     mongo_db = TemporaryCCCLGenerator, topic = CCCL/PURBACHAL/ENM_01 created 67e053e1179519cad11ebec0 succesfully
2025-03-24 00:33:05,247 pop.CCCL_generator_mixins INFO     mongo_db = TodayCCCLGenerator, topic = CCCL/PURBACHAL/ENM_01 created 67e053e1179519cad11ebec1 succesfully
2025-03-24 00:33:19,047 pop.CCCL_environment_mixins INFO     mongo_db = CCCLEnvironment, topic = CCCL/PURBACHAL/ENV_01 created 67e053ef179519cad11ebec2 succesfully
2025-03-24 00:33:19,056 pop.CCCL_environment_mixins INFO     mongo_db = TemporaryCCCLEnvironment, topic = CCCL/PURBACHAL/ENV_01 created 67e053ef179519cad11ebec3 succesfully
2025-03-24 00:33:19,062 pop.CCCL_environment_mixins INFO     mongo_db = TodayCCCLEnvironment, topic = CCCL/PURBACHAL/ENV_01 created 67e053ef179519cad11ebec4 succesfully
