2025-02-09 10:59:48,212 pop.CPM_ENY_FRZ_mongo_mixins INFO     mongo_db = EnyFrzDataModelCPM, topic = MQTT_ENY_FRZ created 67a83644abee72fd60c7c203 succesfully
2025-02-09 10:59:48,222 pop.CPM_DAY_DATA_mongo_mixins INFO     mongo_db = DayDataModelCPM, topic = MQTT_DAY_DATA created 67a83644abee72fd60c7c204 succesfully
2025-02-09 10:59:48,255 pop.CPM_ENY_NOW_mongo_mixins INFO     mongo_db = EnyNowDataModelCPM, topic = MQTT_ENY_NOW created 67a83644abee72fd60c7c205 succesfully
2025-02-09 10:59:48,264 pop.CPM_ENY_NOW_mongo_mixins INFO     mongo_db = TemporaryEnyNowDataModelCPM, topic = MQTT_ENY_NOW created 67a83644abee72fd60c7c206 succesfully
2025-02-09 10:59:48,276 pop.CPM_ENY_NOW_mongo_mixins INFO     mongo_db = TodayEnyNowDataModelCPM, topic = MQTT_ENY_NOW created 67a83644abee72fd60c7c207 succesfully
2025-02-09 10:59:48,285 pop.CPM_ENY_NOW_mongo_mixins INFO     mongo_db = Last7DaysEnyNowDataModelCPM, topic = MQTT_ENY_NOW created 67a83644abee72fd60c7c208 succesfully
2025-02-09 10:59:48,308 pop.CPM_RT_mixins INFO     mongo_db = RTModelCPM, topic = MQTT_RT_DATA created 67a83644abee72fd60c7c209 succesfully
2025-02-09 10:59:48,318 pop.CPM_RT_mixins INFO     mongo_db = TemporaryRTModelCPM, topic = MQTT_RT_DATA created 67a83644abee72fd60c7c20a succesfully
2025-02-09 10:59:48,337 pop.CPM_RT_mixins INFO     mongo_db = TodayRTModelCPM, topic = MQTT_RT_DATA created 67a83644abee72fd60c7c20b succesfully
2025-02-09 11:00:03,719 pop.CPM_RT_mixins INFO     mongo_db = RTModelCPM, topic = MQTT_RT_DATA created 67a83653abee72fd60c7c20c succesfully
2025-02-09 11:00:03,729 pop.CPM_RT_mixins INFO     mongo_db = TemporaryRTModelCPM, topic = MQTT_RT_DATA created 67a83653abee72fd60c7c20d succesfully
2025-02-09 11:00:03,738 pop.CPM_RT_mixins INFO     mongo_db = TodayRTModelCPM, topic = MQTT_RT_DATA created 67a83653abee72fd60c7c20e succesfully
2025-02-09 11:00:32,696 pop.CPM_RT_mixins INFO     mongo_db = RTModelCPM, topic = MQTT_RT_DATA created 67a83670abee72fd60c7c20f succesfully
2025-02-09 11:00:32,707 pop.CPM_RT_mixins INFO     mongo_db = TemporaryRTModelCPM, topic = MQTT_RT_DATA created 67a83670abee72fd60c7c210 succesfully
2025-02-09 11:00:32,716 pop.CPM_RT_mixins INFO     mongo_db = TodayRTModelCPM, topic = MQTT_RT_DATA created 67a83670abee72fd60c7c211 succesfully
2025-02-09 11:01:05,666 pop.CPM_ENY_FRZ_mongo_mixins INFO     mongo_db = EnyFrzDataModelCPM, topic = MQTT_ENY_FRZ created 67a83691169943e1aa0658b9 succesfully
2025-02-09 11:01:05,674 pop.CPM_DAY_DATA_mongo_mixins INFO     mongo_db = DayDataModelCPM, topic = MQTT_DAY_DATA created 67a83691169943e1aa0658ba succesfully
2025-02-09 11:01:05,704 pop.CPM_ENY_NOW_mongo_mixins INFO     mongo_db = EnyNowDataModelCPM, topic = MQTT_ENY_NOW created 67a83691169943e1aa0658bb succesfully
2025-02-09 11:01:05,711 pop.CPM_ENY_NOW_mongo_mixins INFO     mongo_db = TemporaryEnyNowDataModelCPM, topic = MQTT_ENY_NOW created 67a83691169943e1aa0658bc succesfully
2025-02-09 11:01:05,719 pop.CPM_ENY_NOW_mongo_mixins INFO     mongo_db = TodayEnyNowDataModelCPM, topic = MQTT_ENY_NOW created 67a83691169943e1aa0658bd succesfully
2025-02-09 11:01:05,729 pop.CPM_ENY_NOW_mongo_mixins INFO     mongo_db = Last7DaysEnyNowDataModelCPM, topic = MQTT_ENY_NOW created 67a83691169943e1aa0658be succesfully
2025-02-09 11:01:05,751 pop.CPM_RT_mixins INFO     mongo_db = RTModelCPM, topic = MQTT_RT_DATA created 67a83691169943e1aa0658bf succesfully
2025-02-09 11:01:05,766 pop.CPM_RT_mixins INFO     mongo_db = TemporaryRTModelCPM, topic = MQTT_RT_DATA created 67a83691169943e1aa0658c0 succesfully
2025-02-09 11:01:05,777 pop.CPM_RT_mixins INFO     mongo_db = TodayRTModelCPM, topic = MQTT_RT_DATA created 67a83691169943e1aa0658c1 succesfully
2025-02-09 11:01:32,624 pop.CPM_RT_mixins INFO     mongo_db = RTModelCPM, topic = MQTT_RT_DATA created 67a836ac169943e1aa0658c2 succesfully
2025-02-09 11:01:32,644 pop.CPM_RT_mixins INFO     mongo_db = TemporaryRTModelCPM, topic = MQTT_RT_DATA created 67a836ac169943e1aa0658c3 succesfully
2025-02-09 11:01:32,663 pop.CPM_RT_mixins INFO     mongo_db = TodayRTModelCPM, topic = MQTT_RT_DATA created 67a836ac169943e1aa0658c4 succesfully
2025-02-09 11:02:32,686 pop.CPM_RT_mixins INFO     mongo_db = RTModelCPM, topic = MQTT_RT_DATA created 67a836e8169943e1aa0658c5 succesfully
2025-02-09 11:02:32,698 pop.CPM_RT_mixins INFO     mongo_db = TemporaryRTModelCPM, topic = MQTT_RT_DATA created 67a836e8169943e1aa0658c6 succesfully
2025-02-09 11:02:32,707 pop.CPM_RT_mixins INFO     mongo_db = TodayRTModelCPM, topic = MQTT_RT_DATA created 67a836e8169943e1aa0658c7 succesfully
2025-02-09 11:03:02,558 pop.CPM_RT_mixins INFO     mongo_db = RTModelCPM, topic = MQTT_RT_DATA created 67a83706169943e1aa0658c8 succesfully
2025-02-09 11:03:02,570 pop.CPM_RT_mixins INFO     mongo_db = TemporaryRTModelCPM, topic = MQTT_RT_DATA created 67a83706169943e1aa0658c9 succesfully
2025-02-09 11:03:02,581 pop.CPM_RT_mixins INFO     mongo_db = TodayRTModelCPM, topic = MQTT_RT_DATA created 67a83706169943e1aa0658ca succesfully
2025-02-09 11:03:16,419 django.request WARNING  Not Found: /api/v1.0/devices/
2025-02-09 11:03:34,051 pop.CPM_RT_mixins INFO     mongo_db = RTModelCPM, topic = MQTT_RT_DATA created 67a83726169943e1aa0658cb succesfully
2025-02-09 11:03:34,067 pop.CPM_RT_mixins INFO     mongo_db = TemporaryRTModelCPM, topic = MQTT_RT_DATA created 67a83726169943e1aa0658cc succesfully
2025-02-09 11:03:34,077 pop.CPM_RT_mixins INFO     mongo_db = TodayRTModelCPM, topic = MQTT_RT_DATA created 67a83726169943e1aa0658cd succesfully
2025-02-09 11:04:02,928 pop.CPM_RT_mixins INFO     mongo_db = RTModelCPM, topic = MQTT_RT_DATA created 67a83742169943e1aa0658ce succesfully
2025-02-09 11:04:02,939 pop.CPM_RT_mixins INFO     mongo_db = TemporaryRTModelCPM, topic = MQTT_RT_DATA created 67a83742169943e1aa0658cf succesfully
2025-02-09 11:04:02,950 pop.CPM_RT_mixins INFO     mongo_db = TodayRTModelCPM, topic = MQTT_RT_DATA created 67a83742169943e1aa0658d0 succesfully
2025-02-09 11:04:32,821 pop.CPM_RT_mixins INFO     mongo_db = RTModelCPM, topic = MQTT_RT_DATA created 67a83760169943e1aa0658d1 succesfully
2025-02-09 11:04:32,832 pop.CPM_RT_mixins INFO     mongo_db = TemporaryRTModelCPM, topic = MQTT_RT_DATA created 67a83760169943e1aa0658d2 succesfully
2025-02-09 11:04:32,841 pop.CPM_RT_mixins INFO     mongo_db = TodayRTModelCPM, topic = MQTT_RT_DATA created 67a83760169943e1aa0658d3 succesfully
2025-02-09 11:05:02,782 pop.CPM_RT_mixins INFO     mongo_db = RTModelCPM, topic = MQTT_RT_DATA created 67a8377e169943e1aa0658d4 succesfully
2025-02-09 11:05:02,794 pop.CPM_RT_mixins INFO     mongo_db = TemporaryRTModelCPM, topic = MQTT_RT_DATA created 67a8377e169943e1aa0658d5 succesfully
2025-02-09 11:05:02,803 pop.CPM_RT_mixins INFO     mongo_db = TodayRTModelCPM, topic = MQTT_RT_DATA created 67a8377e169943e1aa0658d6 succesfully
2025-02-09 11:05:33,682 pop.CPM_RT_mixins INFO     mongo_db = RTModelCPM, topic = MQTT_RT_DATA created 67a8379d169943e1aa0658d7 succesfully
2025-02-09 11:05:33,693 pop.CPM_RT_mixins INFO     mongo_db = TemporaryRTModelCPM, topic = MQTT_RT_DATA created 67a8379d169943e1aa0658d8 succesfully
2025-02-09 11:05:33,703 pop.CPM_RT_mixins INFO     mongo_db = TodayRTModelCPM, topic = MQTT_RT_DATA created 67a8379d169943e1aa0658d9 succesfully
2025-02-09 11:06:32,690 pop.CPM_RT_mixins INFO     mongo_db = RTModelCPM, topic = MQTT_RT_DATA created 67a837d8169943e1aa0658da succesfully
2025-02-09 11:06:32,708 pop.CPM_RT_mixins INFO     mongo_db = TemporaryRTModelCPM, topic = MQTT_RT_DATA created 67a837d8169943e1aa0658db succesfully
2025-02-09 11:06:32,727 pop.CPM_RT_mixins INFO     mongo_db = TodayRTModelCPM, topic = MQTT_RT_DATA created 67a837d8169943e1aa0658dc succesfully
2025-02-09 11:07:02,687 pop.CPM_RT_mixins INFO     mongo_db = RTModelCPM, topic = MQTT_RT_DATA created 67a837f6169943e1aa0658dd succesfully
2025-02-09 11:07:02,695 pop.CPM_RT_mixins INFO     mongo_db = TemporaryRTModelCPM, topic = MQTT_RT_DATA created 67a837f6169943e1aa0658de succesfully
2025-02-09 11:07:02,707 pop.CPM_RT_mixins INFO     mongo_db = TodayRTModelCPM, topic = MQTT_RT_DATA created 67a837f6169943e1aa0658df succesfully
2025-02-09 11:07:33,588 pop.CPM_RT_mixins INFO     mongo_db = RTModelCPM, topic = MQTT_RT_DATA created 67a83815169943e1aa0658e0 succesfully
2025-02-09 11:07:33,599 pop.CPM_RT_mixins INFO     mongo_db = TemporaryRTModelCPM, topic = MQTT_RT_DATA created 67a83815169943e1aa0658e1 succesfully
2025-02-09 11:07:33,609 pop.CPM_RT_mixins INFO     mongo_db = TodayRTModelCPM, topic = MQTT_RT_DATA created 67a83815169943e1aa0658e2 succesfully
2025-02-09 11:08:32,594 pop.CPM_RT_mixins INFO     mongo_db = RTModelCPM, topic = MQTT_RT_DATA created 67a83850169943e1aa0658e3 succesfully
2025-02-09 11:08:32,604 pop.CPM_RT_mixins INFO     mongo_db = TemporaryRTModelCPM, topic = MQTT_RT_DATA created 67a83850169943e1aa0658e4 succesfully
2025-02-09 11:08:32,614 pop.CPM_RT_mixins INFO     mongo_db = TodayRTModelCPM, topic = MQTT_RT_DATA created 67a83850169943e1aa0658e5 succesfully
2025-02-09 11:08:39,248 pop.CPM_ENY_NOW_mongo_mixins INFO     mongo_db = EnyNowDataModelCPM, topic = MQTT_ENY_NOW created 67a83857169943e1aa0658e6 succesfully
2025-02-09 11:08:39,255 pop.CPM_ENY_NOW_mongo_mixins INFO     mongo_db = TemporaryEnyNowDataModelCPM, topic = MQTT_ENY_NOW created 67a83857169943e1aa0658e7 succesfully
2025-02-09 11:08:39,261 pop.CPM_ENY_NOW_mongo_mixins INFO     mongo_db = TodayEnyNowDataModelCPM, topic = MQTT_ENY_NOW created 67a83857169943e1aa0658e8 succesfully
2025-02-09 11:08:39,266 pop.CPM_ENY_NOW_mongo_mixins INFO     mongo_db = Last7DaysEnyNowDataModelCPM, topic = MQTT_ENY_NOW created 67a83857169943e1aa0658e9 succesfully
2025-02-09 11:08:39,858 pop.CPM_DAY_DATA_mongo_mixins INFO     mongo_db = DayDataModelCPM, topic = MQTT_DAY_DATA created 67a83857169943e1aa0658ea succesfully
2025-02-09 11:08:40,570 pop.CPM_DAY_DATA_mongo_mixins INFO     mongo_db = DayDataModelCPM, topic = MQTT_DAY_DATA created 67a83858169943e1aa0658eb succesfully
2025-02-09 11:08:41,183 pop.CPM_DAY_DATA_mongo_mixins INFO     mongo_db = DayDataModelCPM, topic = MQTT_DAY_DATA created 67a83859169943e1aa0658ec succesfully
2025-02-09 11:08:41,802 pop.CPM_DAY_DATA_mongo_mixins INFO     mongo_db = DayDataModelCPM, topic = MQTT_DAY_DATA created 67a83859169943e1aa0658ed succesfully
2025-02-09 11:09:01,669 pop.CPM_RT_mixins INFO     mongo_db = RTModelCPM, topic = MQTT_RT_DATA created 67a8386d169943e1aa0658ee succesfully
2025-02-09 11:09:01,678 pop.CPM_RT_mixins INFO     mongo_db = TemporaryRTModelCPM, topic = MQTT_RT_DATA created 67a8386d169943e1aa0658ef succesfully
2025-02-09 11:09:01,687 pop.CPM_RT_mixins INFO     mongo_db = TodayRTModelCPM, topic = MQTT_RT_DATA created 67a8386d169943e1aa0658f0 succesfully
2025-02-09 11:09:30,560 pop.CPM_RT_mixins INFO     mongo_db = RTModelCPM, topic = MQTT_RT_DATA created 67a8388a169943e1aa0658f1 succesfully
2025-02-09 11:09:30,570 pop.CPM_RT_mixins INFO     mongo_db = TemporaryRTModelCPM, topic = MQTT_RT_DATA created 67a8388a169943e1aa0658f2 succesfully
2025-02-09 11:09:30,582 pop.CPM_RT_mixins INFO     mongo_db = TodayRTModelCPM, topic = MQTT_RT_DATA created 67a8388a169943e1aa0658f3 succesfully
2025-02-09 11:10:00,943 pop.CPM_RT_mixins INFO     mongo_db = RTModelCPM, topic = MQTT_RT_DATA created 67a838a8169943e1aa0658f4 succesfully
2025-02-09 11:10:00,952 pop.CPM_RT_mixins INFO     mongo_db = TemporaryRTModelCPM, topic = MQTT_RT_DATA created 67a838a8169943e1aa0658f5 succesfully
2025-02-09 11:10:00,960 pop.CPM_RT_mixins INFO     mongo_db = TodayRTModelCPM, topic = MQTT_RT_DATA created 67a838a8169943e1aa0658f6 succesfully
2025-02-09 11:10:30,824 pop.CPM_RT_mixins INFO     mongo_db = RTModelCPM, topic = MQTT_RT_DATA created 67a838c6169943e1aa0658f7 succesfully
2025-02-09 11:10:30,832 pop.CPM_RT_mixins INFO     mongo_db = TemporaryRTModelCPM, topic = MQTT_RT_DATA created 67a838c6169943e1aa0658f8 succesfully
2025-02-09 11:10:30,844 pop.CPM_RT_mixins INFO     mongo_db = TodayRTModelCPM, topic = MQTT_RT_DATA created 67a838c6169943e1aa0658f9 succesfully
2025-02-09 11:11:00,721 pop.CPM_RT_mixins INFO     mongo_db = RTModelCPM, topic = MQTT_RT_DATA created 67a838e4169943e1aa0658fa succesfully
2025-02-09 11:11:00,733 pop.CPM_RT_mixins INFO     mongo_db = TemporaryRTModelCPM, topic = MQTT_RT_DATA created 67a838e4169943e1aa0658fb succesfully
2025-02-09 11:11:00,742 pop.CPM_RT_mixins INFO     mongo_db = TodayRTModelCPM, topic = MQTT_RT_DATA created 67a838e4169943e1aa0658fc succesfully
2025-02-09 11:11:30,612 pop.CPM_RT_mixins INFO     mongo_db = RTModelCPM, topic = MQTT_RT_DATA created 67a83902169943e1aa0658fd succesfully
2025-02-09 11:11:30,625 pop.CPM_RT_mixins INFO     mongo_db = TemporaryRTModelCPM, topic = MQTT_RT_DATA created 67a83902169943e1aa0658fe succesfully
2025-02-09 11:11:30,634 pop.CPM_RT_mixins INFO     mongo_db = TodayRTModelCPM, topic = MQTT_RT_DATA created 67a83902169943e1aa0658ff succesfully
2025-02-09 11:12:31,687 pop.CPM_RT_mixins INFO     mongo_db = RTModelCPM, topic = MQTT_RT_DATA created 67a8393f169943e1aa065900 succesfully
2025-02-09 11:12:31,704 pop.CPM_RT_mixins INFO     mongo_db = TemporaryRTModelCPM, topic = MQTT_RT_DATA created 67a8393f169943e1aa065901 succesfully
2025-02-09 11:12:31,719 pop.CPM_RT_mixins INFO     mongo_db = TodayRTModelCPM, topic = MQTT_RT_DATA created 67a8393f169943e1aa065902 succesfully
2025-02-09 11:13:00,607 pop.CPM_RT_mixins INFO     mongo_db = RTModelCPM, topic = MQTT_RT_DATA created 67a8395c169943e1aa065903 succesfully
2025-02-09 11:13:00,624 pop.CPM_RT_mixins INFO     mongo_db = TemporaryRTModelCPM, topic = MQTT_RT_DATA created 67a8395c169943e1aa065904 succesfully
2025-02-09 11:13:00,638 pop.CPM_RT_mixins INFO     mongo_db = TodayRTModelCPM, topic = MQTT_RT_DATA created 67a8395c169943e1aa065905 succesfully
2025-02-09 11:13:31,117 pop.CPM_RT_mixins INFO     mongo_db = RTModelCPM, topic = MQTT_RT_DATA created 67a8397b169943e1aa065906 succesfully
2025-02-09 11:13:31,133 pop.CPM_RT_mixins INFO     mongo_db = TemporaryRTModelCPM, topic = MQTT_RT_DATA created 67a8397b169943e1aa065907 succesfully
2025-02-09 11:13:31,144 pop.CPM_RT_mixins INFO     mongo_db = TodayRTModelCPM, topic = MQTT_RT_DATA created 67a8397b169943e1aa065908 succesfully
2025-02-09 11:13:58,453 django.request WARNING  Not Found: /api/v1.0/devices/
2025-02-09 11:14:01,531 pop.CPM_RT_mixins INFO     mongo_db = RTModelCPM, topic = MQTT_RT_DATA created 67a83999169943e1aa065909 succesfully
2025-02-09 11:14:01,544 pop.CPM_RT_mixins INFO     mongo_db = TemporaryRTModelCPM, topic = MQTT_RT_DATA created 67a83999169943e1aa06590a succesfully
2025-02-09 11:14:01,560 pop.CPM_RT_mixins INFO     mongo_db = TodayRTModelCPM, topic = MQTT_RT_DATA created 67a83999169943e1aa06590b succesfully
2025-02-09 11:14:30,934 pop.CPM_RT_mixins INFO     mongo_db = RTModelCPM, topic = MQTT_RT_DATA created 67a839b6169943e1aa06590c succesfully
2025-02-09 11:14:30,949 pop.CPM_RT_mixins INFO     mongo_db = TemporaryRTModelCPM, topic = MQTT_RT_DATA created 67a839b6169943e1aa06590d succesfully
2025-02-09 11:14:30,970 pop.CPM_RT_mixins INFO     mongo_db = TodayRTModelCPM, topic = MQTT_RT_DATA created 67a839b6169943e1aa06590e succesfully
2025-02-09 11:15:01,808 pop.CPM_RT_mixins INFO     mongo_db = RTModelCPM, topic = MQTT_RT_DATA created 67a839d5169943e1aa06590f succesfully
2025-02-09 11:15:01,818 pop.CPM_RT_mixins INFO     mongo_db = TemporaryRTModelCPM, topic = MQTT_RT_DATA created 67a839d5169943e1aa065910 succesfully
2025-02-09 11:15:01,829 pop.CPM_RT_mixins INFO     mongo_db = TodayRTModelCPM, topic = MQTT_RT_DATA created 67a839d5169943e1aa065911 succesfully
2025-02-09 11:15:30,739 pop.CPM_RT_mixins INFO     mongo_db = RTModelCPM, topic = MQTT_RT_DATA created 67a839f2169943e1aa065912 succesfully
2025-02-09 11:15:30,751 pop.CPM_RT_mixins INFO     mongo_db = TemporaryRTModelCPM, topic = MQTT_RT_DATA created 67a839f2169943e1aa065913 succesfully
2025-02-09 11:15:30,760 pop.CPM_RT_mixins INFO     mongo_db = TodayRTModelCPM, topic = MQTT_RT_DATA created 67a839f2169943e1aa065914 succesfully
2025-02-09 11:16:30,767 pop.CPM_RT_mixins INFO     mongo_db = RTModelCPM, topic = MQTT_RT_DATA created 67a83a2e169943e1aa065915 succesfully
2025-02-09 11:16:30,777 pop.CPM_RT_mixins INFO     mongo_db = TemporaryRTModelCPM, topic = MQTT_RT_DATA created 67a83a2e169943e1aa065916 succesfully
2025-02-09 11:16:30,791 pop.CPM_RT_mixins INFO     mongo_db = TodayRTModelCPM, topic = MQTT_RT_DATA created 67a83a2e169943e1aa065917 succesfully
2025-02-09 11:17:00,779 pop.CPM_RT_mixins INFO     mongo_db = RTModelCPM, topic = MQTT_RT_DATA created 67a83a4c169943e1aa065918 succesfully
2025-02-09 11:17:00,796 pop.CPM_RT_mixins INFO     mongo_db = TemporaryRTModelCPM, topic = MQTT_RT_DATA created 67a83a4c169943e1aa065919 succesfully
2025-02-09 11:17:00,807 pop.CPM_RT_mixins INFO     mongo_db = TodayRTModelCPM, topic = MQTT_RT_DATA created 67a83a4c169943e1aa06591a succesfully
2025-02-09 11:17:03,764 django.request ERROR    Internal Server Error: /api/v1.0/pop/thermohygrometer-data/
Traceback (most recent call last):
  File "/opt/venv/lib/python3.9/site-packages/django/core/handlers/exception.py", line 55, in inner
    response = get_response(request)
  File "/opt/venv/lib/python3.9/site-packages/django/core/handlers/base.py", line 197, in _get_response
    response = wrapped_callback(request, *callback_args, **callback_kwargs)
  File "/opt/venv/lib/python3.9/site-packages/django/views/decorators/csrf.py", line 54, in wrapped_view
    return view_func(*args, **kwargs)
  File "/opt/venv/lib/python3.9/site-packages/rest_framework/viewsets.py", line 125, in view
    return self.dispatch(request, *args, **kwargs)
  File "/opt/venv/lib/python3.9/site-packages/rest_framework/views.py", line 509, in dispatch
    response = self.handle_exception(exc)
  File "/opt/venv/lib/python3.9/site-packages/rest_framework/views.py", line 469, in handle_exception
    self.raise_uncaught_exception(exc)
  File "/opt/venv/lib/python3.9/site-packages/rest_framework/views.py", line 480, in raise_uncaught_exception
    raise exc
  File "/opt/venv/lib/python3.9/site-packages/rest_framework/views.py", line 506, in dispatch
    response = handler(request, *args, **kwargs)
  File "/opt/app/pop/api/views.py", line 233, in list
    return Response(serializer)
UnboundLocalError: local variable 'serializer' referenced before assignment
2025-02-09 11:17:30,722 pop.CPM_RT_mixins INFO     mongo_db = RTModelCPM, topic = MQTT_RT_DATA created 67a83a6a169943e1aa06591b succesfully
2025-02-09 11:17:30,746 pop.CPM_RT_mixins INFO     mongo_db = TemporaryRTModelCPM, topic = MQTT_RT_DATA created 67a83a6a169943e1aa06591c succesfully
2025-02-09 11:17:30,767 pop.CPM_RT_mixins INFO     mongo_db = TodayRTModelCPM, topic = MQTT_RT_DATA created 67a83a6a169943e1aa06591d succesfully
2025-02-09 11:18:01,638 pop.CPM_RT_mixins INFO     mongo_db = RTModelCPM, topic = MQTT_RT_DATA created 67a83a89169943e1aa06591e succesfully
2025-02-09 11:18:01,651 pop.CPM_RT_mixins INFO     mongo_db = TemporaryRTModelCPM, topic = MQTT_RT_DATA created 67a83a89169943e1aa06591f succesfully
2025-02-09 11:18:01,663 pop.CPM_RT_mixins INFO     mongo_db = TodayRTModelCPM, topic = MQTT_RT_DATA created 67a83a89169943e1aa065920 succesfully
2025-02-09 11:18:03,752 django.request ERROR    Internal Server Error: /api/v1.0/pop/thermohygrometer-data/
Traceback (most recent call last):
  File "/opt/venv/lib/python3.9/site-packages/django/core/handlers/exception.py", line 55, in inner
    response = get_response(request)
  File "/opt/venv/lib/python3.9/site-packages/django/core/handlers/base.py", line 197, in _get_response
    response = wrapped_callback(request, *callback_args, **callback_kwargs)
  File "/opt/venv/lib/python3.9/site-packages/django/views/decorators/csrf.py", line 54, in wrapped_view
    return view_func(*args, **kwargs)
  File "/opt/venv/lib/python3.9/site-packages/rest_framework/viewsets.py", line 125, in view
    return self.dispatch(request, *args, **kwargs)
  File "/opt/venv/lib/python3.9/site-packages/rest_framework/views.py", line 509, in dispatch
    response = self.handle_exception(exc)
  File "/opt/venv/lib/python3.9/site-packages/rest_framework/views.py", line 469, in handle_exception
    self.raise_uncaught_exception(exc)
  File "/opt/venv/lib/python3.9/site-packages/rest_framework/views.py", line 480, in raise_uncaught_exception
    raise exc
  File "/opt/venv/lib/python3.9/site-packages/rest_framework/views.py", line 506, in dispatch
    response = handler(request, *args, **kwargs)
  File "/opt/app/pop/api/views.py", line 233, in list
    return Response(serializer)
UnboundLocalError: local variable 'serializer' referenced before assignment
2025-02-09 11:18:30,588 django.request WARNING  Not Found: /favicon.ico
2025-02-09 11:18:32,093 pop.CPM_RT_mixins INFO     mongo_db = RTModelCPM, topic = MQTT_RT_DATA created 67a83aa8169943e1aa065921 succesfully
2025-02-09 11:18:32,114 pop.CPM_RT_mixins INFO     mongo_db = TemporaryRTModelCPM, topic = MQTT_RT_DATA created 67a83aa8169943e1aa065922 succesfully
2025-02-09 11:18:32,135 pop.CPM_RT_mixins INFO     mongo_db = TodayRTModelCPM, topic = MQTT_RT_DATA created 67a83aa8169943e1aa065923 succesfully
2025-02-09 11:19:04,117 django.request ERROR    Internal Server Error: /api/v1.0/pop/thermohygrometer-data/
Traceback (most recent call last):
  File "/opt/venv/lib/python3.9/site-packages/django/core/handlers/exception.py", line 55, in inner
    response = get_response(request)
  File "/opt/venv/lib/python3.9/site-packages/django/core/handlers/base.py", line 197, in _get_response
    response = wrapped_callback(request, *callback_args, **callback_kwargs)
  File "/opt/venv/lib/python3.9/site-packages/django/views/decorators/csrf.py", line 54, in wrapped_view
    return view_func(*args, **kwargs)
  File "/opt/venv/lib/python3.9/site-packages/rest_framework/viewsets.py", line 125, in view
    return self.dispatch(request, *args, **kwargs)
  File "/opt/venv/lib/python3.9/site-packages/rest_framework/views.py", line 509, in dispatch
    response = self.handle_exception(exc)
  File "/opt/venv/lib/python3.9/site-packages/rest_framework/views.py", line 469, in handle_exception
    self.raise_uncaught_exception(exc)
  File "/opt/venv/lib/python3.9/site-packages/rest_framework/views.py", line 480, in raise_uncaught_exception
    raise exc
  File "/opt/venv/lib/python3.9/site-packages/rest_framework/views.py", line 506, in dispatch
    response = handler(request, *args, **kwargs)
  File "/opt/app/pop/api/views.py", line 233, in list
    return Response(serializer)
UnboundLocalError: local variable 'serializer' referenced before assignment
2025-02-09 11:19:30,591 pop.CPM_RT_mixins INFO     mongo_db = RTModelCPM, topic = MQTT_RT_DATA created 67a83ae2169943e1aa065924 succesfully
2025-02-09 11:19:30,602 pop.CPM_RT_mixins INFO     mongo_db = TemporaryRTModelCPM, topic = MQTT_RT_DATA created 67a83ae2169943e1aa065925 succesfully
2025-02-09 11:19:30,613 pop.CPM_RT_mixins INFO     mongo_db = TodayRTModelCPM, topic = MQTT_RT_DATA created 67a83ae2169943e1aa065926 succesfully
2025-02-09 11:21:35,084 pop.CPM_ENY_FRZ_mongo_mixins INFO     mongo_db = EnyFrzDataModelCPM, topic = MQTT_ENY_FRZ created 67a83b5f43d31200faeea95c succesfully
2025-02-09 11:21:35,099 pop.CPM_DAY_DATA_mongo_mixins INFO     mongo_db = DayDataModelCPM, topic = MQTT_DAY_DATA created 67a83b5f43d31200faeea95d succesfully
2025-02-09 11:21:35,141 pop.CPM_ENY_NOW_mongo_mixins INFO     mongo_db = EnyNowDataModelCPM, topic = MQTT_ENY_NOW created 67a83b5f43d31200faeea95e succesfully
2025-02-09 11:21:35,155 pop.CPM_ENY_NOW_mongo_mixins INFO     mongo_db = TemporaryEnyNowDataModelCPM, topic = MQTT_ENY_NOW created 67a83b5f43d31200faeea95f succesfully
2025-02-09 11:21:35,171 pop.CPM_ENY_NOW_mongo_mixins INFO     mongo_db = TodayEnyNowDataModelCPM, topic = MQTT_ENY_NOW created 67a83b5f43d31200faeea960 succesfully
2025-02-09 11:21:35,181 pop.CPM_ENY_NOW_mongo_mixins INFO     mongo_db = Last7DaysEnyNowDataModelCPM, topic = MQTT_ENY_NOW created 67a83b5f43d31200faeea961 succesfully
2025-02-09 11:21:35,224 pop.CPM_RT_mixins INFO     mongo_db = RTModelCPM, topic = MQTT_RT_DATA created 67a83b5f43d31200faeea962 succesfully
2025-02-09 11:21:35,269 pop.CPM_RT_mixins INFO     mongo_db = TemporaryRTModelCPM, topic = MQTT_RT_DATA created 67a83b5f43d31200faeea963 succesfully
2025-02-09 11:21:35,309 pop.CPM_RT_mixins INFO     mongo_db = TodayRTModelCPM, topic = MQTT_RT_DATA created 67a83b5f43d31200faeea964 succesfully
2025-02-09 11:22:00,978 pop.CPM_RT_mixins INFO     mongo_db = RTModelCPM, topic = MQTT_RT_DATA created 67a83b7843d31200faeea965 succesfully
2025-02-09 11:22:00,986 pop.CPM_RT_mixins INFO     mongo_db = TemporaryRTModelCPM, topic = MQTT_RT_DATA created 67a83b7843d31200faeea966 succesfully
2025-02-09 11:22:01,000 pop.CPM_RT_mixins INFO     mongo_db = TodayRTModelCPM, topic = MQTT_RT_DATA created 67a83b7843d31200faeea967 succesfully
2025-02-09 11:22:04,241 django.request ERROR    Internal Server Error: /api/v1.0/pop/thermohygrometer-data/
Traceback (most recent call last):
  File "/opt/venv/lib/python3.9/site-packages/django/core/handlers/exception.py", line 55, in inner
    response = get_response(request)
  File "/opt/venv/lib/python3.9/site-packages/django/core/handlers/base.py", line 197, in _get_response
    response = wrapped_callback(request, *callback_args, **callback_kwargs)
  File "/opt/venv/lib/python3.9/site-packages/django/views/decorators/csrf.py", line 54, in wrapped_view
    return view_func(*args, **kwargs)
  File "/opt/venv/lib/python3.9/site-packages/rest_framework/viewsets.py", line 125, in view
    return self.dispatch(request, *args, **kwargs)
  File "/opt/venv/lib/python3.9/site-packages/rest_framework/views.py", line 509, in dispatch
    response = self.handle_exception(exc)
  File "/opt/venv/lib/python3.9/site-packages/rest_framework/views.py", line 469, in handle_exception
    self.raise_uncaught_exception(exc)
  File "/opt/venv/lib/python3.9/site-packages/rest_framework/views.py", line 480, in raise_uncaught_exception
    raise exc
  File "/opt/venv/lib/python3.9/site-packages/rest_framework/views.py", line 506, in dispatch
    response = handler(request, *args, **kwargs)
  File "/opt/app/pop/api/views.py", line 233, in list
    return Response(serializer)
UnboundLocalError: local variable 'serializer' referenced before assignment
2025-02-09 11:22:25,424 django.request WARNING  Not Found: /api/v1.0/devices/
2025-02-09 11:22:25,666 django.request ERROR    Internal Server Error: /api/v1.0/pop/thermohygrometer-data/
Traceback (most recent call last):
  File "/opt/venv/lib/python3.9/site-packages/django/core/handlers/exception.py", line 55, in inner
    response = get_response(request)
  File "/opt/venv/lib/python3.9/site-packages/django/core/handlers/base.py", line 197, in _get_response
    response = wrapped_callback(request, *callback_args, **callback_kwargs)
  File "/opt/venv/lib/python3.9/site-packages/django/views/decorators/csrf.py", line 54, in wrapped_view
    return view_func(*args, **kwargs)
  File "/opt/venv/lib/python3.9/site-packages/rest_framework/viewsets.py", line 125, in view
    return self.dispatch(request, *args, **kwargs)
  File "/opt/venv/lib/python3.9/site-packages/rest_framework/views.py", line 509, in dispatch
    response = self.handle_exception(exc)
  File "/opt/venv/lib/python3.9/site-packages/rest_framework/views.py", line 469, in handle_exception
    self.raise_uncaught_exception(exc)
  File "/opt/venv/lib/python3.9/site-packages/rest_framework/views.py", line 480, in raise_uncaught_exception
    raise exc
  File "/opt/venv/lib/python3.9/site-packages/rest_framework/views.py", line 506, in dispatch
    response = handler(request, *args, **kwargs)
  File "/opt/app/pop/api/views.py", line 233, in list
    return Response(serializer)
UnboundLocalError: local variable 'serializer' referenced before assignment
2025-02-09 11:22:31,987 pop.CPM_RT_mixins INFO     mongo_db = RTModelCPM, topic = MQTT_RT_DATA created 67a83b9743d31200faeea96e succesfully
2025-02-09 11:22:32,000 pop.CPM_RT_mixins INFO     mongo_db = TemporaryRTModelCPM, topic = MQTT_RT_DATA created 67a83b9743d31200faeea96f succesfully
2025-02-09 11:22:32,013 pop.CPM_RT_mixins INFO     mongo_db = TodayRTModelCPM, topic = MQTT_RT_DATA created 67a83b9843d31200faeea970 succesfully
2025-02-09 11:23:25,434 django.request ERROR    Internal Server Error: /api/v1.0/pop/thermohygrometer-data/
Traceback (most recent call last):
  File "/opt/venv/lib/python3.9/site-packages/django/core/handlers/exception.py", line 55, in inner
    response = get_response(request)
  File "/opt/venv/lib/python3.9/site-packages/django/core/handlers/base.py", line 197, in _get_response
    response = wrapped_callback(request, *callback_args, **callback_kwargs)
  File "/opt/venv/lib/python3.9/site-packages/django/views/decorators/csrf.py", line 54, in wrapped_view
    return view_func(*args, **kwargs)
  File "/opt/venv/lib/python3.9/site-packages/rest_framework/viewsets.py", line 125, in view
    return self.dispatch(request, *args, **kwargs)
  File "/opt/venv/lib/python3.9/site-packages/rest_framework/views.py", line 509, in dispatch
    response = self.handle_exception(exc)
  File "/opt/venv/lib/python3.9/site-packages/rest_framework/views.py", line 469, in handle_exception
    self.raise_uncaught_exception(exc)
  File "/opt/venv/lib/python3.9/site-packages/rest_framework/views.py", line 480, in raise_uncaught_exception
    raise exc
  File "/opt/venv/lib/python3.9/site-packages/rest_framework/views.py", line 506, in dispatch
    response = handler(request, *args, **kwargs)
  File "/opt/app/pop/api/views.py", line 233, in list
    return Response(serializer)
UnboundLocalError: local variable 'serializer' referenced before assignment
2025-02-09 11:23:31,085 pop.CPM_RT_mixins INFO     mongo_db = RTModelCPM, topic = MQTT_RT_DATA created 67a83bd343d31200faeea974 succesfully
2025-02-09 11:23:31,098 pop.CPM_RT_mixins INFO     mongo_db = TemporaryRTModelCPM, topic = MQTT_RT_DATA created 67a83bd343d31200faeea975 succesfully
2025-02-09 11:23:31,111 pop.CPM_RT_mixins INFO     mongo_db = TodayRTModelCPM, topic = MQTT_RT_DATA created 67a83bd343d31200faeea976 succesfully
2025-02-09 11:23:37,766 pop.CPM_ENY_NOW_mongo_mixins INFO     mongo_db = EnyNowDataModelCPM, topic = MQTT_ENY_NOW created 67a83bd943d31200faeea97a succesfully
2025-02-09 11:23:37,776 pop.CPM_ENY_NOW_mongo_mixins INFO     mongo_db = TemporaryEnyNowDataModelCPM, topic = MQTT_ENY_NOW created 67a83bd943d31200faeea97b succesfully
2025-02-09 11:23:37,783 pop.CPM_ENY_NOW_mongo_mixins INFO     mongo_db = TodayEnyNowDataModelCPM, topic = MQTT_ENY_NOW created 67a83bd943d31200faeea97c succesfully
2025-02-09 11:23:37,790 pop.CPM_ENY_NOW_mongo_mixins INFO     mongo_db = Last7DaysEnyNowDataModelCPM, topic = MQTT_ENY_NOW created 67a83bd943d31200faeea97d succesfully
2025-02-09 11:24:00,713 pop.CPM_RT_mixins INFO     mongo_db = RTModelCPM, topic = MQTT_RT_DATA created 67a83bf043d31200faeea97e succesfully
2025-02-09 11:24:00,723 pop.CPM_RT_mixins INFO     mongo_db = TemporaryRTModelCPM, topic = MQTT_RT_DATA created 67a83bf043d31200faeea97f succesfully
2025-02-09 11:24:00,733 pop.CPM_RT_mixins INFO     mongo_db = TodayRTModelCPM, topic = MQTT_RT_DATA created 67a83bf043d31200faeea980 succesfully
2025-02-09 11:24:25,433 django.request ERROR    Internal Server Error: /api/v1.0/pop/thermohygrometer-data/
Traceback (most recent call last):
  File "/opt/venv/lib/python3.9/site-packages/django/core/handlers/exception.py", line 55, in inner
    response = get_response(request)
  File "/opt/venv/lib/python3.9/site-packages/django/core/handlers/base.py", line 197, in _get_response
    response = wrapped_callback(request, *callback_args, **callback_kwargs)
  File "/opt/venv/lib/python3.9/site-packages/django/views/decorators/csrf.py", line 54, in wrapped_view
    return view_func(*args, **kwargs)
  File "/opt/venv/lib/python3.9/site-packages/rest_framework/viewsets.py", line 125, in view
    return self.dispatch(request, *args, **kwargs)
  File "/opt/venv/lib/python3.9/site-packages/rest_framework/views.py", line 509, in dispatch
    response = self.handle_exception(exc)
  File "/opt/venv/lib/python3.9/site-packages/rest_framework/views.py", line 469, in handle_exception
    self.raise_uncaught_exception(exc)
  File "/opt/venv/lib/python3.9/site-packages/rest_framework/views.py", line 480, in raise_uncaught_exception
    raise exc
  File "/opt/venv/lib/python3.9/site-packages/rest_framework/views.py", line 506, in dispatch
    response = handler(request, *args, **kwargs)
  File "/opt/app/pop/api/views.py", line 233, in list
    return Response(serializer)
UnboundLocalError: local variable 'serializer' referenced before assignment
2025-02-09 11:24:30,592 pop.CPM_RT_mixins INFO     mongo_db = RTModelCPM, topic = MQTT_RT_DATA created 67a83c0e43d31200faeea984 succesfully
2025-02-09 11:24:30,605 pop.CPM_RT_mixins INFO     mongo_db = TemporaryRTModelCPM, topic = MQTT_RT_DATA created 67a83c0e43d31200faeea985 succesfully
2025-02-09 11:24:30,616 pop.CPM_RT_mixins INFO     mongo_db = TodayRTModelCPM, topic = MQTT_RT_DATA created 67a83c0e43d31200faeea986 succesfully
2025-02-09 11:25:00,605 pop.CPM_RT_mixins INFO     mongo_db = RTModelCPM, topic = MQTT_RT_DATA created 67a83c2c43d31200faeea98a succesfully
2025-02-09 11:25:00,617 pop.CPM_RT_mixins INFO     mongo_db = TemporaryRTModelCPM, topic = MQTT_RT_DATA created 67a83c2c43d31200faeea98b succesfully
2025-02-09 11:25:00,628 pop.CPM_RT_mixins INFO     mongo_db = TodayRTModelCPM, topic = MQTT_RT_DATA created 67a83c2c43d31200faeea98c succesfully
2025-02-09 11:25:25,412 django.request ERROR    Internal Server Error: /api/v1.0/pop/thermohygrometer-data/
Traceback (most recent call last):
  File "/opt/venv/lib/python3.9/site-packages/django/core/handlers/exception.py", line 55, in inner
    response = get_response(request)
  File "/opt/venv/lib/python3.9/site-packages/django/core/handlers/base.py", line 197, in _get_response
    response = wrapped_callback(request, *callback_args, **callback_kwargs)
  File "/opt/venv/lib/python3.9/site-packages/django/views/decorators/csrf.py", line 54, in wrapped_view
    return view_func(*args, **kwargs)
  File "/opt/venv/lib/python3.9/site-packages/rest_framework/viewsets.py", line 125, in view
    return self.dispatch(request, *args, **kwargs)
  File "/opt/venv/lib/python3.9/site-packages/rest_framework/views.py", line 509, in dispatch
    response = self.handle_exception(exc)
  File "/opt/venv/lib/python3.9/site-packages/rest_framework/views.py", line 469, in handle_exception
    self.raise_uncaught_exception(exc)
  File "/opt/venv/lib/python3.9/site-packages/rest_framework/views.py", line 480, in raise_uncaught_exception
    raise exc
  File "/opt/venv/lib/python3.9/site-packages/rest_framework/views.py", line 506, in dispatch
    response = handler(request, *args, **kwargs)
  File "/opt/app/pop/api/views.py", line 233, in list
    return Response(serializer)
UnboundLocalError: local variable 'serializer' referenced before assignment
2025-02-09 11:25:30,994 pop.CPM_RT_mixins INFO     mongo_db = RTModelCPM, topic = MQTT_RT_DATA created 67a83c4a43d31200faeea990 succesfully
2025-02-09 11:25:31,005 pop.CPM_RT_mixins INFO     mongo_db = TemporaryRTModelCPM, topic = MQTT_RT_DATA created 67a83c4b43d31200faeea991 succesfully
2025-02-09 11:25:31,016 pop.CPM_RT_mixins INFO     mongo_db = TodayRTModelCPM, topic = MQTT_RT_DATA created 67a83c4b43d31200faeea992 succesfully
2025-02-09 11:26:01,924 pop.CPM_RT_mixins INFO     mongo_db = RTModelCPM, topic = MQTT_RT_DATA created 67a83c6943d31200faeea996 succesfully
2025-02-09 11:26:01,936 pop.CPM_RT_mixins INFO     mongo_db = TemporaryRTModelCPM, topic = MQTT_RT_DATA created 67a83c6943d31200faeea997 succesfully
2025-02-09 11:26:01,946 pop.CPM_RT_mixins INFO     mongo_db = TodayRTModelCPM, topic = MQTT_RT_DATA created 67a83c6943d31200faeea998 succesfully
2025-02-09 11:26:25,437 django.request ERROR    Internal Server Error: /api/v1.0/pop/thermohygrometer-data/
Traceback (most recent call last):
  File "/opt/venv/lib/python3.9/site-packages/django/core/handlers/exception.py", line 55, in inner
    response = get_response(request)
  File "/opt/venv/lib/python3.9/site-packages/django/core/handlers/base.py", line 197, in _get_response
    response = wrapped_callback(request, *callback_args, **callback_kwargs)
  File "/opt/venv/lib/python3.9/site-packages/django/views/decorators/csrf.py", line 54, in wrapped_view
    return view_func(*args, **kwargs)
  File "/opt/venv/lib/python3.9/site-packages/rest_framework/viewsets.py", line 125, in view
    return self.dispatch(request, *args, **kwargs)
  File "/opt/venv/lib/python3.9/site-packages/rest_framework/views.py", line 509, in dispatch
    response = self.handle_exception(exc)
  File "/opt/venv/lib/python3.9/site-packages/rest_framework/views.py", line 469, in handle_exception
    self.raise_uncaught_exception(exc)
  File "/opt/venv/lib/python3.9/site-packages/rest_framework/views.py", line 480, in raise_uncaught_exception
    raise exc
  File "/opt/venv/lib/python3.9/site-packages/rest_framework/views.py", line 506, in dispatch
    response = handler(request, *args, **kwargs)
  File "/opt/app/pop/api/views.py", line 233, in list
    return Response(serializer)
UnboundLocalError: local variable 'serializer' referenced before assignment
2025-02-09 11:26:30,990 pop.CPM_RT_mixins INFO     mongo_db = RTModelCPM, topic = MQTT_RT_DATA created 67a83c8643d31200faeea99c succesfully
2025-02-09 11:26:31,004 pop.CPM_RT_mixins INFO     mongo_db = TemporaryRTModelCPM, topic = MQTT_RT_DATA created 67a83c8743d31200faeea99d succesfully
2025-02-09 11:26:31,017 pop.CPM_RT_mixins INFO     mongo_db = TodayRTModelCPM, topic = MQTT_RT_DATA created 67a83c8743d31200faeea99e succesfully
2025-02-09 11:27:01,993 pop.CPM_RT_mixins INFO     mongo_db = RTModelCPM, topic = MQTT_RT_DATA created 67a83ca543d31200faeea9a2 succesfully
2025-02-09 11:27:02,006 pop.CPM_RT_mixins INFO     mongo_db = TemporaryRTModelCPM, topic = MQTT_RT_DATA created 67a83ca643d31200faeea9a3 succesfully
2025-02-09 11:27:02,018 pop.CPM_RT_mixins INFO     mongo_db = TodayRTModelCPM, topic = MQTT_RT_DATA created 67a83ca643d31200faeea9a4 succesfully
2025-02-09 11:27:25,421 django.request ERROR    Internal Server Error: /api/v1.0/pop/thermohygrometer-data/
Traceback (most recent call last):
  File "/opt/venv/lib/python3.9/site-packages/django/core/handlers/exception.py", line 55, in inner
    response = get_response(request)
  File "/opt/venv/lib/python3.9/site-packages/django/core/handlers/base.py", line 197, in _get_response
    response = wrapped_callback(request, *callback_args, **callback_kwargs)
  File "/opt/venv/lib/python3.9/site-packages/django/views/decorators/csrf.py", line 54, in wrapped_view
    return view_func(*args, **kwargs)
  File "/opt/venv/lib/python3.9/site-packages/rest_framework/viewsets.py", line 125, in view
    return self.dispatch(request, *args, **kwargs)
  File "/opt/venv/lib/python3.9/site-packages/rest_framework/views.py", line 509, in dispatch
    response = self.handle_exception(exc)
  File "/opt/venv/lib/python3.9/site-packages/rest_framework/views.py", line 469, in handle_exception
    self.raise_uncaught_exception(exc)
  File "/opt/venv/lib/python3.9/site-packages/rest_framework/views.py", line 480, in raise_uncaught_exception
    raise exc
  File "/opt/venv/lib/python3.9/site-packages/rest_framework/views.py", line 506, in dispatch
    response = handler(request, *args, **kwargs)
  File "/opt/app/pop/api/views.py", line 233, in list
    return Response(serializer)
UnboundLocalError: local variable 'serializer' referenced before assignment
2025-02-09 11:27:30,917 pop.CPM_RT_mixins INFO     mongo_db = RTModelCPM, topic = MQTT_RT_DATA created 67a83cc243d31200faeea9a8 succesfully
2025-02-09 11:27:30,931 pop.CPM_RT_mixins INFO     mongo_db = TemporaryRTModelCPM, topic = MQTT_RT_DATA created 67a83cc243d31200faeea9a9 succesfully
2025-02-09 11:27:30,942 pop.CPM_RT_mixins INFO     mongo_db = TodayRTModelCPM, topic = MQTT_RT_DATA created 67a83cc243d31200faeea9aa succesfully
2025-02-09 11:28:00,844 pop.CPM_RT_mixins INFO     mongo_db = RTModelCPM, topic = MQTT_RT_DATA created 67a83ce043d31200faeea9ae succesfully
2025-02-09 11:28:00,856 pop.CPM_RT_mixins INFO     mongo_db = TemporaryRTModelCPM, topic = MQTT_RT_DATA created 67a83ce043d31200faeea9af succesfully
2025-02-09 11:28:00,866 pop.CPM_RT_mixins INFO     mongo_db = TodayRTModelCPM, topic = MQTT_RT_DATA created 67a83ce043d31200faeea9b0 succesfully
2025-02-09 11:28:25,433 django.request ERROR    Internal Server Error: /api/v1.0/pop/thermohygrometer-data/
Traceback (most recent call last):
  File "/opt/venv/lib/python3.9/site-packages/django/core/handlers/exception.py", line 55, in inner
    response = get_response(request)
  File "/opt/venv/lib/python3.9/site-packages/django/core/handlers/base.py", line 197, in _get_response
    response = wrapped_callback(request, *callback_args, **callback_kwargs)
  File "/opt/venv/lib/python3.9/site-packages/django/views/decorators/csrf.py", line 54, in wrapped_view
    return view_func(*args, **kwargs)
  File "/opt/venv/lib/python3.9/site-packages/rest_framework/viewsets.py", line 125, in view
    return self.dispatch(request, *args, **kwargs)
  File "/opt/venv/lib/python3.9/site-packages/rest_framework/views.py", line 509, in dispatch
    response = self.handle_exception(exc)
  File "/opt/venv/lib/python3.9/site-packages/rest_framework/views.py", line 469, in handle_exception
    self.raise_uncaught_exception(exc)
  File "/opt/venv/lib/python3.9/site-packages/rest_framework/views.py", line 480, in raise_uncaught_exception
    raise exc
  File "/opt/venv/lib/python3.9/site-packages/rest_framework/views.py", line 506, in dispatch
    response = handler(request, *args, **kwargs)
  File "/opt/app/pop/api/views.py", line 233, in list
    return Response(serializer)
UnboundLocalError: local variable 'serializer' referenced before assignment
2025-02-09 11:28:30,761 pop.CPM_RT_mixins INFO     mongo_db = RTModelCPM, topic = MQTT_RT_DATA created 67a83cfe43d31200faeea9b4 succesfully
2025-02-09 11:28:30,773 pop.CPM_RT_mixins INFO     mongo_db = TemporaryRTModelCPM, topic = MQTT_RT_DATA created 67a83cfe43d31200faeea9b5 succesfully
2025-02-09 11:28:30,786 pop.CPM_RT_mixins INFO     mongo_db = TodayRTModelCPM, topic = MQTT_RT_DATA created 67a83cfe43d31200faeea9b6 succesfully
2025-02-09 11:29:25,419 django.request ERROR    Internal Server Error: /api/v1.0/pop/thermohygrometer-data/
Traceback (most recent call last):
  File "/opt/venv/lib/python3.9/site-packages/django/core/handlers/exception.py", line 55, in inner
    response = get_response(request)
  File "/opt/venv/lib/python3.9/site-packages/django/core/handlers/base.py", line 197, in _get_response
    response = wrapped_callback(request, *callback_args, **callback_kwargs)
  File "/opt/venv/lib/python3.9/site-packages/django/views/decorators/csrf.py", line 54, in wrapped_view
    return view_func(*args, **kwargs)
  File "/opt/venv/lib/python3.9/site-packages/rest_framework/viewsets.py", line 125, in view
    return self.dispatch(request, *args, **kwargs)
  File "/opt/venv/lib/python3.9/site-packages/rest_framework/views.py", line 509, in dispatch
    response = self.handle_exception(exc)
  File "/opt/venv/lib/python3.9/site-packages/rest_framework/views.py", line 469, in handle_exception
    self.raise_uncaught_exception(exc)
  File "/opt/venv/lib/python3.9/site-packages/rest_framework/views.py", line 480, in raise_uncaught_exception
    raise exc
  File "/opt/venv/lib/python3.9/site-packages/rest_framework/views.py", line 506, in dispatch
    response = handler(request, *args, **kwargs)
  File "/opt/app/pop/api/views.py", line 233, in list
    return Response(serializer)
UnboundLocalError: local variable 'serializer' referenced before assignment
2025-02-09 11:29:31,098 pop.CPM_RT_mixins INFO     mongo_db = RTModelCPM, topic = MQTT_RT_DATA created 67a83d3b43d31200faeea9bd succesfully
2025-02-09 11:29:31,116 pop.CPM_RT_mixins INFO     mongo_db = TemporaryRTModelCPM, topic = MQTT_RT_DATA created 67a83d3b43d31200faeea9be succesfully
2025-02-09 11:29:31,127 pop.CPM_RT_mixins INFO     mongo_db = TodayRTModelCPM, topic = MQTT_RT_DATA created 67a83d3b43d31200faeea9bf succesfully
2025-02-09 11:30:01,101 pop.CPM_RT_mixins INFO     mongo_db = RTModelCPM, topic = MQTT_RT_DATA created 67a83d5943d31200faeea9c3 succesfully
2025-02-09 11:30:01,111 pop.CPM_RT_mixins INFO     mongo_db = TemporaryRTModelCPM, topic = MQTT_RT_DATA created 67a83d5943d31200faeea9c4 succesfully
2025-02-09 11:30:01,123 pop.CPM_RT_mixins INFO     mongo_db = TodayRTModelCPM, topic = MQTT_RT_DATA created 67a83d5943d31200faeea9c5 succesfully
2025-02-09 11:30:25,417 django.request ERROR    Internal Server Error: /api/v1.0/pop/thermohygrometer-data/
Traceback (most recent call last):
  File "/opt/venv/lib/python3.9/site-packages/django/core/handlers/exception.py", line 55, in inner
    response = get_response(request)
  File "/opt/venv/lib/python3.9/site-packages/django/core/handlers/base.py", line 197, in _get_response
    response = wrapped_callback(request, *callback_args, **callback_kwargs)
  File "/opt/venv/lib/python3.9/site-packages/django/views/decorators/csrf.py", line 54, in wrapped_view
    return view_func(*args, **kwargs)
  File "/opt/venv/lib/python3.9/site-packages/rest_framework/viewsets.py", line 125, in view
    return self.dispatch(request, *args, **kwargs)
  File "/opt/venv/lib/python3.9/site-packages/rest_framework/views.py", line 509, in dispatch
    response = self.handle_exception(exc)
  File "/opt/venv/lib/python3.9/site-packages/rest_framework/views.py", line 469, in handle_exception
    self.raise_uncaught_exception(exc)
  File "/opt/venv/lib/python3.9/site-packages/rest_framework/views.py", line 480, in raise_uncaught_exception
    raise exc
  File "/opt/venv/lib/python3.9/site-packages/rest_framework/views.py", line 506, in dispatch
    response = handler(request, *args, **kwargs)
  File "/opt/app/pop/api/views.py", line 233, in list
    return Response(serializer)
UnboundLocalError: local variable 'serializer' referenced before assignment
2025-02-09 11:30:30,991 pop.CPM_RT_mixins INFO     mongo_db = RTModelCPM, topic = MQTT_RT_DATA created 67a83d7643d31200faeea9c9 succesfully
2025-02-09 11:30:31,004 pop.CPM_RT_mixins INFO     mongo_db = TemporaryRTModelCPM, topic = MQTT_RT_DATA created 67a83d7743d31200faeea9ca succesfully
2025-02-09 11:30:31,014 pop.CPM_RT_mixins INFO     mongo_db = TodayRTModelCPM, topic = MQTT_RT_DATA created 67a83d7743d31200faeea9cb succesfully
2025-02-09 11:31:25,434 django.request ERROR    Internal Server Error: /api/v1.0/pop/thermohygrometer-data/
Traceback (most recent call last):
  File "/opt/venv/lib/python3.9/site-packages/django/core/handlers/exception.py", line 55, in inner
    response = get_response(request)
  File "/opt/venv/lib/python3.9/site-packages/django/core/handlers/base.py", line 197, in _get_response
    response = wrapped_callback(request, *callback_args, **callback_kwargs)
  File "/opt/venv/lib/python3.9/site-packages/django/views/decorators/csrf.py", line 54, in wrapped_view
    return view_func(*args, **kwargs)
  File "/opt/venv/lib/python3.9/site-packages/rest_framework/viewsets.py", line 125, in view
    return self.dispatch(request, *args, **kwargs)
  File "/opt/venv/lib/python3.9/site-packages/rest_framework/views.py", line 509, in dispatch
    response = self.handle_exception(exc)
  File "/opt/venv/lib/python3.9/site-packages/rest_framework/views.py", line 469, in handle_exception
    self.raise_uncaught_exception(exc)
  File "/opt/venv/lib/python3.9/site-packages/rest_framework/views.py", line 480, in raise_uncaught_exception
    raise exc
  File "/opt/venv/lib/python3.9/site-packages/rest_framework/views.py", line 506, in dispatch
    response = handler(request, *args, **kwargs)
  File "/opt/app/pop/api/views.py", line 233, in list
    return Response(serializer)
UnboundLocalError: local variable 'serializer' referenced before assignment
2025-02-09 11:31:30,994 pop.CPM_RT_mixins INFO     mongo_db = RTModelCPM, topic = MQTT_RT_DATA created 67a83db243d31200faeea9d2 succesfully
2025-02-09 11:31:31,006 pop.CPM_RT_mixins INFO     mongo_db = TemporaryRTModelCPM, topic = MQTT_RT_DATA created 67a83db343d31200faeea9d3 succesfully
2025-02-09 11:31:31,016 pop.CPM_RT_mixins INFO     mongo_db = TodayRTModelCPM, topic = MQTT_RT_DATA created 67a83db343d31200faeea9d4 succesfully
2025-02-09 11:32:01,993 pop.CPM_RT_mixins INFO     mongo_db = RTModelCPM, topic = MQTT_RT_DATA created 67a83dd143d31200faeea9d8 succesfully
2025-02-09 11:32:02,004 pop.CPM_RT_mixins INFO     mongo_db = TemporaryRTModelCPM, topic = MQTT_RT_DATA created 67a83dd243d31200faeea9d9 succesfully
2025-02-09 11:32:02,014 pop.CPM_RT_mixins INFO     mongo_db = TodayRTModelCPM, topic = MQTT_RT_DATA created 67a83dd243d31200faeea9da succesfully
2025-02-09 11:32:25,428 django.request ERROR    Internal Server Error: /api/v1.0/pop/thermohygrometer-data/
Traceback (most recent call last):
  File "/opt/venv/lib/python3.9/site-packages/django/core/handlers/exception.py", line 55, in inner
    response = get_response(request)
  File "/opt/venv/lib/python3.9/site-packages/django/core/handlers/base.py", line 197, in _get_response
    response = wrapped_callback(request, *callback_args, **callback_kwargs)
  File "/opt/venv/lib/python3.9/site-packages/django/views/decorators/csrf.py", line 54, in wrapped_view
    return view_func(*args, **kwargs)
  File "/opt/venv/lib/python3.9/site-packages/rest_framework/viewsets.py", line 125, in view
    return self.dispatch(request, *args, **kwargs)
  File "/opt/venv/lib/python3.9/site-packages/rest_framework/views.py", line 509, in dispatch
    response = self.handle_exception(exc)
  File "/opt/venv/lib/python3.9/site-packages/rest_framework/views.py", line 469, in handle_exception
    self.raise_uncaught_exception(exc)
  File "/opt/venv/lib/python3.9/site-packages/rest_framework/views.py", line 480, in raise_uncaught_exception
    raise exc
  File "/opt/venv/lib/python3.9/site-packages/rest_framework/views.py", line 506, in dispatch
    response = handler(request, *args, **kwargs)
  File "/opt/app/pop/api/views.py", line 233, in list
    return Response(serializer)
UnboundLocalError: local variable 'serializer' referenced before assignment
2025-02-09 11:32:30,863 pop.CPM_RT_mixins INFO     mongo_db = RTModelCPM, topic = MQTT_RT_DATA created 67a83dee43d31200faeea9de succesfully
2025-02-09 11:32:30,875 pop.CPM_RT_mixins INFO     mongo_db = TemporaryRTModelCPM, topic = MQTT_RT_DATA created 67a83dee43d31200faeea9df succesfully
2025-02-09 11:32:30,885 pop.CPM_RT_mixins INFO     mongo_db = TodayRTModelCPM, topic = MQTT_RT_DATA created 67a83dee43d31200faeea9e0 succesfully
2025-02-09 11:33:25,523 django.request ERROR    Internal Server Error: /api/v1.0/pop/thermohygrometer-data/
Traceback (most recent call last):
  File "/opt/venv/lib/python3.9/site-packages/django/core/handlers/exception.py", line 55, in inner
    response = get_response(request)
  File "/opt/venv/lib/python3.9/site-packages/django/core/handlers/base.py", line 197, in _get_response
    response = wrapped_callback(request, *callback_args, **callback_kwargs)
  File "/opt/venv/lib/python3.9/site-packages/django/views/decorators/csrf.py", line 54, in wrapped_view
    return view_func(*args, **kwargs)
  File "/opt/venv/lib/python3.9/site-packages/rest_framework/viewsets.py", line 125, in view
    return self.dispatch(request, *args, **kwargs)
  File "/opt/venv/lib/python3.9/site-packages/rest_framework/views.py", line 509, in dispatch
    response = self.handle_exception(exc)
  File "/opt/venv/lib/python3.9/site-packages/rest_framework/views.py", line 469, in handle_exception
    self.raise_uncaught_exception(exc)
  File "/opt/venv/lib/python3.9/site-packages/rest_framework/views.py", line 480, in raise_uncaught_exception
    raise exc
  File "/opt/venv/lib/python3.9/site-packages/rest_framework/views.py", line 506, in dispatch
    response = handler(request, *args, **kwargs)
  File "/opt/app/pop/api/views.py", line 233, in list
    return Response(serializer)
UnboundLocalError: local variable 'serializer' referenced before assignment
2025-02-09 11:33:30,877 pop.CPM_RT_mixins INFO     mongo_db = RTModelCPM, topic = MQTT_RT_DATA created 67a83e2a43d31200faeea9e7 succesfully
2025-02-09 11:33:30,889 pop.CPM_RT_mixins INFO     mongo_db = TemporaryRTModelCPM, topic = MQTT_RT_DATA created 67a83e2a43d31200faeea9e8 succesfully
2025-02-09 11:33:30,900 pop.CPM_RT_mixins INFO     mongo_db = TodayRTModelCPM, topic = MQTT_RT_DATA created 67a83e2a43d31200faeea9e9 succesfully
2025-02-09 11:34:00,751 pop.CPM_RT_mixins INFO     mongo_db = RTModelCPM, topic = MQTT_RT_DATA created 67a83e4843d31200faeea9ed succesfully
2025-02-09 11:34:00,765 pop.CPM_RT_mixins INFO     mongo_db = TemporaryRTModelCPM, topic = MQTT_RT_DATA created 67a83e4843d31200faeea9ee succesfully
2025-02-09 11:34:00,776 pop.CPM_RT_mixins INFO     mongo_db = TodayRTModelCPM, topic = MQTT_RT_DATA created 67a83e4843d31200faeea9ef succesfully
2025-02-09 11:34:26,111 django.request ERROR    Internal Server Error: /api/v1.0/pop/thermohygrometer-data/
Traceback (most recent call last):
  File "/opt/venv/lib/python3.9/site-packages/django/core/handlers/exception.py", line 55, in inner
    response = get_response(request)
  File "/opt/venv/lib/python3.9/site-packages/django/core/handlers/base.py", line 197, in _get_response
    response = wrapped_callback(request, *callback_args, **callback_kwargs)
  File "/opt/venv/lib/python3.9/site-packages/django/views/decorators/csrf.py", line 54, in wrapped_view
    return view_func(*args, **kwargs)
  File "/opt/venv/lib/python3.9/site-packages/rest_framework/viewsets.py", line 125, in view
    return self.dispatch(request, *args, **kwargs)
  File "/opt/venv/lib/python3.9/site-packages/rest_framework/views.py", line 509, in dispatch
    response = self.handle_exception(exc)
  File "/opt/venv/lib/python3.9/site-packages/rest_framework/views.py", line 469, in handle_exception
    self.raise_uncaught_exception(exc)
  File "/opt/venv/lib/python3.9/site-packages/rest_framework/views.py", line 480, in raise_uncaught_exception
    raise exc
  File "/opt/venv/lib/python3.9/site-packages/rest_framework/views.py", line 506, in dispatch
    response = handler(request, *args, **kwargs)
  File "/opt/app/pop/api/views.py", line 233, in list
    return Response(serializer)
UnboundLocalError: local variable 'serializer' referenced before assignment
2025-02-09 11:34:30,630 pop.CPM_RT_mixins INFO     mongo_db = RTModelCPM, topic = MQTT_RT_DATA created 67a83e6643d31200faeea9f3 succesfully
2025-02-09 11:34:30,641 pop.CPM_RT_mixins INFO     mongo_db = TemporaryRTModelCPM, topic = MQTT_RT_DATA created 67a83e6643d31200faeea9f4 succesfully
2025-02-09 11:34:30,652 pop.CPM_RT_mixins INFO     mongo_db = TodayRTModelCPM, topic = MQTT_RT_DATA created 67a83e6643d31200faeea9f5 succesfully
2025-02-09 11:35:01,020 pop.CPM_RT_mixins INFO     mongo_db = RTModelCPM, topic = MQTT_RT_DATA created 67a83e8543d31200faeea9f9 succesfully
2025-02-09 11:35:01,032 pop.CPM_RT_mixins INFO     mongo_db = TemporaryRTModelCPM, topic = MQTT_RT_DATA created 67a83e8543d31200faeea9fa succesfully
2025-02-09 11:35:01,043 pop.CPM_RT_mixins INFO     mongo_db = TodayRTModelCPM, topic = MQTT_RT_DATA created 67a83e8543d31200faeea9fb succesfully
2025-02-09 11:35:27,119 django.request ERROR    Internal Server Error: /api/v1.0/pop/thermohygrometer-data/
Traceback (most recent call last):
  File "/opt/venv/lib/python3.9/site-packages/django/core/handlers/exception.py", line 55, in inner
    response = get_response(request)
  File "/opt/venv/lib/python3.9/site-packages/django/core/handlers/base.py", line 197, in _get_response
    response = wrapped_callback(request, *callback_args, **callback_kwargs)
  File "/opt/venv/lib/python3.9/site-packages/django/views/decorators/csrf.py", line 54, in wrapped_view
    return view_func(*args, **kwargs)
  File "/opt/venv/lib/python3.9/site-packages/rest_framework/viewsets.py", line 125, in view
    return self.dispatch(request, *args, **kwargs)
  File "/opt/venv/lib/python3.9/site-packages/rest_framework/views.py", line 509, in dispatch
    response = self.handle_exception(exc)
  File "/opt/venv/lib/python3.9/site-packages/rest_framework/views.py", line 469, in handle_exception
    self.raise_uncaught_exception(exc)
  File "/opt/venv/lib/python3.9/site-packages/rest_framework/views.py", line 480, in raise_uncaught_exception
    raise exc
  File "/opt/venv/lib/python3.9/site-packages/rest_framework/views.py", line 506, in dispatch
    response = handler(request, *args, **kwargs)
  File "/opt/app/pop/api/views.py", line 233, in list
    return Response(serializer)
UnboundLocalError: local variable 'serializer' referenced before assignment
2025-02-09 11:35:30,928 pop.CPM_RT_mixins INFO     mongo_db = RTModelCPM, topic = MQTT_RT_DATA created 67a83ea243d31200faeea9ff succesfully
2025-02-09 11:35:30,940 pop.CPM_RT_mixins INFO     mongo_db = TemporaryRTModelCPM, topic = MQTT_RT_DATA created 67a83ea243d31200faeeaa00 succesfully
2025-02-09 11:35:30,952 pop.CPM_RT_mixins INFO     mongo_db = TodayRTModelCPM, topic = MQTT_RT_DATA created 67a83ea243d31200faeeaa01 succesfully
2025-02-09 11:36:01,802 pop.CPM_RT_mixins INFO     mongo_db = RTModelCPM, topic = MQTT_RT_DATA created 67a83ec143d31200faeeaa05 succesfully
2025-02-09 11:36:01,816 pop.CPM_RT_mixins INFO     mongo_db = TemporaryRTModelCPM, topic = MQTT_RT_DATA created 67a83ec143d31200faeeaa06 succesfully
2025-02-09 11:36:01,853 pop.CPM_RT_mixins INFO     mongo_db = TodayRTModelCPM, topic = MQTT_RT_DATA created 67a83ec143d31200faeeaa07 succesfully
2025-02-09 11:36:28,113 django.request ERROR    Internal Server Error: /api/v1.0/pop/thermohygrometer-data/
Traceback (most recent call last):
  File "/opt/venv/lib/python3.9/site-packages/django/core/handlers/exception.py", line 55, in inner
    response = get_response(request)
  File "/opt/venv/lib/python3.9/site-packages/django/core/handlers/base.py", line 197, in _get_response
    response = wrapped_callback(request, *callback_args, **callback_kwargs)
  File "/opt/venv/lib/python3.9/site-packages/django/views/decorators/csrf.py", line 54, in wrapped_view
    return view_func(*args, **kwargs)
  File "/opt/venv/lib/python3.9/site-packages/rest_framework/viewsets.py", line 125, in view
    return self.dispatch(request, *args, **kwargs)
  File "/opt/venv/lib/python3.9/site-packages/rest_framework/views.py", line 509, in dispatch
    response = self.handle_exception(exc)
  File "/opt/venv/lib/python3.9/site-packages/rest_framework/views.py", line 469, in handle_exception
    self.raise_uncaught_exception(exc)
  File "/opt/venv/lib/python3.9/site-packages/rest_framework/views.py", line 480, in raise_uncaught_exception
    raise exc
  File "/opt/venv/lib/python3.9/site-packages/rest_framework/views.py", line 506, in dispatch
    response = handler(request, *args, **kwargs)
  File "/opt/app/pop/api/views.py", line 233, in list
    return Response(serializer)
UnboundLocalError: local variable 'serializer' referenced before assignment
2025-02-09 11:36:30,666 pop.CPM_RT_mixins INFO     mongo_db = RTModelCPM, topic = MQTT_RT_DATA created 67a83ede43d31200faeeaa0b succesfully
2025-02-09 11:36:30,682 pop.CPM_RT_mixins INFO     mongo_db = TemporaryRTModelCPM, topic = MQTT_RT_DATA created 67a83ede43d31200faeeaa0c succesfully
2025-02-09 11:36:30,699 pop.CPM_RT_mixins INFO     mongo_db = TodayRTModelCPM, topic = MQTT_RT_DATA created 67a83ede43d31200faeeaa0d succesfully
2025-02-09 11:37:01,028 pop.CPM_RT_mixins INFO     mongo_db = RTModelCPM, topic = MQTT_RT_DATA created 67a83efd43d31200faeeaa11 succesfully
2025-02-09 11:37:01,038 pop.CPM_RT_mixins INFO     mongo_db = TemporaryRTModelCPM, topic = MQTT_RT_DATA created 67a83efd43d31200faeeaa12 succesfully
2025-02-09 11:37:01,050 pop.CPM_RT_mixins INFO     mongo_db = TodayRTModelCPM, topic = MQTT_RT_DATA created 67a83efd43d31200faeeaa13 succesfully
2025-02-09 11:37:16,827 django.request WARNING  Unauthorized: /api/v1.0/accounts/token/
2025-02-09 11:37:29,115 django.request ERROR    Internal Server Error: /api/v1.0/pop/thermohygrometer-data/
Traceback (most recent call last):
  File "/opt/venv/lib/python3.9/site-packages/django/core/handlers/exception.py", line 55, in inner
    response = get_response(request)
  File "/opt/venv/lib/python3.9/site-packages/django/core/handlers/base.py", line 197, in _get_response
    response = wrapped_callback(request, *callback_args, **callback_kwargs)
  File "/opt/venv/lib/python3.9/site-packages/django/views/decorators/csrf.py", line 54, in wrapped_view
    return view_func(*args, **kwargs)
  File "/opt/venv/lib/python3.9/site-packages/rest_framework/viewsets.py", line 125, in view
    return self.dispatch(request, *args, **kwargs)
  File "/opt/venv/lib/python3.9/site-packages/rest_framework/views.py", line 509, in dispatch
    response = self.handle_exception(exc)
  File "/opt/venv/lib/python3.9/site-packages/rest_framework/views.py", line 469, in handle_exception
    self.raise_uncaught_exception(exc)
  File "/opt/venv/lib/python3.9/site-packages/rest_framework/views.py", line 480, in raise_uncaught_exception
    raise exc
  File "/opt/venv/lib/python3.9/site-packages/rest_framework/views.py", line 506, in dispatch
    response = handler(request, *args, **kwargs)
  File "/opt/app/pop/api/views.py", line 233, in list
    return Response(serializer)
UnboundLocalError: local variable 'serializer' referenced before assignment
2025-02-09 11:37:30,954 pop.CPM_RT_mixins INFO     mongo_db = RTModelCPM, topic = MQTT_RT_DATA created 67a83f1a43d31200faeeaa17 succesfully
2025-02-09 11:37:30,968 pop.CPM_RT_mixins INFO     mongo_db = TemporaryRTModelCPM, topic = MQTT_RT_DATA created 67a83f1a43d31200faeeaa18 succesfully
2025-02-09 11:37:30,978 pop.CPM_RT_mixins INFO     mongo_db = TodayRTModelCPM, topic = MQTT_RT_DATA created 67a83f1a43d31200faeeaa19 succesfully
2025-02-09 11:38:01,829 pop.CPM_RT_mixins INFO     mongo_db = RTModelCPM, topic = MQTT_RT_DATA created 67a83f3943d31200faeeaa1d succesfully
2025-02-09 11:38:01,841 pop.CPM_RT_mixins INFO     mongo_db = TemporaryRTModelCPM, topic = MQTT_RT_DATA created 67a83f3943d31200faeeaa1e succesfully
2025-02-09 11:38:01,852 pop.CPM_RT_mixins INFO     mongo_db = TodayRTModelCPM, topic = MQTT_RT_DATA created 67a83f3943d31200faeeaa1f succesfully
2025-02-09 11:38:19,784 django.request WARNING  Unauthorized: /api/v1.0/pop/thermohygrometer-latest-data/
2025-02-09 11:38:27,941 django.request ERROR    Internal Server Error: /api/v1.0/pop/thermohygrometer-latest-data/
Traceback (most recent call last):
  File "/opt/venv/lib/python3.9/site-packages/django/core/handlers/exception.py", line 55, in inner
    response = get_response(request)
  File "/opt/venv/lib/python3.9/site-packages/django/core/handlers/base.py", line 197, in _get_response
    response = wrapped_callback(request, *callback_args, **callback_kwargs)
  File "/opt/venv/lib/python3.9/site-packages/django/views/decorators/csrf.py", line 54, in wrapped_view
    return view_func(*args, **kwargs)
  File "/opt/venv/lib/python3.9/site-packages/rest_framework/viewsets.py", line 125, in view
    return self.dispatch(request, *args, **kwargs)
  File "/opt/venv/lib/python3.9/site-packages/rest_framework/views.py", line 509, in dispatch
    response = self.handle_exception(exc)
  File "/opt/venv/lib/python3.9/site-packages/rest_framework/views.py", line 469, in handle_exception
    self.raise_uncaught_exception(exc)
  File "/opt/venv/lib/python3.9/site-packages/rest_framework/views.py", line 480, in raise_uncaught_exception
    raise exc
  File "/opt/venv/lib/python3.9/site-packages/rest_framework/views.py", line 506, in dispatch
    response = handler(request, *args, **kwargs)
  File "/opt/app/pop/api/views.py", line 173, in list
    return Response(serializer)
UnboundLocalError: local variable 'serializer' referenced before assignment
2025-02-09 11:38:30,131 django.request ERROR    Internal Server Error: /api/v1.0/pop/thermohygrometer-data/
Traceback (most recent call last):
  File "/opt/venv/lib/python3.9/site-packages/django/core/handlers/exception.py", line 55, in inner
    response = get_response(request)
  File "/opt/venv/lib/python3.9/site-packages/django/core/handlers/base.py", line 197, in _get_response
    response = wrapped_callback(request, *callback_args, **callback_kwargs)
  File "/opt/venv/lib/python3.9/site-packages/django/views/decorators/csrf.py", line 54, in wrapped_view
    return view_func(*args, **kwargs)
  File "/opt/venv/lib/python3.9/site-packages/rest_framework/viewsets.py", line 125, in view
    return self.dispatch(request, *args, **kwargs)
  File "/opt/venv/lib/python3.9/site-packages/rest_framework/views.py", line 509, in dispatch
    response = self.handle_exception(exc)
  File "/opt/venv/lib/python3.9/site-packages/rest_framework/views.py", line 469, in handle_exception
    self.raise_uncaught_exception(exc)
  File "/opt/venv/lib/python3.9/site-packages/rest_framework/views.py", line 480, in raise_uncaught_exception
    raise exc
  File "/opt/venv/lib/python3.9/site-packages/rest_framework/views.py", line 506, in dispatch
    response = handler(request, *args, **kwargs)
  File "/opt/app/pop/api/views.py", line 233, in list
    return Response(serializer)
UnboundLocalError: local variable 'serializer' referenced before assignment
2025-02-09 11:38:30,725 pop.CPM_RT_mixins INFO     mongo_db = RTModelCPM, topic = MQTT_RT_DATA created 67a83f5643d31200faeeaa23 succesfully
2025-02-09 11:38:30,738 pop.CPM_RT_mixins INFO     mongo_db = TemporaryRTModelCPM, topic = MQTT_RT_DATA created 67a83f5643d31200faeeaa24 succesfully
2025-02-09 11:38:30,749 pop.CPM_RT_mixins INFO     mongo_db = TodayRTModelCPM, topic = MQTT_RT_DATA created 67a83f5643d31200faeeaa25 succesfully
2025-02-09 11:38:37,379 pop.CPM_ENY_NOW_mongo_mixins INFO     mongo_db = EnyNowDataModelCPM, topic = MQTT_ENY_NOW created 67a83f5d43d31200faeeaa26 succesfully
2025-02-09 11:38:37,387 pop.CPM_ENY_NOW_mongo_mixins INFO     mongo_db = TemporaryEnyNowDataModelCPM, topic = MQTT_ENY_NOW created 67a83f5d43d31200faeeaa27 succesfully
2025-02-09 11:38:37,394 pop.CPM_ENY_NOW_mongo_mixins INFO     mongo_db = TodayEnyNowDataModelCPM, topic = MQTT_ENY_NOW created 67a83f5d43d31200faeeaa28 succesfully
2025-02-09 11:38:37,401 pop.CPM_ENY_NOW_mongo_mixins INFO     mongo_db = Last7DaysEnyNowDataModelCPM, topic = MQTT_ENY_NOW created 67a83f5d43d31200faeeaa29 succesfully
2025-02-09 11:39:00,747 pop.CPM_RT_mixins INFO     mongo_db = RTModelCPM, topic = MQTT_RT_DATA created 67a83f7443d31200faeeaa2d succesfully
2025-02-09 11:39:00,759 pop.CPM_RT_mixins INFO     mongo_db = TemporaryRTModelCPM, topic = MQTT_RT_DATA created 67a83f7443d31200faeeaa2e succesfully
2025-02-09 11:39:00,769 pop.CPM_RT_mixins INFO     mongo_db = TodayRTModelCPM, topic = MQTT_RT_DATA created 67a83f7443d31200faeeaa2f succesfully
2025-02-09 11:39:30,688 pop.CPM_RT_mixins INFO     mongo_db = RTModelCPM, topic = MQTT_RT_DATA created 67a83f9243d31200faeeaa33 succesfully
2025-02-09 11:39:30,704 pop.CPM_RT_mixins INFO     mongo_db = TemporaryRTModelCPM, topic = MQTT_RT_DATA created 67a83f9243d31200faeeaa34 succesfully
2025-02-09 11:39:30,717 pop.CPM_RT_mixins INFO     mongo_db = TodayRTModelCPM, topic = MQTT_RT_DATA created 67a83f9243d31200faeeaa35 succesfully
2025-02-09 11:39:31,091 django.request ERROR    Internal Server Error: /api/v1.0/pop/thermohygrometer-data/
Traceback (most recent call last):
  File "/opt/venv/lib/python3.9/site-packages/django/core/handlers/exception.py", line 55, in inner
    response = get_response(request)
  File "/opt/venv/lib/python3.9/site-packages/django/core/handlers/base.py", line 197, in _get_response
    response = wrapped_callback(request, *callback_args, **callback_kwargs)
  File "/opt/venv/lib/python3.9/site-packages/django/views/decorators/csrf.py", line 54, in wrapped_view
    return view_func(*args, **kwargs)
  File "/opt/venv/lib/python3.9/site-packages/rest_framework/viewsets.py", line 125, in view
    return self.dispatch(request, *args, **kwargs)
  File "/opt/venv/lib/python3.9/site-packages/rest_framework/views.py", line 509, in dispatch
    response = self.handle_exception(exc)
  File "/opt/venv/lib/python3.9/site-packages/rest_framework/views.py", line 469, in handle_exception
    self.raise_uncaught_exception(exc)
  File "/opt/venv/lib/python3.9/site-packages/rest_framework/views.py", line 480, in raise_uncaught_exception
    raise exc
  File "/opt/venv/lib/python3.9/site-packages/rest_framework/views.py", line 506, in dispatch
    response = handler(request, *args, **kwargs)
  File "/opt/app/pop/api/views.py", line 233, in list
    return Response(serializer)
UnboundLocalError: local variable 'serializer' referenced before assignment
2025-02-09 11:39:38,463 django.request WARNING  Unauthorized: /api/v1.0/pop/thermohygrometer-data/
2025-02-09 11:39:45,163 django.request ERROR    Internal Server Error: /api/v1.0/pop/thermohygrometer-data/
Traceback (most recent call last):
  File "/opt/venv/lib/python3.9/site-packages/django/core/handlers/exception.py", line 55, in inner
    response = get_response(request)
  File "/opt/venv/lib/python3.9/site-packages/django/core/handlers/base.py", line 197, in _get_response
    response = wrapped_callback(request, *callback_args, **callback_kwargs)
  File "/opt/venv/lib/python3.9/site-packages/django/views/decorators/csrf.py", line 54, in wrapped_view
    return view_func(*args, **kwargs)
  File "/opt/venv/lib/python3.9/site-packages/rest_framework/viewsets.py", line 125, in view
    return self.dispatch(request, *args, **kwargs)
  File "/opt/venv/lib/python3.9/site-packages/rest_framework/views.py", line 509, in dispatch
    response = self.handle_exception(exc)
  File "/opt/venv/lib/python3.9/site-packages/rest_framework/views.py", line 469, in handle_exception
    self.raise_uncaught_exception(exc)
  File "/opt/venv/lib/python3.9/site-packages/rest_framework/views.py", line 480, in raise_uncaught_exception
    raise exc
  File "/opt/venv/lib/python3.9/site-packages/rest_framework/views.py", line 506, in dispatch
    response = handler(request, *args, **kwargs)
  File "/opt/app/pop/api/views.py", line 233, in list
    return Response(serializer)
UnboundLocalError: local variable 'serializer' referenced before assignment
2025-02-09 11:40:31,758 pop.CPM_RT_mixins INFO     mongo_db = RTModelCPM, topic = MQTT_RT_DATA created 67a83fcf43d31200faeeaa3c succesfully
2025-02-09 11:40:31,791 pop.CPM_RT_mixins INFO     mongo_db = TemporaryRTModelCPM, topic = MQTT_RT_DATA created 67a83fcf43d31200faeeaa3d succesfully
2025-02-09 11:40:31,821 pop.CPM_RT_mixins INFO     mongo_db = TodayRTModelCPM, topic = MQTT_RT_DATA created 67a83fcf43d31200faeeaa3e succesfully
2025-02-09 11:40:32,171 django.request ERROR    Internal Server Error: /api/v1.0/pop/thermohygrometer-data/
Traceback (most recent call last):
  File "/opt/venv/lib/python3.9/site-packages/django/core/handlers/exception.py", line 55, in inner
    response = get_response(request)
  File "/opt/venv/lib/python3.9/site-packages/django/core/handlers/base.py", line 197, in _get_response
    response = wrapped_callback(request, *callback_args, **callback_kwargs)
  File "/opt/venv/lib/python3.9/site-packages/django/views/decorators/csrf.py", line 54, in wrapped_view
    return view_func(*args, **kwargs)
  File "/opt/venv/lib/python3.9/site-packages/rest_framework/viewsets.py", line 125, in view
    return self.dispatch(request, *args, **kwargs)
  File "/opt/venv/lib/python3.9/site-packages/rest_framework/views.py", line 509, in dispatch
    response = self.handle_exception(exc)
  File "/opt/venv/lib/python3.9/site-packages/rest_framework/views.py", line 469, in handle_exception
    self.raise_uncaught_exception(exc)
  File "/opt/venv/lib/python3.9/site-packages/rest_framework/views.py", line 480, in raise_uncaught_exception
    raise exc
  File "/opt/venv/lib/python3.9/site-packages/rest_framework/views.py", line 506, in dispatch
    response = handler(request, *args, **kwargs)
  File "/opt/app/pop/api/views.py", line 233, in list
    return Response(serializer)
UnboundLocalError: local variable 'serializer' referenced before assignment
2025-02-09 11:41:01,623 pop.CPM_RT_mixins INFO     mongo_db = RTModelCPM, topic = MQTT_RT_DATA created 67a83fed43d31200faeeaa42 succesfully
2025-02-09 11:41:01,636 pop.CPM_RT_mixins INFO     mongo_db = TemporaryRTModelCPM, topic = MQTT_RT_DATA created 67a83fed43d31200faeeaa43 succesfully
2025-02-09 11:41:01,647 pop.CPM_RT_mixins INFO     mongo_db = TodayRTModelCPM, topic = MQTT_RT_DATA created 67a83fed43d31200faeeaa44 succesfully
2025-02-09 11:41:32,025 pop.CPM_RT_mixins INFO     mongo_db = RTModelCPM, topic = MQTT_RT_DATA created 67a8400c43d31200faeeaa48 succesfully
2025-02-09 11:41:32,038 pop.CPM_RT_mixins INFO     mongo_db = TemporaryRTModelCPM, topic = MQTT_RT_DATA created 67a8400c43d31200faeeaa49 succesfully
2025-02-09 11:41:32,050 pop.CPM_RT_mixins INFO     mongo_db = TodayRTModelCPM, topic = MQTT_RT_DATA created 67a8400c43d31200faeeaa4a succesfully
2025-02-09 11:41:33,131 django.request ERROR    Internal Server Error: /api/v1.0/pop/thermohygrometer-data/
Traceback (most recent call last):
  File "/opt/venv/lib/python3.9/site-packages/django/core/handlers/exception.py", line 55, in inner
    response = get_response(request)
  File "/opt/venv/lib/python3.9/site-packages/django/core/handlers/base.py", line 197, in _get_response
    response = wrapped_callback(request, *callback_args, **callback_kwargs)
  File "/opt/venv/lib/python3.9/site-packages/django/views/decorators/csrf.py", line 54, in wrapped_view
    return view_func(*args, **kwargs)
  File "/opt/venv/lib/python3.9/site-packages/rest_framework/viewsets.py", line 125, in view
    return self.dispatch(request, *args, **kwargs)
  File "/opt/venv/lib/python3.9/site-packages/rest_framework/views.py", line 509, in dispatch
    response = self.handle_exception(exc)
  File "/opt/venv/lib/python3.9/site-packages/rest_framework/views.py", line 469, in handle_exception
    self.raise_uncaught_exception(exc)
  File "/opt/venv/lib/python3.9/site-packages/rest_framework/views.py", line 480, in raise_uncaught_exception
    raise exc
  File "/opt/venv/lib/python3.9/site-packages/rest_framework/views.py", line 506, in dispatch
    response = handler(request, *args, **kwargs)
  File "/opt/app/pop/api/views.py", line 233, in list
    return Response(serializer)
UnboundLocalError: local variable 'serializer' referenced before assignment
2025-02-09 11:42:01,929 pop.CPM_RT_mixins INFO     mongo_db = RTModelCPM, topic = MQTT_RT_DATA created 67a8402943d31200faeeaa4e succesfully
2025-02-09 11:42:01,940 pop.CPM_RT_mixins INFO     mongo_db = TemporaryRTModelCPM, topic = MQTT_RT_DATA created 67a8402943d31200faeeaa4f succesfully
2025-02-09 11:42:01,954 pop.CPM_RT_mixins INFO     mongo_db = TodayRTModelCPM, topic = MQTT_RT_DATA created 67a8402943d31200faeeaa50 succesfully
2025-02-09 11:42:30,861 pop.CPM_RT_mixins INFO     mongo_db = RTModelCPM, topic = MQTT_RT_DATA created 67a8404643d31200faeeaa54 succesfully
2025-02-09 11:42:30,873 pop.CPM_RT_mixins INFO     mongo_db = TemporaryRTModelCPM, topic = MQTT_RT_DATA created 67a8404643d31200faeeaa55 succesfully
2025-02-09 11:42:30,886 pop.CPM_RT_mixins INFO     mongo_db = TodayRTModelCPM, topic = MQTT_RT_DATA created 67a8404643d31200faeeaa56 succesfully
2025-02-09 11:42:34,128 django.request ERROR    Internal Server Error: /api/v1.0/pop/thermohygrometer-data/
Traceback (most recent call last):
  File "/opt/venv/lib/python3.9/site-packages/django/core/handlers/exception.py", line 55, in inner
    response = get_response(request)
  File "/opt/venv/lib/python3.9/site-packages/django/core/handlers/base.py", line 197, in _get_response
    response = wrapped_callback(request, *callback_args, **callback_kwargs)
  File "/opt/venv/lib/python3.9/site-packages/django/views/decorators/csrf.py", line 54, in wrapped_view
    return view_func(*args, **kwargs)
  File "/opt/venv/lib/python3.9/site-packages/rest_framework/viewsets.py", line 125, in view
    return self.dispatch(request, *args, **kwargs)
  File "/opt/venv/lib/python3.9/site-packages/rest_framework/views.py", line 509, in dispatch
    response = self.handle_exception(exc)
  File "/opt/venv/lib/python3.9/site-packages/rest_framework/views.py", line 469, in handle_exception
    self.raise_uncaught_exception(exc)
  File "/opt/venv/lib/python3.9/site-packages/rest_framework/views.py", line 480, in raise_uncaught_exception
    raise exc
  File "/opt/venv/lib/python3.9/site-packages/rest_framework/views.py", line 506, in dispatch
    response = handler(request, *args, **kwargs)
  File "/opt/app/pop/api/views.py", line 233, in list
    return Response(serializer)
UnboundLocalError: local variable 'serializer' referenced before assignment
2025-02-09 11:43:01,801 pop.CPM_RT_mixins INFO     mongo_db = RTModelCPM, topic = MQTT_RT_DATA created 67a8406543d31200faeeaa5a succesfully
2025-02-09 11:43:01,812 pop.CPM_RT_mixins INFO     mongo_db = TemporaryRTModelCPM, topic = MQTT_RT_DATA created 67a8406543d31200faeeaa5b succesfully
2025-02-09 11:43:01,823 pop.CPM_RT_mixins INFO     mongo_db = TodayRTModelCPM, topic = MQTT_RT_DATA created 67a8406543d31200faeeaa5c succesfully
2025-02-09 11:43:30,699 pop.CPM_RT_mixins INFO     mongo_db = RTModelCPM, topic = MQTT_RT_DATA created 67a8408243d31200faeeaa60 succesfully
2025-02-09 11:43:30,713 pop.CPM_RT_mixins INFO     mongo_db = TemporaryRTModelCPM, topic = MQTT_RT_DATA created 67a8408243d31200faeeaa61 succesfully
2025-02-09 11:43:30,723 pop.CPM_RT_mixins INFO     mongo_db = TodayRTModelCPM, topic = MQTT_RT_DATA created 67a8408243d31200faeeaa62 succesfully
2025-02-09 11:43:35,130 django.request ERROR    Internal Server Error: /api/v1.0/pop/thermohygrometer-data/
Traceback (most recent call last):
  File "/opt/venv/lib/python3.9/site-packages/django/core/handlers/exception.py", line 55, in inner
    response = get_response(request)
  File "/opt/venv/lib/python3.9/site-packages/django/core/handlers/base.py", line 197, in _get_response
    response = wrapped_callback(request, *callback_args, **callback_kwargs)
  File "/opt/venv/lib/python3.9/site-packages/django/views/decorators/csrf.py", line 54, in wrapped_view
    return view_func(*args, **kwargs)
  File "/opt/venv/lib/python3.9/site-packages/rest_framework/viewsets.py", line 125, in view
    return self.dispatch(request, *args, **kwargs)
  File "/opt/venv/lib/python3.9/site-packages/rest_framework/views.py", line 509, in dispatch
    response = self.handle_exception(exc)
  File "/opt/venv/lib/python3.9/site-packages/rest_framework/views.py", line 469, in handle_exception
    self.raise_uncaught_exception(exc)
  File "/opt/venv/lib/python3.9/site-packages/rest_framework/views.py", line 480, in raise_uncaught_exception
    raise exc
  File "/opt/venv/lib/python3.9/site-packages/rest_framework/views.py", line 506, in dispatch
    response = handler(request, *args, **kwargs)
  File "/opt/app/pop/api/views.py", line 233, in list
    return Response(serializer)
UnboundLocalError: local variable 'serializer' referenced before assignment
2025-02-09 11:44:00,639 pop.CPM_RT_mixins INFO     mongo_db = RTModelCPM, topic = MQTT_RT_DATA created 67a840a043d31200faeeaa66 succesfully
2025-02-09 11:44:00,650 pop.CPM_RT_mixins INFO     mongo_db = TemporaryRTModelCPM, topic = MQTT_RT_DATA created 67a840a043d31200faeeaa67 succesfully
2025-02-09 11:44:00,662 pop.CPM_RT_mixins INFO     mongo_db = TodayRTModelCPM, topic = MQTT_RT_DATA created 67a840a043d31200faeeaa68 succesfully
2025-02-09 11:44:31,124 pop.CPM_RT_mixins INFO     mongo_db = RTModelCPM, topic = MQTT_RT_DATA created 67a840bf43d31200faeeaa6c succesfully
2025-02-09 11:44:31,137 pop.CPM_RT_mixins INFO     mongo_db = TemporaryRTModelCPM, topic = MQTT_RT_DATA created 67a840bf43d31200faeeaa6d succesfully
2025-02-09 11:44:31,150 pop.CPM_RT_mixins INFO     mongo_db = TodayRTModelCPM, topic = MQTT_RT_DATA created 67a840bf43d31200faeeaa6e succesfully
2025-02-09 11:44:36,132 django.request ERROR    Internal Server Error: /api/v1.0/pop/thermohygrometer-data/
Traceback (most recent call last):
  File "/opt/venv/lib/python3.9/site-packages/django/core/handlers/exception.py", line 55, in inner
    response = get_response(request)
  File "/opt/venv/lib/python3.9/site-packages/django/core/handlers/base.py", line 197, in _get_response
    response = wrapped_callback(request, *callback_args, **callback_kwargs)
  File "/opt/venv/lib/python3.9/site-packages/django/views/decorators/csrf.py", line 54, in wrapped_view
    return view_func(*args, **kwargs)
  File "/opt/venv/lib/python3.9/site-packages/rest_framework/viewsets.py", line 125, in view
    return self.dispatch(request, *args, **kwargs)
  File "/opt/venv/lib/python3.9/site-packages/rest_framework/views.py", line 509, in dispatch
    response = self.handle_exception(exc)
  File "/opt/venv/lib/python3.9/site-packages/rest_framework/views.py", line 469, in handle_exception
    self.raise_uncaught_exception(exc)
  File "/opt/venv/lib/python3.9/site-packages/rest_framework/views.py", line 480, in raise_uncaught_exception
    raise exc
  File "/opt/venv/lib/python3.9/site-packages/rest_framework/views.py", line 506, in dispatch
    response = handler(request, *args, **kwargs)
  File "/opt/app/pop/api/views.py", line 233, in list
    return Response(serializer)
UnboundLocalError: local variable 'serializer' referenced before assignment
2025-02-09 11:45:02,201 pop.CPM_RT_mixins INFO     mongo_db = RTModelCPM, topic = MQTT_RT_DATA created 67a840de43d31200faeeaa72 succesfully
2025-02-09 11:45:02,213 pop.CPM_RT_mixins INFO     mongo_db = TemporaryRTModelCPM, topic = MQTT_RT_DATA created 67a840de43d31200faeeaa73 succesfully
2025-02-09 11:45:02,223 pop.CPM_RT_mixins INFO     mongo_db = TodayRTModelCPM, topic = MQTT_RT_DATA created 67a840de43d31200faeeaa74 succesfully
2025-02-09 11:45:30,641 pop.CPM_RT_mixins INFO     mongo_db = RTModelCPM, topic = MQTT_RT_DATA created 67a840fa43d31200faeeaa78 succesfully
2025-02-09 11:45:30,652 pop.CPM_RT_mixins INFO     mongo_db = TemporaryRTModelCPM, topic = MQTT_RT_DATA created 67a840fa43d31200faeeaa79 succesfully
2025-02-09 11:45:30,664 pop.CPM_RT_mixins INFO     mongo_db = TodayRTModelCPM, topic = MQTT_RT_DATA created 67a840fa43d31200faeeaa7a succesfully
2025-02-09 11:45:37,118 django.request ERROR    Internal Server Error: /api/v1.0/pop/thermohygrometer-data/
Traceback (most recent call last):
  File "/opt/venv/lib/python3.9/site-packages/django/core/handlers/exception.py", line 55, in inner
    response = get_response(request)
  File "/opt/venv/lib/python3.9/site-packages/django/core/handlers/base.py", line 197, in _get_response
    response = wrapped_callback(request, *callback_args, **callback_kwargs)
  File "/opt/venv/lib/python3.9/site-packages/django/views/decorators/csrf.py", line 54, in wrapped_view
    return view_func(*args, **kwargs)
  File "/opt/venv/lib/python3.9/site-packages/rest_framework/viewsets.py", line 125, in view
    return self.dispatch(request, *args, **kwargs)
  File "/opt/venv/lib/python3.9/site-packages/rest_framework/views.py", line 509, in dispatch
    response = self.handle_exception(exc)
  File "/opt/venv/lib/python3.9/site-packages/rest_framework/views.py", line 469, in handle_exception
    self.raise_uncaught_exception(exc)
  File "/opt/venv/lib/python3.9/site-packages/rest_framework/views.py", line 480, in raise_uncaught_exception
    raise exc
  File "/opt/venv/lib/python3.9/site-packages/rest_framework/views.py", line 506, in dispatch
    response = handler(request, *args, **kwargs)
  File "/opt/app/pop/api/views.py", line 233, in list
    return Response(serializer)
UnboundLocalError: local variable 'serializer' referenced before assignment
2025-02-09 11:45:37,605 django.request WARNING  Unauthorized: /api/v1.0/pop/cpm-data/
2025-02-09 11:46:02,105 pop.CPM_RT_mixins INFO     mongo_db = RTModelCPM, topic = MQTT_RT_DATA created 67a8411a43d31200faeeaa7e succesfully
2025-02-09 11:46:02,124 pop.CPM_RT_mixins INFO     mongo_db = TemporaryRTModelCPM, topic = MQTT_RT_DATA created 67a8411a43d31200faeeaa7f succesfully
2025-02-09 11:46:02,145 pop.CPM_RT_mixins INFO     mongo_db = TodayRTModelCPM, topic = MQTT_RT_DATA created 67a8411a43d31200faeeaa80 succesfully
2025-02-09 11:46:32,045 pop.CPM_RT_mixins INFO     mongo_db = RTModelCPM, topic = MQTT_RT_DATA created 67a8413843d31200faeeaa84 succesfully
2025-02-09 11:46:32,057 pop.CPM_RT_mixins INFO     mongo_db = TemporaryRTModelCPM, topic = MQTT_RT_DATA created 67a8413843d31200faeeaa85 succesfully
2025-02-09 11:46:32,070 pop.CPM_RT_mixins INFO     mongo_db = TodayRTModelCPM, topic = MQTT_RT_DATA created 67a8413843d31200faeeaa86 succesfully
2025-02-09 11:46:38,153 django.request ERROR    Internal Server Error: /api/v1.0/pop/thermohygrometer-data/
Traceback (most recent call last):
  File "/opt/venv/lib/python3.9/site-packages/django/core/handlers/exception.py", line 55, in inner
    response = get_response(request)
  File "/opt/venv/lib/python3.9/site-packages/django/core/handlers/base.py", line 197, in _get_response
    response = wrapped_callback(request, *callback_args, **callback_kwargs)
  File "/opt/venv/lib/python3.9/site-packages/django/views/decorators/csrf.py", line 54, in wrapped_view
    return view_func(*args, **kwargs)
  File "/opt/venv/lib/python3.9/site-packages/rest_framework/viewsets.py", line 125, in view
    return self.dispatch(request, *args, **kwargs)
  File "/opt/venv/lib/python3.9/site-packages/rest_framework/views.py", line 509, in dispatch
    response = self.handle_exception(exc)
  File "/opt/venv/lib/python3.9/site-packages/rest_framework/views.py", line 469, in handle_exception
    self.raise_uncaught_exception(exc)
  File "/opt/venv/lib/python3.9/site-packages/rest_framework/views.py", line 480, in raise_uncaught_exception
    raise exc
  File "/opt/venv/lib/python3.9/site-packages/rest_framework/views.py", line 506, in dispatch
    response = handler(request, *args, **kwargs)
  File "/opt/app/pop/api/views.py", line 233, in list
    #         return Response(serializer)
UnboundLocalError: local variable 'serializer' referenced before assignment
2025-02-09 11:47:13,996 pop.CPM_ENY_FRZ_mongo_mixins INFO     mongo_db = EnyFrzDataModelCPM, topic = MQTT_ENY_FRZ created 67a8416135dfdc3ef2c74000 succesfully
2025-02-09 11:47:14,016 pop.CPM_DAY_DATA_mongo_mixins INFO     mongo_db = DayDataModelCPM, topic = MQTT_DAY_DATA created 67a8416235dfdc3ef2c74001 succesfully
2025-02-09 11:47:14,060 pop.CPM_ENY_NOW_mongo_mixins INFO     mongo_db = EnyNowDataModelCPM, topic = MQTT_ENY_NOW created 67a8416235dfdc3ef2c74002 succesfully
2025-02-09 11:47:14,072 pop.CPM_ENY_NOW_mongo_mixins INFO     mongo_db = TemporaryEnyNowDataModelCPM, topic = MQTT_ENY_NOW created 67a8416235dfdc3ef2c74003 succesfully
2025-02-09 11:47:14,085 pop.CPM_ENY_NOW_mongo_mixins INFO     mongo_db = TodayEnyNowDataModelCPM, topic = MQTT_ENY_NOW created 67a8416235dfdc3ef2c74004 succesfully
2025-02-09 11:47:14,096 pop.CPM_ENY_NOW_mongo_mixins INFO     mongo_db = Last7DaysEnyNowDataModelCPM, topic = MQTT_ENY_NOW created 67a8416235dfdc3ef2c74005 succesfully
2025-02-09 11:47:14,132 pop.CPM_RT_mixins INFO     mongo_db = RTModelCPM, topic = MQTT_RT_DATA created 67a8416235dfdc3ef2c74006 succesfully
2025-02-09 11:47:14,159 pop.CPM_RT_mixins INFO     mongo_db = TemporaryRTModelCPM, topic = MQTT_RT_DATA created 67a8416235dfdc3ef2c74007 succesfully
2025-02-09 11:47:14,175 pop.CPM_RT_mixins INFO     mongo_db = TodayRTModelCPM, topic = MQTT_RT_DATA created 67a8416235dfdc3ef2c74008 succesfully
2025-02-09 11:47:31,781 pop.CPM_RT_mixins INFO     mongo_db = RTModelCPM, topic = MQTT_RT_DATA created 67a8417335dfdc3ef2c7400c succesfully
2025-02-09 11:47:31,799 pop.CPM_RT_mixins INFO     mongo_db = TemporaryRTModelCPM, topic = MQTT_RT_DATA created 67a8417335dfdc3ef2c7400d succesfully
2025-02-09 11:47:31,821 pop.CPM_RT_mixins INFO     mongo_db = TodayRTModelCPM, topic = MQTT_RT_DATA created 67a8417335dfdc3ef2c7400e succesfully
2025-02-09 11:48:00,654 pop.CPM_RT_mixins INFO     mongo_db = RTModelCPM, topic = MQTT_RT_DATA created 67a8419035dfdc3ef2c74012 succesfully
2025-02-09 11:48:00,665 pop.CPM_RT_mixins INFO     mongo_db = TemporaryRTModelCPM, topic = MQTT_RT_DATA created 67a8419035dfdc3ef2c74013 succesfully
2025-02-09 11:48:00,675 pop.CPM_RT_mixins INFO     mongo_db = TodayRTModelCPM, topic = MQTT_RT_DATA created 67a8419035dfdc3ef2c74014 succesfully
2025-02-09 11:48:30,991 pop.CPM_RT_mixins INFO     mongo_db = RTModelCPM, topic = MQTT_RT_DATA created 67a841ae35dfdc3ef2c74018 succesfully
2025-02-09 11:48:31,003 pop.CPM_RT_mixins INFO     mongo_db = TemporaryRTModelCPM, topic = MQTT_RT_DATA created 67a841af35dfdc3ef2c74019 succesfully
2025-02-09 11:48:31,014 pop.CPM_RT_mixins INFO     mongo_db = TodayRTModelCPM, topic = MQTT_RT_DATA created 67a841af35dfdc3ef2c7401a succesfully
2025-02-09 11:49:01,862 pop.CPM_RT_mixins INFO     mongo_db = RTModelCPM, topic = MQTT_RT_DATA created 67a841cd35dfdc3ef2c7401e succesfully
2025-02-09 11:49:01,873 pop.CPM_RT_mixins INFO     mongo_db = TemporaryRTModelCPM, topic = MQTT_RT_DATA created 67a841cd35dfdc3ef2c7401f succesfully
2025-02-09 11:49:01,883 pop.CPM_RT_mixins INFO     mongo_db = TodayRTModelCPM, topic = MQTT_RT_DATA created 67a841cd35dfdc3ef2c74020 succesfully
2025-02-09 11:49:31,732 pop.CPM_RT_mixins INFO     mongo_db = RTModelCPM, topic = MQTT_RT_DATA created 67a841eb35dfdc3ef2c74024 succesfully
2025-02-09 11:49:31,751 pop.CPM_RT_mixins INFO     mongo_db = TemporaryRTModelCPM, topic = MQTT_RT_DATA created 67a841eb35dfdc3ef2c74025 succesfully
2025-02-09 11:49:31,767 pop.CPM_RT_mixins INFO     mongo_db = TodayRTModelCPM, topic = MQTT_RT_DATA created 67a841eb35dfdc3ef2c74026 succesfully
2025-02-09 11:50:01,635 pop.CPM_RT_mixins INFO     mongo_db = RTModelCPM, topic = MQTT_RT_DATA created 67a8420935dfdc3ef2c7402a succesfully
2025-02-09 11:50:01,657 pop.CPM_RT_mixins INFO     mongo_db = TemporaryRTModelCPM, topic = MQTT_RT_DATA created 67a8420935dfdc3ef2c7402b succesfully
2025-02-09 11:50:01,682 pop.CPM_RT_mixins INFO     mongo_db = TodayRTModelCPM, topic = MQTT_RT_DATA created 67a8420935dfdc3ef2c7402c succesfully
2025-02-09 11:50:30,985 pop.CPM_RT_mixins INFO     mongo_db = RTModelCPM, topic = MQTT_RT_DATA created 67a8422635dfdc3ef2c74030 succesfully
2025-02-09 11:50:30,996 pop.CPM_RT_mixins INFO     mongo_db = TemporaryRTModelCPM, topic = MQTT_RT_DATA created 67a8422635dfdc3ef2c74031 succesfully
2025-02-09 11:50:31,007 pop.CPM_RT_mixins INFO     mongo_db = TodayRTModelCPM, topic = MQTT_RT_DATA created 67a8422735dfdc3ef2c74032 succesfully
2025-02-09 11:51:01,888 pop.CPM_RT_mixins INFO     mongo_db = RTModelCPM, topic = MQTT_RT_DATA created 67a8424535dfdc3ef2c74036 succesfully
2025-02-09 11:51:01,901 pop.CPM_RT_mixins INFO     mongo_db = TemporaryRTModelCPM, topic = MQTT_RT_DATA created 67a8424535dfdc3ef2c74037 succesfully
2025-02-09 11:51:01,911 pop.CPM_RT_mixins INFO     mongo_db = TodayRTModelCPM, topic = MQTT_RT_DATA created 67a8424535dfdc3ef2c74038 succesfully
2025-02-09 11:51:31,766 pop.CPM_RT_mixins INFO     mongo_db = RTModelCPM, topic = MQTT_RT_DATA created 67a8426335dfdc3ef2c7403c succesfully
2025-02-09 11:51:31,786 pop.CPM_RT_mixins INFO     mongo_db = TemporaryRTModelCPM, topic = MQTT_RT_DATA created 67a8426335dfdc3ef2c7403d succesfully
2025-02-09 11:51:31,804 pop.CPM_RT_mixins INFO     mongo_db = TodayRTModelCPM, topic = MQTT_RT_DATA created 67a8426335dfdc3ef2c7403e succesfully
2025-02-09 11:52:01,148 pop.CPM_RT_mixins INFO     mongo_db = RTModelCPM, topic = MQTT_RT_DATA created 67a8428135dfdc3ef2c74042 succesfully
2025-02-09 11:52:01,160 pop.CPM_RT_mixins INFO     mongo_db = TemporaryRTModelCPM, topic = MQTT_RT_DATA created 67a8428135dfdc3ef2c74043 succesfully
2025-02-09 11:52:01,172 pop.CPM_RT_mixins INFO     mongo_db = TodayRTModelCPM, topic = MQTT_RT_DATA created 67a8428135dfdc3ef2c74044 succesfully
2025-02-09 11:52:32,082 pop.CPM_RT_mixins INFO     mongo_db = RTModelCPM, topic = MQTT_RT_DATA created 67a842a035dfdc3ef2c74048 succesfully
2025-02-09 11:52:32,129 pop.CPM_RT_mixins INFO     mongo_db = TemporaryRTModelCPM, topic = MQTT_RT_DATA created 67a842a035dfdc3ef2c74049 succesfully
2025-02-09 11:52:32,178 pop.CPM_RT_mixins INFO     mongo_db = TodayRTModelCPM, topic = MQTT_RT_DATA created 67a842a035dfdc3ef2c7404a succesfully
2025-02-09 11:53:01,928 pop.CPM_RT_mixins INFO     mongo_db = RTModelCPM, topic = MQTT_RT_DATA created 67a842bd35dfdc3ef2c7404e succesfully
2025-02-09 11:53:01,941 pop.CPM_RT_mixins INFO     mongo_db = TemporaryRTModelCPM, topic = MQTT_RT_DATA created 67a842bd35dfdc3ef2c7404f succesfully
2025-02-09 11:53:01,956 pop.CPM_RT_mixins INFO     mongo_db = TodayRTModelCPM, topic = MQTT_RT_DATA created 67a842bd35dfdc3ef2c74050 succesfully
2025-02-09 11:54:00,572 pop.CPM_ENY_FRZ_mongo_mixins INFO     mongo_db = EnyFrzDataModelCPM, topic = MQTT_ENY_FRZ created 67a842f87ac6d200dd89d3a2 succesfully
2025-02-09 11:54:00,593 pop.CPM_DAY_DATA_mongo_mixins INFO     mongo_db = DayDataModelCPM, topic = MQTT_DAY_DATA created 67a842f87ac6d200dd89d3a3 succesfully
2025-02-09 11:54:00,626 pop.CPM_ENY_NOW_mongo_mixins INFO     mongo_db = EnyNowDataModelCPM, topic = MQTT_ENY_NOW created 67a842f87ac6d200dd89d3a4 succesfully
2025-02-09 11:54:00,640 pop.CPM_ENY_NOW_mongo_mixins INFO     mongo_db = TemporaryEnyNowDataModelCPM, topic = MQTT_ENY_NOW created 67a842f87ac6d200dd89d3a5 succesfully
2025-02-09 11:54:00,654 pop.CPM_ENY_NOW_mongo_mixins INFO     mongo_db = TodayEnyNowDataModelCPM, topic = MQTT_ENY_NOW created 67a842f87ac6d200dd89d3a6 succesfully
2025-02-09 11:54:00,675 pop.CPM_ENY_NOW_mongo_mixins INFO     mongo_db = Last7DaysEnyNowDataModelCPM, topic = MQTT_ENY_NOW created 67a842f87ac6d200dd89d3a7 succesfully
2025-02-09 11:54:01,912 pop.CPM_RT_mixins INFO     mongo_db = RTModelCPM, topic = MQTT_RT_DATA created 67a842f97ac6d200dd89d3a8 succesfully
2025-02-09 11:54:01,930 pop.CPM_RT_mixins INFO     mongo_db = TemporaryRTModelCPM, topic = MQTT_RT_DATA created 67a842f97ac6d200dd89d3a9 succesfully
2025-02-09 11:54:01,946 pop.CPM_RT_mixins INFO     mongo_db = TodayRTModelCPM, topic = MQTT_RT_DATA created 67a842f97ac6d200dd89d3aa succesfully
2025-02-09 11:54:31,816 pop.CPM_RT_mixins INFO     mongo_db = RTModelCPM, topic = MQTT_RT_DATA created 67a843177ac6d200dd89d3ae succesfully
2025-02-09 11:54:31,833 pop.CPM_RT_mixins INFO     mongo_db = TemporaryRTModelCPM, topic = MQTT_RT_DATA created 67a843177ac6d200dd89d3af succesfully
2025-02-09 11:54:31,858 pop.CPM_RT_mixins INFO     mongo_db = TodayRTModelCPM, topic = MQTT_RT_DATA created 67a843177ac6d200dd89d3b0 succesfully
2025-02-09 11:55:01,726 pop.CPM_RT_mixins INFO     mongo_db = RTModelCPM, topic = MQTT_RT_DATA created 67a843357ac6d200dd89d3b4 succesfully
2025-02-09 11:55:01,741 pop.CPM_RT_mixins INFO     mongo_db = TemporaryRTModelCPM, topic = MQTT_RT_DATA created 67a843357ac6d200dd89d3b5 succesfully
2025-02-09 11:55:01,755 pop.CPM_RT_mixins INFO     mongo_db = TodayRTModelCPM, topic = MQTT_RT_DATA created 67a843357ac6d200dd89d3b6 succesfully
2025-02-09 11:55:31,679 pop.CPM_RT_mixins INFO     mongo_db = RTModelCPM, topic = MQTT_RT_DATA created 67a843537ac6d200dd89d3b7 succesfully
2025-02-09 11:55:31,693 pop.CPM_RT_mixins INFO     mongo_db = TemporaryRTModelCPM, topic = MQTT_RT_DATA created 67a843537ac6d200dd89d3b8 succesfully
2025-02-09 11:55:31,704 pop.CPM_RT_mixins INFO     mongo_db = TodayRTModelCPM, topic = MQTT_RT_DATA created 67a843537ac6d200dd89d3b9 succesfully
2025-02-09 11:56:02,090 pop.CPM_RT_mixins INFO     mongo_db = RTModelCPM, topic = MQTT_RT_DATA created 67a843727ac6d200dd89d3bd succesfully
2025-02-09 11:56:02,103 pop.CPM_RT_mixins INFO     mongo_db = TemporaryRTModelCPM, topic = MQTT_RT_DATA created 67a843727ac6d200dd89d3be succesfully
2025-02-09 11:56:02,116 pop.CPM_RT_mixins INFO     mongo_db = TodayRTModelCPM, topic = MQTT_RT_DATA created 67a843727ac6d200dd89d3bf succesfully
2025-02-09 11:56:30,990 pop.CPM_RT_mixins INFO     mongo_db = RTModelCPM, topic = MQTT_RT_DATA created 67a8438e7ac6d200dd89d3c3 succesfully
2025-02-09 11:56:31,000 pop.CPM_RT_mixins INFO     mongo_db = TemporaryRTModelCPM, topic = MQTT_RT_DATA created 67a8438f7ac6d200dd89d3c4 succesfully
2025-02-09 11:56:31,014 pop.CPM_RT_mixins INFO     mongo_db = TodayRTModelCPM, topic = MQTT_RT_DATA created 67a8438f7ac6d200dd89d3c5 succesfully
2025-02-09 11:56:56,458 django.request WARNING  Unauthorized: /api/v1.0/pop/cpm-latest-rt-data/
2025-02-09 11:57:00,859 pop.CPM_RT_mixins INFO     mongo_db = RTModelCPM, topic = MQTT_RT_DATA created 67a843ac7ac6d200dd89d3c9 succesfully
2025-02-09 11:57:00,871 pop.CPM_RT_mixins INFO     mongo_db = TemporaryRTModelCPM, topic = MQTT_RT_DATA created 67a843ac7ac6d200dd89d3ca succesfully
2025-02-09 11:57:00,883 pop.CPM_RT_mixins INFO     mongo_db = TodayRTModelCPM, topic = MQTT_RT_DATA created 67a843ac7ac6d200dd89d3cb succesfully
2025-02-09 11:57:30,829 pop.CPM_RT_mixins INFO     mongo_db = RTModelCPM, topic = MQTT_RT_DATA created 67a843ca7ac6d200dd89d3cf succesfully
2025-02-09 11:57:30,860 pop.CPM_RT_mixins INFO     mongo_db = TemporaryRTModelCPM, topic = MQTT_RT_DATA created 67a843ca7ac6d200dd89d3d0 succesfully
2025-02-09 11:57:30,877 pop.CPM_RT_mixins INFO     mongo_db = TodayRTModelCPM, topic = MQTT_RT_DATA created 67a843ca7ac6d200dd89d3d1 succesfully
2025-02-09 11:58:02,132 pop.CPM_RT_mixins INFO     mongo_db = RTModelCPM, topic = MQTT_RT_DATA created 67a843ea7ac6d200dd89d3d5 succesfully
2025-02-09 11:58:02,146 pop.CPM_RT_mixins INFO     mongo_db = TemporaryRTModelCPM, topic = MQTT_RT_DATA created 67a843ea7ac6d200dd89d3d6 succesfully
2025-02-09 11:58:02,160 pop.CPM_RT_mixins INFO     mongo_db = TodayRTModelCPM, topic = MQTT_RT_DATA created 67a843ea7ac6d200dd89d3d7 succesfully
2025-02-09 11:58:31,975 pop.CPM_RT_mixins INFO     mongo_db = RTModelCPM, topic = MQTT_RT_DATA created 67a844077ac6d200dd89d3db succesfully
2025-02-09 11:58:31,988 pop.CPM_RT_mixins INFO     mongo_db = TemporaryRTModelCPM, topic = MQTT_RT_DATA created 67a844077ac6d200dd89d3dc succesfully
2025-02-09 11:58:32,002 pop.CPM_RT_mixins INFO     mongo_db = TodayRTModelCPM, topic = MQTT_RT_DATA created 67a844087ac6d200dd89d3dd succesfully
2025-02-09 11:59:01,842 pop.CPM_RT_mixins INFO     mongo_db = RTModelCPM, topic = MQTT_RT_DATA created 67a844257ac6d200dd89d3e1 succesfully
2025-02-09 11:59:01,854 pop.CPM_RT_mixins INFO     mongo_db = TemporaryRTModelCPM, topic = MQTT_RT_DATA created 67a844257ac6d200dd89d3e2 succesfully
2025-02-09 11:59:01,866 pop.CPM_RT_mixins INFO     mongo_db = TodayRTModelCPM, topic = MQTT_RT_DATA created 67a844257ac6d200dd89d3e3 succesfully
2025-02-09 11:59:27,021 django.request WARNING  Not Found: /api/v1.0/devices/
2025-02-09 11:59:31,743 pop.CPM_RT_mixins INFO     mongo_db = RTModelCPM, topic = MQTT_RT_DATA created 67a844437ac6d200dd89d3e7 succesfully
2025-02-09 11:59:31,753 pop.CPM_RT_mixins INFO     mongo_db = TemporaryRTModelCPM, topic = MQTT_RT_DATA created 67a844437ac6d200dd89d3e8 succesfully
2025-02-09 11:59:31,765 pop.CPM_RT_mixins INFO     mongo_db = TodayRTModelCPM, topic = MQTT_RT_DATA created 67a844437ac6d200dd89d3e9 succesfully
2025-02-09 11:59:51,146 django.request WARNING  Not Found: /api/v1.0/devices/
2025-02-09 12:00:01,687 pop.CPM_RT_mixins INFO     mongo_db = RTModelCPM, topic = MQTT_RT_DATA created 67a844617ac6d200dd89d3ed succesfully
2025-02-09 12:00:01,699 pop.CPM_RT_mixins INFO     mongo_db = TemporaryRTModelCPM, topic = MQTT_RT_DATA created 67a844617ac6d200dd89d3ee succesfully
2025-02-09 12:00:01,710 pop.CPM_RT_mixins INFO     mongo_db = TodayRTModelCPM, topic = MQTT_RT_DATA created 67a844617ac6d200dd89d3ef succesfully
2025-02-09 12:00:31,664 pop.CPM_RT_mixins INFO     mongo_db = RTModelCPM, topic = MQTT_RT_DATA created 67a8447f7ac6d200dd89d3f3 succesfully
2025-02-09 12:00:31,676 pop.CPM_RT_mixins INFO     mongo_db = TemporaryRTModelCPM, topic = MQTT_RT_DATA created 67a8447f7ac6d200dd89d3f4 succesfully
2025-02-09 12:00:31,686 pop.CPM_RT_mixins INFO     mongo_db = TodayRTModelCPM, topic = MQTT_RT_DATA created 67a8447f7ac6d200dd89d3f5 succesfully
2025-02-09 12:01:01,117 pop.CPM_RT_mixins INFO     mongo_db = RTModelCPM, topic = MQTT_RT_DATA created 67a8449d7ac6d200dd89d3f9 succesfully
2025-02-09 12:01:01,129 pop.CPM_RT_mixins INFO     mongo_db = TemporaryRTModelCPM, topic = MQTT_RT_DATA created 67a8449d7ac6d200dd89d3fa succesfully
2025-02-09 12:01:01,141 pop.CPM_RT_mixins INFO     mongo_db = TodayRTModelCPM, topic = MQTT_RT_DATA created 67a8449d7ac6d200dd89d3fb succesfully
2025-02-09 12:01:31,121 pop.CPM_RT_mixins INFO     mongo_db = RTModelCPM, topic = MQTT_RT_DATA created 67a844bb7ac6d200dd89d3ff succesfully
2025-02-09 12:01:31,133 pop.CPM_RT_mixins INFO     mongo_db = TemporaryRTModelCPM, topic = MQTT_RT_DATA created 67a844bb7ac6d200dd89d400 succesfully
2025-02-09 12:01:31,144 pop.CPM_RT_mixins INFO     mongo_db = TodayRTModelCPM, topic = MQTT_RT_DATA created 67a844bb7ac6d200dd89d401 succesfully
2025-02-09 12:02:31,154 pop.CPM_RT_mixins INFO     mongo_db = RTModelCPM, topic = MQTT_RT_DATA created 67a844f77ac6d200dd89d408 succesfully
2025-02-09 12:02:31,165 pop.CPM_RT_mixins INFO     mongo_db = TemporaryRTModelCPM, topic = MQTT_RT_DATA created 67a844f77ac6d200dd89d409 succesfully
2025-02-09 12:02:31,176 pop.CPM_RT_mixins INFO     mongo_db = TodayRTModelCPM, topic = MQTT_RT_DATA created 67a844f77ac6d200dd89d40a succesfully
2025-02-09 12:03:31,732 pop.CPM_RT_mixins INFO     mongo_db = RTModelCPM, topic = MQTT_RT_DATA created 67a845337ac6d200dd89d411 succesfully
2025-02-09 12:03:31,744 pop.CPM_RT_mixins INFO     mongo_db = TemporaryRTModelCPM, topic = MQTT_RT_DATA created 67a845337ac6d200dd89d412 succesfully
2025-02-09 12:03:31,754 pop.CPM_RT_mixins INFO     mongo_db = TodayRTModelCPM, topic = MQTT_RT_DATA created 67a845337ac6d200dd89d413 succesfully
2025-02-09 12:04:01,683 pop.CPM_RT_mixins INFO     mongo_db = RTModelCPM, topic = MQTT_RT_DATA created 67a845517ac6d200dd89d417 succesfully
2025-02-09 12:04:01,696 pop.CPM_RT_mixins INFO     mongo_db = TemporaryRTModelCPM, topic = MQTT_RT_DATA created 67a845517ac6d200dd89d418 succesfully
2025-02-09 12:04:01,706 pop.CPM_RT_mixins INFO     mongo_db = TodayRTModelCPM, topic = MQTT_RT_DATA created 67a845517ac6d200dd89d419 succesfully
2025-02-09 12:04:32,139 pop.CPM_RT_mixins INFO     mongo_db = RTModelCPM, topic = MQTT_RT_DATA created 67a845707ac6d200dd89d41d succesfully
2025-02-09 12:04:32,152 pop.CPM_RT_mixins INFO     mongo_db = TemporaryRTModelCPM, topic = MQTT_RT_DATA created 67a845707ac6d200dd89d41e succesfully
2025-02-09 12:04:32,163 pop.CPM_RT_mixins INFO     mongo_db = TodayRTModelCPM, topic = MQTT_RT_DATA created 67a845707ac6d200dd89d41f succesfully
2025-02-09 12:05:01,083 pop.CPM_RT_mixins INFO     mongo_db = RTModelCPM, topic = MQTT_RT_DATA created 67a8458d7ac6d200dd89d423 succesfully
2025-02-09 12:05:01,095 pop.CPM_RT_mixins INFO     mongo_db = TemporaryRTModelCPM, topic = MQTT_RT_DATA created 67a8458d7ac6d200dd89d424 succesfully
2025-02-09 12:05:01,105 pop.CPM_RT_mixins INFO     mongo_db = TodayRTModelCPM, topic = MQTT_RT_DATA created 67a8458d7ac6d200dd89d425 succesfully
2025-02-09 12:05:32,133 pop.CPM_RT_mixins INFO     mongo_db = RTModelCPM, topic = MQTT_RT_DATA created 67a845ac7ac6d200dd89d429 succesfully
2025-02-09 12:05:32,144 pop.CPM_RT_mixins INFO     mongo_db = TemporaryRTModelCPM, topic = MQTT_RT_DATA created 67a845ac7ac6d200dd89d42a succesfully
2025-02-09 12:05:32,155 pop.CPM_RT_mixins INFO     mongo_db = TodayRTModelCPM, topic = MQTT_RT_DATA created 67a845ac7ac6d200dd89d42b succesfully
2025-02-09 12:06:01,064 pop.CPM_RT_mixins INFO     mongo_db = RTModelCPM, topic = MQTT_RT_DATA created 67a845c97ac6d200dd89d42f succesfully
2025-02-09 12:06:01,077 pop.CPM_RT_mixins INFO     mongo_db = TemporaryRTModelCPM, topic = MQTT_RT_DATA created 67a845c97ac6d200dd89d430 succesfully
2025-02-09 12:06:01,089 pop.CPM_RT_mixins INFO     mongo_db = TodayRTModelCPM, topic = MQTT_RT_DATA created 67a845c97ac6d200dd89d431 succesfully
2025-02-09 12:06:31,980 pop.CPM_RT_mixins INFO     mongo_db = RTModelCPM, topic = MQTT_RT_DATA created 67a845e77ac6d200dd89d435 succesfully
2025-02-09 12:06:31,995 pop.CPM_RT_mixins INFO     mongo_db = TemporaryRTModelCPM, topic = MQTT_RT_DATA created 67a845e77ac6d200dd89d436 succesfully
2025-02-09 12:06:32,012 pop.CPM_RT_mixins INFO     mongo_db = TodayRTModelCPM, topic = MQTT_RT_DATA created 67a845e87ac6d200dd89d437 succesfully
2025-02-09 12:07:00,909 pop.CPM_RT_mixins INFO     mongo_db = RTModelCPM, topic = MQTT_RT_DATA created 67a846047ac6d200dd89d43b succesfully
2025-02-09 12:07:00,929 pop.CPM_RT_mixins INFO     mongo_db = TemporaryRTModelCPM, topic = MQTT_RT_DATA created 67a846047ac6d200dd89d43c succesfully
2025-02-09 12:07:00,955 pop.CPM_RT_mixins INFO     mongo_db = TodayRTModelCPM, topic = MQTT_RT_DATA created 67a846047ac6d200dd89d43d succesfully
2025-02-09 12:07:31,846 pop.CPM_RT_mixins INFO     mongo_db = RTModelCPM, topic = MQTT_RT_DATA created 67a846237ac6d200dd89d441 succesfully
2025-02-09 12:07:31,859 pop.CPM_RT_mixins INFO     mongo_db = TemporaryRTModelCPM, topic = MQTT_RT_DATA created 67a846237ac6d200dd89d442 succesfully
2025-02-09 12:07:31,869 pop.CPM_RT_mixins INFO     mongo_db = TodayRTModelCPM, topic = MQTT_RT_DATA created 67a846237ac6d200dd89d443 succesfully
2025-02-09 12:08:01,773 pop.CPM_RT_mixins INFO     mongo_db = RTModelCPM, topic = MQTT_RT_DATA created 67a846417ac6d200dd89d447 succesfully
2025-02-09 12:08:01,785 pop.CPM_RT_mixins INFO     mongo_db = TemporaryRTModelCPM, topic = MQTT_RT_DATA created 67a846417ac6d200dd89d448 succesfully
2025-02-09 12:08:01,797 pop.CPM_RT_mixins INFO     mongo_db = TodayRTModelCPM, topic = MQTT_RT_DATA created 67a846417ac6d200dd89d449 succesfully
2025-02-09 12:08:31,953 pop.CPM_RT_mixins INFO     mongo_db = RTModelCPM, topic = MQTT_RT_DATA created 67a8465f7ac6d200dd89d44d succesfully
2025-02-09 12:08:31,967 pop.CPM_RT_mixins INFO     mongo_db = TemporaryRTModelCPM, topic = MQTT_RT_DATA created 67a8465f7ac6d200dd89d44e succesfully
2025-02-09 12:08:31,993 pop.CPM_RT_mixins INFO     mongo_db = TodayRTModelCPM, topic = MQTT_RT_DATA created 67a8465f7ac6d200dd89d44f succesfully
2025-02-09 12:08:38,588 pop.CPM_ENY_NOW_mongo_mixins INFO     mongo_db = EnyNowDataModelCPM, topic = MQTT_ENY_NOW created 67a846667ac6d200dd89d450 succesfully
2025-02-09 12:08:38,596 pop.CPM_ENY_NOW_mongo_mixins INFO     mongo_db = TemporaryEnyNowDataModelCPM, topic = MQTT_ENY_NOW created 67a846667ac6d200dd89d451 succesfully
2025-02-09 12:08:38,604 pop.CPM_ENY_NOW_mongo_mixins INFO     mongo_db = TodayEnyNowDataModelCPM, topic = MQTT_ENY_NOW created 67a846667ac6d200dd89d452 succesfully
2025-02-09 12:08:38,610 pop.CPM_ENY_NOW_mongo_mixins INFO     mongo_db = Last7DaysEnyNowDataModelCPM, topic = MQTT_ENY_NOW created 67a846667ac6d200dd89d453 succesfully
2025-02-09 12:09:01,005 pop.CPM_RT_mixins INFO     mongo_db = RTModelCPM, topic = MQTT_RT_DATA created 67a8467d7ac6d200dd89d457 succesfully
2025-02-09 12:09:01,016 pop.CPM_RT_mixins INFO     mongo_db = TemporaryRTModelCPM, topic = MQTT_RT_DATA created 67a8467d7ac6d200dd89d458 succesfully
2025-02-09 12:09:01,028 pop.CPM_RT_mixins INFO     mongo_db = TodayRTModelCPM, topic = MQTT_RT_DATA created 67a8467d7ac6d200dd89d459 succesfully
2025-02-09 12:09:28,565 django.request WARNING  Not Found: /api/v1.0/devices/
2025-02-09 12:09:30,900 pop.CPM_RT_mixins INFO     mongo_db = RTModelCPM, topic = MQTT_RT_DATA created 67a8469a7ac6d200dd89d45d succesfully
2025-02-09 12:09:30,929 pop.CPM_RT_mixins INFO     mongo_db = TemporaryRTModelCPM, topic = MQTT_RT_DATA created 67a8469a7ac6d200dd89d45e succesfully
2025-02-09 12:09:30,953 pop.CPM_RT_mixins INFO     mongo_db = TodayRTModelCPM, topic = MQTT_RT_DATA created 67a8469a7ac6d200dd89d45f succesfully
2025-02-09 12:10:00,821 pop.CPM_RT_mixins INFO     mongo_db = RTModelCPM, topic = MQTT_RT_DATA created 67a846b87ac6d200dd89d463 succesfully
2025-02-09 12:10:00,836 pop.CPM_RT_mixins INFO     mongo_db = TemporaryRTModelCPM, topic = MQTT_RT_DATA created 67a846b87ac6d200dd89d464 succesfully
2025-02-09 12:10:00,856 pop.CPM_RT_mixins INFO     mongo_db = TodayRTModelCPM, topic = MQTT_RT_DATA created 67a846b87ac6d200dd89d465 succesfully
2025-02-09 12:10:30,730 pop.CPM_RT_mixins INFO     mongo_db = RTModelCPM, topic = MQTT_RT_DATA created 67a846d67ac6d200dd89d469 succesfully
2025-02-09 12:10:30,742 pop.CPM_RT_mixins INFO     mongo_db = TemporaryRTModelCPM, topic = MQTT_RT_DATA created 67a846d67ac6d200dd89d46a succesfully
2025-02-09 12:10:30,753 pop.CPM_RT_mixins INFO     mongo_db = TodayRTModelCPM, topic = MQTT_RT_DATA created 67a846d67ac6d200dd89d46b succesfully
2025-02-09 12:11:02,146 pop.CPM_RT_mixins INFO     mongo_db = RTModelCPM, topic = MQTT_RT_DATA created 67a846f67ac6d200dd89d46f succesfully
2025-02-09 12:11:02,162 pop.CPM_RT_mixins INFO     mongo_db = TemporaryRTModelCPM, topic = MQTT_RT_DATA created 67a846f67ac6d200dd89d470 succesfully
2025-02-09 12:11:02,178 pop.CPM_RT_mixins INFO     mongo_db = TodayRTModelCPM, topic = MQTT_RT_DATA created 67a846f67ac6d200dd89d471 succesfully
2025-02-09 12:11:31,052 pop.CPM_RT_mixins INFO     mongo_db = RTModelCPM, topic = MQTT_RT_DATA created 67a847137ac6d200dd89d475 succesfully
2025-02-09 12:11:31,099 pop.CPM_RT_mixins INFO     mongo_db = TemporaryRTModelCPM, topic = MQTT_RT_DATA created 67a847137ac6d200dd89d476 succesfully
2025-02-09 12:11:31,132 pop.CPM_RT_mixins INFO     mongo_db = TodayRTModelCPM, topic = MQTT_RT_DATA created 67a847137ac6d200dd89d477 succesfully
2025-02-09 12:12:31,017 pop.CPM_RT_mixins INFO     mongo_db = RTModelCPM, topic = MQTT_RT_DATA created 67a8474f7ac6d200dd89d47e succesfully
2025-02-09 12:12:31,033 pop.CPM_RT_mixins INFO     mongo_db = TemporaryRTModelCPM, topic = MQTT_RT_DATA created 67a8474f7ac6d200dd89d47f succesfully
2025-02-09 12:12:31,051 pop.CPM_RT_mixins INFO     mongo_db = TodayRTModelCPM, topic = MQTT_RT_DATA created 67a8474f7ac6d200dd89d480 succesfully
2025-02-09 12:12:59,643 django.request WARNING  Not Found: /api/v1.0/devices/
2025-02-09 12:13:30,904 pop.CPM_RT_mixins INFO     mongo_db = RTModelCPM, topic = MQTT_RT_DATA created 67a8478a7ac6d200dd89d484 succesfully
2025-02-09 12:13:30,916 pop.CPM_RT_mixins INFO     mongo_db = TemporaryRTModelCPM, topic = MQTT_RT_DATA created 67a8478a7ac6d200dd89d485 succesfully
2025-02-09 12:13:30,931 pop.CPM_RT_mixins INFO     mongo_db = TodayRTModelCPM, topic = MQTT_RT_DATA created 67a8478a7ac6d200dd89d486 succesfully
2025-02-09 12:14:31,939 pop.CPM_RT_mixins INFO     mongo_db = RTModelCPM, topic = MQTT_RT_DATA created 67a847c77ac6d200dd89d48d succesfully
2025-02-09 12:14:31,950 pop.CPM_RT_mixins INFO     mongo_db = TemporaryRTModelCPM, topic = MQTT_RT_DATA created 67a847c77ac6d200dd89d48e succesfully
2025-02-09 12:14:31,961 pop.CPM_RT_mixins INFO     mongo_db = TodayRTModelCPM, topic = MQTT_RT_DATA created 67a847c77ac6d200dd89d48f succesfully
2025-02-09 12:15:00,813 pop.CPM_RT_mixins INFO     mongo_db = RTModelCPM, topic = MQTT_RT_DATA created 67a847e47ac6d200dd89d493 succesfully
2025-02-09 12:15:00,828 pop.CPM_RT_mixins INFO     mongo_db = TemporaryRTModelCPM, topic = MQTT_RT_DATA created 67a847e47ac6d200dd89d494 succesfully
2025-02-09 12:15:00,851 pop.CPM_RT_mixins INFO     mongo_db = TodayRTModelCPM, topic = MQTT_RT_DATA created 67a847e47ac6d200dd89d495 succesfully
2025-02-09 12:15:30,712 pop.CPM_RT_mixins INFO     mongo_db = RTModelCPM, topic = MQTT_RT_DATA created 67a848027ac6d200dd89d499 succesfully
2025-02-09 12:15:30,725 pop.CPM_RT_mixins INFO     mongo_db = TemporaryRTModelCPM, topic = MQTT_RT_DATA created 67a848027ac6d200dd89d49a succesfully
2025-02-09 12:15:30,735 pop.CPM_RT_mixins INFO     mongo_db = TodayRTModelCPM, topic = MQTT_RT_DATA created 67a848027ac6d200dd89d49b succesfully
2025-02-09 12:16:01,096 pop.CPM_RT_mixins INFO     mongo_db = RTModelCPM, topic = MQTT_RT_DATA created 67a848217ac6d200dd89d49f succesfully
2025-02-09 12:16:01,112 pop.CPM_RT_mixins INFO     mongo_db = TemporaryRTModelCPM, topic = MQTT_RT_DATA created 67a848217ac6d200dd89d4a0 succesfully
2025-02-09 12:16:01,125 pop.CPM_RT_mixins INFO     mongo_db = TodayRTModelCPM, topic = MQTT_RT_DATA created 67a848217ac6d200dd89d4a1 succesfully
2025-02-09 12:16:30,995 pop.CPM_RT_mixins INFO     mongo_db = RTModelCPM, topic = MQTT_RT_DATA created 67a8483e7ac6d200dd89d4a5 succesfully
2025-02-09 12:16:31,016 pop.CPM_RT_mixins INFO     mongo_db = TemporaryRTModelCPM, topic = MQTT_RT_DATA created 67a8483f7ac6d200dd89d4a6 succesfully
2025-02-09 12:16:31,045 pop.CPM_RT_mixins INFO     mongo_db = TodayRTModelCPM, topic = MQTT_RT_DATA created 67a8483f7ac6d200dd89d4a7 succesfully
2025-02-09 12:16:55,366 django.request WARNING  Not Found: /api/v1.0/devices/
2025-02-09 12:17:00,943 pop.CPM_RT_mixins INFO     mongo_db = RTModelCPM, topic = MQTT_RT_DATA created 67a8485c7ac6d200dd89d4ab succesfully
2025-02-09 12:17:00,962 pop.CPM_RT_mixins INFO     mongo_db = TemporaryRTModelCPM, topic = MQTT_RT_DATA created 67a8485c7ac6d200dd89d4ac succesfully
2025-02-09 12:17:00,985 pop.CPM_RT_mixins INFO     mongo_db = TodayRTModelCPM, topic = MQTT_RT_DATA created 67a8485c7ac6d200dd89d4ad succesfully
2025-02-09 12:17:31,767 pop.CPM_RT_mixins INFO     mongo_db = RTModelCPM, topic = MQTT_RT_DATA created 67a8487b7ac6d200dd89d4b1 succesfully
2025-02-09 12:17:31,781 pop.CPM_RT_mixins INFO     mongo_db = TemporaryRTModelCPM, topic = MQTT_RT_DATA created 67a8487b7ac6d200dd89d4b2 succesfully
2025-02-09 12:17:31,793 pop.CPM_RT_mixins INFO     mongo_db = TodayRTModelCPM, topic = MQTT_RT_DATA created 67a8487b7ac6d200dd89d4b3 succesfully
2025-02-09 12:18:30,687 pop.CPM_RT_mixins INFO     mongo_db = RTModelCPM, topic = MQTT_RT_DATA created 67a848b67ac6d200dd89d4ba succesfully
2025-02-09 12:18:30,701 pop.CPM_RT_mixins INFO     mongo_db = TemporaryRTModelCPM, topic = MQTT_RT_DATA created 67a848b67ac6d200dd89d4bb succesfully
2025-02-09 12:18:30,713 pop.CPM_RT_mixins INFO     mongo_db = TodayRTModelCPM, topic = MQTT_RT_DATA created 67a848b67ac6d200dd89d4bc succesfully
2025-02-09 12:19:01,046 pop.CPM_RT_mixins INFO     mongo_db = RTModelCPM, topic = MQTT_RT_DATA created 67a848d57ac6d200dd89d4c0 succesfully
2025-02-09 12:19:01,062 pop.CPM_RT_mixins INFO     mongo_db = TemporaryRTModelCPM, topic = MQTT_RT_DATA created 67a848d57ac6d200dd89d4c1 succesfully
2025-02-09 12:19:01,075 pop.CPM_RT_mixins INFO     mongo_db = TodayRTModelCPM, topic = MQTT_RT_DATA created 67a848d57ac6d200dd89d4c2 succesfully
2025-02-09 12:19:30,916 pop.CPM_RT_mixins INFO     mongo_db = RTModelCPM, topic = MQTT_RT_DATA created 67a848f27ac6d200dd89d4c6 succesfully
2025-02-09 12:19:30,933 pop.CPM_RT_mixins INFO     mongo_db = TemporaryRTModelCPM, topic = MQTT_RT_DATA created 67a848f27ac6d200dd89d4c7 succesfully
2025-02-09 12:19:30,960 pop.CPM_RT_mixins INFO     mongo_db = TodayRTModelCPM, topic = MQTT_RT_DATA created 67a848f27ac6d200dd89d4c8 succesfully
2025-02-09 12:19:33,948 django.request WARNING  Not Found: /api/v1.0/devices/
2025-02-09 12:19:34,792 django.request WARNING  Not Found: /api/v1.0/devices/
2025-02-09 12:19:43,094 django.request WARNING  Not Found: /api/v1.0/devices/
2025-02-09 12:20:00,766 pop.CPM_RT_mixins INFO     mongo_db = RTModelCPM, topic = MQTT_RT_DATA created 67a849107ac6d200dd89d4cc succesfully
2025-02-09 12:20:00,779 pop.CPM_RT_mixins INFO     mongo_db = TemporaryRTModelCPM, topic = MQTT_RT_DATA created 67a849107ac6d200dd89d4cd succesfully
2025-02-09 12:20:00,789 pop.CPM_RT_mixins INFO     mongo_db = TodayRTModelCPM, topic = MQTT_RT_DATA created 67a849107ac6d200dd89d4ce succesfully
2025-02-09 12:20:31,114 pop.CPM_RT_mixins INFO     mongo_db = RTModelCPM, topic = MQTT_RT_DATA created 67a8492f7ac6d200dd89d4d2 succesfully
2025-02-09 12:20:31,123 pop.CPM_RT_mixins INFO     mongo_db = TemporaryRTModelCPM, topic = MQTT_RT_DATA created 67a8492f7ac6d200dd89d4d3 succesfully
2025-02-09 12:20:31,135 pop.CPM_RT_mixins INFO     mongo_db = TodayRTModelCPM, topic = MQTT_RT_DATA created 67a8492f7ac6d200dd89d4d4 succesfully
2025-02-09 12:21:01,984 pop.CPM_RT_mixins INFO     mongo_db = RTModelCPM, topic = MQTT_RT_DATA created 67a8494d7ac6d200dd89d4d8 succesfully
2025-02-09 12:21:02,001 pop.CPM_RT_mixins INFO     mongo_db = TemporaryRTModelCPM, topic = MQTT_RT_DATA created 67a8494e7ac6d200dd89d4d9 succesfully
2025-02-09 12:21:02,012 pop.CPM_RT_mixins INFO     mongo_db = TodayRTModelCPM, topic = MQTT_RT_DATA created 67a8494e7ac6d200dd89d4da succesfully
2025-02-09 12:21:30,837 pop.CPM_RT_mixins INFO     mongo_db = RTModelCPM, topic = MQTT_RT_DATA created 67a8496a7ac6d200dd89d4de succesfully
2025-02-09 12:21:30,852 pop.CPM_RT_mixins INFO     mongo_db = TemporaryRTModelCPM, topic = MQTT_RT_DATA created 67a8496a7ac6d200dd89d4df succesfully
2025-02-09 12:21:30,873 pop.CPM_RT_mixins INFO     mongo_db = TodayRTModelCPM, topic = MQTT_RT_DATA created 67a8496a7ac6d200dd89d4e0 succesfully
2025-02-09 12:22:01,660 pop.CPM_RT_mixins INFO     mongo_db = RTModelCPM, topic = MQTT_RT_DATA created 67a849897ac6d200dd89d4e4 succesfully
2025-02-09 12:22:01,679 pop.CPM_RT_mixins INFO     mongo_db = TemporaryRTModelCPM, topic = MQTT_RT_DATA created 67a849897ac6d200dd89d4e5 succesfully
2025-02-09 12:22:01,697 pop.CPM_RT_mixins INFO     mongo_db = TodayRTModelCPM, topic = MQTT_RT_DATA created 67a849897ac6d200dd89d4e6 succesfully
2025-02-09 12:22:31,016 pop.CPM_RT_mixins INFO     mongo_db = RTModelCPM, topic = MQTT_RT_DATA created 67a849a77ac6d200dd89d4ea succesfully
2025-02-09 12:22:31,035 pop.CPM_RT_mixins INFO     mongo_db = TemporaryRTModelCPM, topic = MQTT_RT_DATA created 67a849a77ac6d200dd89d4eb succesfully
2025-02-09 12:22:31,051 pop.CPM_RT_mixins INFO     mongo_db = TodayRTModelCPM, topic = MQTT_RT_DATA created 67a849a77ac6d200dd89d4ec succesfully
2025-02-09 12:22:34,920 django.request WARNING  Not Found: /api/v1.0/devices/
2025-02-09 12:23:01,871 pop.CPM_RT_mixins INFO     mongo_db = RTModelCPM, topic = MQTT_RT_DATA created 67a849c57ac6d200dd89d4f0 succesfully
2025-02-09 12:23:01,882 pop.CPM_RT_mixins INFO     mongo_db = TemporaryRTModelCPM, topic = MQTT_RT_DATA created 67a849c57ac6d200dd89d4f1 succesfully
2025-02-09 12:23:01,895 pop.CPM_RT_mixins INFO     mongo_db = TodayRTModelCPM, topic = MQTT_RT_DATA created 67a849c57ac6d200dd89d4f2 succesfully
2025-02-09 12:23:31,728 pop.CPM_RT_mixins INFO     mongo_db = RTModelCPM, topic = MQTT_RT_DATA created 67a849e37ac6d200dd89d4f6 succesfully
2025-02-09 12:23:31,739 pop.CPM_RT_mixins INFO     mongo_db = TemporaryRTModelCPM, topic = MQTT_RT_DATA created 67a849e37ac6d200dd89d4f7 succesfully
2025-02-09 12:23:31,751 pop.CPM_RT_mixins INFO     mongo_db = TodayRTModelCPM, topic = MQTT_RT_DATA created 67a849e37ac6d200dd89d4f8 succesfully
2025-02-09 12:23:38,348 pop.CPM_ENY_NOW_mongo_mixins INFO     mongo_db = EnyNowDataModelCPM, topic = MQTT_ENY_NOW created 67a849ea7ac6d200dd89d4fc succesfully
2025-02-09 12:23:38,355 pop.CPM_ENY_NOW_mongo_mixins INFO     mongo_db = TemporaryEnyNowDataModelCPM, topic = MQTT_ENY_NOW created 67a849ea7ac6d200dd89d4fd succesfully
2025-02-09 12:23:38,361 pop.CPM_ENY_NOW_mongo_mixins INFO     mongo_db = TodayEnyNowDataModelCPM, topic = MQTT_ENY_NOW created 67a849ea7ac6d200dd89d4fe succesfully
2025-02-09 12:23:38,367 pop.CPM_ENY_NOW_mongo_mixins INFO     mongo_db = Last7DaysEnyNowDataModelCPM, topic = MQTT_ENY_NOW created 67a849ea7ac6d200dd89d4ff succesfully
2025-02-09 12:24:00,721 pop.CPM_RT_mixins INFO     mongo_db = RTModelCPM, topic = MQTT_RT_DATA created 67a84a007ac6d200dd89d500 succesfully
2025-02-09 12:24:00,740 pop.CPM_RT_mixins INFO     mongo_db = TemporaryRTModelCPM, topic = MQTT_RT_DATA created 67a84a007ac6d200dd89d501 succesfully
2025-02-09 12:24:00,757 pop.CPM_RT_mixins INFO     mongo_db = TodayRTModelCPM, topic = MQTT_RT_DATA created 67a84a007ac6d200dd89d502 succesfully
2025-02-09 12:24:32,075 pop.CPM_RT_mixins INFO     mongo_db = RTModelCPM, topic = MQTT_RT_DATA created 67a84a207ac6d200dd89d506 succesfully
2025-02-09 12:24:32,089 pop.CPM_RT_mixins INFO     mongo_db = TemporaryRTModelCPM, topic = MQTT_RT_DATA created 67a84a207ac6d200dd89d507 succesfully
2025-02-09 12:24:32,100 pop.CPM_RT_mixins INFO     mongo_db = TodayRTModelCPM, topic = MQTT_RT_DATA created 67a84a207ac6d200dd89d508 succesfully
2025-02-09 12:25:00,966 pop.CPM_RT_mixins INFO     mongo_db = RTModelCPM, topic = MQTT_RT_DATA created 67a84a3c7ac6d200dd89d50c succesfully
2025-02-09 12:25:00,983 pop.CPM_RT_mixins INFO     mongo_db = TemporaryRTModelCPM, topic = MQTT_RT_DATA created 67a84a3c7ac6d200dd89d50d succesfully
2025-02-09 12:25:00,997 pop.CPM_RT_mixins INFO     mongo_db = TodayRTModelCPM, topic = MQTT_RT_DATA created 67a84a3c7ac6d200dd89d50e succesfully
2025-02-09 12:25:31,827 pop.CPM_RT_mixins INFO     mongo_db = RTModelCPM, topic = MQTT_RT_DATA created 67a84a5b7ac6d200dd89d512 succesfully
2025-02-09 12:25:31,841 pop.CPM_RT_mixins INFO     mongo_db = TemporaryRTModelCPM, topic = MQTT_RT_DATA created 67a84a5b7ac6d200dd89d513 succesfully
2025-02-09 12:25:31,853 pop.CPM_RT_mixins INFO     mongo_db = TodayRTModelCPM, topic = MQTT_RT_DATA created 67a84a5b7ac6d200dd89d514 succesfully
2025-02-09 12:26:00,700 pop.CPM_RT_mixins INFO     mongo_db = RTModelCPM, topic = MQTT_RT_DATA created 67a84a787ac6d200dd89d518 succesfully
2025-02-09 12:26:00,712 pop.CPM_RT_mixins INFO     mongo_db = TemporaryRTModelCPM, topic = MQTT_RT_DATA created 67a84a787ac6d200dd89d519 succesfully
2025-02-09 12:26:00,724 pop.CPM_RT_mixins INFO     mongo_db = TodayRTModelCPM, topic = MQTT_RT_DATA created 67a84a787ac6d200dd89d51a succesfully
2025-02-09 12:26:32,073 pop.CPM_RT_mixins INFO     mongo_db = RTModelCPM, topic = MQTT_RT_DATA created 67a84a987ac6d200dd89d51e succesfully
2025-02-09 12:26:32,087 pop.CPM_RT_mixins INFO     mongo_db = TemporaryRTModelCPM, topic = MQTT_RT_DATA created 67a84a987ac6d200dd89d51f succesfully
2025-02-09 12:26:32,099 pop.CPM_RT_mixins INFO     mongo_db = TodayRTModelCPM, topic = MQTT_RT_DATA created 67a84a987ac6d200dd89d520 succesfully
2025-02-09 12:27:01,928 pop.CPM_RT_mixins INFO     mongo_db = RTModelCPM, topic = MQTT_RT_DATA created 67a84ab57ac6d200dd89d524 succesfully
2025-02-09 12:27:01,946 pop.CPM_RT_mixins INFO     mongo_db = TemporaryRTModelCPM, topic = MQTT_RT_DATA created 67a84ab57ac6d200dd89d525 succesfully
2025-02-09 12:27:01,969 pop.CPM_RT_mixins INFO     mongo_db = TodayRTModelCPM, topic = MQTT_RT_DATA created 67a84ab57ac6d200dd89d526 succesfully
2025-02-09 12:27:23,100 django.request WARNING  Not Found: /api/v1.0/devices/
2025-02-09 12:27:30,856 pop.CPM_RT_mixins INFO     mongo_db = RTModelCPM, topic = MQTT_RT_DATA created 67a84ad27ac6d200dd89d52a succesfully
2025-02-09 12:27:30,869 pop.CPM_RT_mixins INFO     mongo_db = TemporaryRTModelCPM, topic = MQTT_RT_DATA created 67a84ad27ac6d200dd89d52b succesfully
2025-02-09 12:27:30,880 pop.CPM_RT_mixins INFO     mongo_db = TodayRTModelCPM, topic = MQTT_RT_DATA created 67a84ad27ac6d200dd89d52c succesfully
2025-02-09 12:28:01,699 pop.CPM_RT_mixins INFO     mongo_db = RTModelCPM, topic = MQTT_RT_DATA created 67a84af17ac6d200dd89d530 succesfully
2025-02-09 12:28:01,710 pop.CPM_RT_mixins INFO     mongo_db = TemporaryRTModelCPM, topic = MQTT_RT_DATA created 67a84af17ac6d200dd89d531 succesfully
2025-02-09 12:28:01,721 pop.CPM_RT_mixins INFO     mongo_db = TodayRTModelCPM, topic = MQTT_RT_DATA created 67a84af17ac6d200dd89d532 succesfully
2025-02-09 12:28:31,040 pop.CPM_RT_mixins INFO     mongo_db = RTModelCPM, topic = MQTT_RT_DATA created 67a84b0f7ac6d200dd89d536 succesfully
2025-02-09 12:28:31,058 pop.CPM_RT_mixins INFO     mongo_db = TemporaryRTModelCPM, topic = MQTT_RT_DATA created 67a84b0f7ac6d200dd89d537 succesfully
2025-02-09 12:28:31,075 pop.CPM_RT_mixins INFO     mongo_db = TodayRTModelCPM, topic = MQTT_RT_DATA created 67a84b0f7ac6d200dd89d538 succesfully
2025-02-09 12:28:46,877 django.request WARNING  Not Found: /api/v1.0/devices/
2025-02-09 12:29:00,871 pop.CPM_RT_mixins INFO     mongo_db = RTModelCPM, topic = MQTT_RT_DATA created 67a84b2c7ac6d200dd89d53c succesfully
2025-02-09 12:29:00,883 pop.CPM_RT_mixins INFO     mongo_db = TemporaryRTModelCPM, topic = MQTT_RT_DATA created 67a84b2c7ac6d200dd89d53d succesfully
2025-02-09 12:29:00,893 pop.CPM_RT_mixins INFO     mongo_db = TodayRTModelCPM, topic = MQTT_RT_DATA created 67a84b2c7ac6d200dd89d53e succesfully
2025-02-09 12:29:31,714 pop.CPM_RT_mixins INFO     mongo_db = RTModelCPM, topic = MQTT_RT_DATA created 67a84b4b7ac6d200dd89d542 succesfully
2025-02-09 12:29:31,726 pop.CPM_RT_mixins INFO     mongo_db = TemporaryRTModelCPM, topic = MQTT_RT_DATA created 67a84b4b7ac6d200dd89d543 succesfully
2025-02-09 12:29:31,736 pop.CPM_RT_mixins INFO     mongo_db = TodayRTModelCPM, topic = MQTT_RT_DATA created 67a84b4b7ac6d200dd89d544 succesfully
2025-02-09 12:30:02,045 pop.CPM_RT_mixins INFO     mongo_db = RTModelCPM, topic = MQTT_RT_DATA created 67a84b6a7ac6d200dd89d548 succesfully
2025-02-09 12:30:02,065 pop.CPM_RT_mixins INFO     mongo_db = TemporaryRTModelCPM, topic = MQTT_RT_DATA created 67a84b6a7ac6d200dd89d549 succesfully
2025-02-09 12:30:02,083 pop.CPM_RT_mixins INFO     mongo_db = TodayRTModelCPM, topic = MQTT_RT_DATA created 67a84b6a7ac6d200dd89d54a succesfully
2025-02-09 12:30:30,905 pop.CPM_RT_mixins INFO     mongo_db = RTModelCPM, topic = MQTT_RT_DATA created 67a84b867ac6d200dd89d54e succesfully
2025-02-09 12:30:30,917 pop.CPM_RT_mixins INFO     mongo_db = TemporaryRTModelCPM, topic = MQTT_RT_DATA created 67a84b867ac6d200dd89d54f succesfully
2025-02-09 12:30:30,929 pop.CPM_RT_mixins INFO     mongo_db = TodayRTModelCPM, topic = MQTT_RT_DATA created 67a84b867ac6d200dd89d550 succesfully
2025-02-09 12:30:50,436 django.request WARNING  Not Found: /api/v1.0/devices/
2025-02-09 12:31:30,921 pop.CPM_RT_mixins INFO     mongo_db = RTModelCPM, topic = MQTT_RT_DATA created 67a84bc27ac6d200dd89d557 succesfully
2025-02-09 12:31:30,932 pop.CPM_RT_mixins INFO     mongo_db = TemporaryRTModelCPM, topic = MQTT_RT_DATA created 67a84bc27ac6d200dd89d558 succesfully
2025-02-09 12:31:30,945 pop.CPM_RT_mixins INFO     mongo_db = TodayRTModelCPM, topic = MQTT_RT_DATA created 67a84bc27ac6d200dd89d559 succesfully
2025-02-09 12:32:01,766 pop.CPM_RT_mixins INFO     mongo_db = RTModelCPM, topic = MQTT_RT_DATA created 67a84be17ac6d200dd89d55d succesfully
2025-02-09 12:32:01,781 pop.CPM_RT_mixins INFO     mongo_db = TemporaryRTModelCPM, topic = MQTT_RT_DATA created 67a84be17ac6d200dd89d55e succesfully
2025-02-09 12:32:01,794 pop.CPM_RT_mixins INFO     mongo_db = TodayRTModelCPM, topic = MQTT_RT_DATA created 67a84be17ac6d200dd89d55f succesfully
2025-02-09 12:32:12,621 django.request WARNING  Not Found: /api/v1.0/devices/
2025-02-09 12:32:32,130 pop.CPM_RT_mixins INFO     mongo_db = RTModelCPM, topic = MQTT_RT_DATA created 67a84c007ac6d200dd89d563 succesfully
2025-02-09 12:32:32,148 pop.CPM_RT_mixins INFO     mongo_db = TemporaryRTModelCPM, topic = MQTT_RT_DATA created 67a84c007ac6d200dd89d564 succesfully
2025-02-09 12:32:32,168 pop.CPM_RT_mixins INFO     mongo_db = TodayRTModelCPM, topic = MQTT_RT_DATA created 67a84c007ac6d200dd89d565 succesfully
2025-02-09 12:32:39,160 django.request WARNING  Not Found: /api/v1.0/devices/
2025-02-09 12:33:02,001 pop.CPM_RT_mixins INFO     mongo_db = RTModelCPM, topic = MQTT_RT_DATA created 67a84c1e7ac6d200dd89d569 succesfully
2025-02-09 12:33:02,013 pop.CPM_RT_mixins INFO     mongo_db = TemporaryRTModelCPM, topic = MQTT_RT_DATA created 67a84c1e7ac6d200dd89d56a succesfully
2025-02-09 12:33:02,024 pop.CPM_RT_mixins INFO     mongo_db = TodayRTModelCPM, topic = MQTT_RT_DATA created 67a84c1e7ac6d200dd89d56b succesfully
2025-02-09 12:33:31,870 pop.CPM_RT_mixins INFO     mongo_db = RTModelCPM, topic = MQTT_RT_DATA created 67a84c3b7ac6d200dd89d56f succesfully
2025-02-09 12:33:31,881 pop.CPM_RT_mixins INFO     mongo_db = TemporaryRTModelCPM, topic = MQTT_RT_DATA created 67a84c3b7ac6d200dd89d570 succesfully
2025-02-09 12:33:31,891 pop.CPM_RT_mixins INFO     mongo_db = TodayRTModelCPM, topic = MQTT_RT_DATA created 67a84c3b7ac6d200dd89d571 succesfully
2025-02-09 12:34:26,603 django.request WARNING  Not Found: /api/v1.0/devices/
2025-02-09 12:34:31,755 pop.CPM_RT_mixins INFO     mongo_db = RTModelCPM, topic = MQTT_RT_DATA created 67a84c777ac6d200dd89d578 succesfully
2025-02-09 12:34:31,768 pop.CPM_RT_mixins INFO     mongo_db = TemporaryRTModelCPM, topic = MQTT_RT_DATA created 67a84c777ac6d200dd89d579 succesfully
2025-02-09 12:34:31,780 pop.CPM_RT_mixins INFO     mongo_db = TodayRTModelCPM, topic = MQTT_RT_DATA created 67a84c777ac6d200dd89d57a succesfully
2025-02-09 12:35:02,157 pop.CPM_RT_mixins INFO     mongo_db = RTModelCPM, topic = MQTT_RT_DATA created 67a84c967ac6d200dd89d57e succesfully
2025-02-09 12:35:02,168 pop.CPM_RT_mixins INFO     mongo_db = TemporaryRTModelCPM, topic = MQTT_RT_DATA created 67a84c967ac6d200dd89d57f succesfully
2025-02-09 12:35:02,178 pop.CPM_RT_mixins INFO     mongo_db = TodayRTModelCPM, topic = MQTT_RT_DATA created 67a84c967ac6d200dd89d580 succesfully
2025-02-09 12:36:49,545 pop.CPM_RT_mixins INFO     mongo_db = RTModelCPM, topic = MQTT_RT_DATA created 67a84d017ac6d200dd89d584 succesfully
2025-02-09 12:36:49,557 pop.CPM_RT_mixins INFO     mongo_db = TemporaryRTModelCPM, topic = MQTT_RT_DATA created 67a84d017ac6d200dd89d585 succesfully
2025-02-09 12:36:49,568 pop.CPM_RT_mixins INFO     mongo_db = TodayRTModelCPM, topic = MQTT_RT_DATA created 67a84d017ac6d200dd89d586 succesfully
2025-02-09 12:36:49,609 pop.CPM_RT_mixins INFO     mongo_db = RTModelCPM, topic = MQTT_RT_DATA created 67a84d017ac6d200dd89d58a succesfully
2025-02-09 12:36:49,622 pop.CPM_RT_mixins INFO     mongo_db = TemporaryRTModelCPM, topic = MQTT_RT_DATA created 67a84d017ac6d200dd89d58b succesfully
2025-02-09 12:36:49,634 pop.CPM_RT_mixins INFO     mongo_db = TodayRTModelCPM, topic = MQTT_RT_DATA created 67a84d017ac6d200dd89d58c succesfully
2025-02-09 12:36:49,675 pop.CPM_RT_mixins INFO     mongo_db = RTModelCPM, topic = MQTT_RT_DATA created 67a84d017ac6d200dd89d590 succesfully
2025-02-09 12:36:49,688 pop.CPM_RT_mixins INFO     mongo_db = TemporaryRTModelCPM, topic = MQTT_RT_DATA created 67a84d017ac6d200dd89d591 succesfully
2025-02-09 12:36:49,699 pop.CPM_RT_mixins INFO     mongo_db = TodayRTModelCPM, topic = MQTT_RT_DATA created 67a84d017ac6d200dd89d592 succesfully
2025-02-09 12:37:01,112 pop.CPM_RT_mixins INFO     mongo_db = RTModelCPM, topic = MQTT_RT_DATA created 67a84d0d7ac6d200dd89d596 succesfully
2025-02-09 12:37:01,129 pop.CPM_RT_mixins INFO     mongo_db = TemporaryRTModelCPM, topic = MQTT_RT_DATA created 67a84d0d7ac6d200dd89d597 succesfully
2025-02-09 12:37:01,140 pop.CPM_RT_mixins INFO     mongo_db = TodayRTModelCPM, topic = MQTT_RT_DATA created 67a84d0d7ac6d200dd89d598 succesfully
2025-02-09 12:37:30,959 pop.CPM_RT_mixins INFO     mongo_db = RTModelCPM, topic = MQTT_RT_DATA created 67a84d2a7ac6d200dd89d59c succesfully
2025-02-09 12:37:30,971 pop.CPM_RT_mixins INFO     mongo_db = TemporaryRTModelCPM, topic = MQTT_RT_DATA created 67a84d2a7ac6d200dd89d59d succesfully
2025-02-09 12:37:30,981 pop.CPM_RT_mixins INFO     mongo_db = TodayRTModelCPM, topic = MQTT_RT_DATA created 67a84d2a7ac6d200dd89d59e succesfully
2025-02-09 12:38:01,826 pop.CPM_RT_mixins INFO     mongo_db = RTModelCPM, topic = MQTT_RT_DATA created 67a84d497ac6d200dd89d5a2 succesfully
2025-02-09 12:38:01,836 pop.CPM_RT_mixins INFO     mongo_db = TemporaryRTModelCPM, topic = MQTT_RT_DATA created 67a84d497ac6d200dd89d5a3 succesfully
2025-02-09 12:38:01,847 pop.CPM_RT_mixins INFO     mongo_db = TodayRTModelCPM, topic = MQTT_RT_DATA created 67a84d497ac6d200dd89d5a4 succesfully
2025-02-09 12:38:30,716 pop.CPM_RT_mixins INFO     mongo_db = RTModelCPM, topic = MQTT_RT_DATA created 67a84d667ac6d200dd89d5a8 succesfully
2025-02-09 12:38:30,728 pop.CPM_RT_mixins INFO     mongo_db = TemporaryRTModelCPM, topic = MQTT_RT_DATA created 67a84d667ac6d200dd89d5a9 succesfully
2025-02-09 12:38:30,737 pop.CPM_RT_mixins INFO     mongo_db = TodayRTModelCPM, topic = MQTT_RT_DATA created 67a84d667ac6d200dd89d5aa succesfully
2025-02-09 12:38:37,463 pop.CPM_ENY_NOW_mongo_mixins INFO     mongo_db = EnyNowDataModelCPM, topic = MQTT_ENY_NOW created 67a84d6d7ac6d200dd89d5ab succesfully
2025-02-09 12:38:37,470 pop.CPM_ENY_NOW_mongo_mixins INFO     mongo_db = TemporaryEnyNowDataModelCPM, topic = MQTT_ENY_NOW created 67a84d6d7ac6d200dd89d5ac succesfully
2025-02-09 12:38:37,477 pop.CPM_ENY_NOW_mongo_mixins INFO     mongo_db = TodayEnyNowDataModelCPM, topic = MQTT_ENY_NOW created 67a84d6d7ac6d200dd89d5ad succesfully
2025-02-09 12:38:37,484 pop.CPM_ENY_NOW_mongo_mixins INFO     mongo_db = Last7DaysEnyNowDataModelCPM, topic = MQTT_ENY_NOW created 67a84d6d7ac6d200dd89d5ae succesfully
2025-02-09 12:39:30,869 pop.CPM_RT_mixins INFO     mongo_db = RTModelCPM, topic = MQTT_RT_DATA created 67a84da27ac6d200dd89d5b5 succesfully
2025-02-09 12:39:30,880 pop.CPM_RT_mixins INFO     mongo_db = TemporaryRTModelCPM, topic = MQTT_RT_DATA created 67a84da27ac6d200dd89d5b6 succesfully
2025-02-09 12:39:30,891 pop.CPM_RT_mixins INFO     mongo_db = TodayRTModelCPM, topic = MQTT_RT_DATA created 67a84da27ac6d200dd89d5b7 succesfully
2025-02-09 12:40:00,704 pop.CPM_RT_mixins INFO     mongo_db = RTModelCPM, topic = MQTT_RT_DATA created 67a84dc07ac6d200dd89d5bb succesfully
2025-02-09 12:40:00,718 pop.CPM_RT_mixins INFO     mongo_db = TemporaryRTModelCPM, topic = MQTT_RT_DATA created 67a84dc07ac6d200dd89d5bc succesfully
2025-02-09 12:40:00,728 pop.CPM_RT_mixins INFO     mongo_db = TodayRTModelCPM, topic = MQTT_RT_DATA created 67a84dc07ac6d200dd89d5bd succesfully
2025-02-09 12:40:31,102 pop.CPM_RT_mixins INFO     mongo_db = RTModelCPM, topic = MQTT_RT_DATA created 67a84ddf7ac6d200dd89d5c1 succesfully
2025-02-09 12:40:31,114 pop.CPM_RT_mixins INFO     mongo_db = TemporaryRTModelCPM, topic = MQTT_RT_DATA created 67a84ddf7ac6d200dd89d5c2 succesfully
2025-02-09 12:40:31,138 pop.CPM_RT_mixins INFO     mongo_db = TodayRTModelCPM, topic = MQTT_RT_DATA created 67a84ddf7ac6d200dd89d5c3 succesfully
2025-02-09 12:41:01,993 pop.CPM_RT_mixins INFO     mongo_db = RTModelCPM, topic = MQTT_RT_DATA created 67a84dfd7ac6d200dd89d5c7 succesfully
2025-02-09 12:41:02,008 pop.CPM_RT_mixins INFO     mongo_db = TemporaryRTModelCPM, topic = MQTT_RT_DATA created 67a84dfe7ac6d200dd89d5c8 succesfully
2025-02-09 12:41:02,019 pop.CPM_RT_mixins INFO     mongo_db = TodayRTModelCPM, topic = MQTT_RT_DATA created 67a84dfe7ac6d200dd89d5c9 succesfully
2025-02-09 12:41:30,876 pop.CPM_RT_mixins INFO     mongo_db = RTModelCPM, topic = MQTT_RT_DATA created 67a84e1a7ac6d200dd89d5cd succesfully
2025-02-09 12:41:30,889 pop.CPM_RT_mixins INFO     mongo_db = TemporaryRTModelCPM, topic = MQTT_RT_DATA created 67a84e1a7ac6d200dd89d5ce succesfully
2025-02-09 12:41:30,901 pop.CPM_RT_mixins INFO     mongo_db = TodayRTModelCPM, topic = MQTT_RT_DATA created 67a84e1a7ac6d200dd89d5cf succesfully
2025-02-09 12:42:00,751 pop.CPM_RT_mixins INFO     mongo_db = RTModelCPM, topic = MQTT_RT_DATA created 67a84e387ac6d200dd89d5d3 succesfully
2025-02-09 12:42:00,762 pop.CPM_RT_mixins INFO     mongo_db = TemporaryRTModelCPM, topic = MQTT_RT_DATA created 67a84e387ac6d200dd89d5d4 succesfully
2025-02-09 12:42:00,784 pop.CPM_RT_mixins INFO     mongo_db = TodayRTModelCPM, topic = MQTT_RT_DATA created 67a84e387ac6d200dd89d5d5 succesfully
2025-02-09 12:42:31,245 pop.CPM_RT_mixins INFO     mongo_db = RTModelCPM, topic = MQTT_RT_DATA created 67a84e577ac6d200dd89d5d9 succesfully
2025-02-09 12:42:31,258 pop.CPM_RT_mixins INFO     mongo_db = TemporaryRTModelCPM, topic = MQTT_RT_DATA created 67a84e577ac6d200dd89d5da succesfully
2025-02-09 12:42:31,270 pop.CPM_RT_mixins INFO     mongo_db = TodayRTModelCPM, topic = MQTT_RT_DATA created 67a84e577ac6d200dd89d5db succesfully
2025-02-09 12:43:01,118 pop.CPM_RT_mixins INFO     mongo_db = RTModelCPM, topic = MQTT_RT_DATA created 67a84e757ac6d200dd89d5df succesfully
2025-02-09 12:43:01,130 pop.CPM_RT_mixins INFO     mongo_db = TemporaryRTModelCPM, topic = MQTT_RT_DATA created 67a84e757ac6d200dd89d5e0 succesfully
2025-02-09 12:43:01,141 pop.CPM_RT_mixins INFO     mongo_db = TodayRTModelCPM, topic = MQTT_RT_DATA created 67a84e757ac6d200dd89d5e1 succesfully
2025-02-09 12:43:30,993 pop.CPM_RT_mixins INFO     mongo_db = RTModelCPM, topic = MQTT_RT_DATA created 67a84e927ac6d200dd89d5e5 succesfully
2025-02-09 12:43:31,009 pop.CPM_RT_mixins INFO     mongo_db = TemporaryRTModelCPM, topic = MQTT_RT_DATA created 67a84e937ac6d200dd89d5e6 succesfully
2025-02-09 12:43:31,026 pop.CPM_RT_mixins INFO     mongo_db = TodayRTModelCPM, topic = MQTT_RT_DATA created 67a84e937ac6d200dd89d5e7 succesfully
2025-02-09 12:44:01,926 pop.CPM_RT_mixins INFO     mongo_db = RTModelCPM, topic = MQTT_RT_DATA created 67a84eb17ac6d200dd89d5eb succesfully
2025-02-09 12:44:01,943 pop.CPM_RT_mixins INFO     mongo_db = TemporaryRTModelCPM, topic = MQTT_RT_DATA created 67a84eb17ac6d200dd89d5ec succesfully
2025-02-09 12:44:01,964 pop.CPM_RT_mixins INFO     mongo_db = TodayRTModelCPM, topic = MQTT_RT_DATA created 67a84eb17ac6d200dd89d5ed succesfully
2025-02-09 12:44:08,858 django.request WARNING  Not Found: /api/v1.0/devices/
2025-02-09 12:44:30,814 pop.CPM_RT_mixins INFO     mongo_db = RTModelCPM, topic = MQTT_RT_DATA created 67a84ece7ac6d200dd89d5f1 succesfully
2025-02-09 12:44:30,825 pop.CPM_RT_mixins INFO     mongo_db = TemporaryRTModelCPM, topic = MQTT_RT_DATA created 67a84ece7ac6d200dd89d5f2 succesfully
2025-02-09 12:44:30,837 pop.CPM_RT_mixins INFO     mongo_db = TodayRTModelCPM, topic = MQTT_RT_DATA created 67a84ece7ac6d200dd89d5f3 succesfully
2025-02-09 12:44:53,844 django.request WARNING  Not Found: /api/v1.0/devices/
2025-02-09 12:44:54,475 django.request WARNING  Not Found: /api/v1.0/devices/
2025-02-09 12:45:30,804 pop.CPM_RT_mixins INFO     mongo_db = RTModelCPM, topic = MQTT_RT_DATA created 67a84f0a7ac6d200dd89d5fa succesfully
2025-02-09 12:45:30,817 pop.CPM_RT_mixins INFO     mongo_db = TemporaryRTModelCPM, topic = MQTT_RT_DATA created 67a84f0a7ac6d200dd89d5fb succesfully
2025-02-09 12:45:30,829 pop.CPM_RT_mixins INFO     mongo_db = TodayRTModelCPM, topic = MQTT_RT_DATA created 67a84f0a7ac6d200dd89d5fc succesfully
2025-02-09 12:46:30,733 pop.CPM_RT_mixins INFO     mongo_db = RTModelCPM, topic = MQTT_RT_DATA created 67a84f467ac6d200dd89d603 succesfully
2025-02-09 12:46:30,745 pop.CPM_RT_mixins INFO     mongo_db = TemporaryRTModelCPM, topic = MQTT_RT_DATA created 67a84f467ac6d200dd89d604 succesfully
2025-02-09 12:46:30,756 pop.CPM_RT_mixins INFO     mongo_db = TodayRTModelCPM, topic = MQTT_RT_DATA created 67a84f467ac6d200dd89d605 succesfully
2025-02-09 12:47:01,231 pop.CPM_RT_mixins INFO     mongo_db = RTModelCPM, topic = MQTT_RT_DATA created 67a84f657ac6d200dd89d609 succesfully
2025-02-09 12:47:01,247 pop.CPM_RT_mixins INFO     mongo_db = TemporaryRTModelCPM, topic = MQTT_RT_DATA created 67a84f657ac6d200dd89d60a succesfully
2025-02-09 12:47:01,262 pop.CPM_RT_mixins INFO     mongo_db = TodayRTModelCPM, topic = MQTT_RT_DATA created 67a84f657ac6d200dd89d60b succesfully
2025-02-09 12:47:25,880 django.request WARNING  Not Found: /api/v1.0/devices/
2025-02-09 12:47:32,073 pop.CPM_RT_mixins INFO     mongo_db = RTModelCPM, topic = MQTT_RT_DATA created 67a84f847ac6d200dd89d60f succesfully
2025-02-09 12:47:32,085 pop.CPM_RT_mixins INFO     mongo_db = TemporaryRTModelCPM, topic = MQTT_RT_DATA created 67a84f847ac6d200dd89d610 succesfully
2025-02-09 12:47:32,098 pop.CPM_RT_mixins INFO     mongo_db = TodayRTModelCPM, topic = MQTT_RT_DATA created 67a84f847ac6d200dd89d611 succesfully
2025-02-09 12:48:32,881 pop.CPM_RT_mixins INFO     mongo_db = RTModelCPM, topic = MQTT_RT_DATA created 67a84fc07ac6d200dd89d618 succesfully
2025-02-09 12:48:32,892 pop.CPM_RT_mixins INFO     mongo_db = TemporaryRTModelCPM, topic = MQTT_RT_DATA created 67a84fc07ac6d200dd89d619 succesfully
2025-02-09 12:48:32,904 pop.CPM_RT_mixins INFO     mongo_db = TodayRTModelCPM, topic = MQTT_RT_DATA created 67a84fc07ac6d200dd89d61a succesfully
2025-02-09 12:49:30,762 pop.CPM_RT_mixins INFO     mongo_db = RTModelCPM, topic = MQTT_RT_DATA created 67a84ffa7ac6d200dd89d621 succesfully
2025-02-09 12:49:30,778 pop.CPM_RT_mixins INFO     mongo_db = TemporaryRTModelCPM, topic = MQTT_RT_DATA created 67a84ffa7ac6d200dd89d622 succesfully
2025-02-09 12:49:30,789 pop.CPM_RT_mixins INFO     mongo_db = TodayRTModelCPM, topic = MQTT_RT_DATA created 67a84ffa7ac6d200dd89d623 succesfully
2025-02-09 12:50:02,188 pop.CPM_RT_mixins INFO     mongo_db = RTModelCPM, topic = MQTT_RT_DATA created 67a8501a7ac6d200dd89d627 succesfully
2025-02-09 12:50:02,200 pop.CPM_RT_mixins INFO     mongo_db = TemporaryRTModelCPM, topic = MQTT_RT_DATA created 67a8501a7ac6d200dd89d628 succesfully
2025-02-09 12:50:02,211 pop.CPM_RT_mixins INFO     mongo_db = TodayRTModelCPM, topic = MQTT_RT_DATA created 67a8501a7ac6d200dd89d629 succesfully
2025-02-09 12:50:31,073 pop.CPM_RT_mixins INFO     mongo_db = RTModelCPM, topic = MQTT_RT_DATA created 67a850377ac6d200dd89d62d succesfully
2025-02-09 12:50:31,087 pop.CPM_RT_mixins INFO     mongo_db = TemporaryRTModelCPM, topic = MQTT_RT_DATA created 67a850377ac6d200dd89d62e succesfully
2025-02-09 12:50:31,097 pop.CPM_RT_mixins INFO     mongo_db = TodayRTModelCPM, topic = MQTT_RT_DATA created 67a850377ac6d200dd89d62f succesfully
2025-02-09 12:51:30,988 pop.CPM_RT_mixins INFO     mongo_db = RTModelCPM, topic = MQTT_RT_DATA created 67a850727ac6d200dd89d636 succesfully
2025-02-09 12:51:30,998 pop.CPM_RT_mixins INFO     mongo_db = TemporaryRTModelCPM, topic = MQTT_RT_DATA created 67a850727ac6d200dd89d637 succesfully
2025-02-09 12:51:31,008 pop.CPM_RT_mixins INFO     mongo_db = TodayRTModelCPM, topic = MQTT_RT_DATA created 67a850737ac6d200dd89d638 succesfully
2025-02-09 12:52:01,877 pop.CPM_RT_mixins INFO     mongo_db = RTModelCPM, topic = MQTT_RT_DATA created 67a850917ac6d200dd89d63c succesfully
2025-02-09 12:52:01,888 pop.CPM_RT_mixins INFO     mongo_db = TemporaryRTModelCPM, topic = MQTT_RT_DATA created 67a850917ac6d200dd89d63d succesfully
2025-02-09 12:52:01,899 pop.CPM_RT_mixins INFO     mongo_db = TodayRTModelCPM, topic = MQTT_RT_DATA created 67a850917ac6d200dd89d63e succesfully
2025-02-09 12:52:30,790 pop.CPM_RT_mixins INFO     mongo_db = RTModelCPM, topic = MQTT_RT_DATA created 67a850ae7ac6d200dd89d642 succesfully
2025-02-09 12:52:30,801 pop.CPM_RT_mixins INFO     mongo_db = TemporaryRTModelCPM, topic = MQTT_RT_DATA created 67a850ae7ac6d200dd89d643 succesfully
2025-02-09 12:52:30,811 pop.CPM_RT_mixins INFO     mongo_db = TodayRTModelCPM, topic = MQTT_RT_DATA created 67a850ae7ac6d200dd89d644 succesfully
