2025-03-13 11:41:09,942 celery.utils.dispatch.signal ERROR    Signal handler <bound method DjangoFixup.on_import_modules of <celery.fixups.django.DjangoFixup object at 0x7ff887f08790>> raised: ImportError("cannot import name 'UpsHistoryDataViewSet' from 'pop.api.views' (/opt/app/pop/api/views.py)")
Traceback (most recent call last):
  File "/opt/venv/lib/python3.9/site-packages/celery/utils/dispatch/signal.py", line 276, in send
    response = receiver(signal=self, sender=sender, **named)
  File "/opt/venv/lib/python3.9/site-packages/celery/fixups/django.py", line 82, in on_import_modules
    self.worker_fixup.validate_models()
  File "/opt/venv/lib/python3.9/site-packages/celery/fixups/django.py", line 121, in validate_models
    run_checks()
  File "/opt/venv/lib/python3.9/site-packages/django/core/checks/registry.py", line 88, in run_checks
    new_errors = check(app_configs=app_configs, databases=databases)
  File "/opt/venv/lib/python3.9/site-packages/django/core/checks/urls.py", line 14, in check_url_config
    return check_resolver(resolver)
  File "/opt/venv/lib/python3.9/site-packages/django/core/checks/urls.py", line 24, in check_resolver
    return check_method()
  File "/opt/venv/lib/python3.9/site-packages/django/urls/resolvers.py", line 476, in check
    for pattern in self.url_patterns:
  File "/opt/venv/lib/python3.9/site-packages/django/utils/functional.py", line 57, in __get__
    res = instance.__dict__[self.name] = self.func(instance)
  File "/opt/venv/lib/python3.9/site-packages/django/urls/resolvers.py", line 690, in url_patterns
    patterns = getattr(self.urlconf_module, "urlpatterns", self.urlconf_module)
  File "/opt/venv/lib/python3.9/site-packages/django/utils/functional.py", line 57, in __get__
    res = instance.__dict__[self.name] = self.func(instance)
  File "/opt/venv/lib/python3.9/site-packages/django/urls/resolvers.py", line 683, in urlconf_module
    return import_module(self.urlconf_name)
  File "/usr/local/lib/python3.9/importlib/__init__.py", line 127, in import_module
    return _bootstrap._gcd_import(name[level:], package, level)
  File "<frozen importlib._bootstrap>", line 1030, in _gcd_import
  File "<frozen importlib._bootstrap>", line 1007, in _find_and_load
  File "<frozen importlib._bootstrap>", line 986, in _find_and_load_unlocked
  File "<frozen importlib._bootstrap>", line 680, in _load_unlocked
  File "<frozen importlib._bootstrap_external>", line 850, in exec_module
  File "<frozen importlib._bootstrap>", line 228, in _call_with_frames_removed
  File "/opt/app/dcim/urls.py", line 41, in <module>
    path('pop/', include('pop.api.urls', namespace='pops.apis')),
  File "/opt/venv/lib/python3.9/site-packages/django/urls/conf.py", line 38, in include
    urlconf_module = import_module(urlconf_module)
  File "/usr/local/lib/python3.9/importlib/__init__.py", line 127, in import_module
    return _bootstrap._gcd_import(name[level:], package, level)
  File "<frozen importlib._bootstrap>", line 1030, in _gcd_import
  File "<frozen importlib._bootstrap>", line 1007, in _find_and_load
  File "<frozen importlib._bootstrap>", line 986, in _find_and_load_unlocked
  File "<frozen importlib._bootstrap>", line 680, in _load_unlocked
  File "<frozen importlib._bootstrap_external>", line 850, in exec_module
  File "<frozen importlib._bootstrap>", line 228, in _call_with_frames_removed
  File "/opt/app/pop/api/urls.py", line 1, in <module>
    from pop.api.views import (
ImportError: cannot import name 'UpsHistoryDataViewSet' from 'pop.api.views' (/opt/app/pop/api/views.py)
2025-03-13 11:41:09,945 celery.utils.dispatch.signal ERROR    Signal handler <bound method DjangoFixup.on_import_modules of <celery.fixups.django.DjangoFixup object at 0x7f9040dd5790>> raised: ImportError("cannot import name 'UpsHistoryDataViewSet' from 'pop.api.views' (/opt/app/pop/api/views.py)")
Traceback (most recent call last):
  File "/opt/venv/lib/python3.9/site-packages/celery/utils/dispatch/signal.py", line 276, in send
    response = receiver(signal=self, sender=sender, **named)
  File "/opt/venv/lib/python3.9/site-packages/celery/fixups/django.py", line 82, in on_import_modules
    self.worker_fixup.validate_models()
  File "/opt/venv/lib/python3.9/site-packages/celery/fixups/django.py", line 121, in validate_models
    run_checks()
  File "/opt/venv/lib/python3.9/site-packages/django/core/checks/registry.py", line 88, in run_checks
    new_errors = check(app_configs=app_configs, databases=databases)
  File "/opt/venv/lib/python3.9/site-packages/django/core/checks/urls.py", line 42, in check_url_namespaces_unique
    all_namespaces = _load_all_namespaces(resolver)
  File "/opt/venv/lib/python3.9/site-packages/django/core/checks/urls.py", line 61, in _load_all_namespaces
    url_patterns = getattr(resolver, "url_patterns", [])
  File "/opt/venv/lib/python3.9/site-packages/django/utils/functional.py", line 57, in __get__
    res = instance.__dict__[self.name] = self.func(instance)
  File "/opt/venv/lib/python3.9/site-packages/django/urls/resolvers.py", line 690, in url_patterns
    patterns = getattr(self.urlconf_module, "urlpatterns", self.urlconf_module)
  File "/opt/venv/lib/python3.9/site-packages/django/utils/functional.py", line 57, in __get__
    res = instance.__dict__[self.name] = self.func(instance)
  File "/opt/venv/lib/python3.9/site-packages/django/urls/resolvers.py", line 683, in urlconf_module
    return import_module(self.urlconf_name)
  File "/usr/local/lib/python3.9/importlib/__init__.py", line 127, in import_module
    return _bootstrap._gcd_import(name[level:], package, level)
  File "<frozen importlib._bootstrap>", line 1030, in _gcd_import
  File "<frozen importlib._bootstrap>", line 1007, in _find_and_load
  File "<frozen importlib._bootstrap>", line 986, in _find_and_load_unlocked
  File "<frozen importlib._bootstrap>", line 680, in _load_unlocked
  File "<frozen importlib._bootstrap_external>", line 850, in exec_module
  File "<frozen importlib._bootstrap>", line 228, in _call_with_frames_removed
  File "/opt/app/dcim/urls.py", line 41, in <module>
    path('pop/', include('pop.api.urls', namespace='pops.apis')),
  File "/opt/venv/lib/python3.9/site-packages/django/urls/conf.py", line 38, in include
    urlconf_module = import_module(urlconf_module)
  File "/usr/local/lib/python3.9/importlib/__init__.py", line 127, in import_module
    return _bootstrap._gcd_import(name[level:], package, level)
  File "<frozen importlib._bootstrap>", line 1030, in _gcd_import
  File "<frozen importlib._bootstrap>", line 1007, in _find_and_load
  File "<frozen importlib._bootstrap>", line 986, in _find_and_load_unlocked
  File "<frozen importlib._bootstrap>", line 680, in _load_unlocked
  File "<frozen importlib._bootstrap_external>", line 850, in exec_module
  File "<frozen importlib._bootstrap>", line 228, in _call_with_frames_removed
  File "/opt/app/pop/api/urls.py", line 1, in <module>
    from pop.api.views import (
ImportError: cannot import name 'UpsHistoryDataViewSet' from 'pop.api.views' (/opt/app/pop/api/views.py)
2025-03-13 11:41:10,488 pop.CPM_RT_mixins INFO     mongo_db = RTModelCPM, topic = MQTT_RT_DATA created 67d26ff60040b534a90ebaad succesfully
2025-03-13 11:41:10,512 pop.CPM_RT_mixins INFO     mongo_db = TemporaryRTModelCPM, topic = MQTT_RT_DATA created 67d26ff60040b534a90ebaae succesfully
2025-03-13 11:41:10,546 pop.CPM_RT_mixins INFO     mongo_db = TodayRTModelCPM, topic = MQTT_RT_DATA created 67d26ff60040b534a90ebaaf succesfully
2025-03-13 11:41:12,170 celery.utils.dispatch.signal ERROR    Signal handler <bound method DjangoFixup.on_import_modules of <celery.fixups.django.DjangoFixup object at 0x7fda01b85790>> raised: ImportError("cannot import name 'UpsHistoryDataViewSet' from 'pop.api.views' (/opt/app/pop/api/views.py)")
Traceback (most recent call last):
  File "/opt/venv/lib/python3.9/site-packages/celery/utils/dispatch/signal.py", line 276, in send
    response = receiver(signal=self, sender=sender, **named)
  File "/opt/venv/lib/python3.9/site-packages/celery/fixups/django.py", line 82, in on_import_modules
    self.worker_fixup.validate_models()
  File "/opt/venv/lib/python3.9/site-packages/celery/fixups/django.py", line 121, in validate_models
    run_checks()
  File "/opt/venv/lib/python3.9/site-packages/django/core/checks/registry.py", line 88, in run_checks
    new_errors = check(app_configs=app_configs, databases=databases)
  File "/opt/venv/lib/python3.9/site-packages/django/core/checks/urls.py", line 42, in check_url_namespaces_unique
    all_namespaces = _load_all_namespaces(resolver)
  File "/opt/venv/lib/python3.9/site-packages/django/core/checks/urls.py", line 61, in _load_all_namespaces
    url_patterns = getattr(resolver, "url_patterns", [])
  File "/opt/venv/lib/python3.9/site-packages/django/utils/functional.py", line 57, in __get__
    res = instance.__dict__[self.name] = self.func(instance)
  File "/opt/venv/lib/python3.9/site-packages/django/urls/resolvers.py", line 690, in url_patterns
    patterns = getattr(self.urlconf_module, "urlpatterns", self.urlconf_module)
  File "/opt/venv/lib/python3.9/site-packages/django/utils/functional.py", line 57, in __get__
    res = instance.__dict__[self.name] = self.func(instance)
  File "/opt/venv/lib/python3.9/site-packages/django/urls/resolvers.py", line 683, in urlconf_module
    return import_module(self.urlconf_name)
  File "/usr/local/lib/python3.9/importlib/__init__.py", line 127, in import_module
    return _bootstrap._gcd_import(name[level:], package, level)
  File "<frozen importlib._bootstrap>", line 1030, in _gcd_import
  File "<frozen importlib._bootstrap>", line 1007, in _find_and_load
  File "<frozen importlib._bootstrap>", line 986, in _find_and_load_unlocked
  File "<frozen importlib._bootstrap>", line 680, in _load_unlocked
  File "<frozen importlib._bootstrap_external>", line 850, in exec_module
  File "<frozen importlib._bootstrap>", line 228, in _call_with_frames_removed
  File "/opt/app/dcim/urls.py", line 41, in <module>
    path('pop/', include('pop.api.urls', namespace='pops.apis')),
  File "/opt/venv/lib/python3.9/site-packages/django/urls/conf.py", line 38, in include
    urlconf_module = import_module(urlconf_module)
  File "/usr/local/lib/python3.9/importlib/__init__.py", line 127, in import_module
    return _bootstrap._gcd_import(name[level:], package, level)
  File "<frozen importlib._bootstrap>", line 1030, in _gcd_import
  File "<frozen importlib._bootstrap>", line 1007, in _find_and_load
  File "<frozen importlib._bootstrap>", line 986, in _find_and_load_unlocked
  File "<frozen importlib._bootstrap>", line 680, in _load_unlocked
  File "<frozen importlib._bootstrap_external>", line 850, in exec_module
  File "<frozen importlib._bootstrap>", line 228, in _call_with_frames_removed
  File "/opt/app/pop/api/urls.py", line 1, in <module>
    from pop.api.views import (
ImportError: cannot import name 'UpsHistoryDataViewSet' from 'pop.api.views' (/opt/app/pop/api/views.py)
2025-03-13 11:41:12,263 celery.utils.dispatch.signal ERROR    Signal handler <bound method DjangoFixup.on_import_modules of <celery.fixups.django.DjangoFixup object at 0x7f7e156ca790>> raised: ImportError("cannot import name 'UpsHistoryDataViewSet' from 'pop.api.views' (/opt/app/pop/api/views.py)")
Traceback (most recent call last):
  File "/opt/venv/lib/python3.9/site-packages/celery/utils/dispatch/signal.py", line 276, in send
    response = receiver(signal=self, sender=sender, **named)
  File "/opt/venv/lib/python3.9/site-packages/celery/fixups/django.py", line 82, in on_import_modules
    self.worker_fixup.validate_models()
  File "/opt/venv/lib/python3.9/site-packages/celery/fixups/django.py", line 121, in validate_models
    run_checks()
  File "/opt/venv/lib/python3.9/site-packages/django/core/checks/registry.py", line 88, in run_checks
    new_errors = check(app_configs=app_configs, databases=databases)
  File "/opt/venv/lib/python3.9/site-packages/django/core/checks/urls.py", line 14, in check_url_config
    return check_resolver(resolver)
  File "/opt/venv/lib/python3.9/site-packages/django/core/checks/urls.py", line 24, in check_resolver
    return check_method()
  File "/opt/venv/lib/python3.9/site-packages/django/urls/resolvers.py", line 476, in check
    for pattern in self.url_patterns:
  File "/opt/venv/lib/python3.9/site-packages/django/utils/functional.py", line 57, in __get__
    res = instance.__dict__[self.name] = self.func(instance)
  File "/opt/venv/lib/python3.9/site-packages/django/urls/resolvers.py", line 690, in url_patterns
    patterns = getattr(self.urlconf_module, "urlpatterns", self.urlconf_module)
  File "/opt/venv/lib/python3.9/site-packages/django/utils/functional.py", line 57, in __get__
    res = instance.__dict__[self.name] = self.func(instance)
  File "/opt/venv/lib/python3.9/site-packages/django/urls/resolvers.py", line 683, in urlconf_module
    return import_module(self.urlconf_name)
  File "/usr/local/lib/python3.9/importlib/__init__.py", line 127, in import_module
    return _bootstrap._gcd_import(name[level:], package, level)
  File "<frozen importlib._bootstrap>", line 1030, in _gcd_import
  File "<frozen importlib._bootstrap>", line 1007, in _find_and_load
  File "<frozen importlib._bootstrap>", line 986, in _find_and_load_unlocked
  File "<frozen importlib._bootstrap>", line 680, in _load_unlocked
  File "<frozen importlib._bootstrap_external>", line 850, in exec_module
  File "<frozen importlib._bootstrap>", line 228, in _call_with_frames_removed
  File "/opt/app/dcim/urls.py", line 41, in <module>
    path('pop/', include('pop.api.urls', namespace='pops.apis')),
  File "/opt/venv/lib/python3.9/site-packages/django/urls/conf.py", line 38, in include
    urlconf_module = import_module(urlconf_module)
  File "/usr/local/lib/python3.9/importlib/__init__.py", line 127, in import_module
    return _bootstrap._gcd_import(name[level:], package, level)
  File "<frozen importlib._bootstrap>", line 1030, in _gcd_import
  File "<frozen importlib._bootstrap>", line 1007, in _find_and_load
  File "<frozen importlib._bootstrap>", line 986, in _find_and_load_unlocked
  File "<frozen importlib._bootstrap>", line 680, in _load_unlocked
  File "<frozen importlib._bootstrap_external>", line 850, in exec_module
  File "<frozen importlib._bootstrap>", line 228, in _call_with_frames_removed
  File "/opt/app/pop/api/urls.py", line 1, in <module>
    from pop.api.views import (
ImportError: cannot import name 'UpsHistoryDataViewSet' from 'pop.api.views' (/opt/app/pop/api/views.py)
2025-03-13 11:41:14,222 celery.utils.dispatch.signal ERROR    Signal handler <bound method DjangoFixup.on_import_modules of <celery.fixups.django.DjangoFixup object at 0x7faac6d96790>> raised: ImportError("cannot import name 'UpsHistoryDataViewSet' from 'pop.api.views' (/opt/app/pop/api/views.py)")
Traceback (most recent call last):
  File "/opt/venv/lib/python3.9/site-packages/celery/utils/dispatch/signal.py", line 276, in send
    response = receiver(signal=self, sender=sender, **named)
  File "/opt/venv/lib/python3.9/site-packages/celery/fixups/django.py", line 82, in on_import_modules
    self.worker_fixup.validate_models()
  File "/opt/venv/lib/python3.9/site-packages/celery/fixups/django.py", line 121, in validate_models
    run_checks()
  File "/opt/venv/lib/python3.9/site-packages/django/core/checks/registry.py", line 88, in run_checks
    new_errors = check(app_configs=app_configs, databases=databases)
  File "/opt/venv/lib/python3.9/site-packages/django/core/checks/urls.py", line 42, in check_url_namespaces_unique
    all_namespaces = _load_all_namespaces(resolver)
  File "/opt/venv/lib/python3.9/site-packages/django/core/checks/urls.py", line 61, in _load_all_namespaces
    url_patterns = getattr(resolver, "url_patterns", [])
  File "/opt/venv/lib/python3.9/site-packages/django/utils/functional.py", line 57, in __get__
    res = instance.__dict__[self.name] = self.func(instance)
  File "/opt/venv/lib/python3.9/site-packages/django/urls/resolvers.py", line 690, in url_patterns
    patterns = getattr(self.urlconf_module, "urlpatterns", self.urlconf_module)
  File "/opt/venv/lib/python3.9/site-packages/django/utils/functional.py", line 57, in __get__
    res = instance.__dict__[self.name] = self.func(instance)
  File "/opt/venv/lib/python3.9/site-packages/django/urls/resolvers.py", line 683, in urlconf_module
    return import_module(self.urlconf_name)
  File "/usr/local/lib/python3.9/importlib/__init__.py", line 127, in import_module
    return _bootstrap._gcd_import(name[level:], package, level)
  File "<frozen importlib._bootstrap>", line 1030, in _gcd_import
  File "<frozen importlib._bootstrap>", line 1007, in _find_and_load
  File "<frozen importlib._bootstrap>", line 986, in _find_and_load_unlocked
  File "<frozen importlib._bootstrap>", line 680, in _load_unlocked
  File "<frozen importlib._bootstrap_external>", line 850, in exec_module
  File "<frozen importlib._bootstrap>", line 228, in _call_with_frames_removed
  File "/opt/app/dcim/urls.py", line 41, in <module>
    path('pop/', include('pop.api.urls', namespace='pops.apis')),
  File "/opt/venv/lib/python3.9/site-packages/django/urls/conf.py", line 38, in include
    urlconf_module = import_module(urlconf_module)
  File "/usr/local/lib/python3.9/importlib/__init__.py", line 127, in import_module
    return _bootstrap._gcd_import(name[level:], package, level)
  File "<frozen importlib._bootstrap>", line 1030, in _gcd_import
  File "<frozen importlib._bootstrap>", line 1007, in _find_and_load
  File "<frozen importlib._bootstrap>", line 986, in _find_and_load_unlocked
  File "<frozen importlib._bootstrap>", line 680, in _load_unlocked
  File "<frozen importlib._bootstrap_external>", line 850, in exec_module
  File "<frozen importlib._bootstrap>", line 228, in _call_with_frames_removed
  File "/opt/app/pop/api/urls.py", line 1, in <module>
    from pop.api.views import (
ImportError: cannot import name 'UpsHistoryDataViewSet' from 'pop.api.views' (/opt/app/pop/api/views.py)
2025-03-13 11:41:14,338 celery.utils.dispatch.signal ERROR    Signal handler <bound method DjangoFixup.on_import_modules of <celery.fixups.django.DjangoFixup object at 0x7f01cb33d790>> raised: ImportError("cannot import name 'UpsHistoryDataViewSet' from 'pop.api.views' (/opt/app/pop/api/views.py)")
Traceback (most recent call last):
  File "/opt/venv/lib/python3.9/site-packages/celery/utils/dispatch/signal.py", line 276, in send
    response = receiver(signal=self, sender=sender, **named)
  File "/opt/venv/lib/python3.9/site-packages/celery/fixups/django.py", line 82, in on_import_modules
    self.worker_fixup.validate_models()
  File "/opt/venv/lib/python3.9/site-packages/celery/fixups/django.py", line 121, in validate_models
    run_checks()
  File "/opt/venv/lib/python3.9/site-packages/django/core/checks/registry.py", line 88, in run_checks
    new_errors = check(app_configs=app_configs, databases=databases)
  File "/opt/venv/lib/python3.9/site-packages/django/core/checks/urls.py", line 14, in check_url_config
    return check_resolver(resolver)
  File "/opt/venv/lib/python3.9/site-packages/django/core/checks/urls.py", line 24, in check_resolver
    return check_method()
  File "/opt/venv/lib/python3.9/site-packages/django/urls/resolvers.py", line 476, in check
    for pattern in self.url_patterns:
  File "/opt/venv/lib/python3.9/site-packages/django/utils/functional.py", line 57, in __get__
    res = instance.__dict__[self.name] = self.func(instance)
  File "/opt/venv/lib/python3.9/site-packages/django/urls/resolvers.py", line 690, in url_patterns
    patterns = getattr(self.urlconf_module, "urlpatterns", self.urlconf_module)
  File "/opt/venv/lib/python3.9/site-packages/django/utils/functional.py", line 57, in __get__
    res = instance.__dict__[self.name] = self.func(instance)
  File "/opt/venv/lib/python3.9/site-packages/django/urls/resolvers.py", line 683, in urlconf_module
    return import_module(self.urlconf_name)
  File "/usr/local/lib/python3.9/importlib/__init__.py", line 127, in import_module
    return _bootstrap._gcd_import(name[level:], package, level)
  File "<frozen importlib._bootstrap>", line 1030, in _gcd_import
  File "<frozen importlib._bootstrap>", line 1007, in _find_and_load
  File "<frozen importlib._bootstrap>", line 986, in _find_and_load_unlocked
  File "<frozen importlib._bootstrap>", line 680, in _load_unlocked
  File "<frozen importlib._bootstrap_external>", line 850, in exec_module
  File "<frozen importlib._bootstrap>", line 228, in _call_with_frames_removed
  File "/opt/app/dcim/urls.py", line 41, in <module>
    path('pop/', include('pop.api.urls', namespace='pops.apis')),
  File "/opt/venv/lib/python3.9/site-packages/django/urls/conf.py", line 38, in include
    urlconf_module = import_module(urlconf_module)
  File "/usr/local/lib/python3.9/importlib/__init__.py", line 127, in import_module
    return _bootstrap._gcd_import(name[level:], package, level)
  File "<frozen importlib._bootstrap>", line 1030, in _gcd_import
  File "<frozen importlib._bootstrap>", line 1007, in _find_and_load
  File "<frozen importlib._bootstrap>", line 986, in _find_and_load_unlocked
  File "<frozen importlib._bootstrap>", line 680, in _load_unlocked
  File "<frozen importlib._bootstrap_external>", line 850, in exec_module
  File "<frozen importlib._bootstrap>", line 228, in _call_with_frames_removed
  File "/opt/app/pop/api/urls.py", line 1, in <module>
    from pop.api.views import (
ImportError: cannot import name 'UpsHistoryDataViewSet' from 'pop.api.views' (/opt/app/pop/api/views.py)
2025-03-13 11:41:15,738 pop.CCCL_generator_mixins INFO     mongo_db = CCCLGenerator, topic = CCCL/PURBACHAL/ENM_01 created 67d26ffb0040b534a90ebab0 succesfully
2025-03-13 11:41:15,754 pop.CCCL_generator_mixins INFO     mongo_db = TemporaryCCCLGenerator, topic = CCCL/PURBACHAL/ENM_01 created 67d26ffb0040b534a90ebab1 succesfully
2025-03-13 11:41:15,769 pop.CCCL_generator_mixins INFO     mongo_db = TodayCCCLGenerator, topic = CCCL/PURBACHAL/ENM_01 created 67d26ffb0040b534a90ebab2 succesfully
2025-03-13 11:41:16,175 celery.utils.dispatch.signal ERROR    Signal handler <bound method DjangoFixup.on_import_modules of <celery.fixups.django.DjangoFixup object at 0x7f3e5398e790>> raised: ImportError("cannot import name 'UpsHistoryDataViewSet' from 'pop.api.views' (/opt/app/pop/api/views.py)")
Traceback (most recent call last):
  File "/opt/venv/lib/python3.9/site-packages/celery/utils/dispatch/signal.py", line 276, in send
    response = receiver(signal=self, sender=sender, **named)
  File "/opt/venv/lib/python3.9/site-packages/celery/fixups/django.py", line 82, in on_import_modules
    self.worker_fixup.validate_models()
  File "/opt/venv/lib/python3.9/site-packages/celery/fixups/django.py", line 121, in validate_models
    run_checks()
  File "/opt/venv/lib/python3.9/site-packages/django/core/checks/registry.py", line 88, in run_checks
    new_errors = check(app_configs=app_configs, databases=databases)
  File "/opt/venv/lib/python3.9/site-packages/django/core/checks/urls.py", line 42, in check_url_namespaces_unique
    all_namespaces = _load_all_namespaces(resolver)
  File "/opt/venv/lib/python3.9/site-packages/django/core/checks/urls.py", line 61, in _load_all_namespaces
    url_patterns = getattr(resolver, "url_patterns", [])
  File "/opt/venv/lib/python3.9/site-packages/django/utils/functional.py", line 57, in __get__
    res = instance.__dict__[self.name] = self.func(instance)
  File "/opt/venv/lib/python3.9/site-packages/django/urls/resolvers.py", line 690, in url_patterns
    patterns = getattr(self.urlconf_module, "urlpatterns", self.urlconf_module)
  File "/opt/venv/lib/python3.9/site-packages/django/utils/functional.py", line 57, in __get__
    res = instance.__dict__[self.name] = self.func(instance)
  File "/opt/venv/lib/python3.9/site-packages/django/urls/resolvers.py", line 683, in urlconf_module
    return import_module(self.urlconf_name)
  File "/usr/local/lib/python3.9/importlib/__init__.py", line 127, in import_module
    return _bootstrap._gcd_import(name[level:], package, level)
  File "<frozen importlib._bootstrap>", line 1030, in _gcd_import
  File "<frozen importlib._bootstrap>", line 1007, in _find_and_load
  File "<frozen importlib._bootstrap>", line 986, in _find_and_load_unlocked
  File "<frozen importlib._bootstrap>", line 680, in _load_unlocked
  File "<frozen importlib._bootstrap_external>", line 850, in exec_module
  File "<frozen importlib._bootstrap>", line 228, in _call_with_frames_removed
  File "/opt/app/dcim/urls.py", line 41, in <module>
    path('pop/', include('pop.api.urls', namespace='pops.apis')),
  File "/opt/venv/lib/python3.9/site-packages/django/urls/conf.py", line 38, in include
    urlconf_module = import_module(urlconf_module)
  File "/usr/local/lib/python3.9/importlib/__init__.py", line 127, in import_module
    return _bootstrap._gcd_import(name[level:], package, level)
  File "<frozen importlib._bootstrap>", line 1030, in _gcd_import
  File "<frozen importlib._bootstrap>", line 1007, in _find_and_load
  File "<frozen importlib._bootstrap>", line 986, in _find_and_load_unlocked
  File "<frozen importlib._bootstrap>", line 680, in _load_unlocked
  File "<frozen importlib._bootstrap_external>", line 850, in exec_module
  File "<frozen importlib._bootstrap>", line 228, in _call_with_frames_removed
  File "/opt/app/pop/api/urls.py", line 1, in <module>
    from pop.api.views import (
ImportError: cannot import name 'UpsHistoryDataViewSet' from 'pop.api.views' (/opt/app/pop/api/views.py)
2025-03-13 11:41:16,361 celery.utils.dispatch.signal ERROR    Signal handler <bound method DjangoFixup.on_import_modules of <celery.fixups.django.DjangoFixup object at 0x7fa405039790>> raised: ImportError("cannot import name 'UpsHistoryDataViewSet' from 'pop.api.views' (/opt/app/pop/api/views.py)")
Traceback (most recent call last):
  File "/opt/venv/lib/python3.9/site-packages/celery/utils/dispatch/signal.py", line 276, in send
    response = receiver(signal=self, sender=sender, **named)
  File "/opt/venv/lib/python3.9/site-packages/celery/fixups/django.py", line 82, in on_import_modules
    self.worker_fixup.validate_models()
  File "/opt/venv/lib/python3.9/site-packages/celery/fixups/django.py", line 121, in validate_models
    run_checks()
  File "/opt/venv/lib/python3.9/site-packages/django/core/checks/registry.py", line 88, in run_checks
    new_errors = check(app_configs=app_configs, databases=databases)
  File "/opt/venv/lib/python3.9/site-packages/django/core/checks/urls.py", line 14, in check_url_config
    return check_resolver(resolver)
  File "/opt/venv/lib/python3.9/site-packages/django/core/checks/urls.py", line 24, in check_resolver
    return check_method()
  File "/opt/venv/lib/python3.9/site-packages/django/urls/resolvers.py", line 476, in check
    for pattern in self.url_patterns:
  File "/opt/venv/lib/python3.9/site-packages/django/utils/functional.py", line 57, in __get__
    res = instance.__dict__[self.name] = self.func(instance)
  File "/opt/venv/lib/python3.9/site-packages/django/urls/resolvers.py", line 690, in url_patterns
    patterns = getattr(self.urlconf_module, "urlpatterns", self.urlconf_module)
  File "/opt/venv/lib/python3.9/site-packages/django/utils/functional.py", line 57, in __get__
    res = instance.__dict__[self.name] = self.func(instance)
  File "/opt/venv/lib/python3.9/site-packages/django/urls/resolvers.py", line 683, in urlconf_module
    return import_module(self.urlconf_name)
  File "/usr/local/lib/python3.9/importlib/__init__.py", line 127, in import_module
    return _bootstrap._gcd_import(name[level:], package, level)
  File "<frozen importlib._bootstrap>", line 1030, in _gcd_import
  File "<frozen importlib._bootstrap>", line 1007, in _find_and_load
  File "<frozen importlib._bootstrap>", line 986, in _find_and_load_unlocked
  File "<frozen importlib._bootstrap>", line 680, in _load_unlocked
  File "<frozen importlib._bootstrap_external>", line 850, in exec_module
  File "<frozen importlib._bootstrap>", line 228, in _call_with_frames_removed
  File "/opt/app/dcim/urls.py", line 41, in <module>
    path('pop/', include('pop.api.urls', namespace='pops.apis')),
  File "/opt/venv/lib/python3.9/site-packages/django/urls/conf.py", line 38, in include
    urlconf_module = import_module(urlconf_module)
  File "/usr/local/lib/python3.9/importlib/__init__.py", line 127, in import_module
    return _bootstrap._gcd_import(name[level:], package, level)
  File "<frozen importlib._bootstrap>", line 1030, in _gcd_import
  File "<frozen importlib._bootstrap>", line 1007, in _find_and_load
  File "<frozen importlib._bootstrap>", line 986, in _find_and_load_unlocked
  File "<frozen importlib._bootstrap>", line 680, in _load_unlocked
  File "<frozen importlib._bootstrap_external>", line 850, in exec_module
  File "<frozen importlib._bootstrap>", line 228, in _call_with_frames_removed
  File "/opt/app/pop/api/urls.py", line 1, in <module>
    from pop.api.views import (
ImportError: cannot import name 'UpsHistoryDataViewSet' from 'pop.api.views' (/opt/app/pop/api/views.py)
2025-03-13 11:41:18,838 celery.utils.dispatch.signal ERROR    Signal handler <bound method DjangoFixup.on_import_modules of <celery.fixups.django.DjangoFixup object at 0x7f05fe97e790>> raised: ImportError("cannot import name 'UpsHistoryDataViewSet' from 'pop.api.views' (/opt/app/pop/api/views.py)")
Traceback (most recent call last):
  File "/opt/venv/lib/python3.9/site-packages/celery/utils/dispatch/signal.py", line 276, in send
    response = receiver(signal=self, sender=sender, **named)
  File "/opt/venv/lib/python3.9/site-packages/celery/fixups/django.py", line 82, in on_import_modules
    self.worker_fixup.validate_models()
  File "/opt/venv/lib/python3.9/site-packages/celery/fixups/django.py", line 121, in validate_models
    run_checks()
  File "/opt/venv/lib/python3.9/site-packages/django/core/checks/registry.py", line 88, in run_checks
    new_errors = check(app_configs=app_configs, databases=databases)
  File "/opt/venv/lib/python3.9/site-packages/django/core/checks/urls.py", line 14, in check_url_config
    return check_resolver(resolver)
  File "/opt/venv/lib/python3.9/site-packages/django/core/checks/urls.py", line 24, in check_resolver
    return check_method()
  File "/opt/venv/lib/python3.9/site-packages/django/urls/resolvers.py", line 476, in check
    for pattern in self.url_patterns:
  File "/opt/venv/lib/python3.9/site-packages/django/utils/functional.py", line 57, in __get__
    res = instance.__dict__[self.name] = self.func(instance)
  File "/opt/venv/lib/python3.9/site-packages/django/urls/resolvers.py", line 690, in url_patterns
    patterns = getattr(self.urlconf_module, "urlpatterns", self.urlconf_module)
  File "/opt/venv/lib/python3.9/site-packages/django/utils/functional.py", line 57, in __get__
    res = instance.__dict__[self.name] = self.func(instance)
  File "/opt/venv/lib/python3.9/site-packages/django/urls/resolvers.py", line 683, in urlconf_module
    return import_module(self.urlconf_name)
  File "/usr/local/lib/python3.9/importlib/__init__.py", line 127, in import_module
    return _bootstrap._gcd_import(name[level:], package, level)
  File "<frozen importlib._bootstrap>", line 1030, in _gcd_import
  File "<frozen importlib._bootstrap>", line 1007, in _find_and_load
  File "<frozen importlib._bootstrap>", line 986, in _find_and_load_unlocked
  File "<frozen importlib._bootstrap>", line 680, in _load_unlocked
  File "<frozen importlib._bootstrap_external>", line 850, in exec_module
  File "<frozen importlib._bootstrap>", line 228, in _call_with_frames_removed
  File "/opt/app/dcim/urls.py", line 41, in <module>
    path('pop/', include('pop.api.urls', namespace='pops.apis')),
  File "/opt/venv/lib/python3.9/site-packages/django/urls/conf.py", line 38, in include
    urlconf_module = import_module(urlconf_module)
  File "/usr/local/lib/python3.9/importlib/__init__.py", line 127, in import_module
    return _bootstrap._gcd_import(name[level:], package, level)
  File "<frozen importlib._bootstrap>", line 1030, in _gcd_import
  File "<frozen importlib._bootstrap>", line 1007, in _find_and_load
  File "<frozen importlib._bootstrap>", line 986, in _find_and_load_unlocked
  File "<frozen importlib._bootstrap>", line 680, in _load_unlocked
  File "<frozen importlib._bootstrap_external>", line 850, in exec_module
  File "<frozen importlib._bootstrap>", line 228, in _call_with_frames_removed
  File "/opt/app/pop/api/urls.py", line 1, in <module>
    from pop.api.views import (
ImportError: cannot import name 'UpsHistoryDataViewSet' from 'pop.api.views' (/opt/app/pop/api/views.py)
2025-03-13 11:41:18,905 celery.utils.dispatch.signal ERROR    Signal handler <bound method DjangoFixup.on_import_modules of <celery.fixups.django.DjangoFixup object at 0x7f8339f5a790>> raised: ImportError("cannot import name 'UpsHistoryDataViewSet' from 'pop.api.views' (/opt/app/pop/api/views.py)")
Traceback (most recent call last):
  File "/opt/venv/lib/python3.9/site-packages/celery/utils/dispatch/signal.py", line 276, in send
    response = receiver(signal=self, sender=sender, **named)
  File "/opt/venv/lib/python3.9/site-packages/celery/fixups/django.py", line 82, in on_import_modules
    self.worker_fixup.validate_models()
  File "/opt/venv/lib/python3.9/site-packages/celery/fixups/django.py", line 121, in validate_models
    run_checks()
  File "/opt/venv/lib/python3.9/site-packages/django/core/checks/registry.py", line 88, in run_checks
    new_errors = check(app_configs=app_configs, databases=databases)
  File "/opt/venv/lib/python3.9/site-packages/django/core/checks/urls.py", line 42, in check_url_namespaces_unique
    all_namespaces = _load_all_namespaces(resolver)
  File "/opt/venv/lib/python3.9/site-packages/django/core/checks/urls.py", line 61, in _load_all_namespaces
    url_patterns = getattr(resolver, "url_patterns", [])
  File "/opt/venv/lib/python3.9/site-packages/django/utils/functional.py", line 57, in __get__
    res = instance.__dict__[self.name] = self.func(instance)
  File "/opt/venv/lib/python3.9/site-packages/django/urls/resolvers.py", line 690, in url_patterns
    patterns = getattr(self.urlconf_module, "urlpatterns", self.urlconf_module)
  File "/opt/venv/lib/python3.9/site-packages/django/utils/functional.py", line 57, in __get__
    res = instance.__dict__[self.name] = self.func(instance)
  File "/opt/venv/lib/python3.9/site-packages/django/urls/resolvers.py", line 683, in urlconf_module
    return import_module(self.urlconf_name)
  File "/usr/local/lib/python3.9/importlib/__init__.py", line 127, in import_module
    return _bootstrap._gcd_import(name[level:], package, level)
  File "<frozen importlib._bootstrap>", line 1030, in _gcd_import
  File "<frozen importlib._bootstrap>", line 1007, in _find_and_load
  File "<frozen importlib._bootstrap>", line 986, in _find_and_load_unlocked
  File "<frozen importlib._bootstrap>", line 680, in _load_unlocked
  File "<frozen importlib._bootstrap_external>", line 850, in exec_module
  File "<frozen importlib._bootstrap>", line 228, in _call_with_frames_removed
  File "/opt/app/dcim/urls.py", line 41, in <module>
    path('pop/', include('pop.api.urls', namespace='pops.apis')),
  File "/opt/venv/lib/python3.9/site-packages/django/urls/conf.py", line 38, in include
    urlconf_module = import_module(urlconf_module)
  File "/usr/local/lib/python3.9/importlib/__init__.py", line 127, in import_module
    return _bootstrap._gcd_import(name[level:], package, level)
  File "<frozen importlib._bootstrap>", line 1030, in _gcd_import
  File "<frozen importlib._bootstrap>", line 1007, in _find_and_load
  File "<frozen importlib._bootstrap>", line 986, in _find_and_load_unlocked
  File "<frozen importlib._bootstrap>", line 680, in _load_unlocked
  File "<frozen importlib._bootstrap_external>", line 850, in exec_module
  File "<frozen importlib._bootstrap>", line 228, in _call_with_frames_removed
  File "/opt/app/pop/api/urls.py", line 1, in <module>
    from pop.api.views import (
ImportError: cannot import name 'UpsHistoryDataViewSet' from 'pop.api.views' (/opt/app/pop/api/views.py)
2025-03-13 11:41:21,489 pop.CPM_RT_mixins INFO     mongo_db = RTModelCPM, topic = MQTT_RT_DATA created 67d270010040b534a90ebab3 succesfully
2025-03-13 11:41:21,507 pop.CPM_RT_mixins INFO     mongo_db = TemporaryRTModelCPM, topic = MQTT_RT_DATA created 67d270010040b534a90ebab4 succesfully
2025-03-13 11:41:21,520 pop.CPM_RT_mixins INFO     mongo_db = TodayRTModelCPM, topic = MQTT_RT_DATA created 67d270010040b534a90ebab5 succesfully
2025-03-13 11:41:22,132 celery.utils.dispatch.signal ERROR    Signal handler <bound method DjangoFixup.on_import_modules of <celery.fixups.django.DjangoFixup object at 0x7fed240b7790>> raised: ImportError("cannot import name 'UpsHistoryDataViewSet' from 'pop.api.views' (/opt/app/pop/api/views.py)")
Traceback (most recent call last):
  File "/opt/venv/lib/python3.9/site-packages/celery/utils/dispatch/signal.py", line 276, in send
    response = receiver(signal=self, sender=sender, **named)
  File "/opt/venv/lib/python3.9/site-packages/celery/fixups/django.py", line 82, in on_import_modules
    self.worker_fixup.validate_models()
  File "/opt/venv/lib/python3.9/site-packages/celery/fixups/django.py", line 121, in validate_models
    run_checks()
  File "/opt/venv/lib/python3.9/site-packages/django/core/checks/registry.py", line 88, in run_checks
    new_errors = check(app_configs=app_configs, databases=databases)
  File "/opt/venv/lib/python3.9/site-packages/django/core/checks/urls.py", line 42, in check_url_namespaces_unique
    all_namespaces = _load_all_namespaces(resolver)
  File "/opt/venv/lib/python3.9/site-packages/django/core/checks/urls.py", line 61, in _load_all_namespaces
    url_patterns = getattr(resolver, "url_patterns", [])
  File "/opt/venv/lib/python3.9/site-packages/django/utils/functional.py", line 57, in __get__
    res = instance.__dict__[self.name] = self.func(instance)
  File "/opt/venv/lib/python3.9/site-packages/django/urls/resolvers.py", line 690, in url_patterns
    patterns = getattr(self.urlconf_module, "urlpatterns", self.urlconf_module)
  File "/opt/venv/lib/python3.9/site-packages/django/utils/functional.py", line 57, in __get__
    res = instance.__dict__[self.name] = self.func(instance)
  File "/opt/venv/lib/python3.9/site-packages/django/urls/resolvers.py", line 683, in urlconf_module
    return import_module(self.urlconf_name)
  File "/usr/local/lib/python3.9/importlib/__init__.py", line 127, in import_module
    return _bootstrap._gcd_import(name[level:], package, level)
  File "<frozen importlib._bootstrap>", line 1030, in _gcd_import
  File "<frozen importlib._bootstrap>", line 1007, in _find_and_load
  File "<frozen importlib._bootstrap>", line 986, in _find_and_load_unlocked
  File "<frozen importlib._bootstrap>", line 680, in _load_unlocked
  File "<frozen importlib._bootstrap_external>", line 850, in exec_module
  File "<frozen importlib._bootstrap>", line 228, in _call_with_frames_removed
  File "/opt/app/dcim/urls.py", line 41, in <module>
    path('pop/', include('pop.api.urls', namespace='pops.apis')),
  File "/opt/venv/lib/python3.9/site-packages/django/urls/conf.py", line 38, in include
    urlconf_module = import_module(urlconf_module)
  File "/usr/local/lib/python3.9/importlib/__init__.py", line 127, in import_module
    return _bootstrap._gcd_import(name[level:], package, level)
  File "<frozen importlib._bootstrap>", line 1030, in _gcd_import
  File "<frozen importlib._bootstrap>", line 1007, in _find_and_load
  File "<frozen importlib._bootstrap>", line 986, in _find_and_load_unlocked
  File "<frozen importlib._bootstrap>", line 680, in _load_unlocked
  File "<frozen importlib._bootstrap_external>", line 850, in exec_module
  File "<frozen importlib._bootstrap>", line 228, in _call_with_frames_removed
  File "/opt/app/pop/api/urls.py", line 1, in <module>
    from pop.api.views import (
ImportError: cannot import name 'UpsHistoryDataViewSet' from 'pop.api.views' (/opt/app/pop/api/views.py)
2025-03-13 11:41:22,173 celery.utils.dispatch.signal ERROR    Signal handler <bound method DjangoFixup.on_import_modules of <celery.fixups.django.DjangoFixup object at 0x7f7ab2025790>> raised: ImportError("cannot import name 'UpsHistoryDataViewSet' from 'pop.api.views' (/opt/app/pop/api/views.py)")
Traceback (most recent call last):
  File "/opt/venv/lib/python3.9/site-packages/celery/utils/dispatch/signal.py", line 276, in send
    response = receiver(signal=self, sender=sender, **named)
  File "/opt/venv/lib/python3.9/site-packages/celery/fixups/django.py", line 82, in on_import_modules
    self.worker_fixup.validate_models()
  File "/opt/venv/lib/python3.9/site-packages/celery/fixups/django.py", line 121, in validate_models
    run_checks()
  File "/opt/venv/lib/python3.9/site-packages/django/core/checks/registry.py", line 88, in run_checks
    new_errors = check(app_configs=app_configs, databases=databases)
  File "/opt/venv/lib/python3.9/site-packages/django/core/checks/urls.py", line 14, in check_url_config
    return check_resolver(resolver)
  File "/opt/venv/lib/python3.9/site-packages/django/core/checks/urls.py", line 24, in check_resolver
    return check_method()
  File "/opt/venv/lib/python3.9/site-packages/django/urls/resolvers.py", line 476, in check
    for pattern in self.url_patterns:
  File "/opt/venv/lib/python3.9/site-packages/django/utils/functional.py", line 57, in __get__
    res = instance.__dict__[self.name] = self.func(instance)
  File "/opt/venv/lib/python3.9/site-packages/django/urls/resolvers.py", line 690, in url_patterns
    patterns = getattr(self.urlconf_module, "urlpatterns", self.urlconf_module)
  File "/opt/venv/lib/python3.9/site-packages/django/utils/functional.py", line 57, in __get__
    res = instance.__dict__[self.name] = self.func(instance)
  File "/opt/venv/lib/python3.9/site-packages/django/urls/resolvers.py", line 683, in urlconf_module
    return import_module(self.urlconf_name)
  File "/usr/local/lib/python3.9/importlib/__init__.py", line 127, in import_module
    return _bootstrap._gcd_import(name[level:], package, level)
  File "<frozen importlib._bootstrap>", line 1030, in _gcd_import
  File "<frozen importlib._bootstrap>", line 1007, in _find_and_load
  File "<frozen importlib._bootstrap>", line 986, in _find_and_load_unlocked
  File "<frozen importlib._bootstrap>", line 680, in _load_unlocked
  File "<frozen importlib._bootstrap_external>", line 850, in exec_module
  File "<frozen importlib._bootstrap>", line 228, in _call_with_frames_removed
  File "/opt/app/dcim/urls.py", line 41, in <module>
    path('pop/', include('pop.api.urls', namespace='pops.apis')),
  File "/opt/venv/lib/python3.9/site-packages/django/urls/conf.py", line 38, in include
    urlconf_module = import_module(urlconf_module)
  File "/usr/local/lib/python3.9/importlib/__init__.py", line 127, in import_module
    return _bootstrap._gcd_import(name[level:], package, level)
  File "<frozen importlib._bootstrap>", line 1030, in _gcd_import
  File "<frozen importlib._bootstrap>", line 1007, in _find_and_load
  File "<frozen importlib._bootstrap>", line 986, in _find_and_load_unlocked
  File "<frozen importlib._bootstrap>", line 680, in _load_unlocked
  File "<frozen importlib._bootstrap_external>", line 850, in exec_module
  File "<frozen importlib._bootstrap>", line 228, in _call_with_frames_removed
  File "/opt/app/pop/api/urls.py", line 1, in <module>
    from pop.api.views import (
ImportError: cannot import name 'UpsHistoryDataViewSet' from 'pop.api.views' (/opt/app/pop/api/views.py)
2025-03-13 11:41:27,437 pop.CCCL_environment_mixins INFO     mongo_db = CCCLEnvironment, topic = CCCL/PURBACHAL/ENV_01 created 67d270070040b534a90ebab6 succesfully
2025-03-13 11:41:27,457 pop.CCCL_environment_mixins INFO     mongo_db = TemporaryCCCLEnvironment, topic = CCCL/PURBACHAL/ENV_01 created 67d270070040b534a90ebab7 succesfully
2025-03-13 11:41:27,475 pop.CCCL_environment_mixins INFO     mongo_db = TodayCCCLEnvironment, topic = CCCL/PURBACHAL/ENV_01 created 67d270070040b534a90ebab8 succesfully
2025-03-13 11:41:27,928 celery.utils.dispatch.signal ERROR    Signal handler <bound method DjangoFixup.on_import_modules of <celery.fixups.django.DjangoFixup object at 0x7fda95486790>> raised: ImportError("cannot import name 'UpsHistoryDataViewSet' from 'pop.api.views' (/opt/app/pop/api/views.py)")
Traceback (most recent call last):
  File "/opt/venv/lib/python3.9/site-packages/celery/utils/dispatch/signal.py", line 276, in send
    response = receiver(signal=self, sender=sender, **named)
  File "/opt/venv/lib/python3.9/site-packages/celery/fixups/django.py", line 82, in on_import_modules
    self.worker_fixup.validate_models()
  File "/opt/venv/lib/python3.9/site-packages/celery/fixups/django.py", line 121, in validate_models
    run_checks()
  File "/opt/venv/lib/python3.9/site-packages/django/core/checks/registry.py", line 88, in run_checks
    new_errors = check(app_configs=app_configs, databases=databases)
  File "/opt/venv/lib/python3.9/site-packages/django/core/checks/urls.py", line 42, in check_url_namespaces_unique
    all_namespaces = _load_all_namespaces(resolver)
  File "/opt/venv/lib/python3.9/site-packages/django/core/checks/urls.py", line 61, in _load_all_namespaces
    url_patterns = getattr(resolver, "url_patterns", [])
  File "/opt/venv/lib/python3.9/site-packages/django/utils/functional.py", line 57, in __get__
    res = instance.__dict__[self.name] = self.func(instance)
  File "/opt/venv/lib/python3.9/site-packages/django/urls/resolvers.py", line 690, in url_patterns
    patterns = getattr(self.urlconf_module, "urlpatterns", self.urlconf_module)
  File "/opt/venv/lib/python3.9/site-packages/django/utils/functional.py", line 57, in __get__
    res = instance.__dict__[self.name] = self.func(instance)
  File "/opt/venv/lib/python3.9/site-packages/django/urls/resolvers.py", line 683, in urlconf_module
    return import_module(self.urlconf_name)
  File "/usr/local/lib/python3.9/importlib/__init__.py", line 127, in import_module
    return _bootstrap._gcd_import(name[level:], package, level)
  File "<frozen importlib._bootstrap>", line 1030, in _gcd_import
  File "<frozen importlib._bootstrap>", line 1007, in _find_and_load
  File "<frozen importlib._bootstrap>", line 986, in _find_and_load_unlocked
  File "<frozen importlib._bootstrap>", line 680, in _load_unlocked
  File "<frozen importlib._bootstrap_external>", line 850, in exec_module
  File "<frozen importlib._bootstrap>", line 228, in _call_with_frames_removed
  File "/opt/app/dcim/urls.py", line 41, in <module>
    path('pop/', include('pop.api.urls', namespace='pops.apis')),
  File "/opt/venv/lib/python3.9/site-packages/django/urls/conf.py", line 38, in include
    urlconf_module = import_module(urlconf_module)
  File "/usr/local/lib/python3.9/importlib/__init__.py", line 127, in import_module
    return _bootstrap._gcd_import(name[level:], package, level)
  File "<frozen importlib._bootstrap>", line 1030, in _gcd_import
  File "<frozen importlib._bootstrap>", line 1007, in _find_and_load
  File "<frozen importlib._bootstrap>", line 986, in _find_and_load_unlocked
  File "<frozen importlib._bootstrap>", line 680, in _load_unlocked
  File "<frozen importlib._bootstrap_external>", line 850, in exec_module
  File "<frozen importlib._bootstrap>", line 228, in _call_with_frames_removed
  File "/opt/app/pop/api/urls.py", line 1, in <module>
    from pop.api.views import (
ImportError: cannot import name 'UpsHistoryDataViewSet' from 'pop.api.views' (/opt/app/pop/api/views.py)
2025-03-13 11:41:28,032 celery.utils.dispatch.signal ERROR    Signal handler <bound method DjangoFixup.on_import_modules of <celery.fixups.django.DjangoFixup object at 0x7f63cc945790>> raised: ImportError("cannot import name 'UpsHistoryDataViewSet' from 'pop.api.views' (/opt/app/pop/api/views.py)")
Traceback (most recent call last):
  File "/opt/venv/lib/python3.9/site-packages/celery/utils/dispatch/signal.py", line 276, in send
    response = receiver(signal=self, sender=sender, **named)
  File "/opt/venv/lib/python3.9/site-packages/celery/fixups/django.py", line 82, in on_import_modules
    self.worker_fixup.validate_models()
  File "/opt/venv/lib/python3.9/site-packages/celery/fixups/django.py", line 121, in validate_models
    run_checks()
  File "/opt/venv/lib/python3.9/site-packages/django/core/checks/registry.py", line 88, in run_checks
    new_errors = check(app_configs=app_configs, databases=databases)
  File "/opt/venv/lib/python3.9/site-packages/django/core/checks/urls.py", line 14, in check_url_config
    return check_resolver(resolver)
  File "/opt/venv/lib/python3.9/site-packages/django/core/checks/urls.py", line 24, in check_resolver
    return check_method()
  File "/opt/venv/lib/python3.9/site-packages/django/urls/resolvers.py", line 476, in check
    for pattern in self.url_patterns:
  File "/opt/venv/lib/python3.9/site-packages/django/utils/functional.py", line 57, in __get__
    res = instance.__dict__[self.name] = self.func(instance)
  File "/opt/venv/lib/python3.9/site-packages/django/urls/resolvers.py", line 690, in url_patterns
    patterns = getattr(self.urlconf_module, "urlpatterns", self.urlconf_module)
  File "/opt/venv/lib/python3.9/site-packages/django/utils/functional.py", line 57, in __get__
    res = instance.__dict__[self.name] = self.func(instance)
  File "/opt/venv/lib/python3.9/site-packages/django/urls/resolvers.py", line 683, in urlconf_module
    return import_module(self.urlconf_name)
  File "/usr/local/lib/python3.9/importlib/__init__.py", line 127, in import_module
    return _bootstrap._gcd_import(name[level:], package, level)
  File "<frozen importlib._bootstrap>", line 1030, in _gcd_import
  File "<frozen importlib._bootstrap>", line 1007, in _find_and_load
  File "<frozen importlib._bootstrap>", line 986, in _find_and_load_unlocked
  File "<frozen importlib._bootstrap>", line 680, in _load_unlocked
  File "<frozen importlib._bootstrap_external>", line 850, in exec_module
  File "<frozen importlib._bootstrap>", line 228, in _call_with_frames_removed
  File "/opt/app/dcim/urls.py", line 41, in <module>
    path('pop/', include('pop.api.urls', namespace='pops.apis')),
  File "/opt/venv/lib/python3.9/site-packages/django/urls/conf.py", line 38, in include
    urlconf_module = import_module(urlconf_module)
  File "/usr/local/lib/python3.9/importlib/__init__.py", line 127, in import_module
    return _bootstrap._gcd_import(name[level:], package, level)
  File "<frozen importlib._bootstrap>", line 1030, in _gcd_import
  File "<frozen importlib._bootstrap>", line 1007, in _find_and_load
  File "<frozen importlib._bootstrap>", line 986, in _find_and_load_unlocked
  File "<frozen importlib._bootstrap>", line 680, in _load_unlocked
  File "<frozen importlib._bootstrap_external>", line 850, in exec_module
  File "<frozen importlib._bootstrap>", line 228, in _call_with_frames_removed
  File "/opt/app/pop/api/urls.py", line 1, in <module>
    from pop.api.views import (
ImportError: cannot import name 'UpsHistoryDataViewSet' from 'pop.api.views' (/opt/app/pop/api/views.py)
2025-03-13 11:41:36,096 celery.utils.dispatch.signal ERROR    Signal handler <bound method DjangoFixup.on_import_modules of <celery.fixups.django.DjangoFixup object at 0x7f543534f790>> raised: ImportError("cannot import name 'UpsHistoryDataViewSet' from 'pop.api.views' (/opt/app/pop/api/views.py)")
Traceback (most recent call last):
  File "/opt/venv/lib/python3.9/site-packages/celery/utils/dispatch/signal.py", line 276, in send
    response = receiver(signal=self, sender=sender, **named)
  File "/opt/venv/lib/python3.9/site-packages/celery/fixups/django.py", line 82, in on_import_modules
    self.worker_fixup.validate_models()
  File "/opt/venv/lib/python3.9/site-packages/celery/fixups/django.py", line 121, in validate_models
    run_checks()
  File "/opt/venv/lib/python3.9/site-packages/django/core/checks/registry.py", line 88, in run_checks
    new_errors = check(app_configs=app_configs, databases=databases)
  File "/opt/venv/lib/python3.9/site-packages/django/core/checks/urls.py", line 42, in check_url_namespaces_unique
    all_namespaces = _load_all_namespaces(resolver)
  File "/opt/venv/lib/python3.9/site-packages/django/core/checks/urls.py", line 61, in _load_all_namespaces
    url_patterns = getattr(resolver, "url_patterns", [])
  File "/opt/venv/lib/python3.9/site-packages/django/utils/functional.py", line 57, in __get__
    res = instance.__dict__[self.name] = self.func(instance)
  File "/opt/venv/lib/python3.9/site-packages/django/urls/resolvers.py", line 690, in url_patterns
    patterns = getattr(self.urlconf_module, "urlpatterns", self.urlconf_module)
  File "/opt/venv/lib/python3.9/site-packages/django/utils/functional.py", line 57, in __get__
    res = instance.__dict__[self.name] = self.func(instance)
  File "/opt/venv/lib/python3.9/site-packages/django/urls/resolvers.py", line 683, in urlconf_module
    return import_module(self.urlconf_name)
  File "/usr/local/lib/python3.9/importlib/__init__.py", line 127, in import_module
    return _bootstrap._gcd_import(name[level:], package, level)
  File "<frozen importlib._bootstrap>", line 1030, in _gcd_import
  File "<frozen importlib._bootstrap>", line 1007, in _find_and_load
  File "<frozen importlib._bootstrap>", line 986, in _find_and_load_unlocked
  File "<frozen importlib._bootstrap>", line 680, in _load_unlocked
  File "<frozen importlib._bootstrap_external>", line 850, in exec_module
  File "<frozen importlib._bootstrap>", line 228, in _call_with_frames_removed
  File "/opt/app/dcim/urls.py", line 41, in <module>
    path('pop/', include('pop.api.urls', namespace='pops.apis')),
  File "/opt/venv/lib/python3.9/site-packages/django/urls/conf.py", line 38, in include
    urlconf_module = import_module(urlconf_module)
  File "/usr/local/lib/python3.9/importlib/__init__.py", line 127, in import_module
    return _bootstrap._gcd_import(name[level:], package, level)
  File "<frozen importlib._bootstrap>", line 1030, in _gcd_import
  File "<frozen importlib._bootstrap>", line 1007, in _find_and_load
  File "<frozen importlib._bootstrap>", line 986, in _find_and_load_unlocked
  File "<frozen importlib._bootstrap>", line 680, in _load_unlocked
  File "<frozen importlib._bootstrap_external>", line 850, in exec_module
  File "<frozen importlib._bootstrap>", line 228, in _call_with_frames_removed
  File "/opt/app/pop/api/urls.py", line 1, in <module>
    from pop.api.views import (
ImportError: cannot import name 'UpsHistoryDataViewSet' from 'pop.api.views' (/opt/app/pop/api/views.py)
2025-03-13 11:41:36,201 celery.utils.dispatch.signal ERROR    Signal handler <bound method DjangoFixup.on_import_modules of <celery.fixups.django.DjangoFixup object at 0x7fd584f23790>> raised: ImportError("cannot import name 'UpsHistoryDataViewSet' from 'pop.api.views' (/opt/app/pop/api/views.py)")
Traceback (most recent call last):
  File "/opt/venv/lib/python3.9/site-packages/celery/utils/dispatch/signal.py", line 276, in send
    response = receiver(signal=self, sender=sender, **named)
  File "/opt/venv/lib/python3.9/site-packages/celery/fixups/django.py", line 82, in on_import_modules
    self.worker_fixup.validate_models()
  File "/opt/venv/lib/python3.9/site-packages/celery/fixups/django.py", line 121, in validate_models
    run_checks()
  File "/opt/venv/lib/python3.9/site-packages/django/core/checks/registry.py", line 88, in run_checks
    new_errors = check(app_configs=app_configs, databases=databases)
  File "/opt/venv/lib/python3.9/site-packages/django/core/checks/urls.py", line 14, in check_url_config
    return check_resolver(resolver)
  File "/opt/venv/lib/python3.9/site-packages/django/core/checks/urls.py", line 24, in check_resolver
    return check_method()
  File "/opt/venv/lib/python3.9/site-packages/django/urls/resolvers.py", line 476, in check
    for pattern in self.url_patterns:
  File "/opt/venv/lib/python3.9/site-packages/django/utils/functional.py", line 57, in __get__
    res = instance.__dict__[self.name] = self.func(instance)
  File "/opt/venv/lib/python3.9/site-packages/django/urls/resolvers.py", line 690, in url_patterns
    patterns = getattr(self.urlconf_module, "urlpatterns", self.urlconf_module)
  File "/opt/venv/lib/python3.9/site-packages/django/utils/functional.py", line 57, in __get__
    res = instance.__dict__[self.name] = self.func(instance)
  File "/opt/venv/lib/python3.9/site-packages/django/urls/resolvers.py", line 683, in urlconf_module
    return import_module(self.urlconf_name)
  File "/usr/local/lib/python3.9/importlib/__init__.py", line 127, in import_module
    return _bootstrap._gcd_import(name[level:], package, level)
  File "<frozen importlib._bootstrap>", line 1030, in _gcd_import
  File "<frozen importlib._bootstrap>", line 1007, in _find_and_load
  File "<frozen importlib._bootstrap>", line 986, in _find_and_load_unlocked
  File "<frozen importlib._bootstrap>", line 680, in _load_unlocked
  File "<frozen importlib._bootstrap_external>", line 850, in exec_module
  File "<frozen importlib._bootstrap>", line 228, in _call_with_frames_removed
  File "/opt/app/dcim/urls.py", line 41, in <module>
    path('pop/', include('pop.api.urls', namespace='pops.apis')),
  File "/opt/venv/lib/python3.9/site-packages/django/urls/conf.py", line 38, in include
    urlconf_module = import_module(urlconf_module)
  File "/usr/local/lib/python3.9/importlib/__init__.py", line 127, in import_module
    return _bootstrap._gcd_import(name[level:], package, level)
  File "<frozen importlib._bootstrap>", line 1030, in _gcd_import
  File "<frozen importlib._bootstrap>", line 1007, in _find_and_load
  File "<frozen importlib._bootstrap>", line 986, in _find_and_load_unlocked
  File "<frozen importlib._bootstrap>", line 680, in _load_unlocked
  File "<frozen importlib._bootstrap_external>", line 850, in exec_module
  File "<frozen importlib._bootstrap>", line 228, in _call_with_frames_removed
  File "/opt/app/pop/api/urls.py", line 1, in <module>
    from pop.api.views import (
ImportError: cannot import name 'UpsHistoryDataViewSet' from 'pop.api.views' (/opt/app/pop/api/views.py)
2025-03-13 11:41:50,482 celery.utils.dispatch.signal ERROR    Signal handler <bound method DjangoFixup.on_import_modules of <celery.fixups.django.DjangoFixup object at 0x7fbfa6f3d790>> raised: ImportError("cannot import name 'UpsHistoryDataViewSet' from 'pop.api.views' (/opt/app/pop/api/views.py)")
Traceback (most recent call last):
  File "/opt/venv/lib/python3.9/site-packages/celery/utils/dispatch/signal.py", line 276, in send
    response = receiver(signal=self, sender=sender, **named)
  File "/opt/venv/lib/python3.9/site-packages/celery/fixups/django.py", line 82, in on_import_modules
    self.worker_fixup.validate_models()
  File "/opt/venv/lib/python3.9/site-packages/celery/fixups/django.py", line 121, in validate_models
    run_checks()
  File "/opt/venv/lib/python3.9/site-packages/django/core/checks/registry.py", line 88, in run_checks
    new_errors = check(app_configs=app_configs, databases=databases)
  File "/opt/venv/lib/python3.9/site-packages/django/core/checks/urls.py", line 42, in check_url_namespaces_unique
    all_namespaces = _load_all_namespaces(resolver)
  File "/opt/venv/lib/python3.9/site-packages/django/core/checks/urls.py", line 61, in _load_all_namespaces
    url_patterns = getattr(resolver, "url_patterns", [])
  File "/opt/venv/lib/python3.9/site-packages/django/utils/functional.py", line 57, in __get__
    res = instance.__dict__[self.name] = self.func(instance)
  File "/opt/venv/lib/python3.9/site-packages/django/urls/resolvers.py", line 690, in url_patterns
    patterns = getattr(self.urlconf_module, "urlpatterns", self.urlconf_module)
  File "/opt/venv/lib/python3.9/site-packages/django/utils/functional.py", line 57, in __get__
    res = instance.__dict__[self.name] = self.func(instance)
  File "/opt/venv/lib/python3.9/site-packages/django/urls/resolvers.py", line 683, in urlconf_module
    return import_module(self.urlconf_name)
  File "/usr/local/lib/python3.9/importlib/__init__.py", line 127, in import_module
    return _bootstrap._gcd_import(name[level:], package, level)
  File "<frozen importlib._bootstrap>", line 1030, in _gcd_import
  File "<frozen importlib._bootstrap>", line 1007, in _find_and_load
  File "<frozen importlib._bootstrap>", line 986, in _find_and_load_unlocked
  File "<frozen importlib._bootstrap>", line 680, in _load_unlocked
  File "<frozen importlib._bootstrap_external>", line 850, in exec_module
  File "<frozen importlib._bootstrap>", line 228, in _call_with_frames_removed
  File "/opt/app/dcim/urls.py", line 41, in <module>
    path('pop/', include('pop.api.urls', namespace='pops.apis')),
  File "/opt/venv/lib/python3.9/site-packages/django/urls/conf.py", line 38, in include
    urlconf_module = import_module(urlconf_module)
  File "/usr/local/lib/python3.9/importlib/__init__.py", line 127, in import_module
    return _bootstrap._gcd_import(name[level:], package, level)
  File "<frozen importlib._bootstrap>", line 1030, in _gcd_import
  File "<frozen importlib._bootstrap>", line 1007, in _find_and_load
  File "<frozen importlib._bootstrap>", line 986, in _find_and_load_unlocked
  File "<frozen importlib._bootstrap>", line 680, in _load_unlocked
  File "<frozen importlib._bootstrap_external>", line 850, in exec_module
  File "<frozen importlib._bootstrap>", line 228, in _call_with_frames_removed
  File "/opt/app/pop/api/urls.py", line 1, in <module>
    from pop.api.views import (
ImportError: cannot import name 'UpsHistoryDataViewSet' from 'pop.api.views' (/opt/app/pop/api/views.py)
2025-03-13 11:41:50,583 celery.utils.dispatch.signal ERROR    Signal handler <bound method DjangoFixup.on_import_modules of <celery.fixups.django.DjangoFixup object at 0x7f86746e6790>> raised: ImportError("cannot import name 'UpsHistoryDataViewSet' from 'pop.api.views' (/opt/app/pop/api/views.py)")
Traceback (most recent call last):
  File "/opt/venv/lib/python3.9/site-packages/celery/utils/dispatch/signal.py", line 276, in send
    response = receiver(signal=self, sender=sender, **named)
  File "/opt/venv/lib/python3.9/site-packages/celery/fixups/django.py", line 82, in on_import_modules
    self.worker_fixup.validate_models()
  File "/opt/venv/lib/python3.9/site-packages/celery/fixups/django.py", line 121, in validate_models
    run_checks()
  File "/opt/venv/lib/python3.9/site-packages/django/core/checks/registry.py", line 88, in run_checks
    new_errors = check(app_configs=app_configs, databases=databases)
  File "/opt/venv/lib/python3.9/site-packages/django/core/checks/urls.py", line 14, in check_url_config
    return check_resolver(resolver)
  File "/opt/venv/lib/python3.9/site-packages/django/core/checks/urls.py", line 24, in check_resolver
    return check_method()
  File "/opt/venv/lib/python3.9/site-packages/django/urls/resolvers.py", line 476, in check
    for pattern in self.url_patterns:
  File "/opt/venv/lib/python3.9/site-packages/django/utils/functional.py", line 57, in __get__
    res = instance.__dict__[self.name] = self.func(instance)
  File "/opt/venv/lib/python3.9/site-packages/django/urls/resolvers.py", line 690, in url_patterns
    patterns = getattr(self.urlconf_module, "urlpatterns", self.urlconf_module)
  File "/opt/venv/lib/python3.9/site-packages/django/utils/functional.py", line 57, in __get__
    res = instance.__dict__[self.name] = self.func(instance)
  File "/opt/venv/lib/python3.9/site-packages/django/urls/resolvers.py", line 683, in urlconf_module
    return import_module(self.urlconf_name)
  File "/usr/local/lib/python3.9/importlib/__init__.py", line 127, in import_module
    return _bootstrap._gcd_import(name[level:], package, level)
  File "<frozen importlib._bootstrap>", line 1030, in _gcd_import
  File "<frozen importlib._bootstrap>", line 1007, in _find_and_load
  File "<frozen importlib._bootstrap>", line 986, in _find_and_load_unlocked
  File "<frozen importlib._bootstrap>", line 680, in _load_unlocked
  File "<frozen importlib._bootstrap_external>", line 850, in exec_module
  File "<frozen importlib._bootstrap>", line 228, in _call_with_frames_removed
  File "/opt/app/dcim/urls.py", line 41, in <module>
    path('pop/', include('pop.api.urls', namespace='pops.apis')),
  File "/opt/venv/lib/python3.9/site-packages/django/urls/conf.py", line 38, in include
    urlconf_module = import_module(urlconf_module)
  File "/usr/local/lib/python3.9/importlib/__init__.py", line 127, in import_module
    return _bootstrap._gcd_import(name[level:], package, level)
  File "<frozen importlib._bootstrap>", line 1030, in _gcd_import
  File "<frozen importlib._bootstrap>", line 1007, in _find_and_load
  File "<frozen importlib._bootstrap>", line 986, in _find_and_load_unlocked
  File "<frozen importlib._bootstrap>", line 680, in _load_unlocked
  File "<frozen importlib._bootstrap_external>", line 850, in exec_module
  File "<frozen importlib._bootstrap>", line 228, in _call_with_frames_removed
  File "/opt/app/pop/api/urls.py", line 1, in <module>
    from pop.api.views import (
ImportError: cannot import name 'UpsHistoryDataViewSet' from 'pop.api.views' (/opt/app/pop/api/views.py)
2025-03-13 11:41:52,306 pop.CPM_RT_mixins INFO     mongo_db = RTModelCPM, topic = MQTT_RT_DATA created 67d270200040b534a90ebab9 succesfully
2025-03-13 11:41:52,316 pop.CPM_RT_mixins INFO     mongo_db = TemporaryRTModelCPM, topic = MQTT_RT_DATA created 67d270200040b534a90ebaba succesfully
2025-03-13 11:41:52,328 pop.CPM_RT_mixins INFO     mongo_db = TodayRTModelCPM, topic = MQTT_RT_DATA created 67d270200040b534a90ebabb succesfully
2025-03-13 11:41:57,730 pop.CCCL_environment_mixins INFO     mongo_db = CCCLEnvironment, topic = CCCL/PURBACHAL/ENV_01 created 67d270250040b534a90ebabc succesfully
2025-03-13 11:41:57,749 pop.CCCL_environment_mixins INFO     mongo_db = TemporaryCCCLEnvironment, topic = CCCL/PURBACHAL/ENV_01 created 67d270250040b534a90ebabd succesfully
2025-03-13 11:41:57,760 pop.CCCL_environment_mixins INFO     mongo_db = TodayCCCLEnvironment, topic = CCCL/PURBACHAL/ENV_01 created 67d270250040b534a90ebabe succesfully
2025-03-13 11:42:15,777 pop.CCCL_generator_mixins INFO     mongo_db = CCCLGenerator, topic = CCCL/PURBACHAL/ENM_01 created 67d270370040b534a90ebabf succesfully
2025-03-13 11:42:15,795 pop.CCCL_generator_mixins INFO     mongo_db = TemporaryCCCLGenerator, topic = CCCL/PURBACHAL/ENM_01 created 67d270370040b534a90ebac0 succesfully
2025-03-13 11:42:15,812 pop.CCCL_generator_mixins INFO     mongo_db = TodayCCCLGenerator, topic = CCCL/PURBACHAL/ENM_01 created 67d270370040b534a90ebac1 succesfully
2025-03-13 11:42:17,519 celery.utils.dispatch.signal ERROR    Signal handler <bound method DjangoFixup.on_import_modules of <celery.fixups.django.DjangoFixup object at 0x7f4eecc08790>> raised: ImportError("cannot import name 'UpsHistoryDataViewSet' from 'pop.api.views' (/opt/app/pop/api/views.py)")
Traceback (most recent call last):
  File "/opt/venv/lib/python3.9/site-packages/celery/utils/dispatch/signal.py", line 276, in send
    response = receiver(signal=self, sender=sender, **named)
  File "/opt/venv/lib/python3.9/site-packages/celery/fixups/django.py", line 82, in on_import_modules
    self.worker_fixup.validate_models()
  File "/opt/venv/lib/python3.9/site-packages/celery/fixups/django.py", line 121, in validate_models
    run_checks()
  File "/opt/venv/lib/python3.9/site-packages/django/core/checks/registry.py", line 88, in run_checks
    new_errors = check(app_configs=app_configs, databases=databases)
  File "/opt/venv/lib/python3.9/site-packages/django/core/checks/urls.py", line 42, in check_url_namespaces_unique
    all_namespaces = _load_all_namespaces(resolver)
  File "/opt/venv/lib/python3.9/site-packages/django/core/checks/urls.py", line 61, in _load_all_namespaces
    url_patterns = getattr(resolver, "url_patterns", [])
  File "/opt/venv/lib/python3.9/site-packages/django/utils/functional.py", line 57, in __get__
    res = instance.__dict__[self.name] = self.func(instance)
  File "/opt/venv/lib/python3.9/site-packages/django/urls/resolvers.py", line 690, in url_patterns
    patterns = getattr(self.urlconf_module, "urlpatterns", self.urlconf_module)
  File "/opt/venv/lib/python3.9/site-packages/django/utils/functional.py", line 57, in __get__
    res = instance.__dict__[self.name] = self.func(instance)
  File "/opt/venv/lib/python3.9/site-packages/django/urls/resolvers.py", line 683, in urlconf_module
    return import_module(self.urlconf_name)
  File "/usr/local/lib/python3.9/importlib/__init__.py", line 127, in import_module
    return _bootstrap._gcd_import(name[level:], package, level)
  File "<frozen importlib._bootstrap>", line 1030, in _gcd_import
  File "<frozen importlib._bootstrap>", line 1007, in _find_and_load
  File "<frozen importlib._bootstrap>", line 986, in _find_and_load_unlocked
  File "<frozen importlib._bootstrap>", line 680, in _load_unlocked
  File "<frozen importlib._bootstrap_external>", line 850, in exec_module
  File "<frozen importlib._bootstrap>", line 228, in _call_with_frames_removed
  File "/opt/app/dcim/urls.py", line 41, in <module>
    path('pop/', include('pop.api.urls', namespace='pops.apis')),
  File "/opt/venv/lib/python3.9/site-packages/django/urls/conf.py", line 38, in include
    urlconf_module = import_module(urlconf_module)
  File "/usr/local/lib/python3.9/importlib/__init__.py", line 127, in import_module
    return _bootstrap._gcd_import(name[level:], package, level)
  File "<frozen importlib._bootstrap>", line 1030, in _gcd_import
  File "<frozen importlib._bootstrap>", line 1007, in _find_and_load
  File "<frozen importlib._bootstrap>", line 986, in _find_and_load_unlocked
  File "<frozen importlib._bootstrap>", line 680, in _load_unlocked
  File "<frozen importlib._bootstrap_external>", line 850, in exec_module
  File "<frozen importlib._bootstrap>", line 228, in _call_with_frames_removed
  File "/opt/app/pop/api/urls.py", line 1, in <module>
    from pop.api.views import (
ImportError: cannot import name 'UpsHistoryDataViewSet' from 'pop.api.views' (/opt/app/pop/api/views.py)
2025-03-13 11:42:17,591 celery.utils.dispatch.signal ERROR    Signal handler <bound method DjangoFixup.on_import_modules of <celery.fixups.django.DjangoFixup object at 0x7f1d5bb06790>> raised: ImportError("cannot import name 'UpsHistoryDataViewSet' from 'pop.api.views' (/opt/app/pop/api/views.py)")
Traceback (most recent call last):
  File "/opt/venv/lib/python3.9/site-packages/celery/utils/dispatch/signal.py", line 276, in send
    response = receiver(signal=self, sender=sender, **named)
  File "/opt/venv/lib/python3.9/site-packages/celery/fixups/django.py", line 82, in on_import_modules
    self.worker_fixup.validate_models()
  File "/opt/venv/lib/python3.9/site-packages/celery/fixups/django.py", line 121, in validate_models
    run_checks()
  File "/opt/venv/lib/python3.9/site-packages/django/core/checks/registry.py", line 88, in run_checks
    new_errors = check(app_configs=app_configs, databases=databases)
  File "/opt/venv/lib/python3.9/site-packages/django/core/checks/urls.py", line 14, in check_url_config
    return check_resolver(resolver)
  File "/opt/venv/lib/python3.9/site-packages/django/core/checks/urls.py", line 24, in check_resolver
    return check_method()
  File "/opt/venv/lib/python3.9/site-packages/django/urls/resolvers.py", line 476, in check
    for pattern in self.url_patterns:
  File "/opt/venv/lib/python3.9/site-packages/django/utils/functional.py", line 57, in __get__
    res = instance.__dict__[self.name] = self.func(instance)
  File "/opt/venv/lib/python3.9/site-packages/django/urls/resolvers.py", line 690, in url_patterns
    patterns = getattr(self.urlconf_module, "urlpatterns", self.urlconf_module)
  File "/opt/venv/lib/python3.9/site-packages/django/utils/functional.py", line 57, in __get__
    res = instance.__dict__[self.name] = self.func(instance)
  File "/opt/venv/lib/python3.9/site-packages/django/urls/resolvers.py", line 683, in urlconf_module
    return import_module(self.urlconf_name)
  File "/usr/local/lib/python3.9/importlib/__init__.py", line 127, in import_module
    return _bootstrap._gcd_import(name[level:], package, level)
  File "<frozen importlib._bootstrap>", line 1030, in _gcd_import
  File "<frozen importlib._bootstrap>", line 1007, in _find_and_load
  File "<frozen importlib._bootstrap>", line 986, in _find_and_load_unlocked
  File "<frozen importlib._bootstrap>", line 680, in _load_unlocked
  File "<frozen importlib._bootstrap_external>", line 850, in exec_module
  File "<frozen importlib._bootstrap>", line 228, in _call_with_frames_removed
  File "/opt/app/dcim/urls.py", line 41, in <module>
    path('pop/', include('pop.api.urls', namespace='pops.apis')),
  File "/opt/venv/lib/python3.9/site-packages/django/urls/conf.py", line 38, in include
    urlconf_module = import_module(urlconf_module)
  File "/usr/local/lib/python3.9/importlib/__init__.py", line 127, in import_module
    return _bootstrap._gcd_import(name[level:], package, level)
  File "<frozen importlib._bootstrap>", line 1030, in _gcd_import
  File "<frozen importlib._bootstrap>", line 1007, in _find_and_load
  File "<frozen importlib._bootstrap>", line 986, in _find_and_load_unlocked
  File "<frozen importlib._bootstrap>", line 680, in _load_unlocked
  File "<frozen importlib._bootstrap_external>", line 850, in exec_module
  File "<frozen importlib._bootstrap>", line 228, in _call_with_frames_removed
  File "/opt/app/pop/api/urls.py", line 1, in <module>
    from pop.api.views import (
ImportError: cannot import name 'UpsHistoryDataViewSet' from 'pop.api.views' (/opt/app/pop/api/views.py)
2025-03-13 11:42:22,109 pop.CPM_RT_mixins INFO     mongo_db = RTModelCPM, topic = MQTT_RT_DATA created 67d2703e0040b534a90ebac2 succesfully
2025-03-13 11:42:22,125 pop.CPM_RT_mixins INFO     mongo_db = TemporaryRTModelCPM, topic = MQTT_RT_DATA created 67d2703e0040b534a90ebac3 succesfully
2025-03-13 11:42:22,139 pop.CPM_RT_mixins INFO     mongo_db = TodayRTModelCPM, topic = MQTT_RT_DATA created 67d2703e0040b534a90ebac4 succesfully
2025-03-13 11:42:28,171 pop.CCCL_environment_mixins INFO     mongo_db = CCCLEnvironment, topic = CCCL/PURBACHAL/ENV_01 created 67d270440040b534a90ebac5 succesfully
2025-03-13 11:42:28,191 pop.CCCL_environment_mixins INFO     mongo_db = TemporaryCCCLEnvironment, topic = CCCL/PURBACHAL/ENV_01 created 67d270440040b534a90ebac6 succesfully
2025-03-13 11:42:28,201 pop.CCCL_environment_mixins INFO     mongo_db = TodayCCCLEnvironment, topic = CCCL/PURBACHAL/ENV_01 created 67d270440040b534a90ebac7 succesfully
2025-03-13 11:42:51,315 pop.CPM_RT_mixins INFO     mongo_db = RTModelCPM, topic = MQTT_RT_DATA created 67d2705b0040b534a90ebac8 succesfully
2025-03-13 11:42:51,324 pop.CPM_RT_mixins INFO     mongo_db = TemporaryRTModelCPM, topic = MQTT_RT_DATA created 67d2705b0040b534a90ebac9 succesfully
2025-03-13 11:42:51,333 pop.CPM_RT_mixins INFO     mongo_db = TodayRTModelCPM, topic = MQTT_RT_DATA created 67d2705b0040b534a90ebaca succesfully
2025-03-13 11:42:58,566 pop.CCCL_environment_mixins INFO     mongo_db = CCCLEnvironment, topic = CCCL/PURBACHAL/ENV_01 created 67d270620040b534a90ebacb succesfully
2025-03-13 11:42:58,589 pop.CCCL_environment_mixins INFO     mongo_db = TemporaryCCCLEnvironment, topic = CCCL/PURBACHAL/ENV_01 created 67d270620040b534a90ebacc succesfully
2025-03-13 11:42:58,607 pop.CCCL_environment_mixins INFO     mongo_db = TodayCCCLEnvironment, topic = CCCL/PURBACHAL/ENV_01 created 67d270620040b534a90ebacd succesfully
2025-03-13 11:43:15,659 pop.CCCL_generator_mixins INFO     mongo_db = CCCLGenerator, topic = CCCL/PURBACHAL/ENM_01 created 67d270730040b534a90ebace succesfully
2025-03-13 11:43:15,679 pop.CCCL_generator_mixins INFO     mongo_db = TemporaryCCCLGenerator, topic = CCCL/PURBACHAL/ENM_01 created 67d270730040b534a90ebacf succesfully
2025-03-13 11:43:15,689 pop.CCCL_generator_mixins INFO     mongo_db = TodayCCCLGenerator, topic = CCCL/PURBACHAL/ENM_01 created 67d270730040b534a90ebad0 succesfully
2025-03-13 11:43:28,607 pop.CCCL_environment_mixins INFO     mongo_db = CCCLEnvironment, topic = CCCL/PURBACHAL/ENV_01 created 67d270800040b534a90ebad1 succesfully
2025-03-13 11:43:28,623 pop.CCCL_environment_mixins INFO     mongo_db = TemporaryCCCLEnvironment, topic = CCCL/PURBACHAL/ENV_01 created 67d270800040b534a90ebad2 succesfully
2025-03-13 11:43:28,631 pop.CCCL_environment_mixins INFO     mongo_db = TodayCCCLEnvironment, topic = CCCL/PURBACHAL/ENV_01 created 67d270800040b534a90ebad3 succesfully
2025-03-13 11:43:52,531 pop.CPM_RT_mixins INFO     mongo_db = RTModelCPM, topic = MQTT_RT_DATA created 67d270980040b534a90ebad4 succesfully
2025-03-13 11:43:52,593 pop.CPM_RT_mixins INFO     mongo_db = TemporaryRTModelCPM, topic = MQTT_RT_DATA created 67d270980040b534a90ebad5 succesfully
2025-03-13 11:43:52,627 pop.CPM_RT_mixins INFO     mongo_db = TodayRTModelCPM, topic = MQTT_RT_DATA created 67d270980040b534a90ebad6 succesfully
2025-03-13 11:43:59,209 pop.CCCL_environment_mixins INFO     mongo_db = CCCLEnvironment, topic = CCCL/PURBACHAL/ENV_01 created 67d2709f0040b534a90ebad7 succesfully
2025-03-13 11:43:59,232 pop.CCCL_environment_mixins INFO     mongo_db = TemporaryCCCLEnvironment, topic = CCCL/PURBACHAL/ENV_01 created 67d2709f0040b534a90ebad8 succesfully
2025-03-13 11:43:59,242 pop.CCCL_environment_mixins INFO     mongo_db = TodayCCCLEnvironment, topic = CCCL/PURBACHAL/ENV_01 created 67d2709f0040b534a90ebad9 succesfully
2025-03-13 11:44:15,569 pop.CCCL_generator_mixins INFO     mongo_db = CCCLGenerator, topic = CCCL/PURBACHAL/ENM_01 created 67d270af0040b534a90ebada succesfully
2025-03-13 11:44:15,599 pop.CCCL_generator_mixins INFO     mongo_db = TemporaryCCCLGenerator, topic = CCCL/PURBACHAL/ENM_01 created 67d270af0040b534a90ebadb succesfully
2025-03-13 11:44:15,611 pop.CCCL_generator_mixins INFO     mongo_db = TodayCCCLGenerator, topic = CCCL/PURBACHAL/ENM_01 created 67d270af0040b534a90ebadc succesfully
2025-03-13 11:44:21,924 pop.CPM_RT_mixins INFO     mongo_db = RTModelCPM, topic = MQTT_RT_DATA created 67d270b50040b534a90ebadd succesfully
2025-03-13 11:44:21,941 pop.CPM_RT_mixins INFO     mongo_db = TemporaryRTModelCPM, topic = MQTT_RT_DATA created 67d270b50040b534a90ebade succesfully
2025-03-13 11:44:21,955 pop.CPM_RT_mixins INFO     mongo_db = TodayRTModelCPM, topic = MQTT_RT_DATA created 67d270b50040b534a90ebadf succesfully
2025-03-13 11:44:29,283 pop.CCCL_environment_mixins INFO     mongo_db = CCCLEnvironment, topic = CCCL/PURBACHAL/ENV_01 created 67d270bd0040b534a90ebae0 succesfully
2025-03-13 11:44:29,305 pop.CCCL_environment_mixins INFO     mongo_db = TemporaryCCCLEnvironment, topic = CCCL/PURBACHAL/ENV_01 created 67d270bd0040b534a90ebae1 succesfully
2025-03-13 11:44:29,323 pop.CCCL_environment_mixins INFO     mongo_db = TodayCCCLEnvironment, topic = CCCL/PURBACHAL/ENV_01 created 67d270bd0040b534a90ebae2 succesfully
2025-03-13 11:58:12,200 pop.CPM_RT_mixins INFO     mongo_db = RTModelCPM, topic = MQTT_RT_DATA created 67d273f4d5fdbdbb91e6863c succesfully
2025-03-13 11:58:12,234 pop.CPM_RT_mixins INFO     mongo_db = TemporaryRTModelCPM, topic = MQTT_RT_DATA created 67d273f4d5fdbdbb91e6863d succesfully
2025-03-13 11:58:12,264 pop.CPM_RT_mixins INFO     mongo_db = TodayRTModelCPM, topic = MQTT_RT_DATA created 67d273f4d5fdbdbb91e6863e succesfully
2025-03-13 11:58:15,860 pop.CCCL_generator_mixins INFO     mongo_db = CCCLGenerator, topic = CCCL/PURBACHAL/ENM_01 created 67d273f7d5fdbdbb91e6863f succesfully
2025-03-13 11:58:15,873 pop.CCCL_generator_mixins INFO     mongo_db = TemporaryCCCLGenerator, topic = CCCL/PURBACHAL/ENM_01 created 67d273f7d5fdbdbb91e68640 succesfully
2025-03-13 11:58:15,890 pop.CCCL_generator_mixins INFO     mongo_db = TodayCCCLGenerator, topic = CCCL/PURBACHAL/ENM_01 created 67d273f7d5fdbdbb91e68641 succesfully
2025-03-13 11:58:22,967 pop.CPM_RT_mixins INFO     mongo_db = RTModelCPM, topic = MQTT_RT_DATA created 67d273fed5fdbdbb91e68642 succesfully
2025-03-13 11:58:22,995 pop.CPM_RT_mixins INFO     mongo_db = TemporaryRTModelCPM, topic = MQTT_RT_DATA created 67d273fed5fdbdbb91e68643 succesfully
2025-03-13 11:58:23,015 pop.CPM_RT_mixins INFO     mongo_db = TodayRTModelCPM, topic = MQTT_RT_DATA created 67d273ffd5fdbdbb91e68644 succesfully
2025-03-13 11:58:38,493 pop.CCCL_environment_mixins INFO     mongo_db = CCCLEnvironment, topic = CCCL/PURBACHAL/ENV_01 created 67d2740ed5fdbdbb91e68645 succesfully
2025-03-13 11:58:38,506 pop.CCCL_environment_mixins INFO     mongo_db = TemporaryCCCLEnvironment, topic = CCCL/PURBACHAL/ENV_01 created 67d2740ed5fdbdbb91e68646 succesfully
2025-03-13 11:58:38,518 pop.CCCL_environment_mixins INFO     mongo_db = TodayCCCLEnvironment, topic = CCCL/PURBACHAL/ENV_01 created 67d2740ed5fdbdbb91e68647 succesfully
2025-03-13 11:58:51,310 pop.CPM_RT_mixins INFO     mongo_db = RTModelCPM, topic = MQTT_RT_DATA created 67d2741bd5fdbdbb91e68648 succesfully
2025-03-13 11:58:51,329 pop.CPM_RT_mixins INFO     mongo_db = TemporaryRTModelCPM, topic = MQTT_RT_DATA created 67d2741bd5fdbdbb91e68649 succesfully
2025-03-13 11:58:51,345 pop.CPM_RT_mixins INFO     mongo_db = TodayRTModelCPM, topic = MQTT_RT_DATA created 67d2741bd5fdbdbb91e6864a succesfully
2025-03-13 11:59:08,805 pop.CCCL_environment_mixins INFO     mongo_db = CCCLEnvironment, topic = CCCL/PURBACHAL/ENV_01 created 67d2742cd5fdbdbb91e6864b succesfully
2025-03-13 11:59:08,819 pop.CCCL_environment_mixins INFO     mongo_db = TemporaryCCCLEnvironment, topic = CCCL/PURBACHAL/ENV_01 created 67d2742cd5fdbdbb91e6864c succesfully
2025-03-13 11:59:08,832 pop.CCCL_environment_mixins INFO     mongo_db = TodayCCCLEnvironment, topic = CCCL/PURBACHAL/ENV_01 created 67d2742cd5fdbdbb91e6864d succesfully
2025-03-13 11:59:15,553 pop.CCCL_generator_mixins INFO     mongo_db = CCCLGenerator, topic = CCCL/PURBACHAL/ENM_01 created 67d27433d5fdbdbb91e6864e succesfully
2025-03-13 11:59:15,572 pop.CCCL_generator_mixins INFO     mongo_db = TemporaryCCCLGenerator, topic = CCCL/PURBACHAL/ENM_01 created 67d27433d5fdbdbb91e6864f succesfully
2025-03-13 11:59:15,584 pop.CCCL_generator_mixins INFO     mongo_db = TodayCCCLGenerator, topic = CCCL/PURBACHAL/ENM_01 created 67d27433d5fdbdbb91e68650 succesfully
2025-03-13 11:59:21,844 pop.CPM_RT_mixins INFO     mongo_db = RTModelCPM, topic = MQTT_RT_DATA created 67d27439d5fdbdbb91e68651 succesfully
2025-03-13 11:59:21,859 pop.CPM_RT_mixins INFO     mongo_db = TemporaryRTModelCPM, topic = MQTT_RT_DATA created 67d27439d5fdbdbb91e68652 succesfully
2025-03-13 11:59:21,876 pop.CPM_RT_mixins INFO     mongo_db = TodayRTModelCPM, topic = MQTT_RT_DATA created 67d27439d5fdbdbb91e68653 succesfully
2025-03-13 11:59:39,232 pop.CCCL_environment_mixins INFO     mongo_db = CCCLEnvironment, topic = CCCL/PURBACHAL/ENV_01 created 67d2744bd5fdbdbb91e68654 succesfully
2025-03-13 11:59:39,242 pop.CCCL_environment_mixins INFO     mongo_db = TemporaryCCCLEnvironment, topic = CCCL/PURBACHAL/ENV_01 created 67d2744bd5fdbdbb91e68655 succesfully
2025-03-13 11:59:39,254 pop.CCCL_environment_mixins INFO     mongo_db = TodayCCCLEnvironment, topic = CCCL/PURBACHAL/ENV_01 created 67d2744bd5fdbdbb91e68656 succesfully
2025-03-13 11:59:51,218 pop.CPM_RT_mixins INFO     mongo_db = RTModelCPM, topic = MQTT_RT_DATA created 67d27457d5fdbdbb91e68657 succesfully
2025-03-13 11:59:51,230 pop.CPM_RT_mixins INFO     mongo_db = TemporaryRTModelCPM, topic = MQTT_RT_DATA created 67d27457d5fdbdbb91e68658 succesfully
2025-03-13 11:59:51,242 pop.CPM_RT_mixins INFO     mongo_db = TodayRTModelCPM, topic = MQTT_RT_DATA created 67d27457d5fdbdbb91e68659 succesfully
2025-03-13 12:00:09,507 pop.CCCL_environment_mixins INFO     mongo_db = CCCLEnvironment, topic = CCCL/PURBACHAL/ENV_01 created 67d27469d5fdbdbb91e6865a succesfully
2025-03-13 12:00:09,536 pop.CCCL_environment_mixins INFO     mongo_db = TemporaryCCCLEnvironment, topic = CCCL/PURBACHAL/ENV_01 created 67d27469d5fdbdbb91e6865b succesfully
2025-03-13 12:00:09,547 pop.CCCL_environment_mixins INFO     mongo_db = TodayCCCLEnvironment, topic = CCCL/PURBACHAL/ENV_01 created 67d27469d5fdbdbb91e6865c succesfully
2025-03-13 12:00:15,530 pop.CCCL_generator_mixins INFO     mongo_db = CCCLGenerator, topic = CCCL/PURBACHAL/ENM_01 created 67d2746fd5fdbdbb91e6865d succesfully
2025-03-13 12:00:15,541 pop.CCCL_generator_mixins INFO     mongo_db = TemporaryCCCLGenerator, topic = CCCL/PURBACHAL/ENM_01 created 67d2746fd5fdbdbb91e6865e succesfully
2025-03-13 12:00:15,556 pop.CCCL_generator_mixins INFO     mongo_db = TodayCCCLGenerator, topic = CCCL/PURBACHAL/ENM_01 created 67d2746fd5fdbdbb91e6865f succesfully
2025-03-13 12:00:21,332 pop.CPM_RT_mixins INFO     mongo_db = RTModelCPM, topic = MQTT_RT_DATA created 67d27475d5fdbdbb91e68660 succesfully
2025-03-13 12:00:21,348 pop.CPM_RT_mixins INFO     mongo_db = TemporaryRTModelCPM, topic = MQTT_RT_DATA created 67d27475d5fdbdbb91e68661 succesfully
2025-03-13 12:00:21,360 pop.CPM_RT_mixins INFO     mongo_db = TodayRTModelCPM, topic = MQTT_RT_DATA created 67d27475d5fdbdbb91e68662 succesfully
2025-03-13 12:00:39,729 pop.CCCL_environment_mixins INFO     mongo_db = CCCLEnvironment, topic = CCCL/PURBACHAL/ENV_01 created 67d27487d5fdbdbb91e68663 succesfully
2025-03-13 12:00:39,743 pop.CCCL_environment_mixins INFO     mongo_db = TemporaryCCCLEnvironment, topic = CCCL/PURBACHAL/ENV_01 created 67d27487d5fdbdbb91e68664 succesfully
2025-03-13 12:00:39,754 pop.CCCL_environment_mixins INFO     mongo_db = TodayCCCLEnvironment, topic = CCCL/PURBACHAL/ENV_01 created 67d27487d5fdbdbb91e68665 succesfully
2025-03-13 12:00:52,484 pop.CPM_RT_mixins INFO     mongo_db = RTModelCPM, topic = MQTT_RT_DATA created 67d27494d5fdbdbb91e68666 succesfully
2025-03-13 12:00:52,494 pop.CPM_RT_mixins INFO     mongo_db = TemporaryRTModelCPM, topic = MQTT_RT_DATA created 67d27494d5fdbdbb91e68667 succesfully
2025-03-13 12:00:52,515 pop.CPM_RT_mixins INFO     mongo_db = TodayRTModelCPM, topic = MQTT_RT_DATA created 67d27494d5fdbdbb91e68668 succesfully
2025-03-13 12:01:10,055 pop.CCCL_environment_mixins INFO     mongo_db = CCCLEnvironment, topic = CCCL/PURBACHAL/ENV_01 created 67d274a6d5fdbdbb91e68669 succesfully
2025-03-13 12:01:10,072 pop.CCCL_environment_mixins INFO     mongo_db = TemporaryCCCLEnvironment, topic = CCCL/PURBACHAL/ENV_01 created 67d274a6d5fdbdbb91e6866a succesfully
2025-03-13 12:01:10,084 pop.CCCL_environment_mixins INFO     mongo_db = TodayCCCLEnvironment, topic = CCCL/PURBACHAL/ENV_01 created 67d274a6d5fdbdbb91e6866b succesfully
2025-03-13 12:01:16,868 pop.CCCL_generator_mixins INFO     mongo_db = CCCLGenerator, topic = CCCL/PURBACHAL/ENM_01 created 67d274acd5fdbdbb91e6866c succesfully
2025-03-13 12:01:16,879 pop.CCCL_generator_mixins INFO     mongo_db = TemporaryCCCLGenerator, topic = CCCL/PURBACHAL/ENM_01 created 67d274acd5fdbdbb91e6866d succesfully
2025-03-13 12:01:16,892 pop.CCCL_generator_mixins INFO     mongo_db = TodayCCCLGenerator, topic = CCCL/PURBACHAL/ENM_01 created 67d274acd5fdbdbb91e6866e succesfully
2025-03-13 12:01:40,354 pop.CCCL_environment_mixins INFO     mongo_db = CCCLEnvironment, topic = CCCL/PURBACHAL/ENV_01 created 67d274c4d5fdbdbb91e6866f succesfully
2025-03-13 12:01:40,378 pop.CCCL_environment_mixins INFO     mongo_db = TemporaryCCCLEnvironment, topic = CCCL/PURBACHAL/ENV_01 created 67d274c4d5fdbdbb91e68670 succesfully
2025-03-13 12:01:40,388 pop.CCCL_environment_mixins INFO     mongo_db = TodayCCCLEnvironment, topic = CCCL/PURBACHAL/ENV_01 created 67d274c4d5fdbdbb91e68671 succesfully
2025-03-13 12:01:52,534 pop.CPM_RT_mixins INFO     mongo_db = RTModelCPM, topic = MQTT_RT_DATA created 67d274d0d5fdbdbb91e68672 succesfully
2025-03-13 12:01:52,548 pop.CPM_RT_mixins INFO     mongo_db = TemporaryRTModelCPM, topic = MQTT_RT_DATA created 67d274d0d5fdbdbb91e68673 succesfully
2025-03-13 12:01:52,562 pop.CPM_RT_mixins INFO     mongo_db = TodayRTModelCPM, topic = MQTT_RT_DATA created 67d274d0d5fdbdbb91e68674 succesfully
2025-03-13 12:02:10,696 pop.CCCL_environment_mixins INFO     mongo_db = CCCLEnvironment, topic = CCCL/PURBACHAL/ENV_01 created 67d274e2d5fdbdbb91e68675 succesfully
2025-03-13 12:02:10,704 pop.CCCL_environment_mixins INFO     mongo_db = TemporaryCCCLEnvironment, topic = CCCL/PURBACHAL/ENV_01 created 67d274e2d5fdbdbb91e68676 succesfully
2025-03-13 12:02:10,713 pop.CCCL_environment_mixins INFO     mongo_db = TodayCCCLEnvironment, topic = CCCL/PURBACHAL/ENV_01 created 67d274e2d5fdbdbb91e68677 succesfully
2025-03-13 12:02:15,528 pop.CCCL_generator_mixins INFO     mongo_db = CCCLGenerator, topic = CCCL/PURBACHAL/ENM_01 created 67d274e7d5fdbdbb91e68678 succesfully
2025-03-13 12:02:15,539 pop.CCCL_generator_mixins INFO     mongo_db = TemporaryCCCLGenerator, topic = CCCL/PURBACHAL/ENM_01 created 67d274e7d5fdbdbb91e68679 succesfully
2025-03-13 12:02:15,551 pop.CCCL_generator_mixins INFO     mongo_db = TodayCCCLGenerator, topic = CCCL/PURBACHAL/ENM_01 created 67d274e7d5fdbdbb91e6867a succesfully
2025-03-13 12:02:21,491 pop.CPM_RT_mixins INFO     mongo_db = RTModelCPM, topic = MQTT_RT_DATA created 67d274edd5fdbdbb91e6867b succesfully
2025-03-13 12:02:21,505 pop.CPM_RT_mixins INFO     mongo_db = TemporaryRTModelCPM, topic = MQTT_RT_DATA created 67d274edd5fdbdbb91e6867c succesfully
2025-03-13 12:02:21,515 pop.CPM_RT_mixins INFO     mongo_db = TodayRTModelCPM, topic = MQTT_RT_DATA created 67d274edd5fdbdbb91e6867d succesfully
2025-03-13 12:02:40,872 pop.CCCL_environment_mixins INFO     mongo_db = CCCLEnvironment, topic = CCCL/PURBACHAL/ENV_01 created 67d27500d5fdbdbb91e6867e succesfully
2025-03-13 12:02:40,883 pop.CCCL_environment_mixins INFO     mongo_db = TemporaryCCCLEnvironment, topic = CCCL/PURBACHAL/ENV_01 created 67d27500d5fdbdbb91e6867f succesfully
2025-03-13 12:02:40,895 pop.CCCL_environment_mixins INFO     mongo_db = TodayCCCLEnvironment, topic = CCCL/PURBACHAL/ENV_01 created 67d27500d5fdbdbb91e68680 succesfully
2025-03-13 12:02:51,051 pop.CPM_RT_mixins INFO     mongo_db = RTModelCPM, topic = MQTT_RT_DATA created 67d2750bd5fdbdbb91e68681 succesfully
2025-03-13 12:02:51,065 pop.CPM_RT_mixins INFO     mongo_db = TemporaryRTModelCPM, topic = MQTT_RT_DATA created 67d2750bd5fdbdbb91e68682 succesfully
2025-03-13 12:02:51,077 pop.CPM_RT_mixins INFO     mongo_db = TodayRTModelCPM, topic = MQTT_RT_DATA created 67d2750bd5fdbdbb91e68683 succesfully
2025-03-13 12:03:11,272 pop.CCCL_environment_mixins INFO     mongo_db = CCCLEnvironment, topic = CCCL/PURBACHAL/ENV_01 created 67d2751fd5fdbdbb91e68684 succesfully
2025-03-13 12:03:11,281 pop.CCCL_environment_mixins INFO     mongo_db = TemporaryCCCLEnvironment, topic = CCCL/PURBACHAL/ENV_01 created 67d2751fd5fdbdbb91e68685 succesfully
2025-03-13 12:03:11,290 pop.CCCL_environment_mixins INFO     mongo_db = TodayCCCLEnvironment, topic = CCCL/PURBACHAL/ENV_01 created 67d2751fd5fdbdbb91e68686 succesfully
2025-03-13 12:03:15,596 pop.CCCL_generator_mixins INFO     mongo_db = CCCLGenerator, topic = CCCL/PURBACHAL/ENM_01 created 67d27523d5fdbdbb91e68687 succesfully
2025-03-13 12:03:15,614 pop.CCCL_generator_mixins INFO     mongo_db = TemporaryCCCLGenerator, topic = CCCL/PURBACHAL/ENM_01 created 67d27523d5fdbdbb91e68688 succesfully
2025-03-13 12:03:15,626 pop.CCCL_generator_mixins INFO     mongo_db = TodayCCCLGenerator, topic = CCCL/PURBACHAL/ENM_01 created 67d27523d5fdbdbb91e68689 succesfully
2025-03-13 12:03:21,510 pop.CPM_RT_mixins INFO     mongo_db = RTModelCPM, topic = MQTT_RT_DATA created 67d27529d5fdbdbb91e6868a succesfully
2025-03-13 12:03:21,521 pop.CPM_RT_mixins INFO     mongo_db = TemporaryRTModelCPM, topic = MQTT_RT_DATA created 67d27529d5fdbdbb91e6868b succesfully
2025-03-13 12:03:21,534 pop.CPM_RT_mixins INFO     mongo_db = TodayRTModelCPM, topic = MQTT_RT_DATA created 67d27529d5fdbdbb91e6868c succesfully
2025-03-13 12:03:41,495 pop.CCCL_environment_mixins INFO     mongo_db = CCCLEnvironment, topic = CCCL/PURBACHAL/ENV_01 created 67d2753dd5fdbdbb91e6868d succesfully
2025-03-13 12:03:41,514 pop.CCCL_environment_mixins INFO     mongo_db = TemporaryCCCLEnvironment, topic = CCCL/PURBACHAL/ENV_01 created 67d2753dd5fdbdbb91e6868e succesfully
2025-03-13 12:03:41,530 pop.CCCL_environment_mixins INFO     mongo_db = TodayCCCLEnvironment, topic = CCCL/PURBACHAL/ENV_01 created 67d2753dd5fdbdbb91e6868f succesfully
2025-03-13 12:03:51,346 pop.CPM_RT_mixins INFO     mongo_db = RTModelCPM, topic = MQTT_RT_DATA created 67d27547d5fdbdbb91e68690 succesfully
2025-03-13 12:03:51,358 pop.CPM_RT_mixins INFO     mongo_db = TemporaryRTModelCPM, topic = MQTT_RT_DATA created 67d27547d5fdbdbb91e68691 succesfully
2025-03-13 12:03:51,372 pop.CPM_RT_mixins INFO     mongo_db = TodayRTModelCPM, topic = MQTT_RT_DATA created 67d27547d5fdbdbb91e68692 succesfully
2025-03-13 12:04:43,897 pop.CPM_RT_mixins INFO     mongo_db = RTModelCPM, topic = MQTT_RT_DATA created 67d2757bdbec95456e4c0a30 succesfully
2025-03-13 12:04:43,925 pop.CPM_RT_mixins INFO     mongo_db = TemporaryRTModelCPM, topic = MQTT_RT_DATA created 67d2757bdbec95456e4c0a31 succesfully
2025-03-13 12:04:43,964 pop.CPM_RT_mixins INFO     mongo_db = TodayRTModelCPM, topic = MQTT_RT_DATA created 67d2757bdbec95456e4c0a32 succesfully
2025-03-13 12:04:52,494 pop.CPM_RT_mixins INFO     mongo_db = RTModelCPM, topic = MQTT_RT_DATA created 67d27584dbec95456e4c0a33 succesfully
2025-03-13 12:04:52,510 pop.CPM_RT_mixins INFO     mongo_db = TemporaryRTModelCPM, topic = MQTT_RT_DATA created 67d27584dbec95456e4c0a34 succesfully
2025-03-13 12:04:52,521 pop.CPM_RT_mixins INFO     mongo_db = TodayRTModelCPM, topic = MQTT_RT_DATA created 67d27584dbec95456e4c0a35 succesfully
2025-03-13 12:05:12,476 pop.CCCL_environment_mixins INFO     mongo_db = CCCLEnvironment, topic = CCCL/PURBACHAL/ENV_01 created 67d27598dbec95456e4c0a36 succesfully
2025-03-13 12:05:12,496 pop.CCCL_environment_mixins INFO     mongo_db = TemporaryCCCLEnvironment, topic = CCCL/PURBACHAL/ENV_01 created 67d27598dbec95456e4c0a37 succesfully
2025-03-13 12:05:12,508 pop.CCCL_environment_mixins INFO     mongo_db = TodayCCCLEnvironment, topic = CCCL/PURBACHAL/ENV_01 created 67d27598dbec95456e4c0a38 succesfully
2025-03-13 12:05:15,623 pop.CCCL_generator_mixins INFO     mongo_db = CCCLGenerator, topic = CCCL/PURBACHAL/ENM_01 created 67d2759bdbec95456e4c0a39 succesfully
2025-03-13 12:05:15,649 pop.CCCL_generator_mixins INFO     mongo_db = TemporaryCCCLGenerator, topic = CCCL/PURBACHAL/ENM_01 created 67d2759bdbec95456e4c0a3a succesfully
2025-03-13 12:05:15,661 pop.CCCL_generator_mixins INFO     mongo_db = TodayCCCLGenerator, topic = CCCL/PURBACHAL/ENM_01 created 67d2759bdbec95456e4c0a3b succesfully
2025-03-13 12:05:22,600 pop.CPM_RT_mixins INFO     mongo_db = RTModelCPM, topic = MQTT_RT_DATA created 67d275a2dbec95456e4c0a3c succesfully
2025-03-13 12:05:22,613 pop.CPM_RT_mixins INFO     mongo_db = TemporaryRTModelCPM, topic = MQTT_RT_DATA created 67d275a2dbec95456e4c0a3d succesfully
2025-03-13 12:05:22,624 pop.CPM_RT_mixins INFO     mongo_db = TodayRTModelCPM, topic = MQTT_RT_DATA created 67d275a2dbec95456e4c0a3e succesfully
2025-03-13 12:05:42,749 pop.CCCL_environment_mixins INFO     mongo_db = CCCLEnvironment, topic = CCCL/PURBACHAL/ENV_01 created 67d275b6dbec95456e4c0a3f succesfully
2025-03-13 12:05:42,770 pop.CCCL_environment_mixins INFO     mongo_db = TemporaryCCCLEnvironment, topic = CCCL/PURBACHAL/ENV_01 created 67d275b6dbec95456e4c0a40 succesfully
2025-03-13 12:05:42,785 pop.CCCL_environment_mixins INFO     mongo_db = TodayCCCLEnvironment, topic = CCCL/PURBACHAL/ENV_01 created 67d275b6dbec95456e4c0a41 succesfully
2025-03-13 12:05:52,690 pop.CPM_RT_mixins INFO     mongo_db = RTModelCPM, topic = MQTT_RT_DATA created 67d275c0dbec95456e4c0a42 succesfully
2025-03-13 12:05:52,707 pop.CPM_RT_mixins INFO     mongo_db = TemporaryRTModelCPM, topic = MQTT_RT_DATA created 67d275c0dbec95456e4c0a43 succesfully
2025-03-13 12:05:52,718 pop.CPM_RT_mixins INFO     mongo_db = TodayRTModelCPM, topic = MQTT_RT_DATA created 67d275c0dbec95456e4c0a44 succesfully
2025-03-13 12:06:13,154 pop.CCCL_environment_mixins INFO     mongo_db = CCCLEnvironment, topic = CCCL/PURBACHAL/ENV_01 created 67d275d5dbec95456e4c0a45 succesfully
2025-03-13 12:06:13,165 pop.CCCL_environment_mixins INFO     mongo_db = TemporaryCCCLEnvironment, topic = CCCL/PURBACHAL/ENV_01 created 67d275d5dbec95456e4c0a46 succesfully
2025-03-13 12:06:13,173 pop.CCCL_environment_mixins INFO     mongo_db = TodayCCCLEnvironment, topic = CCCL/PURBACHAL/ENV_01 created 67d275d5dbec95456e4c0a47 succesfully
2025-03-13 12:06:15,601 pop.CCCL_generator_mixins INFO     mongo_db = CCCLGenerator, topic = CCCL/PURBACHAL/ENM_01 created 67d275d7dbec95456e4c0a48 succesfully
2025-03-13 12:06:15,612 pop.CCCL_generator_mixins INFO     mongo_db = TemporaryCCCLGenerator, topic = CCCL/PURBACHAL/ENM_01 created 67d275d7dbec95456e4c0a49 succesfully
2025-03-13 12:06:15,627 pop.CCCL_generator_mixins INFO     mongo_db = TodayCCCLGenerator, topic = CCCL/PURBACHAL/ENM_01 created 67d275d7dbec95456e4c0a4a succesfully
2025-03-13 12:06:22,136 pop.CPM_RT_mixins INFO     mongo_db = RTModelCPM, topic = MQTT_RT_DATA created 67d275dedbec95456e4c0a4b succesfully
2025-03-13 12:06:22,149 pop.CPM_RT_mixins INFO     mongo_db = TemporaryRTModelCPM, topic = MQTT_RT_DATA created 67d275dedbec95456e4c0a4c succesfully
2025-03-13 12:06:22,163 pop.CPM_RT_mixins INFO     mongo_db = TodayRTModelCPM, topic = MQTT_RT_DATA created 67d275dedbec95456e4c0a4d succesfully
2025-03-13 12:07:55,025 pop.CPM_RT_mixins INFO     mongo_db = RTModelCPM, topic = MQTT_RT_DATA created 67d2763bca0ef2bb53bb6c1c succesfully
2025-03-13 12:07:55,058 pop.CPM_RT_mixins INFO     mongo_db = TemporaryRTModelCPM, topic = MQTT_RT_DATA created 67d2763bca0ef2bb53bb6c1d succesfully
2025-03-13 12:07:55,086 pop.CPM_RT_mixins INFO     mongo_db = TodayRTModelCPM, topic = MQTT_RT_DATA created 67d2763bca0ef2bb53bb6c1e succesfully
2025-03-13 12:08:14,725 pop.CCCL_environment_mixins INFO     mongo_db = CCCLEnvironment, topic = CCCL/PURBACHAL/ENV_01 created 67d2764eca0ef2bb53bb6c1f succesfully
2025-03-13 12:08:14,763 pop.CCCL_environment_mixins INFO     mongo_db = TemporaryCCCLEnvironment, topic = CCCL/PURBACHAL/ENV_01 created 67d2764eca0ef2bb53bb6c20 succesfully
2025-03-13 12:08:14,792 pop.CCCL_environment_mixins INFO     mongo_db = TodayCCCLEnvironment, topic = CCCL/PURBACHAL/ENV_01 created 67d2764eca0ef2bb53bb6c21 succesfully
2025-03-13 12:08:15,823 pop.CCCL_generator_mixins INFO     mongo_db = CCCLGenerator, topic = CCCL/PURBACHAL/ENM_01 created 67d2764fca0ef2bb53bb6c22 succesfully
2025-03-13 12:08:15,839 pop.CCCL_generator_mixins INFO     mongo_db = TemporaryCCCLGenerator, topic = CCCL/PURBACHAL/ENM_01 created 67d2764fca0ef2bb53bb6c23 succesfully
2025-03-13 12:08:15,853 pop.CCCL_generator_mixins INFO     mongo_db = TodayCCCLGenerator, topic = CCCL/PURBACHAL/ENM_01 created 67d2764fca0ef2bb53bb6c24 succesfully
2025-03-13 12:08:45,226 pop.CCCL_environment_mixins INFO     mongo_db = CCCLEnvironment, topic = CCCL/PURBACHAL/ENV_01 created 67d2766dca0ef2bb53bb6c25 succesfully
2025-03-13 12:08:45,247 pop.CCCL_environment_mixins INFO     mongo_db = TemporaryCCCLEnvironment, topic = CCCL/PURBACHAL/ENV_01 created 67d2766dca0ef2bb53bb6c26 succesfully
2025-03-13 12:08:45,257 pop.CCCL_environment_mixins INFO     mongo_db = TodayCCCLEnvironment, topic = CCCL/PURBACHAL/ENV_01 created 67d2766dca0ef2bb53bb6c27 succesfully
2025-03-13 12:08:51,363 pop.CPM_RT_mixins INFO     mongo_db = RTModelCPM, topic = MQTT_RT_DATA created 67d27673ca0ef2bb53bb6c28 succesfully
2025-03-13 12:08:51,380 pop.CPM_RT_mixins INFO     mongo_db = TemporaryRTModelCPM, topic = MQTT_RT_DATA created 67d27673ca0ef2bb53bb6c29 succesfully
2025-03-13 12:08:51,401 pop.CPM_RT_mixins INFO     mongo_db = TodayRTModelCPM, topic = MQTT_RT_DATA created 67d27673ca0ef2bb53bb6c2a succesfully
2025-03-13 12:08:55,096 django.request WARNING  Unauthorized: /api/v1.0/pop/
2025-03-13 12:09:15,338 pop.CCCL_environment_mixins INFO     mongo_db = CCCLEnvironment, topic = CCCL/PURBACHAL/ENV_01 created 67d2768bca0ef2bb53bb6c2b succesfully
2025-03-13 12:09:15,369 pop.CCCL_environment_mixins INFO     mongo_db = TemporaryCCCLEnvironment, topic = CCCL/PURBACHAL/ENV_01 created 67d2768bca0ef2bb53bb6c2c succesfully
2025-03-13 12:09:15,389 pop.CCCL_environment_mixins INFO     mongo_db = TodayCCCLEnvironment, topic = CCCL/PURBACHAL/ENV_01 created 67d2768bca0ef2bb53bb6c2d succesfully
2025-03-13 12:09:15,839 pop.CCCL_generator_mixins INFO     mongo_db = CCCLGenerator, topic = CCCL/PURBACHAL/ENM_01 created 67d2768bca0ef2bb53bb6c2e succesfully
2025-03-13 12:09:15,867 pop.CCCL_generator_mixins INFO     mongo_db = TemporaryCCCLGenerator, topic = CCCL/PURBACHAL/ENM_01 created 67d2768bca0ef2bb53bb6c2f succesfully
2025-03-13 12:09:15,886 pop.CCCL_generator_mixins INFO     mongo_db = TodayCCCLGenerator, topic = CCCL/PURBACHAL/ENM_01 created 67d2768bca0ef2bb53bb6c30 succesfully
2025-03-13 12:09:20,905 django.request WARNING  Unauthorized: /api/v1.0/pop/
2025-03-13 12:09:36,260 django.request WARNING  Unauthorized: /api/v1.0/pop/
2025-03-13 12:09:46,042 pop.CCCL_environment_mixins INFO     mongo_db = CCCLEnvironment, topic = CCCL/PURBACHAL/ENV_01 created 67d276aaca0ef2bb53bb6c31 succesfully
2025-03-13 12:09:46,067 pop.CCCL_environment_mixins INFO     mongo_db = TemporaryCCCLEnvironment, topic = CCCL/PURBACHAL/ENV_01 created 67d276aaca0ef2bb53bb6c32 succesfully
2025-03-13 12:09:46,080 pop.CCCL_environment_mixins INFO     mongo_db = TodayCCCLEnvironment, topic = CCCL/PURBACHAL/ENV_01 created 67d276aaca0ef2bb53bb6c33 succesfully
2025-03-13 12:09:51,788 pop.CPM_RT_mixins INFO     mongo_db = RTModelCPM, topic = MQTT_RT_DATA created 67d276afca0ef2bb53bb6c34 succesfully
2025-03-13 12:09:51,805 pop.CPM_RT_mixins INFO     mongo_db = TemporaryRTModelCPM, topic = MQTT_RT_DATA created 67d276afca0ef2bb53bb6c35 succesfully
2025-03-13 12:09:51,820 pop.CPM_RT_mixins INFO     mongo_db = TodayRTModelCPM, topic = MQTT_RT_DATA created 67d276afca0ef2bb53bb6c36 succesfully
2025-03-13 12:10:15,825 pop.CCCL_generator_mixins INFO     mongo_db = CCCLGenerator, topic = CCCL/PURBACHAL/ENM_01 created 67d276c7ca0ef2bb53bb6c37 succesfully
2025-03-13 12:10:15,841 pop.CCCL_generator_mixins INFO     mongo_db = TemporaryCCCLGenerator, topic = CCCL/PURBACHAL/ENM_01 created 67d276c7ca0ef2bb53bb6c38 succesfully
2025-03-13 12:10:15,854 pop.CCCL_generator_mixins INFO     mongo_db = TodayCCCLGenerator, topic = CCCL/PURBACHAL/ENM_01 created 67d276c7ca0ef2bb53bb6c39 succesfully
2025-03-13 12:10:16,251 pop.CCCL_environment_mixins INFO     mongo_db = CCCLEnvironment, topic = CCCL/PURBACHAL/ENV_01 created 67d276c8ca0ef2bb53bb6c3a succesfully
2025-03-13 12:10:16,272 pop.CCCL_environment_mixins INFO     mongo_db = TemporaryCCCLEnvironment, topic = CCCL/PURBACHAL/ENV_01 created 67d276c8ca0ef2bb53bb6c3b succesfully
2025-03-13 12:10:16,284 pop.CCCL_environment_mixins INFO     mongo_db = TodayCCCLEnvironment, topic = CCCL/PURBACHAL/ENV_01 created 67d276c8ca0ef2bb53bb6c3c succesfully
2025-03-13 12:10:47,208 pop.CCCL_environment_mixins INFO     mongo_db = CCCLEnvironment, topic = CCCL/PURBACHAL/ENV_01 created 67d276e7ca0ef2bb53bb6c3d succesfully
2025-03-13 12:10:47,237 pop.CCCL_environment_mixins INFO     mongo_db = TemporaryCCCLEnvironment, topic = CCCL/PURBACHAL/ENV_01 created 67d276e7ca0ef2bb53bb6c3e succesfully
2025-03-13 12:10:47,251 pop.CCCL_environment_mixins INFO     mongo_db = TodayCCCLEnvironment, topic = CCCL/PURBACHAL/ENV_01 created 67d276e7ca0ef2bb53bb6c3f succesfully
2025-03-13 12:10:52,533 pop.CPM_RT_mixins INFO     mongo_db = RTModelCPM, topic = MQTT_RT_DATA created 67d276ecca0ef2bb53bb6c40 succesfully
2025-03-13 12:10:52,552 pop.CPM_RT_mixins INFO     mongo_db = TemporaryRTModelCPM, topic = MQTT_RT_DATA created 67d276ecca0ef2bb53bb6c41 succesfully
2025-03-13 12:10:52,570 pop.CPM_RT_mixins INFO     mongo_db = TodayRTModelCPM, topic = MQTT_RT_DATA created 67d276ecca0ef2bb53bb6c42 succesfully
2025-03-13 12:11:15,729 pop.CCCL_generator_mixins INFO     mongo_db = CCCLGenerator, topic = CCCL/PURBACHAL/ENM_01 created 67d27703ca0ef2bb53bb6c43 succesfully
2025-03-13 12:11:15,741 pop.CCCL_generator_mixins INFO     mongo_db = TemporaryCCCLGenerator, topic = CCCL/PURBACHAL/ENM_01 created 67d27703ca0ef2bb53bb6c44 succesfully
2025-03-13 12:11:15,753 pop.CCCL_generator_mixins INFO     mongo_db = TodayCCCLGenerator, topic = CCCL/PURBACHAL/ENM_01 created 67d27703ca0ef2bb53bb6c45 succesfully
2025-03-13 12:11:16,659 pop.CCCL_environment_mixins INFO     mongo_db = CCCLEnvironment, topic = CCCL/PURBACHAL/ENV_01 created 67d27704ca0ef2bb53bb6c46 succesfully
2025-03-13 12:11:16,681 pop.CCCL_environment_mixins INFO     mongo_db = TemporaryCCCLEnvironment, topic = CCCL/PURBACHAL/ENV_01 created 67d27704ca0ef2bb53bb6c47 succesfully
2025-03-13 12:11:16,693 pop.CCCL_environment_mixins INFO     mongo_db = TodayCCCLEnvironment, topic = CCCL/PURBACHAL/ENV_01 created 67d27704ca0ef2bb53bb6c48 succesfully
2025-03-13 12:11:21,178 pop.CPM_RT_mixins INFO     mongo_db = RTModelCPM, topic = MQTT_RT_DATA created 67d27709ca0ef2bb53bb6c49 succesfully
2025-03-13 12:11:21,193 pop.CPM_RT_mixins INFO     mongo_db = TemporaryRTModelCPM, topic = MQTT_RT_DATA created 67d27709ca0ef2bb53bb6c4a succesfully
2025-03-13 12:11:21,206 pop.CPM_RT_mixins INFO     mongo_db = TodayRTModelCPM, topic = MQTT_RT_DATA created 67d27709ca0ef2bb53bb6c4b succesfully
2025-03-13 12:11:47,066 pop.CCCL_environment_mixins INFO     mongo_db = CCCLEnvironment, topic = CCCL/PURBACHAL/ENV_01 created 67d27723ca0ef2bb53bb6c4c succesfully
2025-03-13 12:11:47,093 pop.CCCL_environment_mixins INFO     mongo_db = TemporaryCCCLEnvironment, topic = CCCL/PURBACHAL/ENV_01 created 67d27723ca0ef2bb53bb6c4d succesfully
2025-03-13 12:11:47,114 pop.CCCL_environment_mixins INFO     mongo_db = TodayCCCLEnvironment, topic = CCCL/PURBACHAL/ENV_01 created 67d27723ca0ef2bb53bb6c4e succesfully
2025-03-13 12:11:53,348 pop.CPM_RT_mixins INFO     mongo_db = RTModelCPM, topic = MQTT_RT_DATA created 67d27729ca0ef2bb53bb6c4f succesfully
2025-03-13 12:11:53,365 pop.CPM_RT_mixins INFO     mongo_db = TemporaryRTModelCPM, topic = MQTT_RT_DATA created 67d27729ca0ef2bb53bb6c50 succesfully
2025-03-13 12:11:53,378 pop.CPM_RT_mixins INFO     mongo_db = TodayRTModelCPM, topic = MQTT_RT_DATA created 67d27729ca0ef2bb53bb6c51 succesfully
2025-03-13 12:12:15,629 pop.CCCL_generator_mixins INFO     mongo_db = CCCLGenerator, topic = CCCL/PURBACHAL/ENM_01 created 67d2773fca0ef2bb53bb6c52 succesfully
2025-03-13 12:12:15,643 pop.CCCL_generator_mixins INFO     mongo_db = TemporaryCCCLGenerator, topic = CCCL/PURBACHAL/ENM_01 created 67d2773fca0ef2bb53bb6c53 succesfully
2025-03-13 12:12:15,655 pop.CCCL_generator_mixins INFO     mongo_db = TodayCCCLGenerator, topic = CCCL/PURBACHAL/ENM_01 created 67d2773fca0ef2bb53bb6c54 succesfully
2025-03-13 12:12:17,576 pop.CCCL_environment_mixins INFO     mongo_db = CCCLEnvironment, topic = CCCL/PURBACHAL/ENV_01 created 67d27741ca0ef2bb53bb6c55 succesfully
2025-03-13 12:12:17,597 pop.CCCL_environment_mixins INFO     mongo_db = TemporaryCCCLEnvironment, topic = CCCL/PURBACHAL/ENV_01 created 67d27741ca0ef2bb53bb6c56 succesfully
2025-03-13 12:12:17,608 pop.CCCL_environment_mixins INFO     mongo_db = TodayCCCLEnvironment, topic = CCCL/PURBACHAL/ENV_01 created 67d27741ca0ef2bb53bb6c57 succesfully
2025-03-13 12:12:21,473 pop.CPM_RT_mixins INFO     mongo_db = RTModelCPM, topic = MQTT_RT_DATA created 67d27745ca0ef2bb53bb6c58 succesfully
2025-03-13 12:12:21,489 pop.CPM_RT_mixins INFO     mongo_db = TemporaryRTModelCPM, topic = MQTT_RT_DATA created 67d27745ca0ef2bb53bb6c59 succesfully
2025-03-13 12:12:21,501 pop.CPM_RT_mixins INFO     mongo_db = TodayRTModelCPM, topic = MQTT_RT_DATA created 67d27745ca0ef2bb53bb6c5a succesfully
2025-03-13 12:12:49,416 pop.CCCL_environment_mixins INFO     mongo_db = CCCLEnvironment, topic = CCCL/PURBACHAL/ENV_01 created 67d27761ca0ef2bb53bb6c5b succesfully
2025-03-13 12:12:49,439 pop.CCCL_environment_mixins INFO     mongo_db = TemporaryCCCLEnvironment, topic = CCCL/PURBACHAL/ENV_01 created 67d27761ca0ef2bb53bb6c5c succesfully
2025-03-13 12:12:49,454 pop.CCCL_environment_mixins INFO     mongo_db = TodayCCCLEnvironment, topic = CCCL/PURBACHAL/ENV_01 created 67d27761ca0ef2bb53bb6c5d succesfully
2025-03-13 12:12:53,165 pop.CPM_RT_mixins INFO     mongo_db = RTModelCPM, topic = MQTT_RT_DATA created 67d27765ca0ef2bb53bb6c5e succesfully
2025-03-13 12:12:53,176 pop.CPM_RT_mixins INFO     mongo_db = TemporaryRTModelCPM, topic = MQTT_RT_DATA created 67d27765ca0ef2bb53bb6c5f succesfully
2025-03-13 12:12:53,190 pop.CPM_RT_mixins INFO     mongo_db = TodayRTModelCPM, topic = MQTT_RT_DATA created 67d27765ca0ef2bb53bb6c60 succesfully
2025-03-13 12:13:15,671 pop.CCCL_generator_mixins INFO     mongo_db = CCCLGenerator, topic = CCCL/PURBACHAL/ENM_01 created 67d2777bca0ef2bb53bb6c61 succesfully
2025-03-13 12:13:15,685 pop.CCCL_generator_mixins INFO     mongo_db = TemporaryCCCLGenerator, topic = CCCL/PURBACHAL/ENM_01 created 67d2777bca0ef2bb53bb6c62 succesfully
2025-03-13 12:13:15,699 pop.CCCL_generator_mixins INFO     mongo_db = TodayCCCLGenerator, topic = CCCL/PURBACHAL/ENM_01 created 67d2777bca0ef2bb53bb6c63 succesfully
2025-03-13 12:13:18,640 pop.CCCL_environment_mixins INFO     mongo_db = CCCLEnvironment, topic = CCCL/PURBACHAL/ENV_01 created 67d2777eca0ef2bb53bb6c64 succesfully
2025-03-13 12:13:18,659 pop.CCCL_environment_mixins INFO     mongo_db = TemporaryCCCLEnvironment, topic = CCCL/PURBACHAL/ENV_01 created 67d2777eca0ef2bb53bb6c65 succesfully
2025-03-13 12:13:18,671 pop.CCCL_environment_mixins INFO     mongo_db = TodayCCCLEnvironment, topic = CCCL/PURBACHAL/ENV_01 created 67d2777eca0ef2bb53bb6c66 succesfully
2025-03-13 12:13:48,293 pop.CCCL_environment_mixins INFO     mongo_db = CCCLEnvironment, topic = CCCL/PURBACHAL/ENV_01 created 67d2779cca0ef2bb53bb6c67 succesfully
2025-03-13 12:13:48,304 pop.CCCL_environment_mixins INFO     mongo_db = TemporaryCCCLEnvironment, topic = CCCL/PURBACHAL/ENV_01 created 67d2779cca0ef2bb53bb6c68 succesfully
2025-03-13 12:13:48,314 pop.CCCL_environment_mixins INFO     mongo_db = TodayCCCLEnvironment, topic = CCCL/PURBACHAL/ENV_01 created 67d2779cca0ef2bb53bb6c69 succesfully
2025-03-13 12:13:51,227 pop.CPM_RT_mixins INFO     mongo_db = RTModelCPM, topic = MQTT_RT_DATA created 67d2779fca0ef2bb53bb6c6a succesfully
2025-03-13 12:13:51,238 pop.CPM_RT_mixins INFO     mongo_db = TemporaryRTModelCPM, topic = MQTT_RT_DATA created 67d2779fca0ef2bb53bb6c6b succesfully
2025-03-13 12:13:51,248 pop.CPM_RT_mixins INFO     mongo_db = TodayRTModelCPM, topic = MQTT_RT_DATA created 67d2779fca0ef2bb53bb6c6c succesfully
2025-03-13 12:14:15,592 pop.CCCL_generator_mixins INFO     mongo_db = CCCLGenerator, topic = CCCL/PURBACHAL/ENM_01 created 67d277b7ca0ef2bb53bb6c6d succesfully
2025-03-13 12:14:15,607 pop.CCCL_generator_mixins INFO     mongo_db = TemporaryCCCLGenerator, topic = CCCL/PURBACHAL/ENM_01 created 67d277b7ca0ef2bb53bb6c6e succesfully
2025-03-13 12:14:15,618 pop.CCCL_generator_mixins INFO     mongo_db = TodayCCCLGenerator, topic = CCCL/PURBACHAL/ENM_01 created 67d277b7ca0ef2bb53bb6c6f succesfully
2025-03-13 12:14:18,945 pop.CCCL_environment_mixins INFO     mongo_db = CCCLEnvironment, topic = CCCL/PURBACHAL/ENV_01 created 67d277baca0ef2bb53bb6c70 succesfully
2025-03-13 12:14:18,969 pop.CCCL_environment_mixins INFO     mongo_db = TemporaryCCCLEnvironment, topic = CCCL/PURBACHAL/ENV_01 created 67d277baca0ef2bb53bb6c71 succesfully
2025-03-13 12:14:18,988 pop.CCCL_environment_mixins INFO     mongo_db = TodayCCCLEnvironment, topic = CCCL/PURBACHAL/ENV_01 created 67d277baca0ef2bb53bb6c72 succesfully
2025-03-13 12:14:21,404 pop.CPM_RT_mixins INFO     mongo_db = RTModelCPM, topic = MQTT_RT_DATA created 67d277bdca0ef2bb53bb6c73 succesfully
2025-03-13 12:14:21,415 pop.CPM_RT_mixins INFO     mongo_db = TemporaryRTModelCPM, topic = MQTT_RT_DATA created 67d277bdca0ef2bb53bb6c74 succesfully
2025-03-13 12:14:21,426 pop.CPM_RT_mixins INFO     mongo_db = TodayRTModelCPM, topic = MQTT_RT_DATA created 67d277bdca0ef2bb53bb6c75 succesfully
2025-03-13 12:14:49,451 pop.CCCL_environment_mixins INFO     mongo_db = CCCLEnvironment, topic = CCCL/PURBACHAL/ENV_01 created 67d277d9ca0ef2bb53bb6c76 succesfully
2025-03-13 12:14:49,461 pop.CCCL_environment_mixins INFO     mongo_db = TemporaryCCCLEnvironment, topic = CCCL/PURBACHAL/ENV_01 created 67d277d9ca0ef2bb53bb6c77 succesfully
2025-03-13 12:14:49,470 pop.CCCL_environment_mixins INFO     mongo_db = TodayCCCLEnvironment, topic = CCCL/PURBACHAL/ENV_01 created 67d277d9ca0ef2bb53bb6c78 succesfully
2025-03-13 12:14:51,919 pop.CPM_RT_mixins INFO     mongo_db = RTModelCPM, topic = MQTT_RT_DATA created 67d277dbca0ef2bb53bb6c79 succesfully
2025-03-13 12:14:51,934 pop.CPM_RT_mixins INFO     mongo_db = TemporaryRTModelCPM, topic = MQTT_RT_DATA created 67d277dbca0ef2bb53bb6c7a succesfully
2025-03-13 12:14:51,947 pop.CPM_RT_mixins INFO     mongo_db = TodayRTModelCPM, topic = MQTT_RT_DATA created 67d277dbca0ef2bb53bb6c7b succesfully
2025-03-13 12:15:15,626 pop.CCCL_generator_mixins INFO     mongo_db = CCCLGenerator, topic = CCCL/PURBACHAL/ENM_01 created 67d277f3ca0ef2bb53bb6c7c succesfully
2025-03-13 12:15:15,647 pop.CCCL_generator_mixins INFO     mongo_db = TemporaryCCCLGenerator, topic = CCCL/PURBACHAL/ENM_01 created 67d277f3ca0ef2bb53bb6c7d succesfully
2025-03-13 12:15:15,657 pop.CCCL_generator_mixins INFO     mongo_db = TodayCCCLGenerator, topic = CCCL/PURBACHAL/ENM_01 created 67d277f3ca0ef2bb53bb6c7e succesfully
2025-03-13 12:15:19,644 pop.CCCL_environment_mixins INFO     mongo_db = CCCLEnvironment, topic = CCCL/PURBACHAL/ENV_01 created 67d277f7ca0ef2bb53bb6c7f succesfully
2025-03-13 12:15:19,656 pop.CCCL_environment_mixins INFO     mongo_db = TemporaryCCCLEnvironment, topic = CCCL/PURBACHAL/ENV_01 created 67d277f7ca0ef2bb53bb6c80 succesfully
2025-03-13 12:15:19,665 pop.CCCL_environment_mixins INFO     mongo_db = TodayCCCLEnvironment, topic = CCCL/PURBACHAL/ENV_01 created 67d277f7ca0ef2bb53bb6c81 succesfully
2025-03-13 12:15:21,668 pop.CPM_RT_mixins INFO     mongo_db = RTModelCPM, topic = MQTT_RT_DATA created 67d277f9ca0ef2bb53bb6c82 succesfully
2025-03-13 12:15:21,683 pop.CPM_RT_mixins INFO     mongo_db = TemporaryRTModelCPM, topic = MQTT_RT_DATA created 67d277f9ca0ef2bb53bb6c83 succesfully
2025-03-13 12:15:21,694 pop.CPM_RT_mixins INFO     mongo_db = TodayRTModelCPM, topic = MQTT_RT_DATA created 67d277f9ca0ef2bb53bb6c84 succesfully
2025-03-13 12:15:49,972 pop.CCCL_environment_mixins INFO     mongo_db = CCCLEnvironment, topic = CCCL/PURBACHAL/ENV_01 created 67d27815ca0ef2bb53bb6c85 succesfully
2025-03-13 12:15:49,995 pop.CCCL_environment_mixins INFO     mongo_db = TemporaryCCCLEnvironment, topic = CCCL/PURBACHAL/ENV_01 created 67d27815ca0ef2bb53bb6c86 succesfully
2025-03-13 12:15:50,005 pop.CCCL_environment_mixins INFO     mongo_db = TodayCCCLEnvironment, topic = CCCL/PURBACHAL/ENV_01 created 67d27816ca0ef2bb53bb6c87 succesfully
2025-03-13 12:15:53,666 pop.CPM_RT_mixins INFO     mongo_db = RTModelCPM, topic = MQTT_RT_DATA created 67d27819ca0ef2bb53bb6c88 succesfully
2025-03-13 12:15:53,679 pop.CPM_RT_mixins INFO     mongo_db = TemporaryRTModelCPM, topic = MQTT_RT_DATA created 67d27819ca0ef2bb53bb6c89 succesfully
2025-03-13 12:15:53,690 pop.CPM_RT_mixins INFO     mongo_db = TodayRTModelCPM, topic = MQTT_RT_DATA created 67d27819ca0ef2bb53bb6c8a succesfully
2025-03-13 12:16:15,648 pop.CCCL_generator_mixins INFO     mongo_db = CCCLGenerator, topic = CCCL/PURBACHAL/ENM_01 created 67d2782fca0ef2bb53bb6c8b succesfully
2025-03-13 12:16:15,664 pop.CCCL_generator_mixins INFO     mongo_db = TemporaryCCCLGenerator, topic = CCCL/PURBACHAL/ENM_01 created 67d2782fca0ef2bb53bb6c8c succesfully
2025-03-13 12:16:15,678 pop.CCCL_generator_mixins INFO     mongo_db = TodayCCCLGenerator, topic = CCCL/PURBACHAL/ENM_01 created 67d2782fca0ef2bb53bb6c8d succesfully
2025-03-13 12:16:21,041 pop.CCCL_environment_mixins INFO     mongo_db = CCCLEnvironment, topic = CCCL/PURBACHAL/ENV_01 created 67d27835ca0ef2bb53bb6c8e succesfully
2025-03-13 12:16:21,053 pop.CCCL_environment_mixins INFO     mongo_db = TemporaryCCCLEnvironment, topic = CCCL/PURBACHAL/ENV_01 created 67d27835ca0ef2bb53bb6c8f succesfully
2025-03-13 12:16:21,065 pop.CCCL_environment_mixins INFO     mongo_db = TodayCCCLEnvironment, topic = CCCL/PURBACHAL/ENV_01 created 67d27835ca0ef2bb53bb6c90 succesfully
2025-03-13 12:16:23,200 pop.CPM_RT_mixins INFO     mongo_db = RTModelCPM, topic = MQTT_RT_DATA created 67d27837ca0ef2bb53bb6c91 succesfully
2025-03-13 12:16:23,216 pop.CPM_RT_mixins INFO     mongo_db = TemporaryRTModelCPM, topic = MQTT_RT_DATA created 67d27837ca0ef2bb53bb6c92 succesfully
2025-03-13 12:16:23,226 pop.CPM_RT_mixins INFO     mongo_db = TodayRTModelCPM, topic = MQTT_RT_DATA created 67d27837ca0ef2bb53bb6c93 succesfully
2025-03-13 12:16:50,802 pop.CCCL_environment_mixins INFO     mongo_db = CCCLEnvironment, topic = CCCL/PURBACHAL/ENV_01 created 67d27852ca0ef2bb53bb6c94 succesfully
2025-03-13 12:16:50,812 pop.CCCL_environment_mixins INFO     mongo_db = TemporaryCCCLEnvironment, topic = CCCL/PURBACHAL/ENV_01 created 67d27852ca0ef2bb53bb6c95 succesfully
2025-03-13 12:16:50,826 pop.CCCL_environment_mixins INFO     mongo_db = TodayCCCLEnvironment, topic = CCCL/PURBACHAL/ENV_01 created 67d27852ca0ef2bb53bb6c96 succesfully
2025-03-13 12:16:51,632 pop.CPM_RT_mixins INFO     mongo_db = RTModelCPM, topic = MQTT_RT_DATA created 67d27853ca0ef2bb53bb6c97 succesfully
2025-03-13 12:16:51,643 pop.CPM_RT_mixins INFO     mongo_db = TemporaryRTModelCPM, topic = MQTT_RT_DATA created 67d27853ca0ef2bb53bb6c98 succesfully
2025-03-13 12:16:51,654 pop.CPM_RT_mixins INFO     mongo_db = TodayRTModelCPM, topic = MQTT_RT_DATA created 67d27853ca0ef2bb53bb6c99 succesfully
2025-03-13 12:17:16,710 pop.CCCL_generator_mixins INFO     mongo_db = CCCLGenerator, topic = CCCL/PURBACHAL/ENM_01 created 67d2786cca0ef2bb53bb6c9a succesfully
2025-03-13 12:17:16,733 pop.CCCL_generator_mixins INFO     mongo_db = TemporaryCCCLGenerator, topic = CCCL/PURBACHAL/ENM_01 created 67d2786cca0ef2bb53bb6c9b succesfully
2025-03-13 12:17:16,744 pop.CCCL_generator_mixins INFO     mongo_db = TodayCCCLGenerator, topic = CCCL/PURBACHAL/ENM_01 created 67d2786cca0ef2bb53bb6c9c succesfully
2025-03-13 12:17:20,780 pop.CCCL_environment_mixins INFO     mongo_db = CCCLEnvironment, topic = CCCL/PURBACHAL/ENV_01 created 67d27870ca0ef2bb53bb6c9d succesfully
2025-03-13 12:17:20,794 pop.CCCL_environment_mixins INFO     mongo_db = TemporaryCCCLEnvironment, topic = CCCL/PURBACHAL/ENV_01 created 67d27870ca0ef2bb53bb6c9e succesfully
2025-03-13 12:17:20,804 pop.CCCL_environment_mixins INFO     mongo_db = TodayCCCLEnvironment, topic = CCCL/PURBACHAL/ENV_01 created 67d27870ca0ef2bb53bb6c9f succesfully
2025-03-13 12:17:50,997 pop.CCCL_environment_mixins INFO     mongo_db = CCCLEnvironment, topic = CCCL/PURBACHAL/ENV_01 created 67d2788eca0ef2bb53bb6ca0 succesfully
2025-03-13 12:17:51,010 pop.CCCL_environment_mixins INFO     mongo_db = TemporaryCCCLEnvironment, topic = CCCL/PURBACHAL/ENV_01 created 67d2788fca0ef2bb53bb6ca1 succesfully
2025-03-13 12:17:51,019 pop.CCCL_environment_mixins INFO     mongo_db = TodayCCCLEnvironment, topic = CCCL/PURBACHAL/ENV_01 created 67d2788fca0ef2bb53bb6ca2 succesfully
2025-03-13 12:17:51,323 pop.CPM_RT_mixins INFO     mongo_db = RTModelCPM, topic = MQTT_RT_DATA created 67d2788fca0ef2bb53bb6ca3 succesfully
2025-03-13 12:17:51,335 pop.CPM_RT_mixins INFO     mongo_db = TemporaryRTModelCPM, topic = MQTT_RT_DATA created 67d2788fca0ef2bb53bb6ca4 succesfully
2025-03-13 12:17:51,349 pop.CPM_RT_mixins INFO     mongo_db = TodayRTModelCPM, topic = MQTT_RT_DATA created 67d2788fca0ef2bb53bb6ca5 succesfully
2025-03-13 12:18:15,593 pop.CCCL_generator_mixins INFO     mongo_db = CCCLGenerator, topic = CCCL/PURBACHAL/ENM_01 created 67d278a7ca0ef2bb53bb6ca6 succesfully
2025-03-13 12:18:15,609 pop.CCCL_generator_mixins INFO     mongo_db = TemporaryCCCLGenerator, topic = CCCL/PURBACHAL/ENM_01 created 67d278a7ca0ef2bb53bb6ca7 succesfully
2025-03-13 12:18:15,621 pop.CCCL_generator_mixins INFO     mongo_db = TodayCCCLGenerator, topic = CCCL/PURBACHAL/ENM_01 created 67d278a7ca0ef2bb53bb6ca8 succesfully
2025-03-13 12:18:21,605 pop.CCCL_environment_mixins INFO     mongo_db = CCCLEnvironment, topic = CCCL/PURBACHAL/ENV_01 created 67d278adca0ef2bb53bb6ca9 succesfully
2025-03-13 12:18:21,614 pop.CCCL_environment_mixins INFO     mongo_db = TemporaryCCCLEnvironment, topic = CCCL/PURBACHAL/ENV_01 created 67d278adca0ef2bb53bb6caa succesfully
2025-03-13 12:18:21,625 pop.CCCL_environment_mixins INFO     mongo_db = TodayCCCLEnvironment, topic = CCCL/PURBACHAL/ENV_01 created 67d278adca0ef2bb53bb6cab succesfully
2025-03-13 12:18:22,446 pop.CPM_RT_mixins INFO     mongo_db = RTModelCPM, topic = MQTT_RT_DATA created 67d278aeca0ef2bb53bb6cac succesfully
2025-03-13 12:18:22,462 pop.CPM_RT_mixins INFO     mongo_db = TemporaryRTModelCPM, topic = MQTT_RT_DATA created 67d278aeca0ef2bb53bb6cad succesfully
2025-03-13 12:18:22,478 pop.CPM_RT_mixins INFO     mongo_db = TodayRTModelCPM, topic = MQTT_RT_DATA created 67d278aeca0ef2bb53bb6cae succesfully
2025-03-13 12:18:51,506 pop.CPM_RT_mixins INFO     mongo_db = RTModelCPM, topic = MQTT_RT_DATA created 67d278cbca0ef2bb53bb6caf succesfully
2025-03-13 12:18:51,520 pop.CPM_RT_mixins INFO     mongo_db = TemporaryRTModelCPM, topic = MQTT_RT_DATA created 67d278cbca0ef2bb53bb6cb0 succesfully
2025-03-13 12:18:51,531 pop.CPM_RT_mixins INFO     mongo_db = TodayRTModelCPM, topic = MQTT_RT_DATA created 67d278cbca0ef2bb53bb6cb1 succesfully
2025-03-13 12:18:51,712 pop.CCCL_environment_mixins INFO     mongo_db = CCCLEnvironment, topic = CCCL/PURBACHAL/ENV_01 created 67d278cbca0ef2bb53bb6cb2 succesfully
2025-03-13 12:18:51,741 pop.CCCL_environment_mixins INFO     mongo_db = TemporaryCCCLEnvironment, topic = CCCL/PURBACHAL/ENV_01 created 67d278cbca0ef2bb53bb6cb3 succesfully
2025-03-13 12:18:51,755 pop.CCCL_environment_mixins INFO     mongo_db = TodayCCCLEnvironment, topic = CCCL/PURBACHAL/ENV_01 created 67d278cbca0ef2bb53bb6cb4 succesfully
2025-03-13 12:19:15,674 pop.CCCL_generator_mixins INFO     mongo_db = CCCLGenerator, topic = CCCL/PURBACHAL/ENM_01 created 67d278e3ca0ef2bb53bb6cb5 succesfully
2025-03-13 12:19:15,688 pop.CCCL_generator_mixins INFO     mongo_db = TemporaryCCCLGenerator, topic = CCCL/PURBACHAL/ENM_01 created 67d278e3ca0ef2bb53bb6cb6 succesfully
2025-03-13 12:19:15,699 pop.CCCL_generator_mixins INFO     mongo_db = TodayCCCLGenerator, topic = CCCL/PURBACHAL/ENM_01 created 67d278e3ca0ef2bb53bb6cb7 succesfully
2025-03-13 12:19:21,433 pop.CPM_RT_mixins INFO     mongo_db = RTModelCPM, topic = MQTT_RT_DATA created 67d278e9ca0ef2bb53bb6cb8 succesfully
2025-03-13 12:19:21,446 pop.CPM_RT_mixins INFO     mongo_db = TemporaryRTModelCPM, topic = MQTT_RT_DATA created 67d278e9ca0ef2bb53bb6cb9 succesfully
2025-03-13 12:19:21,459 pop.CPM_RT_mixins INFO     mongo_db = TodayRTModelCPM, topic = MQTT_RT_DATA created 67d278e9ca0ef2bb53bb6cba succesfully
2025-03-13 12:19:22,082 pop.CCCL_environment_mixins INFO     mongo_db = CCCLEnvironment, topic = CCCL/PURBACHAL/ENV_01 created 67d278eaca0ef2bb53bb6cbb succesfully
2025-03-13 12:19:22,104 pop.CCCL_environment_mixins INFO     mongo_db = TemporaryCCCLEnvironment, topic = CCCL/PURBACHAL/ENV_01 created 67d278eaca0ef2bb53bb6cbc succesfully
2025-03-13 12:19:22,119 pop.CCCL_environment_mixins INFO     mongo_db = TodayCCCLEnvironment, topic = CCCL/PURBACHAL/ENV_01 created 67d278eaca0ef2bb53bb6cbd succesfully
2025-03-13 12:19:52,156 pop.CPM_RT_mixins INFO     mongo_db = RTModelCPM, topic = MQTT_RT_DATA created 67d27908ca0ef2bb53bb6cbe succesfully
2025-03-13 12:19:52,170 pop.CPM_RT_mixins INFO     mongo_db = TemporaryRTModelCPM, topic = MQTT_RT_DATA created 67d27908ca0ef2bb53bb6cbf succesfully
2025-03-13 12:19:52,180 pop.CPM_RT_mixins INFO     mongo_db = TodayRTModelCPM, topic = MQTT_RT_DATA created 67d27908ca0ef2bb53bb6cc0 succesfully
2025-03-13 12:19:52,525 pop.CCCL_environment_mixins INFO     mongo_db = CCCLEnvironment, topic = CCCL/PURBACHAL/ENV_01 created 67d27908ca0ef2bb53bb6cc1 succesfully
2025-03-13 12:19:52,534 pop.CCCL_environment_mixins INFO     mongo_db = TemporaryCCCLEnvironment, topic = CCCL/PURBACHAL/ENV_01 created 67d27908ca0ef2bb53bb6cc2 succesfully
2025-03-13 12:19:52,543 pop.CCCL_environment_mixins INFO     mongo_db = TodayCCCLEnvironment, topic = CCCL/PURBACHAL/ENV_01 created 67d27908ca0ef2bb53bb6cc3 succesfully
2025-03-13 12:20:15,641 pop.CCCL_generator_mixins INFO     mongo_db = CCCLGenerator, topic = CCCL/PURBACHAL/ENM_01 created 67d2791fca0ef2bb53bb6cc4 succesfully
2025-03-13 12:20:15,656 pop.CCCL_generator_mixins INFO     mongo_db = TemporaryCCCLGenerator, topic = CCCL/PURBACHAL/ENM_01 created 67d2791fca0ef2bb53bb6cc5 succesfully
2025-03-13 12:20:15,668 pop.CCCL_generator_mixins INFO     mongo_db = TodayCCCLGenerator, topic = CCCL/PURBACHAL/ENM_01 created 67d2791fca0ef2bb53bb6cc6 succesfully
2025-03-13 12:20:22,691 pop.CPM_RT_mixins INFO     mongo_db = RTModelCPM, topic = MQTT_RT_DATA created 67d27926ca0ef2bb53bb6cc7 succesfully
2025-03-13 12:20:22,710 pop.CPM_RT_mixins INFO     mongo_db = TemporaryRTModelCPM, topic = MQTT_RT_DATA created 67d27926ca0ef2bb53bb6cc8 succesfully
2025-03-13 12:20:22,724 pop.CPM_RT_mixins INFO     mongo_db = TodayRTModelCPM, topic = MQTT_RT_DATA created 67d27926ca0ef2bb53bb6cc9 succesfully
2025-03-13 12:20:22,759 pop.CCCL_environment_mixins INFO     mongo_db = CCCLEnvironment, topic = CCCL/PURBACHAL/ENV_01 created 67d27926ca0ef2bb53bb6cca succesfully
2025-03-13 12:20:22,770 pop.CCCL_environment_mixins INFO     mongo_db = TemporaryCCCLEnvironment, topic = CCCL/PURBACHAL/ENV_01 created 67d27926ca0ef2bb53bb6ccb succesfully
2025-03-13 12:20:22,778 pop.CCCL_environment_mixins INFO     mongo_db = TodayCCCLEnvironment, topic = CCCL/PURBACHAL/ENV_01 created 67d27926ca0ef2bb53bb6ccc succesfully
2025-03-13 12:20:51,737 pop.CPM_RT_mixins INFO     mongo_db = RTModelCPM, topic = MQTT_RT_DATA created 67d27943ca0ef2bb53bb6ccd succesfully
2025-03-13 12:20:51,749 pop.CPM_RT_mixins INFO     mongo_db = TemporaryRTModelCPM, topic = MQTT_RT_DATA created 67d27943ca0ef2bb53bb6cce succesfully
2025-03-13 12:20:51,760 pop.CPM_RT_mixins INFO     mongo_db = TodayRTModelCPM, topic = MQTT_RT_DATA created 67d27943ca0ef2bb53bb6ccf succesfully
2025-03-13 12:20:53,153 pop.CCCL_environment_mixins INFO     mongo_db = CCCLEnvironment, topic = CCCL/PURBACHAL/ENV_01 created 67d27945ca0ef2bb53bb6cd0 succesfully
2025-03-13 12:20:53,176 pop.CCCL_environment_mixins INFO     mongo_db = TemporaryCCCLEnvironment, topic = CCCL/PURBACHAL/ENV_01 created 67d27945ca0ef2bb53bb6cd1 succesfully
2025-03-13 12:20:53,197 pop.CCCL_environment_mixins INFO     mongo_db = TodayCCCLEnvironment, topic = CCCL/PURBACHAL/ENV_01 created 67d27945ca0ef2bb53bb6cd2 succesfully
2025-03-13 12:21:15,781 pop.CCCL_generator_mixins INFO     mongo_db = CCCLGenerator, topic = CCCL/PURBACHAL/ENM_01 created 67d2795bca0ef2bb53bb6cd3 succesfully
2025-03-13 12:21:15,793 pop.CCCL_generator_mixins INFO     mongo_db = TemporaryCCCLGenerator, topic = CCCL/PURBACHAL/ENM_01 created 67d2795bca0ef2bb53bb6cd4 succesfully
2025-03-13 12:21:15,803 pop.CCCL_generator_mixins INFO     mongo_db = TodayCCCLGenerator, topic = CCCL/PURBACHAL/ENM_01 created 67d2795bca0ef2bb53bb6cd5 succesfully
2025-03-13 12:21:22,069 pop.CPM_RT_mixins INFO     mongo_db = RTModelCPM, topic = MQTT_RT_DATA created 67d27962ca0ef2bb53bb6cd6 succesfully
2025-03-13 12:21:22,084 pop.CPM_RT_mixins INFO     mongo_db = TemporaryRTModelCPM, topic = MQTT_RT_DATA created 67d27962ca0ef2bb53bb6cd7 succesfully
2025-03-13 12:21:22,096 pop.CPM_RT_mixins INFO     mongo_db = TodayRTModelCPM, topic = MQTT_RT_DATA created 67d27962ca0ef2bb53bb6cd8 succesfully
2025-03-13 12:21:23,353 pop.CCCL_environment_mixins INFO     mongo_db = CCCLEnvironment, topic = CCCL/PURBACHAL/ENV_01 created 67d27963ca0ef2bb53bb6cd9 succesfully
2025-03-13 12:21:23,363 pop.CCCL_environment_mixins INFO     mongo_db = TemporaryCCCLEnvironment, topic = CCCL/PURBACHAL/ENV_01 created 67d27963ca0ef2bb53bb6cda succesfully
2025-03-13 12:21:23,371 pop.CCCL_environment_mixins INFO     mongo_db = TodayCCCLEnvironment, topic = CCCL/PURBACHAL/ENV_01 created 67d27963ca0ef2bb53bb6cdb succesfully
2025-03-13 12:21:51,359 pop.CPM_RT_mixins INFO     mongo_db = RTModelCPM, topic = MQTT_RT_DATA created 67d2797fca0ef2bb53bb6cdc succesfully
2025-03-13 12:21:51,383 pop.CPM_RT_mixins INFO     mongo_db = TemporaryRTModelCPM, topic = MQTT_RT_DATA created 67d2797fca0ef2bb53bb6cdd succesfully
2025-03-13 12:21:51,407 pop.CPM_RT_mixins INFO     mongo_db = TodayRTModelCPM, topic = MQTT_RT_DATA created 67d2797fca0ef2bb53bb6cde succesfully
2025-03-13 12:21:53,622 pop.CCCL_environment_mixins INFO     mongo_db = CCCLEnvironment, topic = CCCL/PURBACHAL/ENV_01 created 67d27981ca0ef2bb53bb6cdf succesfully
2025-03-13 12:21:53,644 pop.CCCL_environment_mixins INFO     mongo_db = TemporaryCCCLEnvironment, topic = CCCL/PURBACHAL/ENV_01 created 67d27981ca0ef2bb53bb6ce0 succesfully
2025-03-13 12:21:53,653 pop.CCCL_environment_mixins INFO     mongo_db = TodayCCCLEnvironment, topic = CCCL/PURBACHAL/ENV_01 created 67d27981ca0ef2bb53bb6ce1 succesfully
2025-03-13 12:22:15,756 pop.CCCL_generator_mixins INFO     mongo_db = CCCLGenerator, topic = CCCL/PURBACHAL/ENM_01 created 67d27997ca0ef2bb53bb6ce2 succesfully
2025-03-13 12:22:15,767 pop.CCCL_generator_mixins INFO     mongo_db = TemporaryCCCLGenerator, topic = CCCL/PURBACHAL/ENM_01 created 67d27997ca0ef2bb53bb6ce3 succesfully
2025-03-13 12:22:15,777 pop.CCCL_generator_mixins INFO     mongo_db = TodayCCCLGenerator, topic = CCCL/PURBACHAL/ENM_01 created 67d27997ca0ef2bb53bb6ce4 succesfully
2025-03-13 12:22:23,936 pop.CCCL_environment_mixins INFO     mongo_db = CCCLEnvironment, topic = CCCL/PURBACHAL/ENV_01 created 67d2799fca0ef2bb53bb6ce5 succesfully
2025-03-13 12:22:23,960 pop.CCCL_environment_mixins INFO     mongo_db = TemporaryCCCLEnvironment, topic = CCCL/PURBACHAL/ENV_01 created 67d2799fca0ef2bb53bb6ce6 succesfully
2025-03-13 12:22:23,980 pop.CCCL_environment_mixins INFO     mongo_db = TodayCCCLEnvironment, topic = CCCL/PURBACHAL/ENV_01 created 67d2799fca0ef2bb53bb6ce7 succesfully
2025-03-13 12:22:51,941 pop.CPM_RT_mixins INFO     mongo_db = RTModelCPM, topic = MQTT_RT_DATA created 67d279bbca0ef2bb53bb6ce8 succesfully
2025-03-13 12:22:51,954 pop.CPM_RT_mixins INFO     mongo_db = TemporaryRTModelCPM, topic = MQTT_RT_DATA created 67d279bbca0ef2bb53bb6ce9 succesfully
2025-03-13 12:22:51,967 pop.CPM_RT_mixins INFO     mongo_db = TodayRTModelCPM, topic = MQTT_RT_DATA created 67d279bbca0ef2bb53bb6cea succesfully
2025-03-13 12:22:54,599 pop.CCCL_environment_mixins INFO     mongo_db = CCCLEnvironment, topic = CCCL/PURBACHAL/ENV_01 created 67d279beca0ef2bb53bb6ceb succesfully
2025-03-13 12:22:54,609 pop.CCCL_environment_mixins INFO     mongo_db = TemporaryCCCLEnvironment, topic = CCCL/PURBACHAL/ENV_01 created 67d279beca0ef2bb53bb6cec succesfully
2025-03-13 12:22:54,619 pop.CCCL_environment_mixins INFO     mongo_db = TodayCCCLEnvironment, topic = CCCL/PURBACHAL/ENV_01 created 67d279beca0ef2bb53bb6ced succesfully
2025-03-13 12:23:15,738 pop.CCCL_generator_mixins INFO     mongo_db = CCCLGenerator, topic = CCCL/PURBACHAL/ENM_01 created 67d279d3ca0ef2bb53bb6cee succesfully
2025-03-13 12:23:15,756 pop.CCCL_generator_mixins INFO     mongo_db = TemporaryCCCLGenerator, topic = CCCL/PURBACHAL/ENM_01 created 67d279d3ca0ef2bb53bb6cef succesfully
2025-03-13 12:23:15,769 pop.CCCL_generator_mixins INFO     mongo_db = TodayCCCLGenerator, topic = CCCL/PURBACHAL/ENM_01 created 67d279d3ca0ef2bb53bb6cf0 succesfully
2025-03-13 12:23:22,290 pop.CPM_RT_mixins INFO     mongo_db = RTModelCPM, topic = MQTT_RT_DATA created 67d279daca0ef2bb53bb6cf1 succesfully
2025-03-13 12:23:22,308 pop.CPM_RT_mixins INFO     mongo_db = TemporaryRTModelCPM, topic = MQTT_RT_DATA created 67d279daca0ef2bb53bb6cf2 succesfully
2025-03-13 12:23:22,321 pop.CPM_RT_mixins INFO     mongo_db = TodayRTModelCPM, topic = MQTT_RT_DATA created 67d279daca0ef2bb53bb6cf3 succesfully
2025-03-13 12:23:24,597 pop.CCCL_environment_mixins INFO     mongo_db = CCCLEnvironment, topic = CCCL/PURBACHAL/ENV_01 created 67d279dcca0ef2bb53bb6cf4 succesfully
2025-03-13 12:23:24,609 pop.CCCL_environment_mixins INFO     mongo_db = TemporaryCCCLEnvironment, topic = CCCL/PURBACHAL/ENV_01 created 67d279dcca0ef2bb53bb6cf5 succesfully
2025-03-13 12:23:24,617 pop.CCCL_environment_mixins INFO     mongo_db = TodayCCCLEnvironment, topic = CCCL/PURBACHAL/ENV_01 created 67d279dcca0ef2bb53bb6cf6 succesfully
2025-03-13 12:23:52,685 pop.CPM_RT_mixins INFO     mongo_db = RTModelCPM, topic = MQTT_RT_DATA created 67d279f8ca0ef2bb53bb6cf7 succesfully
2025-03-13 12:23:52,700 pop.CPM_RT_mixins INFO     mongo_db = TemporaryRTModelCPM, topic = MQTT_RT_DATA created 67d279f8ca0ef2bb53bb6cf8 succesfully
2025-03-13 12:23:52,712 pop.CPM_RT_mixins INFO     mongo_db = TodayRTModelCPM, topic = MQTT_RT_DATA created 67d279f8ca0ef2bb53bb6cf9 succesfully
2025-03-13 12:23:55,024 pop.CCCL_environment_mixins INFO     mongo_db = CCCLEnvironment, topic = CCCL/PURBACHAL/ENV_01 created 67d279fbca0ef2bb53bb6cfa succesfully
2025-03-13 12:23:55,047 pop.CCCL_environment_mixins INFO     mongo_db = TemporaryCCCLEnvironment, topic = CCCL/PURBACHAL/ENV_01 created 67d279fbca0ef2bb53bb6cfb succesfully
2025-03-13 12:23:55,064 pop.CCCL_environment_mixins INFO     mongo_db = TodayCCCLEnvironment, topic = CCCL/PURBACHAL/ENV_01 created 67d279fbca0ef2bb53bb6cfc succesfully
2025-03-13 12:24:15,570 pop.CCCL_generator_mixins INFO     mongo_db = CCCLGenerator, topic = CCCL/PURBACHAL/ENM_01 created 67d27a0fca0ef2bb53bb6cfd succesfully
2025-03-13 12:24:15,588 pop.CCCL_generator_mixins INFO     mongo_db = TemporaryCCCLGenerator, topic = CCCL/PURBACHAL/ENM_01 created 67d27a0fca0ef2bb53bb6cfe succesfully
2025-03-13 12:24:15,601 pop.CCCL_generator_mixins INFO     mongo_db = TodayCCCLGenerator, topic = CCCL/PURBACHAL/ENM_01 created 67d27a0fca0ef2bb53bb6cff succesfully
2025-03-13 12:24:25,447 pop.CCCL_environment_mixins INFO     mongo_db = CCCLEnvironment, topic = CCCL/PURBACHAL/ENV_01 created 67d27a19ca0ef2bb53bb6d00 succesfully
2025-03-13 12:24:25,464 pop.CCCL_environment_mixins INFO     mongo_db = TemporaryCCCLEnvironment, topic = CCCL/PURBACHAL/ENV_01 created 67d27a19ca0ef2bb53bb6d01 succesfully
2025-03-13 12:24:25,473 pop.CCCL_environment_mixins INFO     mongo_db = TodayCCCLEnvironment, topic = CCCL/PURBACHAL/ENV_01 created 67d27a19ca0ef2bb53bb6d02 succesfully
2025-03-13 12:24:51,481 pop.CPM_RT_mixins INFO     mongo_db = RTModelCPM, topic = MQTT_RT_DATA created 67d27a33ca0ef2bb53bb6d03 succesfully
2025-03-13 12:24:51,497 pop.CPM_RT_mixins INFO     mongo_db = TemporaryRTModelCPM, topic = MQTT_RT_DATA created 67d27a33ca0ef2bb53bb6d04 succesfully
2025-03-13 12:24:51,512 pop.CPM_RT_mixins INFO     mongo_db = TodayRTModelCPM, topic = MQTT_RT_DATA created 67d27a33ca0ef2bb53bb6d05 succesfully
2025-03-13 12:24:55,781 pop.CCCL_environment_mixins INFO     mongo_db = CCCLEnvironment, topic = CCCL/PURBACHAL/ENV_01 created 67d27a37ca0ef2bb53bb6d06 succesfully
2025-03-13 12:24:55,797 pop.CCCL_environment_mixins INFO     mongo_db = TemporaryCCCLEnvironment, topic = CCCL/PURBACHAL/ENV_01 created 67d27a37ca0ef2bb53bb6d07 succesfully
2025-03-13 12:24:55,807 pop.CCCL_environment_mixins INFO     mongo_db = TodayCCCLEnvironment, topic = CCCL/PURBACHAL/ENV_01 created 67d27a37ca0ef2bb53bb6d08 succesfully
2025-03-13 12:25:15,817 pop.CCCL_generator_mixins INFO     mongo_db = CCCLGenerator, topic = CCCL/PURBACHAL/ENM_01 created 67d27a4bca0ef2bb53bb6d09 succesfully
2025-03-13 12:25:15,835 pop.CCCL_generator_mixins INFO     mongo_db = TemporaryCCCLGenerator, topic = CCCL/PURBACHAL/ENM_01 created 67d27a4bca0ef2bb53bb6d0a succesfully
2025-03-13 12:25:15,847 pop.CCCL_generator_mixins INFO     mongo_db = TodayCCCLGenerator, topic = CCCL/PURBACHAL/ENM_01 created 67d27a4bca0ef2bb53bb6d0b succesfully
2025-03-13 12:25:23,872 pop.CPM_RT_mixins INFO     mongo_db = RTModelCPM, topic = MQTT_RT_DATA created 67d27a53ca0ef2bb53bb6d0c succesfully
2025-03-13 12:25:23,904 pop.CPM_RT_mixins INFO     mongo_db = TemporaryRTModelCPM, topic = MQTT_RT_DATA created 67d27a53ca0ef2bb53bb6d0d succesfully
2025-03-13 12:25:23,927 pop.CPM_RT_mixins INFO     mongo_db = TodayRTModelCPM, topic = MQTT_RT_DATA created 67d27a53ca0ef2bb53bb6d0e succesfully
2025-03-13 12:25:26,182 pop.CCCL_environment_mixins INFO     mongo_db = CCCLEnvironment, topic = CCCL/PURBACHAL/ENV_01 created 67d27a56ca0ef2bb53bb6d0f succesfully
2025-03-13 12:25:26,208 pop.CCCL_environment_mixins INFO     mongo_db = TemporaryCCCLEnvironment, topic = CCCL/PURBACHAL/ENV_01 created 67d27a56ca0ef2bb53bb6d10 succesfully
2025-03-13 12:25:26,225 pop.CCCL_environment_mixins INFO     mongo_db = TodayCCCLEnvironment, topic = CCCL/PURBACHAL/ENV_01 created 67d27a56ca0ef2bb53bb6d11 succesfully
2025-03-13 14:06:47,012 django.request WARNING  Unauthorized: /api/v1.0/pop/
2025-03-13 14:09:07,126 pop.CPM_RT_mixins INFO     mongo_db = RTModelCPM, topic = MQTT_RT_DATA created 67d292a351f09df526421212 succesfully
2025-03-13 14:09:07,157 pop.CPM_RT_mixins INFO     mongo_db = TemporaryRTModelCPM, topic = MQTT_RT_DATA created 67d292a351f09df526421213 succesfully
2025-03-13 14:09:07,194 pop.CPM_RT_mixins INFO     mongo_db = TodayRTModelCPM, topic = MQTT_RT_DATA created 67d292a351f09df526421214 succesfully
2025-03-13 14:09:14,006 django.request WARNING  Unauthorized: /api/v1.0/accounts/token/
2025-03-13 14:09:14,684 pop.CCCL_generator_mixins INFO     mongo_db = CCCLGenerator, topic = CCCL/PURBACHAL/ENM_01 created 67d292aa51f09df526421215 succesfully
2025-03-13 14:09:14,705 pop.CCCL_generator_mixins INFO     mongo_db = TemporaryCCCLGenerator, topic = CCCL/PURBACHAL/ENM_01 created 67d292aa51f09df526421216 succesfully
2025-03-13 14:09:14,718 pop.CCCL_generator_mixins INFO     mongo_db = TodayCCCLGenerator, topic = CCCL/PURBACHAL/ENM_01 created 67d292aa51f09df526421217 succesfully
2025-03-13 14:09:22,664 pop.CPM_RT_mixins INFO     mongo_db = RTModelCPM, topic = MQTT_RT_DATA created 67d292b251f09df526421218 succesfully
2025-03-13 14:09:22,683 pop.CPM_RT_mixins INFO     mongo_db = TemporaryRTModelCPM, topic = MQTT_RT_DATA created 67d292b251f09df526421219 succesfully
2025-03-13 14:09:22,715 pop.CPM_RT_mixins INFO     mongo_db = TodayRTModelCPM, topic = MQTT_RT_DATA created 67d292b251f09df52642121a succesfully
2025-03-13 14:09:34,652 pop.CCCL_environment_mixins INFO     mongo_db = CCCLEnvironment, topic = CCCL/PURBACHAL/ENV_01 created 67d292be51f09df52642121b succesfully
2025-03-13 14:09:34,668 pop.CCCL_environment_mixins INFO     mongo_db = TemporaryCCCLEnvironment, topic = CCCL/PURBACHAL/ENV_01 created 67d292be51f09df52642121c succesfully
2025-03-13 14:09:34,678 pop.CCCL_environment_mixins INFO     mongo_db = TodayCCCLEnvironment, topic = CCCL/PURBACHAL/ENV_01 created 67d292be51f09df52642121d succesfully
2025-03-13 14:09:51,653 pop.CPM_RT_mixins INFO     mongo_db = RTModelCPM, topic = MQTT_RT_DATA created 67d292cf51f09df52642121e succesfully
2025-03-13 14:09:51,669 pop.CPM_RT_mixins INFO     mongo_db = TemporaryRTModelCPM, topic = MQTT_RT_DATA created 67d292cf51f09df52642121f succesfully
2025-03-13 14:09:51,682 pop.CPM_RT_mixins INFO     mongo_db = TodayRTModelCPM, topic = MQTT_RT_DATA created 67d292cf51f09df526421220 succesfully
2025-03-13 14:10:04,976 pop.CCCL_environment_mixins INFO     mongo_db = CCCLEnvironment, topic = CCCL/PURBACHAL/ENV_01 created 67d292dc51f09df526421221 succesfully
2025-03-13 14:10:04,995 pop.CCCL_environment_mixins INFO     mongo_db = TemporaryCCCLEnvironment, topic = CCCL/PURBACHAL/ENV_01 created 67d292dc51f09df526421222 succesfully
2025-03-13 14:10:05,006 pop.CCCL_environment_mixins INFO     mongo_db = TodayCCCLEnvironment, topic = CCCL/PURBACHAL/ENV_01 created 67d292dd51f09df526421223 succesfully
2025-03-13 14:10:14,671 pop.CCCL_generator_mixins INFO     mongo_db = CCCLGenerator, topic = CCCL/PURBACHAL/ENM_01 created 67d292e651f09df526421224 succesfully
2025-03-13 14:10:14,681 pop.CCCL_generator_mixins INFO     mongo_db = TemporaryCCCLGenerator, topic = CCCL/PURBACHAL/ENM_01 created 67d292e651f09df526421225 succesfully
2025-03-13 14:10:14,693 pop.CCCL_generator_mixins INFO     mongo_db = TodayCCCLGenerator, topic = CCCL/PURBACHAL/ENM_01 created 67d292e651f09df526421226 succesfully
2025-03-13 14:10:18,114 django.request ERROR    Internal Server Error: /api/v1.0/pop/ups-data/
Traceback (most recent call last):
  File "/opt/venv/lib/python3.9/site-packages/django/core/handlers/exception.py", line 55, in inner
    response = get_response(request)
  File "/opt/venv/lib/python3.9/site-packages/django/core/handlers/base.py", line 197, in _get_response
    response = wrapped_callback(request, *callback_args, **callback_kwargs)
  File "/opt/venv/lib/python3.9/site-packages/django/views/decorators/csrf.py", line 54, in wrapped_view
    return view_func(*args, **kwargs)
  File "/opt/venv/lib/python3.9/site-packages/rest_framework/viewsets.py", line 125, in view
    return self.dispatch(request, *args, **kwargs)
  File "/opt/venv/lib/python3.9/site-packages/rest_framework/views.py", line 509, in dispatch
    response = self.handle_exception(exc)
  File "/opt/venv/lib/python3.9/site-packages/rest_framework/views.py", line 469, in handle_exception
    self.raise_uncaught_exception(exc)
  File "/opt/venv/lib/python3.9/site-packages/rest_framework/views.py", line 480, in raise_uncaught_exception
    raise exc
  File "/opt/venv/lib/python3.9/site-packages/rest_framework/views.py", line 506, in dispatch
    response = handler(request, *args, **kwargs)
  File "/opt/app/pop/api/views.py", line 426, in list
    queryset = self.get_queryset()
  File "/opt/app/pop/api/views.py", line 420, in get_queryset
    queryset = queryset.filter(timestamp__gte=start_time)
UnboundLocalError: local variable 'start_time' referenced before assignment
2025-03-13 14:10:22,251 pop.CPM_RT_mixins INFO     mongo_db = RTModelCPM, topic = MQTT_RT_DATA created 67d292ee51f09df526421227 succesfully
2025-03-13 14:10:22,262 pop.CPM_RT_mixins INFO     mongo_db = TemporaryRTModelCPM, topic = MQTT_RT_DATA created 67d292ee51f09df526421228 succesfully
2025-03-13 14:10:22,273 pop.CPM_RT_mixins INFO     mongo_db = TodayRTModelCPM, topic = MQTT_RT_DATA created 67d292ee51f09df526421229 succesfully
2025-03-13 14:10:35,392 pop.CCCL_environment_mixins INFO     mongo_db = CCCLEnvironment, topic = CCCL/PURBACHAL/ENV_01 created 67d292fb51f09df52642122a succesfully
2025-03-13 14:10:35,420 pop.CCCL_environment_mixins INFO     mongo_db = TemporaryCCCLEnvironment, topic = CCCL/PURBACHAL/ENV_01 created 67d292fb51f09df52642122b succesfully
2025-03-13 14:10:35,439 pop.CCCL_environment_mixins INFO     mongo_db = TodayCCCLEnvironment, topic = CCCL/PURBACHAL/ENV_01 created 67d292fb51f09df52642122c succesfully
2025-03-13 14:10:51,128 pop.CPM_RT_mixins INFO     mongo_db = RTModelCPM, topic = MQTT_RT_DATA created 67d2930b51f09df52642122d succesfully
2025-03-13 14:10:51,143 pop.CPM_RT_mixins INFO     mongo_db = TemporaryRTModelCPM, topic = MQTT_RT_DATA created 67d2930b51f09df52642122e succesfully
2025-03-13 14:10:51,156 pop.CPM_RT_mixins INFO     mongo_db = TodayRTModelCPM, topic = MQTT_RT_DATA created 67d2930b51f09df52642122f succesfully
2025-03-13 14:10:55,024 django.request ERROR    Internal Server Error: /api/v1.0/pop/ups-data/
Traceback (most recent call last):
  File "/opt/venv/lib/python3.9/site-packages/django/core/handlers/exception.py", line 55, in inner
    response = get_response(request)
  File "/opt/venv/lib/python3.9/site-packages/django/core/handlers/base.py", line 197, in _get_response
    response = wrapped_callback(request, *callback_args, **callback_kwargs)
  File "/opt/venv/lib/python3.9/site-packages/django/views/decorators/csrf.py", line 54, in wrapped_view
    return view_func(*args, **kwargs)
  File "/opt/venv/lib/python3.9/site-packages/rest_framework/viewsets.py", line 125, in view
    return self.dispatch(request, *args, **kwargs)
  File "/opt/venv/lib/python3.9/site-packages/rest_framework/views.py", line 509, in dispatch
    response = self.handle_exception(exc)
  File "/opt/venv/lib/python3.9/site-packages/rest_framework/views.py", line 469, in handle_exception
    self.raise_uncaught_exception(exc)
  File "/opt/venv/lib/python3.9/site-packages/rest_framework/views.py", line 480, in raise_uncaught_exception
    raise exc
  File "/opt/venv/lib/python3.9/site-packages/rest_framework/views.py", line 506, in dispatch
    response = handler(request, *args, **kwargs)
  File "/opt/app/pop/api/views.py", line 426, in list
    queryset = self.get_queryset()
  File "/opt/app/pop/api/views.py", line 420, in get_queryset
    queryset = queryset.filter(timestamp__gte=start_time)
UnboundLocalError: local variable 'start_time' referenced before assignment
2025-03-13 14:11:05,700 pop.CCCL_environment_mixins INFO     mongo_db = CCCLEnvironment, topic = CCCL/PURBACHAL/ENV_01 created 67d2931951f09df526421230 succesfully
2025-03-13 14:11:05,710 pop.CCCL_environment_mixins INFO     mongo_db = TemporaryCCCLEnvironment, topic = CCCL/PURBACHAL/ENV_01 created 67d2931951f09df526421231 succesfully
2025-03-13 14:11:05,721 pop.CCCL_environment_mixins INFO     mongo_db = TodayCCCLEnvironment, topic = CCCL/PURBACHAL/ENV_01 created 67d2931951f09df526421232 succesfully
2025-03-13 14:11:14,679 pop.CCCL_generator_mixins INFO     mongo_db = CCCLGenerator, topic = CCCL/PURBACHAL/ENM_01 created 67d2932251f09df526421233 succesfully
2025-03-13 14:11:14,694 pop.CCCL_generator_mixins INFO     mongo_db = TemporaryCCCLGenerator, topic = CCCL/PURBACHAL/ENM_01 created 67d2932251f09df526421234 succesfully
2025-03-13 14:11:14,706 pop.CCCL_generator_mixins INFO     mongo_db = TodayCCCLGenerator, topic = CCCL/PURBACHAL/ENM_01 created 67d2932251f09df526421235 succesfully
2025-03-13 14:11:21,940 pop.CPM_RT_mixins INFO     mongo_db = RTModelCPM, topic = MQTT_RT_DATA created 67d2932951f09df526421236 succesfully
2025-03-13 14:11:21,954 pop.CPM_RT_mixins INFO     mongo_db = TemporaryRTModelCPM, topic = MQTT_RT_DATA created 67d2932951f09df526421237 succesfully
2025-03-13 14:11:21,966 pop.CPM_RT_mixins INFO     mongo_db = TodayRTModelCPM, topic = MQTT_RT_DATA created 67d2932951f09df526421238 succesfully
2025-03-13 14:11:30,226 django.request ERROR    Internal Server Error: /api/v1.0/pop/ups-data/
Traceback (most recent call last):
  File "/opt/venv/lib/python3.9/site-packages/django/core/handlers/exception.py", line 55, in inner
    response = get_response(request)
  File "/opt/venv/lib/python3.9/site-packages/django/core/handlers/base.py", line 197, in _get_response
    response = wrapped_callback(request, *callback_args, **callback_kwargs)
  File "/opt/venv/lib/python3.9/site-packages/django/views/decorators/csrf.py", line 54, in wrapped_view
    return view_func(*args, **kwargs)
  File "/opt/venv/lib/python3.9/site-packages/rest_framework/viewsets.py", line 125, in view
    return self.dispatch(request, *args, **kwargs)
  File "/opt/venv/lib/python3.9/site-packages/rest_framework/views.py", line 509, in dispatch
    response = self.handle_exception(exc)
  File "/opt/venv/lib/python3.9/site-packages/rest_framework/views.py", line 469, in handle_exception
    self.raise_uncaught_exception(exc)
  File "/opt/venv/lib/python3.9/site-packages/rest_framework/views.py", line 480, in raise_uncaught_exception
    raise exc
  File "/opt/venv/lib/python3.9/site-packages/rest_framework/views.py", line 506, in dispatch
    response = handler(request, *args, **kwargs)
  File "/opt/app/pop/api/views.py", line 426, in list
    queryset = self.get_queryset()
  File "/opt/app/pop/api/views.py", line 420, in get_queryset
    queryset = queryset.filter(timestamp__gte=start_time)
UnboundLocalError: local variable 'start_time' referenced before assignment
2025-03-13 14:11:36,011 pop.CCCL_environment_mixins INFO     mongo_db = CCCLEnvironment, topic = CCCL/PURBACHAL/ENV_01 created 67d2933851f09df526421239 succesfully
2025-03-13 14:11:36,043 pop.CCCL_environment_mixins INFO     mongo_db = TemporaryCCCLEnvironment, topic = CCCL/PURBACHAL/ENV_01 created 67d2933851f09df52642123a succesfully
2025-03-13 14:11:36,078 pop.CCCL_environment_mixins INFO     mongo_db = TodayCCCLEnvironment, topic = CCCL/PURBACHAL/ENV_01 created 67d2933851f09df52642123b succesfully
2025-03-13 14:11:50,589 pop.CPM_RT_mixins INFO     mongo_db = RTModelCPM, topic = MQTT_RT_DATA created 67d2934651f09df52642123c succesfully
2025-03-13 14:11:50,600 pop.CPM_RT_mixins INFO     mongo_db = TemporaryRTModelCPM, topic = MQTT_RT_DATA created 67d2934651f09df52642123d succesfully
2025-03-13 14:11:50,610 pop.CPM_RT_mixins INFO     mongo_db = TodayRTModelCPM, topic = MQTT_RT_DATA created 67d2934651f09df52642123e succesfully
2025-03-13 14:12:06,319 pop.CCCL_environment_mixins INFO     mongo_db = CCCLEnvironment, topic = CCCL/PURBACHAL/ENV_01 created 67d2935651f09df52642123f succesfully
2025-03-13 14:12:06,335 pop.CCCL_environment_mixins INFO     mongo_db = TemporaryCCCLEnvironment, topic = CCCL/PURBACHAL/ENV_01 created 67d2935651f09df526421240 succesfully
2025-03-13 14:12:06,345 pop.CCCL_environment_mixins INFO     mongo_db = TodayCCCLEnvironment, topic = CCCL/PURBACHAL/ENV_01 created 67d2935651f09df526421241 succesfully
2025-03-13 14:12:14,673 pop.CCCL_generator_mixins INFO     mongo_db = CCCLGenerator, topic = CCCL/PURBACHAL/ENM_01 created 67d2935e51f09df526421242 succesfully
2025-03-13 14:12:14,683 pop.CCCL_generator_mixins INFO     mongo_db = TemporaryCCCLGenerator, topic = CCCL/PURBACHAL/ENM_01 created 67d2935e51f09df526421243 succesfully
2025-03-13 14:12:14,695 pop.CCCL_generator_mixins INFO     mongo_db = TodayCCCLGenerator, topic = CCCL/PURBACHAL/ENM_01 created 67d2935e51f09df526421244 succesfully
2025-03-13 14:12:36,562 pop.CCCL_environment_mixins INFO     mongo_db = CCCLEnvironment, topic = CCCL/PURBACHAL/ENV_01 created 67d2937451f09df526421245 succesfully
2025-03-13 14:12:36,584 pop.CCCL_environment_mixins INFO     mongo_db = TemporaryCCCLEnvironment, topic = CCCL/PURBACHAL/ENV_01 created 67d2937451f09df526421246 succesfully
2025-03-13 14:12:36,594 pop.CCCL_environment_mixins INFO     mongo_db = TodayCCCLEnvironment, topic = CCCL/PURBACHAL/ENV_01 created 67d2937451f09df526421247 succesfully
2025-03-13 14:12:51,672 pop.CPM_RT_mixins INFO     mongo_db = RTModelCPM, topic = MQTT_RT_DATA created 67d2938351f09df526421248 succesfully
2025-03-13 14:12:51,686 pop.CPM_RT_mixins INFO     mongo_db = TemporaryRTModelCPM, topic = MQTT_RT_DATA created 67d2938351f09df526421249 succesfully
2025-03-13 14:12:51,699 pop.CPM_RT_mixins INFO     mongo_db = TodayRTModelCPM, topic = MQTT_RT_DATA created 67d2938351f09df52642124a succesfully
2025-03-13 14:13:06,827 pop.CCCL_environment_mixins INFO     mongo_db = CCCLEnvironment, topic = CCCL/PURBACHAL/ENV_01 created 67d2939251f09df52642124b succesfully
2025-03-13 14:13:06,841 pop.CCCL_environment_mixins INFO     mongo_db = TemporaryCCCLEnvironment, topic = CCCL/PURBACHAL/ENV_01 created 67d2939251f09df52642124c succesfully
2025-03-13 14:13:06,863 pop.CCCL_environment_mixins INFO     mongo_db = TodayCCCLEnvironment, topic = CCCL/PURBACHAL/ENV_01 created 67d2939251f09df52642124d succesfully
2025-03-13 14:13:14,685 pop.CCCL_generator_mixins INFO     mongo_db = CCCLGenerator, topic = CCCL/PURBACHAL/ENM_01 created 67d2939a51f09df52642124e succesfully
2025-03-13 14:13:14,698 pop.CCCL_generator_mixins INFO     mongo_db = TemporaryCCCLGenerator, topic = CCCL/PURBACHAL/ENM_01 created 67d2939a51f09df52642124f succesfully
2025-03-13 14:13:14,709 pop.CCCL_generator_mixins INFO     mongo_db = TodayCCCLGenerator, topic = CCCL/PURBACHAL/ENM_01 created 67d2939a51f09df526421250 succesfully
2025-03-13 14:13:21,999 pop.CPM_RT_mixins INFO     mongo_db = RTModelCPM, topic = MQTT_RT_DATA created 67d293a151f09df526421251 succesfully
2025-03-13 14:13:22,012 pop.CPM_RT_mixins INFO     mongo_db = TemporaryRTModelCPM, topic = MQTT_RT_DATA created 67d293a251f09df526421252 succesfully
2025-03-13 14:13:22,025 pop.CPM_RT_mixins INFO     mongo_db = TodayRTModelCPM, topic = MQTT_RT_DATA created 67d293a251f09df526421253 succesfully
2025-03-13 14:13:37,253 pop.CCCL_environment_mixins INFO     mongo_db = CCCLEnvironment, topic = CCCL/PURBACHAL/ENV_01 created 67d293b151f09df526421254 succesfully
2025-03-13 14:13:37,275 pop.CCCL_environment_mixins INFO     mongo_db = TemporaryCCCLEnvironment, topic = CCCL/PURBACHAL/ENV_01 created 67d293b151f09df526421255 succesfully
2025-03-13 14:13:37,293 pop.CCCL_environment_mixins INFO     mongo_db = TodayCCCLEnvironment, topic = CCCL/PURBACHAL/ENV_01 created 67d293b151f09df526421256 succesfully
2025-03-13 14:13:51,996 pop.CPM_RT_mixins INFO     mongo_db = RTModelCPM, topic = MQTT_RT_DATA created 67d293bf51f09df526421257 succesfully
2025-03-13 14:13:52,017 pop.CPM_RT_mixins INFO     mongo_db = TemporaryRTModelCPM, topic = MQTT_RT_DATA created 67d293c051f09df526421258 succesfully
2025-03-13 14:13:52,034 pop.CPM_RT_mixins INFO     mongo_db = TodayRTModelCPM, topic = MQTT_RT_DATA created 67d293c051f09df526421259 succesfully
2025-03-13 14:14:07,568 pop.CCCL_environment_mixins INFO     mongo_db = CCCLEnvironment, topic = CCCL/PURBACHAL/ENV_01 created 67d293cf51f09df52642125a succesfully
2025-03-13 14:14:07,581 pop.CCCL_environment_mixins INFO     mongo_db = TemporaryCCCLEnvironment, topic = CCCL/PURBACHAL/ENV_01 created 67d293cf51f09df52642125b succesfully
2025-03-13 14:14:07,594 pop.CCCL_environment_mixins INFO     mongo_db = TodayCCCLEnvironment, topic = CCCL/PURBACHAL/ENV_01 created 67d293cf51f09df52642125c succesfully
2025-03-13 14:14:14,676 pop.CCCL_generator_mixins INFO     mongo_db = CCCLGenerator, topic = CCCL/PURBACHAL/ENM_01 created 67d293d651f09df52642125d succesfully
2025-03-13 14:14:14,685 pop.CCCL_generator_mixins INFO     mongo_db = TemporaryCCCLGenerator, topic = CCCL/PURBACHAL/ENM_01 created 67d293d651f09df52642125e succesfully
2025-03-13 14:14:14,700 pop.CCCL_generator_mixins INFO     mongo_db = TodayCCCLGenerator, topic = CCCL/PURBACHAL/ENM_01 created 67d293d651f09df52642125f succesfully
2025-03-13 14:14:22,026 pop.CPM_RT_mixins INFO     mongo_db = RTModelCPM, topic = MQTT_RT_DATA created 67d293de51f09df526421260 succesfully
2025-03-13 14:14:22,039 pop.CPM_RT_mixins INFO     mongo_db = TemporaryRTModelCPM, topic = MQTT_RT_DATA created 67d293de51f09df526421261 succesfully
2025-03-13 14:14:22,052 pop.CPM_RT_mixins INFO     mongo_db = TodayRTModelCPM, topic = MQTT_RT_DATA created 67d293de51f09df526421262 succesfully
2025-03-13 14:14:37,880 pop.CCCL_environment_mixins INFO     mongo_db = CCCLEnvironment, topic = CCCL/PURBACHAL/ENV_01 created 67d293ed51f09df526421263 succesfully
2025-03-13 14:14:37,902 pop.CCCL_environment_mixins INFO     mongo_db = TemporaryCCCLEnvironment, topic = CCCL/PURBACHAL/ENV_01 created 67d293ed51f09df526421264 succesfully
2025-03-13 14:14:37,920 pop.CCCL_environment_mixins INFO     mongo_db = TodayCCCLEnvironment, topic = CCCL/PURBACHAL/ENV_01 created 67d293ed51f09df526421265 succesfully
2025-03-13 14:14:52,316 pop.CPM_RT_mixins INFO     mongo_db = RTModelCPM, topic = MQTT_RT_DATA created 67d293fc51f09df526421266 succesfully
2025-03-13 14:14:52,333 pop.CPM_RT_mixins INFO     mongo_db = TemporaryRTModelCPM, topic = MQTT_RT_DATA created 67d293fc51f09df526421267 succesfully
2025-03-13 14:14:52,349 pop.CPM_RT_mixins INFO     mongo_db = TodayRTModelCPM, topic = MQTT_RT_DATA created 67d293fc51f09df526421268 succesfully
2025-03-13 14:15:08,190 pop.CCCL_environment_mixins INFO     mongo_db = CCCLEnvironment, topic = CCCL/PURBACHAL/ENV_01 created 67d2940c51f09df526421269 succesfully
2025-03-13 14:15:08,203 pop.CCCL_environment_mixins INFO     mongo_db = TemporaryCCCLEnvironment, topic = CCCL/PURBACHAL/ENV_01 created 67d2940c51f09df52642126a succesfully
2025-03-13 14:15:08,217 pop.CCCL_environment_mixins INFO     mongo_db = TodayCCCLEnvironment, topic = CCCL/PURBACHAL/ENV_01 created 67d2940c51f09df52642126b succesfully
2025-03-13 14:15:14,670 pop.CCCL_generator_mixins INFO     mongo_db = CCCLGenerator, topic = CCCL/PURBACHAL/ENM_01 created 67d2941251f09df52642126c succesfully
2025-03-13 14:15:14,681 pop.CCCL_generator_mixins INFO     mongo_db = TemporaryCCCLGenerator, topic = CCCL/PURBACHAL/ENM_01 created 67d2941251f09df52642126d succesfully
2025-03-13 14:15:14,694 pop.CCCL_generator_mixins INFO     mongo_db = TodayCCCLGenerator, topic = CCCL/PURBACHAL/ENM_01 created 67d2941251f09df52642126e succesfully
2025-03-13 14:15:22,022 pop.CPM_RT_mixins INFO     mongo_db = RTModelCPM, topic = MQTT_RT_DATA created 67d2941a51f09df52642126f succesfully
2025-03-13 14:15:22,035 pop.CPM_RT_mixins INFO     mongo_db = TemporaryRTModelCPM, topic = MQTT_RT_DATA created 67d2941a51f09df526421270 succesfully
2025-03-13 14:15:22,049 pop.CPM_RT_mixins INFO     mongo_db = TodayRTModelCPM, topic = MQTT_RT_DATA created 67d2941a51f09df526421271 succesfully
2025-03-13 14:15:38,485 pop.CCCL_environment_mixins INFO     mongo_db = CCCLEnvironment, topic = CCCL/PURBACHAL/ENV_01 created 67d2942a51f09df526421272 succesfully
2025-03-13 14:15:38,496 pop.CCCL_environment_mixins INFO     mongo_db = TemporaryCCCLEnvironment, topic = CCCL/PURBACHAL/ENV_01 created 67d2942a51f09df526421273 succesfully
2025-03-13 14:15:38,508 pop.CCCL_environment_mixins INFO     mongo_db = TodayCCCLEnvironment, topic = CCCL/PURBACHAL/ENV_01 created 67d2942a51f09df526421274 succesfully
2025-03-13 14:15:52,473 pop.CPM_RT_mixins INFO     mongo_db = RTModelCPM, topic = MQTT_RT_DATA created 67d2943851f09df526421275 succesfully
2025-03-13 14:15:52,488 pop.CPM_RT_mixins INFO     mongo_db = TemporaryRTModelCPM, topic = MQTT_RT_DATA created 67d2943851f09df526421276 succesfully
2025-03-13 14:15:52,507 pop.CPM_RT_mixins INFO     mongo_db = TodayRTModelCPM, topic = MQTT_RT_DATA created 67d2943851f09df526421277 succesfully
2025-03-13 14:16:03,075 django.request ERROR    Internal Server Error: /api/v1.0/pop/ups-data/
Traceback (most recent call last):
  File "/opt/venv/lib/python3.9/site-packages/django/core/handlers/exception.py", line 55, in inner
    response = get_response(request)
  File "/opt/venv/lib/python3.9/site-packages/django/core/handlers/base.py", line 197, in _get_response
    response = wrapped_callback(request, *callback_args, **callback_kwargs)
  File "/opt/venv/lib/python3.9/site-packages/django/views/decorators/csrf.py", line 54, in wrapped_view
    return view_func(*args, **kwargs)
  File "/opt/venv/lib/python3.9/site-packages/rest_framework/viewsets.py", line 125, in view
    return self.dispatch(request, *args, **kwargs)
  File "/opt/venv/lib/python3.9/site-packages/rest_framework/views.py", line 509, in dispatch
    response = self.handle_exception(exc)
  File "/opt/venv/lib/python3.9/site-packages/rest_framework/views.py", line 469, in handle_exception
    self.raise_uncaught_exception(exc)
  File "/opt/venv/lib/python3.9/site-packages/rest_framework/views.py", line 480, in raise_uncaught_exception
    raise exc
  File "/opt/venv/lib/python3.9/site-packages/rest_framework/views.py", line 506, in dispatch
    response = handler(request, *args, **kwargs)
  File "/opt/app/pop/api/views.py", line 426, in list
    queryset = self.get_queryset()
  File "/opt/app/pop/api/views.py", line 420, in get_queryset
    queryset = queryset.filter(timestamp__gte=start_time)
UnboundLocalError: local variable 'start_time' referenced before assignment
2025-03-13 14:16:08,811 pop.CCCL_environment_mixins INFO     mongo_db = CCCLEnvironment, topic = CCCL/PURBACHAL/ENV_01 created 67d2944851f09df526421278 succesfully
2025-03-13 14:16:08,836 pop.CCCL_environment_mixins INFO     mongo_db = TemporaryCCCLEnvironment, topic = CCCL/PURBACHAL/ENV_01 created 67d2944851f09df526421279 succesfully
2025-03-13 14:16:08,852 pop.CCCL_environment_mixins INFO     mongo_db = TodayCCCLEnvironment, topic = CCCL/PURBACHAL/ENV_01 created 67d2944851f09df52642127a succesfully
2025-03-13 14:16:14,674 pop.CCCL_generator_mixins INFO     mongo_db = CCCLGenerator, topic = CCCL/PURBACHAL/ENM_01 created 67d2944e51f09df52642127b succesfully
2025-03-13 14:16:14,687 pop.CCCL_generator_mixins INFO     mongo_db = TemporaryCCCLGenerator, topic = CCCL/PURBACHAL/ENM_01 created 67d2944e51f09df52642127c succesfully
2025-03-13 14:16:14,700 pop.CCCL_generator_mixins INFO     mongo_db = TodayCCCLGenerator, topic = CCCL/PURBACHAL/ENM_01 created 67d2944e51f09df52642127d succesfully
2025-03-13 14:16:22,069 pop.CPM_RT_mixins INFO     mongo_db = RTModelCPM, topic = MQTT_RT_DATA created 67d2945651f09df52642127e succesfully
2025-03-13 14:16:22,082 pop.CPM_RT_mixins INFO     mongo_db = TemporaryRTModelCPM, topic = MQTT_RT_DATA created 67d2945651f09df52642127f succesfully
2025-03-13 14:16:22,097 pop.CPM_RT_mixins INFO     mongo_db = TodayRTModelCPM, topic = MQTT_RT_DATA created 67d2945651f09df526421280 succesfully
2025-03-13 14:16:39,131 pop.CCCL_environment_mixins INFO     mongo_db = CCCLEnvironment, topic = CCCL/PURBACHAL/ENV_01 created 67d2946751f09df526421281 succesfully
2025-03-13 14:16:39,157 pop.CCCL_environment_mixins INFO     mongo_db = TemporaryCCCLEnvironment, topic = CCCL/PURBACHAL/ENV_01 created 67d2946751f09df526421282 succesfully
2025-03-13 14:16:39,170 pop.CCCL_environment_mixins INFO     mongo_db = TodayCCCLEnvironment, topic = CCCL/PURBACHAL/ENV_01 created 67d2946751f09df526421283 succesfully
2025-03-13 14:16:50,673 pop.CPM_RT_mixins INFO     mongo_db = RTModelCPM, topic = MQTT_RT_DATA created 67d2947251f09df526421284 succesfully
2025-03-13 14:16:50,687 pop.CPM_RT_mixins INFO     mongo_db = TemporaryRTModelCPM, topic = MQTT_RT_DATA created 67d2947251f09df526421285 succesfully
2025-03-13 14:16:50,702 pop.CPM_RT_mixins INFO     mongo_db = TodayRTModelCPM, topic = MQTT_RT_DATA created 67d2947251f09df526421286 succesfully
2025-03-13 14:17:09,434 pop.CCCL_environment_mixins INFO     mongo_db = CCCLEnvironment, topic = CCCL/PURBACHAL/ENV_01 created 67d2948551f09df526421287 succesfully
2025-03-13 14:17:09,448 pop.CCCL_environment_mixins INFO     mongo_db = TemporaryCCCLEnvironment, topic = CCCL/PURBACHAL/ENV_01 created 67d2948551f09df526421288 succesfully
2025-03-13 14:17:09,457 pop.CCCL_environment_mixins INFO     mongo_db = TodayCCCLEnvironment, topic = CCCL/PURBACHAL/ENV_01 created 67d2948551f09df526421289 succesfully
2025-03-13 14:17:14,671 pop.CCCL_generator_mixins INFO     mongo_db = CCCLGenerator, topic = CCCL/PURBACHAL/ENM_01 created 67d2948a51f09df52642128a succesfully
2025-03-13 14:17:14,683 pop.CCCL_generator_mixins INFO     mongo_db = TemporaryCCCLGenerator, topic = CCCL/PURBACHAL/ENM_01 created 67d2948a51f09df52642128b succesfully
2025-03-13 14:17:14,697 pop.CCCL_generator_mixins INFO     mongo_db = TodayCCCLGenerator, topic = CCCL/PURBACHAL/ENM_01 created 67d2948a51f09df52642128c succesfully
2025-03-13 14:17:21,073 pop.CPM_RT_mixins INFO     mongo_db = RTModelCPM, topic = MQTT_RT_DATA created 67d2949151f09df52642128d succesfully
2025-03-13 14:17:21,088 pop.CPM_RT_mixins INFO     mongo_db = TemporaryRTModelCPM, topic = MQTT_RT_DATA created 67d2949151f09df52642128e succesfully
2025-03-13 14:17:21,116 pop.CPM_RT_mixins INFO     mongo_db = TodayRTModelCPM, topic = MQTT_RT_DATA created 67d2949151f09df52642128f succesfully
2025-03-13 14:17:39,727 pop.CCCL_environment_mixins INFO     mongo_db = CCCLEnvironment, topic = CCCL/PURBACHAL/ENV_01 created 67d294a351f09df526421290 succesfully
2025-03-13 14:17:39,735 pop.CCCL_environment_mixins INFO     mongo_db = TemporaryCCCLEnvironment, topic = CCCL/PURBACHAL/ENV_01 created 67d294a351f09df526421291 succesfully
2025-03-13 14:17:39,746 pop.CCCL_environment_mixins INFO     mongo_db = TodayCCCLEnvironment, topic = CCCL/PURBACHAL/ENV_01 created 67d294a351f09df526421292 succesfully
2025-03-13 14:18:07,967 pop.CPM_RT_mixins INFO     mongo_db = RTModelCPM, topic = MQTT_RT_DATA created 67d294bf5f0e863abde3af5d succesfully
2025-03-13 14:18:08,005 pop.CPM_RT_mixins INFO     mongo_db = TemporaryRTModelCPM, topic = MQTT_RT_DATA created 67d294bf5f0e863abde3af5e succesfully
2025-03-13 14:18:08,036 pop.CPM_RT_mixins INFO     mongo_db = TodayRTModelCPM, topic = MQTT_RT_DATA created 67d294c05f0e863abde3af5f succesfully
2025-03-13 14:18:10,027 pop.CCCL_environment_mixins INFO     mongo_db = CCCLEnvironment, topic = CCCL/PURBACHAL/ENV_01 created 67d294c25f0e863abde3af60 succesfully
2025-03-13 14:18:10,037 pop.CCCL_environment_mixins INFO     mongo_db = TemporaryCCCLEnvironment, topic = CCCL/PURBACHAL/ENV_01 created 67d294c25f0e863abde3af61 succesfully
2025-03-13 14:18:10,048 pop.CCCL_environment_mixins INFO     mongo_db = TodayCCCLEnvironment, topic = CCCL/PURBACHAL/ENV_01 created 67d294c25f0e863abde3af62 succesfully
2025-03-13 14:18:14,680 pop.CCCL_generator_mixins INFO     mongo_db = CCCLGenerator, topic = CCCL/PURBACHAL/ENM_01 created 67d294c65f0e863abde3af63 succesfully
2025-03-13 14:18:14,713 pop.CCCL_generator_mixins INFO     mongo_db = TemporaryCCCLGenerator, topic = CCCL/PURBACHAL/ENM_01 created 67d294c65f0e863abde3af64 succesfully
2025-03-13 14:18:14,733 pop.CCCL_generator_mixins INFO     mongo_db = TodayCCCLGenerator, topic = CCCL/PURBACHAL/ENM_01 created 67d294c65f0e863abde3af65 succesfully
2025-03-13 14:18:17,279 django.request ERROR    Internal Server Error: /api/v1.0/pop/ups-data/
Traceback (most recent call last):
  File "/opt/venv/lib/python3.9/site-packages/django/core/handlers/exception.py", line 55, in inner
    response = get_response(request)
  File "/opt/venv/lib/python3.9/site-packages/django/core/handlers/base.py", line 197, in _get_response
    response = wrapped_callback(request, *callback_args, **callback_kwargs)
  File "/opt/venv/lib/python3.9/site-packages/django/views/decorators/csrf.py", line 54, in wrapped_view
    return view_func(*args, **kwargs)
  File "/opt/venv/lib/python3.9/site-packages/rest_framework/viewsets.py", line 125, in view
    return self.dispatch(request, *args, **kwargs)
  File "/opt/venv/lib/python3.9/site-packages/rest_framework/views.py", line 509, in dispatch
    response = self.handle_exception(exc)
  File "/opt/venv/lib/python3.9/site-packages/rest_framework/views.py", line 469, in handle_exception
    self.raise_uncaught_exception(exc)
  File "/opt/venv/lib/python3.9/site-packages/rest_framework/views.py", line 480, in raise_uncaught_exception
    raise exc
  File "/opt/venv/lib/python3.9/site-packages/rest_framework/views.py", line 506, in dispatch
    response = handler(request, *args, **kwargs)
  File "/opt/app/pop/api/views.py", line 427, in list
    serializer = self.get_serilizer(queryset, many=True)
AttributeError: 'UpsDataViewSet' object has no attribute 'get_serilizer'
2025-03-13 14:18:22,162 pop.CPM_RT_mixins INFO     mongo_db = RTModelCPM, topic = MQTT_RT_DATA created 67d294ce5f0e863abde3af66 succesfully
2025-03-13 14:18:22,181 pop.CPM_RT_mixins INFO     mongo_db = TemporaryRTModelCPM, topic = MQTT_RT_DATA created 67d294ce5f0e863abde3af67 succesfully
2025-03-13 14:18:22,198 pop.CPM_RT_mixins INFO     mongo_db = TodayRTModelCPM, topic = MQTT_RT_DATA created 67d294ce5f0e863abde3af68 succesfully
2025-03-13 14:18:40,356 pop.CCCL_environment_mixins INFO     mongo_db = CCCLEnvironment, topic = CCCL/PURBACHAL/ENV_01 created 67d294e05f0e863abde3af69 succesfully
2025-03-13 14:18:40,368 pop.CCCL_environment_mixins INFO     mongo_db = TemporaryCCCLEnvironment, topic = CCCL/PURBACHAL/ENV_01 created 67d294e05f0e863abde3af6a succesfully
2025-03-13 14:18:40,378 pop.CCCL_environment_mixins INFO     mongo_db = TodayCCCLEnvironment, topic = CCCL/PURBACHAL/ENV_01 created 67d294e05f0e863abde3af6b succesfully
2025-03-13 14:18:51,262 pop.CPM_RT_mixins INFO     mongo_db = RTModelCPM, topic = MQTT_RT_DATA created 67d294eb5f0e863abde3af6c succesfully
2025-03-13 14:18:51,274 pop.CPM_RT_mixins INFO     mongo_db = TemporaryRTModelCPM, topic = MQTT_RT_DATA created 67d294eb5f0e863abde3af6d succesfully
2025-03-13 14:18:51,286 pop.CPM_RT_mixins INFO     mongo_db = TodayRTModelCPM, topic = MQTT_RT_DATA created 67d294eb5f0e863abde3af6e succesfully
2025-03-13 14:19:10,674 pop.CCCL_environment_mixins INFO     mongo_db = CCCLEnvironment, topic = CCCL/PURBACHAL/ENV_01 created 67d294fe5f0e863abde3af6f succesfully
2025-03-13 14:19:10,697 pop.CCCL_environment_mixins INFO     mongo_db = TemporaryCCCLEnvironment, topic = CCCL/PURBACHAL/ENV_01 created 67d294fe5f0e863abde3af70 succesfully
2025-03-13 14:19:10,714 pop.CCCL_environment_mixins INFO     mongo_db = TodayCCCLEnvironment, topic = CCCL/PURBACHAL/ENV_01 created 67d294fe5f0e863abde3af71 succesfully
2025-03-13 14:19:14,684 pop.CCCL_generator_mixins INFO     mongo_db = CCCLGenerator, topic = CCCL/PURBACHAL/ENM_01 created 67d295025f0e863abde3af72 succesfully
2025-03-13 14:19:14,699 pop.CCCL_generator_mixins INFO     mongo_db = TemporaryCCCLGenerator, topic = CCCL/PURBACHAL/ENM_01 created 67d295025f0e863abde3af73 succesfully
2025-03-13 14:19:14,714 pop.CCCL_generator_mixins INFO     mongo_db = TodayCCCLGenerator, topic = CCCL/PURBACHAL/ENM_01 created 67d295025f0e863abde3af74 succesfully
2025-03-13 14:19:22,482 pop.CPM_RT_mixins INFO     mongo_db = RTModelCPM, topic = MQTT_RT_DATA created 67d2950a5f0e863abde3af75 succesfully
2025-03-13 14:19:22,497 pop.CPM_RT_mixins INFO     mongo_db = TemporaryRTModelCPM, topic = MQTT_RT_DATA created 67d2950a5f0e863abde3af76 succesfully
2025-03-13 14:19:22,516 pop.CPM_RT_mixins INFO     mongo_db = TodayRTModelCPM, topic = MQTT_RT_DATA created 67d2950a5f0e863abde3af77 succesfully
2025-03-13 14:19:40,987 pop.CCCL_environment_mixins INFO     mongo_db = CCCLEnvironment, topic = CCCL/PURBACHAL/ENV_01 created 67d2951c5f0e863abde3af78 succesfully
2025-03-13 14:19:41,014 pop.CCCL_environment_mixins INFO     mongo_db = TemporaryCCCLEnvironment, topic = CCCL/PURBACHAL/ENV_01 created 67d2951d5f0e863abde3af79 succesfully
2025-03-13 14:19:41,025 pop.CCCL_environment_mixins INFO     mongo_db = TodayCCCLEnvironment, topic = CCCL/PURBACHAL/ENV_01 created 67d2951d5f0e863abde3af7a succesfully
2025-03-13 14:20:15,378 pop.CPM_RT_mixins INFO     mongo_db = RTModelCPM, topic = MQTT_RT_DATA created 67d2953f5ac84ba17b7e081b succesfully
2025-03-13 14:20:15,412 pop.CPM_RT_mixins INFO     mongo_db = TemporaryRTModelCPM, topic = MQTT_RT_DATA created 67d2953f5ac84ba17b7e081c succesfully
2025-03-13 14:20:15,442 pop.CPM_RT_mixins INFO     mongo_db = TodayRTModelCPM, topic = MQTT_RT_DATA created 67d2953f5ac84ba17b7e081d succesfully
2025-03-13 14:20:15,471 pop.CCCL_generator_mixins INFO     mongo_db = CCCLGenerator, topic = CCCL/PURBACHAL/ENM_01 created 67d2953f5ac84ba17b7e081e succesfully
2025-03-13 14:20:15,494 pop.CCCL_generator_mixins INFO     mongo_db = TemporaryCCCLGenerator, topic = CCCL/PURBACHAL/ENM_01 created 67d2953f5ac84ba17b7e081f succesfully
2025-03-13 14:20:15,516 pop.CCCL_generator_mixins INFO     mongo_db = TodayCCCLGenerator, topic = CCCL/PURBACHAL/ENM_01 created 67d2953f5ac84ba17b7e0820 succesfully
2025-03-13 14:20:20,572 django.request ERROR    Internal Server Error: /api/v1.0/pop/ups-data/
Traceback (most recent call last):
  File "/opt/venv/lib/python3.9/site-packages/django/db/backends/utils.py", line 89, in _execute
    return self.cursor.execute(sql, params)
psycopg2.errors.UndefinedColumn: column ups_status._id does not exist
LINE 1: SELECT "ups_status"."_id", "ups_status"."timestamp", "ups_st...
               ^


The above exception was the direct cause of the following exception:

Traceback (most recent call last):
  File "/opt/venv/lib/python3.9/site-packages/django/core/handlers/exception.py", line 55, in inner
    response = get_response(request)
  File "/opt/venv/lib/python3.9/site-packages/django/core/handlers/base.py", line 197, in _get_response
    response = wrapped_callback(request, *callback_args, **callback_kwargs)
  File "/opt/venv/lib/python3.9/site-packages/django/views/decorators/csrf.py", line 54, in wrapped_view
    return view_func(*args, **kwargs)
  File "/opt/venv/lib/python3.9/site-packages/rest_framework/viewsets.py", line 125, in view
    return self.dispatch(request, *args, **kwargs)
  File "/opt/venv/lib/python3.9/site-packages/rest_framework/views.py", line 509, in dispatch
    response = self.handle_exception(exc)
  File "/opt/venv/lib/python3.9/site-packages/rest_framework/views.py", line 469, in handle_exception
    self.raise_uncaught_exception(exc)
  File "/opt/venv/lib/python3.9/site-packages/rest_framework/views.py", line 480, in raise_uncaught_exception
    raise exc
  File "/opt/venv/lib/python3.9/site-packages/rest_framework/views.py", line 506, in dispatch
    response = handler(request, *args, **kwargs)
  File "/opt/app/pop/api/views.py", line 428, in list
    return Response(serializer.data)
  File "/opt/venv/lib/python3.9/site-packages/rest_framework/serializers.py", line 745, in data
    ret = super().data
  File "/opt/venv/lib/python3.9/site-packages/rest_framework/serializers.py", line 246, in data
    self._data = self.to_representation(self.instance)
  File "/opt/venv/lib/python3.9/site-packages/rest_framework/serializers.py", line 663, in to_representation
    return [
  File "/opt/venv/lib/python3.9/site-packages/django/db/models/query.py", line 394, in __iter__
    self._fetch_all()
  File "/opt/venv/lib/python3.9/site-packages/django/db/models/query.py", line 1866, in _fetch_all
    self._result_cache = list(self._iterable_class(self))
  File "/opt/venv/lib/python3.9/site-packages/django/db/models/query.py", line 87, in __iter__
    results = compiler.execute_sql(
  File "/opt/venv/lib/python3.9/site-packages/django/db/models/sql/compiler.py", line 1395, in execute_sql
    cursor.execute(sql, params)
  File "/opt/venv/lib/python3.9/site-packages/django/db/backends/utils.py", line 103, in execute
    return super().execute(sql, params)
  File "/opt/venv/lib/python3.9/site-packages/django/db/backends/utils.py", line 67, in execute
    return self._execute_with_wrappers(
  File "/opt/venv/lib/python3.9/site-packages/django/db/backends/utils.py", line 80, in _execute_with_wrappers
    return executor(sql, params, many, context)
  File "/opt/venv/lib/python3.9/site-packages/django/db/backends/utils.py", line 89, in _execute
    return self.cursor.execute(sql, params)
  File "/opt/venv/lib/python3.9/site-packages/django/db/utils.py", line 91, in __exit__
    raise dj_exc_value.with_traceback(traceback) from exc_value
  File "/opt/venv/lib/python3.9/site-packages/django/db/backends/utils.py", line 89, in _execute
    return self.cursor.execute(sql, params)
django.db.utils.ProgrammingError: column ups_status._id does not exist
LINE 1: SELECT "ups_status"."_id", "ups_status"."timestamp", "ups_st...
               ^

2025-03-13 14:20:41,617 pop.CCCL_environment_mixins INFO     mongo_db = CCCLEnvironment, topic = CCCL/PURBACHAL/ENV_01 created 67d295595ac84ba17b7e0821 succesfully
2025-03-13 14:20:41,629 pop.CCCL_environment_mixins INFO     mongo_db = TemporaryCCCLEnvironment, topic = CCCL/PURBACHAL/ENV_01 created 67d295595ac84ba17b7e0822 succesfully
2025-03-13 14:20:41,645 pop.CCCL_environment_mixins INFO     mongo_db = TodayCCCLEnvironment, topic = CCCL/PURBACHAL/ENV_01 created 67d295595ac84ba17b7e0823 succesfully
2025-03-13 14:20:51,206 pop.CPM_RT_mixins INFO     mongo_db = RTModelCPM, topic = MQTT_RT_DATA created 67d295635ac84ba17b7e0824 succesfully
2025-03-13 14:20:51,222 pop.CPM_RT_mixins INFO     mongo_db = TemporaryRTModelCPM, topic = MQTT_RT_DATA created 67d295635ac84ba17b7e0825 succesfully
2025-03-13 14:20:51,238 pop.CPM_RT_mixins INFO     mongo_db = TodayRTModelCPM, topic = MQTT_RT_DATA created 67d295635ac84ba17b7e0826 succesfully
2025-03-13 14:21:11,927 pop.CCCL_environment_mixins INFO     mongo_db = CCCLEnvironment, topic = CCCL/PURBACHAL/ENV_01 created 67d295775ac84ba17b7e0827 succesfully
2025-03-13 14:21:11,944 pop.CCCL_environment_mixins INFO     mongo_db = TemporaryCCCLEnvironment, topic = CCCL/PURBACHAL/ENV_01 created 67d295775ac84ba17b7e0828 succesfully
2025-03-13 14:21:11,954 pop.CCCL_environment_mixins INFO     mongo_db = TodayCCCLEnvironment, topic = CCCL/PURBACHAL/ENV_01 created 67d295775ac84ba17b7e0829 succesfully
2025-03-13 14:21:21,008 pop.CPM_RT_mixins INFO     mongo_db = RTModelCPM, topic = MQTT_RT_DATA created 67d295815ac84ba17b7e082a succesfully
2025-03-13 14:21:21,025 pop.CPM_RT_mixins INFO     mongo_db = TemporaryRTModelCPM, topic = MQTT_RT_DATA created 67d295815ac84ba17b7e082b succesfully
2025-03-13 14:21:21,040 pop.CPM_RT_mixins INFO     mongo_db = TodayRTModelCPM, topic = MQTT_RT_DATA created 67d295815ac84ba17b7e082c succesfully
2025-03-13 14:21:42,280 pop.CCCL_environment_mixins INFO     mongo_db = CCCLEnvironment, topic = CCCL/PURBACHAL/ENV_01 created 67d295965ac84ba17b7e082d succesfully
2025-03-13 14:21:42,318 pop.CCCL_environment_mixins INFO     mongo_db = TemporaryCCCLEnvironment, topic = CCCL/PURBACHAL/ENV_01 created 67d295965ac84ba17b7e082e succesfully
2025-03-13 14:21:42,357 pop.CCCL_environment_mixins INFO     mongo_db = TodayCCCLEnvironment, topic = CCCL/PURBACHAL/ENV_01 created 67d295965ac84ba17b7e082f succesfully
2025-03-13 14:21:51,227 pop.CPM_RT_mixins INFO     mongo_db = RTModelCPM, topic = MQTT_RT_DATA created 67d2959f5ac84ba17b7e0830 succesfully
2025-03-13 14:21:51,291 pop.CPM_RT_mixins INFO     mongo_db = TemporaryRTModelCPM, topic = MQTT_RT_DATA created 67d2959f5ac84ba17b7e0831 succesfully
2025-03-13 14:21:51,340 pop.CPM_RT_mixins INFO     mongo_db = TodayRTModelCPM, topic = MQTT_RT_DATA created 67d2959f5ac84ba17b7e0832 succesfully
2025-03-13 14:22:12,545 pop.CCCL_environment_mixins INFO     mongo_db = CCCLEnvironment, topic = CCCL/PURBACHAL/ENV_01 created 67d295b45ac84ba17b7e0833 succesfully
2025-03-13 14:22:12,572 pop.CCCL_environment_mixins INFO     mongo_db = TemporaryCCCLEnvironment, topic = CCCL/PURBACHAL/ENV_01 created 67d295b45ac84ba17b7e0834 succesfully
2025-03-13 14:22:12,583 pop.CCCL_environment_mixins INFO     mongo_db = TodayCCCLEnvironment, topic = CCCL/PURBACHAL/ENV_01 created 67d295b45ac84ba17b7e0835 succesfully
2025-03-13 14:22:21,905 pop.CPM_RT_mixins INFO     mongo_db = RTModelCPM, topic = MQTT_RT_DATA created 67d295bd5ac84ba17b7e0836 succesfully
2025-03-13 14:22:21,917 pop.CPM_RT_mixins INFO     mongo_db = TemporaryRTModelCPM, topic = MQTT_RT_DATA created 67d295bd5ac84ba17b7e0837 succesfully
2025-03-13 14:22:21,932 pop.CPM_RT_mixins INFO     mongo_db = TodayRTModelCPM, topic = MQTT_RT_DATA created 67d295bd5ac84ba17b7e0838 succesfully
2025-03-13 14:22:42,844 pop.CCCL_environment_mixins INFO     mongo_db = CCCLEnvironment, topic = CCCL/PURBACHAL/ENV_01 created 67d295d25ac84ba17b7e0839 succesfully
2025-03-13 14:22:42,861 pop.CCCL_environment_mixins INFO     mongo_db = TemporaryCCCLEnvironment, topic = CCCL/PURBACHAL/ENV_01 created 67d295d25ac84ba17b7e083a succesfully
2025-03-13 14:22:42,875 pop.CCCL_environment_mixins INFO     mongo_db = TodayCCCLEnvironment, topic = CCCL/PURBACHAL/ENV_01 created 67d295d25ac84ba17b7e083b succesfully
2025-03-13 14:22:47,353 django.request ERROR    Internal Server Error: /api/v1.0/pop/ups-data/
Traceback (most recent call last):
  File "/opt/venv/lib/python3.9/site-packages/django/db/backends/utils.py", line 89, in _execute
    return self.cursor.execute(sql, params)
psycopg2.errors.UndefinedColumn: column ups_status._id does not exist
LINE 1: SELECT "ups_status"."_id", "ups_status"."timestamp", "ups_st...
               ^


The above exception was the direct cause of the following exception:

Traceback (most recent call last):
  File "/opt/venv/lib/python3.9/site-packages/django/core/handlers/exception.py", line 55, in inner
    response = get_response(request)
  File "/opt/venv/lib/python3.9/site-packages/django/core/handlers/base.py", line 197, in _get_response
    response = wrapped_callback(request, *callback_args, **callback_kwargs)
  File "/opt/venv/lib/python3.9/site-packages/django/views/decorators/csrf.py", line 54, in wrapped_view
    return view_func(*args, **kwargs)
  File "/opt/venv/lib/python3.9/site-packages/rest_framework/viewsets.py", line 125, in view
    return self.dispatch(request, *args, **kwargs)
  File "/opt/venv/lib/python3.9/site-packages/rest_framework/views.py", line 509, in dispatch
    response = self.handle_exception(exc)
  File "/opt/venv/lib/python3.9/site-packages/rest_framework/views.py", line 469, in handle_exception
    self.raise_uncaught_exception(exc)
  File "/opt/venv/lib/python3.9/site-packages/rest_framework/views.py", line 480, in raise_uncaught_exception
    raise exc
  File "/opt/venv/lib/python3.9/site-packages/rest_framework/views.py", line 506, in dispatch
    response = handler(request, *args, **kwargs)
  File "/opt/app/pop/api/views.py", line 428, in list
    return Response(serializer.data)
  File "/opt/venv/lib/python3.9/site-packages/rest_framework/serializers.py", line 745, in data
    ret = super().data
  File "/opt/venv/lib/python3.9/site-packages/rest_framework/serializers.py", line 246, in data
    self._data = self.to_representation(self.instance)
  File "/opt/venv/lib/python3.9/site-packages/rest_framework/serializers.py", line 663, in to_representation
    return [
  File "/opt/venv/lib/python3.9/site-packages/django/db/models/query.py", line 394, in __iter__
    self._fetch_all()
  File "/opt/venv/lib/python3.9/site-packages/django/db/models/query.py", line 1866, in _fetch_all
    self._result_cache = list(self._iterable_class(self))
  File "/opt/venv/lib/python3.9/site-packages/django/db/models/query.py", line 87, in __iter__
    results = compiler.execute_sql(
  File "/opt/venv/lib/python3.9/site-packages/django/db/models/sql/compiler.py", line 1395, in execute_sql
    cursor.execute(sql, params)
  File "/opt/venv/lib/python3.9/site-packages/django/db/backends/utils.py", line 103, in execute
    return super().execute(sql, params)
  File "/opt/venv/lib/python3.9/site-packages/django/db/backends/utils.py", line 67, in execute
    return self._execute_with_wrappers(
  File "/opt/venv/lib/python3.9/site-packages/django/db/backends/utils.py", line 80, in _execute_with_wrappers
    return executor(sql, params, many, context)
  File "/opt/venv/lib/python3.9/site-packages/django/db/backends/utils.py", line 89, in _execute
    return self.cursor.execute(sql, params)
  File "/opt/venv/lib/python3.9/site-packages/django/db/utils.py", line 91, in __exit__
    raise dj_exc_value.with_traceback(traceback) from exc_value
  File "/opt/venv/lib/python3.9/site-packages/django/db/backends/utils.py", line 89, in _execute
    return self.cursor.execute(sql, params)
django.db.utils.ProgrammingError: column ups_status._id does not exist
LINE 1: SELECT "ups_status"."_id", "ups_status"."timestamp", "ups_st...
               ^

2025-03-13 14:22:51,637 pop.CPM_RT_mixins INFO     mongo_db = RTModelCPM, topic = MQTT_RT_DATA created 67d295db5ac84ba17b7e083c succesfully
2025-03-13 14:22:51,654 pop.CPM_RT_mixins INFO     mongo_db = TemporaryRTModelCPM, topic = MQTT_RT_DATA created 67d295db5ac84ba17b7e083d succesfully
2025-03-13 14:22:51,673 pop.CPM_RT_mixins INFO     mongo_db = TodayRTModelCPM, topic = MQTT_RT_DATA created 67d295db5ac84ba17b7e083e succesfully
2025-03-13 14:23:13,175 pop.CCCL_environment_mixins INFO     mongo_db = CCCLEnvironment, topic = CCCL/PURBACHAL/ENV_01 created 67d295f15ac84ba17b7e083f succesfully
2025-03-13 14:23:13,196 pop.CCCL_environment_mixins INFO     mongo_db = TemporaryCCCLEnvironment, topic = CCCL/PURBACHAL/ENV_01 created 67d295f15ac84ba17b7e0840 succesfully
2025-03-13 14:23:13,221 pop.CCCL_environment_mixins INFO     mongo_db = TodayCCCLEnvironment, topic = CCCL/PURBACHAL/ENV_01 created 67d295f15ac84ba17b7e0841 succesfully
2025-03-13 14:23:21,860 pop.CPM_RT_mixins INFO     mongo_db = RTModelCPM, topic = MQTT_RT_DATA created 67d295f95ac84ba17b7e0842 succesfully
2025-03-13 14:23:21,873 pop.CPM_RT_mixins INFO     mongo_db = TemporaryRTModelCPM, topic = MQTT_RT_DATA created 67d295f95ac84ba17b7e0843 succesfully
2025-03-13 14:23:21,884 pop.CPM_RT_mixins INFO     mongo_db = TodayRTModelCPM, topic = MQTT_RT_DATA created 67d295f95ac84ba17b7e0844 succesfully
2025-03-13 14:23:43,526 pop.CCCL_environment_mixins INFO     mongo_db = CCCLEnvironment, topic = CCCL/PURBACHAL/ENV_01 created 67d2960f5ac84ba17b7e0845 succesfully
2025-03-13 14:23:43,555 pop.CCCL_environment_mixins INFO     mongo_db = TemporaryCCCLEnvironment, topic = CCCL/PURBACHAL/ENV_01 created 67d2960f5ac84ba17b7e0846 succesfully
2025-03-13 14:23:43,575 pop.CCCL_environment_mixins INFO     mongo_db = TodayCCCLEnvironment, topic = CCCL/PURBACHAL/ENV_01 created 67d2960f5ac84ba17b7e0847 succesfully
2025-03-13 14:23:51,143 pop.CPM_RT_mixins INFO     mongo_db = RTModelCPM, topic = MQTT_RT_DATA created 67d296175ac84ba17b7e0848 succesfully
2025-03-13 14:23:51,178 pop.CPM_RT_mixins INFO     mongo_db = TemporaryRTModelCPM, topic = MQTT_RT_DATA created 67d296175ac84ba17b7e0849 succesfully
2025-03-13 14:23:51,214 pop.CPM_RT_mixins INFO     mongo_db = TodayRTModelCPM, topic = MQTT_RT_DATA created 67d296175ac84ba17b7e084a succesfully
2025-03-13 14:24:13,779 pop.CCCL_environment_mixins INFO     mongo_db = CCCLEnvironment, topic = CCCL/PURBACHAL/ENV_01 created 67d2962d5ac84ba17b7e084b succesfully
2025-03-13 14:24:13,792 pop.CCCL_environment_mixins INFO     mongo_db = TemporaryCCCLEnvironment, topic = CCCL/PURBACHAL/ENV_01 created 67d2962d5ac84ba17b7e084c succesfully
2025-03-13 14:24:13,805 pop.CCCL_environment_mixins INFO     mongo_db = TodayCCCLEnvironment, topic = CCCL/PURBACHAL/ENV_01 created 67d2962d5ac84ba17b7e084d succesfully
2025-03-13 14:25:36,840 pop.CPM_RT_mixins INFO     mongo_db = RTModelCPM, topic = MQTT_RT_DATA created 67d29680a5848132b582efe4 succesfully
2025-03-13 14:25:36,888 pop.CPM_RT_mixins INFO     mongo_db = TemporaryRTModelCPM, topic = MQTT_RT_DATA created 67d29680a5848132b582efe5 succesfully
2025-03-13 14:25:36,939 pop.CPM_RT_mixins INFO     mongo_db = TodayRTModelCPM, topic = MQTT_RT_DATA created 67d29680a5848132b582efe6 succesfully
2025-03-13 14:25:41,547 django.request ERROR    Internal Server Error: /api/v1.0/pop/ups-data/
Traceback (most recent call last):
  File "/opt/venv/lib/python3.9/site-packages/django/db/backends/utils.py", line 89, in _execute
    return self.cursor.execute(sql, params)
psycopg2.errors.UndefinedColumn: column pop_upsmodel._id does not exist
LINE 1: SELECT "pop_upsmodel"."_id", "pop_upsmodel"."timestamp", "po...
               ^


The above exception was the direct cause of the following exception:

Traceback (most recent call last):
  File "/opt/venv/lib/python3.9/site-packages/django/core/handlers/exception.py", line 55, in inner
    response = get_response(request)
  File "/opt/venv/lib/python3.9/site-packages/django/core/handlers/base.py", line 197, in _get_response
    response = wrapped_callback(request, *callback_args, **callback_kwargs)
  File "/opt/venv/lib/python3.9/site-packages/django/views/decorators/csrf.py", line 54, in wrapped_view
    return view_func(*args, **kwargs)
  File "/opt/venv/lib/python3.9/site-packages/rest_framework/viewsets.py", line 125, in view
    return self.dispatch(request, *args, **kwargs)
  File "/opt/venv/lib/python3.9/site-packages/rest_framework/views.py", line 509, in dispatch
    response = self.handle_exception(exc)
  File "/opt/venv/lib/python3.9/site-packages/rest_framework/views.py", line 469, in handle_exception
    self.raise_uncaught_exception(exc)
  File "/opt/venv/lib/python3.9/site-packages/rest_framework/views.py", line 480, in raise_uncaught_exception
    raise exc
  File "/opt/venv/lib/python3.9/site-packages/rest_framework/views.py", line 506, in dispatch
    response = handler(request, *args, **kwargs)
  File "/opt/app/pop/api/views.py", line 428, in list
    return Response(serializer.data)
  File "/opt/venv/lib/python3.9/site-packages/rest_framework/serializers.py", line 745, in data
    ret = super().data
  File "/opt/venv/lib/python3.9/site-packages/rest_framework/serializers.py", line 246, in data
    self._data = self.to_representation(self.instance)
  File "/opt/venv/lib/python3.9/site-packages/rest_framework/serializers.py", line 663, in to_representation
    return [
  File "/opt/venv/lib/python3.9/site-packages/django/db/models/query.py", line 394, in __iter__
    self._fetch_all()
  File "/opt/venv/lib/python3.9/site-packages/django/db/models/query.py", line 1866, in _fetch_all
    self._result_cache = list(self._iterable_class(self))
  File "/opt/venv/lib/python3.9/site-packages/django/db/models/query.py", line 87, in __iter__
    results = compiler.execute_sql(
  File "/opt/venv/lib/python3.9/site-packages/django/db/models/sql/compiler.py", line 1395, in execute_sql
    cursor.execute(sql, params)
  File "/opt/venv/lib/python3.9/site-packages/django/db/backends/utils.py", line 103, in execute
    return super().execute(sql, params)
  File "/opt/venv/lib/python3.9/site-packages/django/db/backends/utils.py", line 67, in execute
    return self._execute_with_wrappers(
  File "/opt/venv/lib/python3.9/site-packages/django/db/backends/utils.py", line 80, in _execute_with_wrappers
    return executor(sql, params, many, context)
  File "/opt/venv/lib/python3.9/site-packages/django/db/backends/utils.py", line 89, in _execute
    return self.cursor.execute(sql, params)
  File "/opt/venv/lib/python3.9/site-packages/django/db/utils.py", line 91, in __exit__
    raise dj_exc_value.with_traceback(traceback) from exc_value
  File "/opt/venv/lib/python3.9/site-packages/django/db/backends/utils.py", line 89, in _execute
    return self.cursor.execute(sql, params)
django.db.utils.ProgrammingError: column pop_upsmodel._id does not exist
LINE 1: SELECT "pop_upsmodel"."_id", "pop_upsmodel"."timestamp", "po...
               ^

2025-03-13 14:25:45,132 pop.CCCL_environment_mixins INFO     mongo_db = CCCLEnvironment, topic = CCCL/PURBACHAL/ENV_01 created 67d29689a5848132b582efe7 succesfully
2025-03-13 14:25:45,142 pop.CCCL_environment_mixins INFO     mongo_db = TemporaryCCCLEnvironment, topic = CCCL/PURBACHAL/ENV_01 created 67d29689a5848132b582efe8 succesfully
2025-03-13 14:25:45,159 pop.CCCL_environment_mixins INFO     mongo_db = TodayCCCLEnvironment, topic = CCCL/PURBACHAL/ENV_01 created 67d29689a5848132b582efe9 succesfully
2025-03-13 14:25:50,520 pop.CPM_RT_mixins INFO     mongo_db = RTModelCPM, topic = MQTT_RT_DATA created 67d2968ea5848132b582efea succesfully
2025-03-13 14:25:50,531 pop.CPM_RT_mixins INFO     mongo_db = TemporaryRTModelCPM, topic = MQTT_RT_DATA created 67d2968ea5848132b582efeb succesfully
2025-03-13 14:25:50,544 pop.CPM_RT_mixins INFO     mongo_db = TodayRTModelCPM, topic = MQTT_RT_DATA created 67d2968ea5848132b582efec succesfully
2025-03-13 14:26:14,726 pop.CCCL_generator_mixins INFO     mongo_db = CCCLGenerator, topic = CCCL/PURBACHAL/ENM_01 created 67d296a6a5848132b582efed succesfully
2025-03-13 14:26:14,781 pop.CCCL_generator_mixins INFO     mongo_db = TemporaryCCCLGenerator, topic = CCCL/PURBACHAL/ENM_01 created 67d296a6a5848132b582efee succesfully
2025-03-13 14:26:14,835 pop.CCCL_generator_mixins INFO     mongo_db = TodayCCCLGenerator, topic = CCCL/PURBACHAL/ENM_01 created 67d296a6a5848132b582efef succesfully
2025-03-13 14:26:15,433 pop.CCCL_environment_mixins INFO     mongo_db = CCCLEnvironment, topic = CCCL/PURBACHAL/ENV_01 created 67d296a7a5848132b582eff0 succesfully
2025-03-13 14:26:15,458 pop.CCCL_environment_mixins INFO     mongo_db = TemporaryCCCLEnvironment, topic = CCCL/PURBACHAL/ENV_01 created 67d296a7a5848132b582eff1 succesfully
2025-03-13 14:26:15,473 pop.CCCL_environment_mixins INFO     mongo_db = TodayCCCLEnvironment, topic = CCCL/PURBACHAL/ENV_01 created 67d296a7a5848132b582eff2 succesfully
2025-03-13 14:30:38,901 pop.CPM_RT_mixins INFO     mongo_db = RTModelCPM, topic = MQTT_RT_DATA created 67d297ae6ff1fcf72d1df839 succesfully
2025-03-13 14:30:38,949 pop.CPM_RT_mixins INFO     mongo_db = TemporaryRTModelCPM, topic = MQTT_RT_DATA created 67d297ae6ff1fcf72d1df83a succesfully
2025-03-13 14:30:38,984 pop.CPM_RT_mixins INFO     mongo_db = TodayRTModelCPM, topic = MQTT_RT_DATA created 67d297ae6ff1fcf72d1df83b succesfully
2025-03-13 14:30:48,662 pop.CCCL_environment_mixins INFO     mongo_db = CCCLEnvironment, topic = CCCL/PURBACHAL/ENV_01 created 67d297b86ff1fcf72d1df83c succesfully
2025-03-13 14:30:48,682 pop.CCCL_environment_mixins INFO     mongo_db = TemporaryCCCLEnvironment, topic = CCCL/PURBACHAL/ENV_01 created 67d297b86ff1fcf72d1df83d succesfully
2025-03-13 14:30:48,696 pop.CCCL_environment_mixins INFO     mongo_db = TodayCCCLEnvironment, topic = CCCL/PURBACHAL/ENV_01 created 67d297b86ff1fcf72d1df83e succesfully
2025-03-13 14:30:51,743 pop.CPM_RT_mixins INFO     mongo_db = RTModelCPM, topic = MQTT_RT_DATA created 67d297bb6ff1fcf72d1df83f succesfully
2025-03-13 14:30:51,763 pop.CPM_RT_mixins INFO     mongo_db = TemporaryRTModelCPM, topic = MQTT_RT_DATA created 67d297bb6ff1fcf72d1df840 succesfully
2025-03-13 14:30:51,777 pop.CPM_RT_mixins INFO     mongo_db = TodayRTModelCPM, topic = MQTT_RT_DATA created 67d297bb6ff1fcf72d1df841 succesfully
2025-03-13 14:31:14,705 pop.CCCL_generator_mixins INFO     mongo_db = CCCLGenerator, topic = CCCL/PURBACHAL/ENM_01 created 67d297d26ff1fcf72d1df842 succesfully
2025-03-13 14:31:14,766 pop.CCCL_generator_mixins INFO     mongo_db = TemporaryCCCLGenerator, topic = CCCL/PURBACHAL/ENM_01 created 67d297d26ff1fcf72d1df843 succesfully
2025-03-13 14:31:14,811 pop.CCCL_generator_mixins INFO     mongo_db = TodayCCCLGenerator, topic = CCCL/PURBACHAL/ENM_01 created 67d297d26ff1fcf72d1df844 succesfully
2025-03-13 14:31:19,002 pop.CCCL_environment_mixins INFO     mongo_db = CCCLEnvironment, topic = CCCL/PURBACHAL/ENV_01 created 67d297d66ff1fcf72d1df845 succesfully
2025-03-13 14:31:19,074 pop.CCCL_environment_mixins INFO     mongo_db = TemporaryCCCLEnvironment, topic = CCCL/PURBACHAL/ENV_01 created 67d297d76ff1fcf72d1df846 succesfully
2025-03-13 14:31:19,125 pop.CCCL_environment_mixins INFO     mongo_db = TodayCCCLEnvironment, topic = CCCL/PURBACHAL/ENV_01 created 67d297d76ff1fcf72d1df847 succesfully
2025-03-13 14:31:21,893 pop.CPM_RT_mixins INFO     mongo_db = RTModelCPM, topic = MQTT_RT_DATA created 67d297d96ff1fcf72d1df848 succesfully
2025-03-13 14:31:21,934 pop.CPM_RT_mixins INFO     mongo_db = TemporaryRTModelCPM, topic = MQTT_RT_DATA created 67d297d96ff1fcf72d1df849 succesfully
2025-03-13 14:31:21,978 pop.CPM_RT_mixins INFO     mongo_db = TodayRTModelCPM, topic = MQTT_RT_DATA created 67d297d96ff1fcf72d1df84a succesfully
2025-03-13 14:31:49,352 pop.CCCL_environment_mixins INFO     mongo_db = CCCLEnvironment, topic = CCCL/PURBACHAL/ENV_01 created 67d297f56ff1fcf72d1df84b succesfully
2025-03-13 14:31:49,362 pop.CCCL_environment_mixins INFO     mongo_db = TemporaryCCCLEnvironment, topic = CCCL/PURBACHAL/ENV_01 created 67d297f56ff1fcf72d1df84c succesfully
2025-03-13 14:31:49,376 pop.CCCL_environment_mixins INFO     mongo_db = TodayCCCLEnvironment, topic = CCCL/PURBACHAL/ENV_01 created 67d297f56ff1fcf72d1df84d succesfully
2025-03-13 14:31:52,023 pop.CPM_RT_mixins INFO     mongo_db = RTModelCPM, topic = MQTT_RT_DATA created 67d297f86ff1fcf72d1df84e succesfully
2025-03-13 14:31:52,045 pop.CPM_RT_mixins INFO     mongo_db = TemporaryRTModelCPM, topic = MQTT_RT_DATA created 67d297f86ff1fcf72d1df84f succesfully
2025-03-13 14:31:52,065 pop.CPM_RT_mixins INFO     mongo_db = TodayRTModelCPM, topic = MQTT_RT_DATA created 67d297f86ff1fcf72d1df850 succesfully
2025-03-13 14:32:14,660 pop.CCCL_generator_mixins INFO     mongo_db = CCCLGenerator, topic = CCCL/PURBACHAL/ENM_01 created 67d2980e6ff1fcf72d1df851 succesfully
2025-03-13 14:32:14,690 pop.CCCL_generator_mixins INFO     mongo_db = TemporaryCCCLGenerator, topic = CCCL/PURBACHAL/ENM_01 created 67d2980e6ff1fcf72d1df852 succesfully
2025-03-13 14:32:14,703 pop.CCCL_generator_mixins INFO     mongo_db = TodayCCCLGenerator, topic = CCCL/PURBACHAL/ENM_01 created 67d2980e6ff1fcf72d1df853 succesfully
2025-03-13 14:32:19,574 pop.CCCL_environment_mixins INFO     mongo_db = CCCLEnvironment, topic = CCCL/PURBACHAL/ENV_01 created 67d298136ff1fcf72d1df854 succesfully
2025-03-13 14:32:19,603 pop.CCCL_environment_mixins INFO     mongo_db = TemporaryCCCLEnvironment, topic = CCCL/PURBACHAL/ENV_01 created 67d298136ff1fcf72d1df855 succesfully
2025-03-13 14:32:19,616 pop.CCCL_environment_mixins INFO     mongo_db = TodayCCCLEnvironment, topic = CCCL/PURBACHAL/ENV_01 created 67d298136ff1fcf72d1df856 succesfully
2025-03-13 14:32:20,647 pop.CPM_RT_mixins INFO     mongo_db = RTModelCPM, topic = MQTT_RT_DATA created 67d298146ff1fcf72d1df857 succesfully
2025-03-13 14:32:20,659 pop.CPM_RT_mixins INFO     mongo_db = TemporaryRTModelCPM, topic = MQTT_RT_DATA created 67d298146ff1fcf72d1df858 succesfully
2025-03-13 14:32:20,670 pop.CPM_RT_mixins INFO     mongo_db = TodayRTModelCPM, topic = MQTT_RT_DATA created 67d298146ff1fcf72d1df859 succesfully
2025-03-13 14:32:49,889 pop.CCCL_environment_mixins INFO     mongo_db = CCCLEnvironment, topic = CCCL/PURBACHAL/ENV_01 created 67d298316ff1fcf72d1df85a succesfully
2025-03-13 14:32:49,902 pop.CCCL_environment_mixins INFO     mongo_db = TemporaryCCCLEnvironment, topic = CCCL/PURBACHAL/ENV_01 created 67d298316ff1fcf72d1df85b succesfully
2025-03-13 14:32:49,914 pop.CCCL_environment_mixins INFO     mongo_db = TodayCCCLEnvironment, topic = CCCL/PURBACHAL/ENV_01 created 67d298316ff1fcf72d1df85c succesfully
2025-03-13 14:32:50,703 pop.CPM_RT_mixins INFO     mongo_db = RTModelCPM, topic = MQTT_RT_DATA created 67d298326ff1fcf72d1df85d succesfully
2025-03-13 14:32:50,714 pop.CPM_RT_mixins INFO     mongo_db = TemporaryRTModelCPM, topic = MQTT_RT_DATA created 67d298326ff1fcf72d1df85e succesfully
2025-03-13 14:32:50,726 pop.CPM_RT_mixins INFO     mongo_db = TodayRTModelCPM, topic = MQTT_RT_DATA created 67d298326ff1fcf72d1df85f succesfully
2025-03-13 14:33:14,639 pop.CCCL_generator_mixins INFO     mongo_db = CCCLGenerator, topic = CCCL/PURBACHAL/ENM_01 created 67d2984a6ff1fcf72d1df860 succesfully
2025-03-13 14:33:14,649 pop.CCCL_generator_mixins INFO     mongo_db = TemporaryCCCLGenerator, topic = CCCL/PURBACHAL/ENM_01 created 67d2984a6ff1fcf72d1df861 succesfully
2025-03-13 14:33:14,660 pop.CCCL_generator_mixins INFO     mongo_db = TodayCCCLGenerator, topic = CCCL/PURBACHAL/ENM_01 created 67d2984a6ff1fcf72d1df862 succesfully
2025-03-13 14:33:20,198 pop.CCCL_environment_mixins INFO     mongo_db = CCCLEnvironment, topic = CCCL/PURBACHAL/ENV_01 created 67d298506ff1fcf72d1df863 succesfully
2025-03-13 14:33:20,210 pop.CCCL_environment_mixins INFO     mongo_db = TemporaryCCCLEnvironment, topic = CCCL/PURBACHAL/ENV_01 created 67d298506ff1fcf72d1df864 succesfully
2025-03-13 14:33:20,221 pop.CCCL_environment_mixins INFO     mongo_db = TodayCCCLEnvironment, topic = CCCL/PURBACHAL/ENV_01 created 67d298506ff1fcf72d1df865 succesfully
2025-03-13 14:33:21,854 pop.CPM_RT_mixins INFO     mongo_db = RTModelCPM, topic = MQTT_RT_DATA created 67d298516ff1fcf72d1df866 succesfully
2025-03-13 14:33:21,866 pop.CPM_RT_mixins INFO     mongo_db = TemporaryRTModelCPM, topic = MQTT_RT_DATA created 67d298516ff1fcf72d1df867 succesfully
2025-03-13 14:33:21,878 pop.CPM_RT_mixins INFO     mongo_db = TodayRTModelCPM, topic = MQTT_RT_DATA created 67d298516ff1fcf72d1df868 succesfully
2025-03-13 14:33:50,506 pop.CCCL_environment_mixins INFO     mongo_db = CCCLEnvironment, topic = CCCL/PURBACHAL/ENV_01 created 67d2986e6ff1fcf72d1df869 succesfully
2025-03-13 14:33:50,516 pop.CCCL_environment_mixins INFO     mongo_db = TemporaryCCCLEnvironment, topic = CCCL/PURBACHAL/ENV_01 created 67d2986e6ff1fcf72d1df86a succesfully
2025-03-13 14:33:50,528 pop.CCCL_environment_mixins INFO     mongo_db = TodayCCCLEnvironment, topic = CCCL/PURBACHAL/ENV_01 created 67d2986e6ff1fcf72d1df86b succesfully
2025-03-13 14:33:51,103 pop.CPM_RT_mixins INFO     mongo_db = RTModelCPM, topic = MQTT_RT_DATA created 67d2986f6ff1fcf72d1df86c succesfully
2025-03-13 14:33:51,116 pop.CPM_RT_mixins INFO     mongo_db = TemporaryRTModelCPM, topic = MQTT_RT_DATA created 67d2986f6ff1fcf72d1df86d succesfully
2025-03-13 14:33:51,133 pop.CPM_RT_mixins INFO     mongo_db = TodayRTModelCPM, topic = MQTT_RT_DATA created 67d2986f6ff1fcf72d1df86e succesfully
2025-03-13 14:34:14,651 pop.CCCL_generator_mixins INFO     mongo_db = CCCLGenerator, topic = CCCL/PURBACHAL/ENM_01 created 67d298866ff1fcf72d1df86f succesfully
2025-03-13 14:34:14,677 pop.CCCL_generator_mixins INFO     mongo_db = TemporaryCCCLGenerator, topic = CCCL/PURBACHAL/ENM_01 created 67d298866ff1fcf72d1df870 succesfully
2025-03-13 14:34:14,694 pop.CCCL_generator_mixins INFO     mongo_db = TodayCCCLGenerator, topic = CCCL/PURBACHAL/ENM_01 created 67d298866ff1fcf72d1df871 succesfully
2025-03-13 14:34:20,807 pop.CCCL_environment_mixins INFO     mongo_db = CCCLEnvironment, topic = CCCL/PURBACHAL/ENV_01 created 67d2988c6ff1fcf72d1df872 succesfully
2025-03-13 14:34:20,816 pop.CCCL_environment_mixins INFO     mongo_db = TemporaryCCCLEnvironment, topic = CCCL/PURBACHAL/ENV_01 created 67d2988c6ff1fcf72d1df873 succesfully
2025-03-13 14:34:20,830 pop.CCCL_environment_mixins INFO     mongo_db = TodayCCCLEnvironment, topic = CCCL/PURBACHAL/ENV_01 created 67d2988c6ff1fcf72d1df874 succesfully
2025-03-13 14:34:21,653 pop.CPM_RT_mixins INFO     mongo_db = RTModelCPM, topic = MQTT_RT_DATA created 67d2988d6ff1fcf72d1df875 succesfully
2025-03-13 14:34:21,667 pop.CPM_RT_mixins INFO     mongo_db = TemporaryRTModelCPM, topic = MQTT_RT_DATA created 67d2988d6ff1fcf72d1df876 succesfully
2025-03-13 14:34:21,681 pop.CPM_RT_mixins INFO     mongo_db = TodayRTModelCPM, topic = MQTT_RT_DATA created 67d2988d6ff1fcf72d1df877 succesfully
2025-03-13 14:34:50,887 pop.CPM_RT_mixins INFO     mongo_db = RTModelCPM, topic = MQTT_RT_DATA created 67d298aa6ff1fcf72d1df878 succesfully
2025-03-13 14:34:50,901 pop.CPM_RT_mixins INFO     mongo_db = TemporaryRTModelCPM, topic = MQTT_RT_DATA created 67d298aa6ff1fcf72d1df879 succesfully
2025-03-13 14:34:50,917 pop.CPM_RT_mixins INFO     mongo_db = TodayRTModelCPM, topic = MQTT_RT_DATA created 67d298aa6ff1fcf72d1df87a succesfully
2025-03-13 14:34:51,149 pop.CCCL_environment_mixins INFO     mongo_db = CCCLEnvironment, topic = CCCL/PURBACHAL/ENV_01 created 67d298ab6ff1fcf72d1df87b succesfully
2025-03-13 14:34:51,170 pop.CCCL_environment_mixins INFO     mongo_db = TemporaryCCCLEnvironment, topic = CCCL/PURBACHAL/ENV_01 created 67d298ab6ff1fcf72d1df87c succesfully
2025-03-13 14:34:51,181 pop.CCCL_environment_mixins INFO     mongo_db = TodayCCCLEnvironment, topic = CCCL/PURBACHAL/ENV_01 created 67d298ab6ff1fcf72d1df87d succesfully
2025-03-13 14:35:14,649 pop.CCCL_generator_mixins INFO     mongo_db = CCCLGenerator, topic = CCCL/PURBACHAL/ENM_01 created 67d298c26ff1fcf72d1df87e succesfully
2025-03-13 14:35:14,667 pop.CCCL_generator_mixins INFO     mongo_db = TemporaryCCCLGenerator, topic = CCCL/PURBACHAL/ENM_01 created 67d298c26ff1fcf72d1df87f succesfully
2025-03-13 14:35:14,681 pop.CCCL_generator_mixins INFO     mongo_db = TodayCCCLGenerator, topic = CCCL/PURBACHAL/ENM_01 created 67d298c26ff1fcf72d1df880 succesfully
2025-03-13 14:35:21,234 pop.CPM_RT_mixins INFO     mongo_db = RTModelCPM, topic = MQTT_RT_DATA created 67d298c96ff1fcf72d1df881 succesfully
2025-03-13 14:35:21,259 pop.CPM_RT_mixins INFO     mongo_db = TemporaryRTModelCPM, topic = MQTT_RT_DATA created 67d298c96ff1fcf72d1df882 succesfully
2025-03-13 14:35:21,309 pop.CPM_RT_mixins INFO     mongo_db = TodayRTModelCPM, topic = MQTT_RT_DATA created 67d298c96ff1fcf72d1df883 succesfully
2025-03-13 14:35:21,446 pop.CCCL_environment_mixins INFO     mongo_db = CCCLEnvironment, topic = CCCL/PURBACHAL/ENV_01 created 67d298c96ff1fcf72d1df884 succesfully
2025-03-13 14:35:21,472 pop.CCCL_environment_mixins INFO     mongo_db = TemporaryCCCLEnvironment, topic = CCCL/PURBACHAL/ENV_01 created 67d298c96ff1fcf72d1df885 succesfully
2025-03-13 14:35:21,508 pop.CCCL_environment_mixins INFO     mongo_db = TodayCCCLEnvironment, topic = CCCL/PURBACHAL/ENV_01 created 67d298c96ff1fcf72d1df886 succesfully
2025-03-13 14:36:33,707 pop.CPM_RT_mixins INFO     mongo_db = RTModelCPM, topic = MQTT_RT_DATA created 67d29911746286e44c0e62e4 succesfully
2025-03-13 14:36:33,757 pop.CPM_RT_mixins INFO     mongo_db = TemporaryRTModelCPM, topic = MQTT_RT_DATA created 67d29911746286e44c0e62e5 succesfully
2025-03-13 14:36:33,792 pop.CPM_RT_mixins INFO     mongo_db = TodayRTModelCPM, topic = MQTT_RT_DATA created 67d29911746286e44c0e62e6 succesfully
2025-03-13 14:36:52,789 pop.CPM_RT_mixins INFO     mongo_db = RTModelCPM, topic = MQTT_RT_DATA created 67d29924746286e44c0e62e7 succesfully
2025-03-13 14:36:52,801 pop.CPM_RT_mixins INFO     mongo_db = TemporaryRTModelCPM, topic = MQTT_RT_DATA created 67d29924746286e44c0e62e8 succesfully
2025-03-13 14:36:52,812 pop.CPM_RT_mixins INFO     mongo_db = TodayRTModelCPM, topic = MQTT_RT_DATA created 67d29924746286e44c0e62e9 succesfully
2025-03-13 14:36:53,262 pop.CCCL_environment_mixins INFO     mongo_db = CCCLEnvironment, topic = CCCL/PURBACHAL/ENV_01 created 67d29925746286e44c0e62ea succesfully
2025-03-13 14:36:53,276 pop.CCCL_environment_mixins INFO     mongo_db = TemporaryCCCLEnvironment, topic = CCCL/PURBACHAL/ENV_01 created 67d29925746286e44c0e62eb succesfully
2025-03-13 14:36:53,288 pop.CCCL_environment_mixins INFO     mongo_db = TodayCCCLEnvironment, topic = CCCL/PURBACHAL/ENV_01 created 67d29925746286e44c0e62ec succesfully
2025-03-13 14:37:15,446 pop.CCCL_generator_mixins INFO     mongo_db = CCCLGenerator, topic = CCCL/PURBACHAL/ENM_01 created 67d2993b746286e44c0e62ed succesfully
2025-03-13 14:37:15,473 pop.CCCL_generator_mixins INFO     mongo_db = TemporaryCCCLGenerator, topic = CCCL/PURBACHAL/ENM_01 created 67d2993b746286e44c0e62ee succesfully
2025-03-13 14:37:15,487 pop.CCCL_generator_mixins INFO     mongo_db = TodayCCCLGenerator, topic = CCCL/PURBACHAL/ENM_01 created 67d2993b746286e44c0e62ef succesfully
2025-03-13 14:37:23,162 pop.CPM_RT_mixins INFO     mongo_db = RTModelCPM, topic = MQTT_RT_DATA created 67d29943746286e44c0e62f0 succesfully
2025-03-13 14:37:23,174 pop.CPM_RT_mixins INFO     mongo_db = TemporaryRTModelCPM, topic = MQTT_RT_DATA created 67d29943746286e44c0e62f1 succesfully
2025-03-13 14:37:23,189 pop.CPM_RT_mixins INFO     mongo_db = TodayRTModelCPM, topic = MQTT_RT_DATA created 67d29943746286e44c0e62f2 succesfully
2025-03-13 14:37:23,576 pop.CCCL_environment_mixins INFO     mongo_db = CCCLEnvironment, topic = CCCL/PURBACHAL/ENV_01 created 67d29943746286e44c0e62f3 succesfully
2025-03-13 14:37:23,585 pop.CCCL_environment_mixins INFO     mongo_db = TemporaryCCCLEnvironment, topic = CCCL/PURBACHAL/ENV_01 created 67d29943746286e44c0e62f4 succesfully
2025-03-13 14:37:23,598 pop.CCCL_environment_mixins INFO     mongo_db = TodayCCCLEnvironment, topic = CCCL/PURBACHAL/ENV_01 created 67d29943746286e44c0e62f5 succesfully
2025-03-13 14:37:51,697 pop.CPM_RT_mixins INFO     mongo_db = RTModelCPM, topic = MQTT_RT_DATA created 67d2995f746286e44c0e62f6 succesfully
2025-03-13 14:37:51,712 pop.CPM_RT_mixins INFO     mongo_db = TemporaryRTModelCPM, topic = MQTT_RT_DATA created 67d2995f746286e44c0e62f7 succesfully
2025-03-13 14:37:51,730 pop.CPM_RT_mixins INFO     mongo_db = TodayRTModelCPM, topic = MQTT_RT_DATA created 67d2995f746286e44c0e62f8 succesfully
2025-03-13 14:37:53,898 pop.CCCL_environment_mixins INFO     mongo_db = CCCLEnvironment, topic = CCCL/PURBACHAL/ENV_01 created 67d29961746286e44c0e62f9 succesfully
2025-03-13 14:37:53,918 pop.CCCL_environment_mixins INFO     mongo_db = TemporaryCCCLEnvironment, topic = CCCL/PURBACHAL/ENV_01 created 67d29961746286e44c0e62fa succesfully
2025-03-13 14:37:53,929 pop.CCCL_environment_mixins INFO     mongo_db = TodayCCCLEnvironment, topic = CCCL/PURBACHAL/ENV_01 created 67d29961746286e44c0e62fb succesfully
2025-03-13 14:38:15,449 pop.CCCL_generator_mixins INFO     mongo_db = CCCLGenerator, topic = CCCL/PURBACHAL/ENM_01 created 67d29977746286e44c0e62fc succesfully
2025-03-13 14:38:15,463 pop.CCCL_generator_mixins INFO     mongo_db = TemporaryCCCLGenerator, topic = CCCL/PURBACHAL/ENM_01 created 67d29977746286e44c0e62fd succesfully
2025-03-13 14:38:15,480 pop.CCCL_generator_mixins INFO     mongo_db = TodayCCCLGenerator, topic = CCCL/PURBACHAL/ENM_01 created 67d29977746286e44c0e62fe succesfully
2025-03-13 14:38:21,966 pop.CPM_RT_mixins INFO     mongo_db = RTModelCPM, topic = MQTT_RT_DATA created 67d2997d746286e44c0e62ff succesfully
2025-03-13 14:38:21,979 pop.CPM_RT_mixins INFO     mongo_db = TemporaryRTModelCPM, topic = MQTT_RT_DATA created 67d2997d746286e44c0e6300 succesfully
2025-03-13 14:38:21,992 pop.CPM_RT_mixins INFO     mongo_db = TodayRTModelCPM, topic = MQTT_RT_DATA created 67d2997d746286e44c0e6301 succesfully
2025-03-13 14:38:24,227 pop.CCCL_environment_mixins INFO     mongo_db = CCCLEnvironment, topic = CCCL/PURBACHAL/ENV_01 created 67d29980746286e44c0e6302 succesfully
2025-03-13 14:38:24,244 pop.CCCL_environment_mixins INFO     mongo_db = TemporaryCCCLEnvironment, topic = CCCL/PURBACHAL/ENV_01 created 67d29980746286e44c0e6303 succesfully
2025-03-13 14:38:24,260 pop.CCCL_environment_mixins INFO     mongo_db = TodayCCCLEnvironment, topic = CCCL/PURBACHAL/ENV_01 created 67d29980746286e44c0e6304 succesfully
2025-03-13 14:38:51,626 pop.CPM_RT_mixins INFO     mongo_db = RTModelCPM, topic = MQTT_RT_DATA created 67d2999b746286e44c0e6305 succesfully
2025-03-13 14:38:51,649 pop.CPM_RT_mixins INFO     mongo_db = TemporaryRTModelCPM, topic = MQTT_RT_DATA created 67d2999b746286e44c0e6306 succesfully
2025-03-13 14:38:51,670 pop.CPM_RT_mixins INFO     mongo_db = TodayRTModelCPM, topic = MQTT_RT_DATA created 67d2999b746286e44c0e6307 succesfully
2025-03-13 14:38:54,632 pop.CCCL_environment_mixins INFO     mongo_db = CCCLEnvironment, topic = CCCL/PURBACHAL/ENV_01 created 67d2999e746286e44c0e6308 succesfully
2025-03-13 14:38:54,665 pop.CCCL_environment_mixins INFO     mongo_db = TemporaryCCCLEnvironment, topic = CCCL/PURBACHAL/ENV_01 created 67d2999e746286e44c0e6309 succesfully
2025-03-13 14:38:54,679 pop.CCCL_environment_mixins INFO     mongo_db = TodayCCCLEnvironment, topic = CCCL/PURBACHAL/ENV_01 created 67d2999e746286e44c0e630a succesfully
2025-03-13 14:39:15,434 pop.CCCL_generator_mixins INFO     mongo_db = CCCLGenerator, topic = CCCL/PURBACHAL/ENM_01 created 67d299b3746286e44c0e630b succesfully
2025-03-13 14:39:15,447 pop.CCCL_generator_mixins INFO     mongo_db = TemporaryCCCLGenerator, topic = CCCL/PURBACHAL/ENM_01 created 67d299b3746286e44c0e630c succesfully
2025-03-13 14:39:15,462 pop.CCCL_generator_mixins INFO     mongo_db = TodayCCCLGenerator, topic = CCCL/PURBACHAL/ENM_01 created 67d299b3746286e44c0e630d succesfully
2025-03-13 14:39:21,605 pop.CPM_RT_mixins INFO     mongo_db = RTModelCPM, topic = MQTT_RT_DATA created 67d299b9746286e44c0e630e succesfully
2025-03-13 14:39:21,624 pop.CPM_RT_mixins INFO     mongo_db = TemporaryRTModelCPM, topic = MQTT_RT_DATA created 67d299b9746286e44c0e630f succesfully
2025-03-13 14:39:21,642 pop.CPM_RT_mixins INFO     mongo_db = TodayRTModelCPM, topic = MQTT_RT_DATA created 67d299b9746286e44c0e6310 succesfully
2025-03-13 14:39:24,953 pop.CCCL_environment_mixins INFO     mongo_db = CCCLEnvironment, topic = CCCL/PURBACHAL/ENV_01 created 67d299bc746286e44c0e6311 succesfully
2025-03-13 14:39:24,980 pop.CCCL_environment_mixins INFO     mongo_db = TemporaryCCCLEnvironment, topic = CCCL/PURBACHAL/ENV_01 created 67d299bc746286e44c0e6312 succesfully
2025-03-13 14:39:24,995 pop.CCCL_environment_mixins INFO     mongo_db = TodayCCCLEnvironment, topic = CCCL/PURBACHAL/ENV_01 created 67d299bc746286e44c0e6313 succesfully
2025-03-13 14:39:52,945 pop.CPM_RT_mixins INFO     mongo_db = RTModelCPM, topic = MQTT_RT_DATA created 67d299d8746286e44c0e6314 succesfully
2025-03-13 14:39:52,957 pop.CPM_RT_mixins INFO     mongo_db = TemporaryRTModelCPM, topic = MQTT_RT_DATA created 67d299d8746286e44c0e6315 succesfully
2025-03-13 14:39:52,971 pop.CPM_RT_mixins INFO     mongo_db = TodayRTModelCPM, topic = MQTT_RT_DATA created 67d299d8746286e44c0e6316 succesfully
2025-03-13 14:39:55,559 pop.CCCL_environment_mixins INFO     mongo_db = CCCLEnvironment, topic = CCCL/PURBACHAL/ENV_01 created 67d299db746286e44c0e6317 succesfully
2025-03-13 14:39:55,569 pop.CCCL_environment_mixins INFO     mongo_db = TemporaryCCCLEnvironment, topic = CCCL/PURBACHAL/ENV_01 created 67d299db746286e44c0e6318 succesfully
2025-03-13 14:39:55,578 pop.CCCL_environment_mixins INFO     mongo_db = TodayCCCLEnvironment, topic = CCCL/PURBACHAL/ENV_01 created 67d299db746286e44c0e6319 succesfully
2025-03-13 14:40:15,434 pop.CCCL_generator_mixins INFO     mongo_db = CCCLGenerator, topic = CCCL/PURBACHAL/ENM_01 created 67d299ef746286e44c0e631a succesfully
2025-03-13 14:40:15,447 pop.CCCL_generator_mixins INFO     mongo_db = TemporaryCCCLGenerator, topic = CCCL/PURBACHAL/ENM_01 created 67d299ef746286e44c0e631b succesfully
2025-03-13 14:40:15,459 pop.CCCL_generator_mixins INFO     mongo_db = TodayCCCLGenerator, topic = CCCL/PURBACHAL/ENM_01 created 67d299ef746286e44c0e631c succesfully
2025-03-13 14:40:22,570 pop.CPM_RT_mixins INFO     mongo_db = RTModelCPM, topic = MQTT_RT_DATA created 67d299f6746286e44c0e631d succesfully
2025-03-13 14:40:22,586 pop.CPM_RT_mixins INFO     mongo_db = TemporaryRTModelCPM, topic = MQTT_RT_DATA created 67d299f6746286e44c0e631e succesfully
2025-03-13 14:40:22,599 pop.CPM_RT_mixins INFO     mongo_db = TodayRTModelCPM, topic = MQTT_RT_DATA created 67d299f6746286e44c0e631f succesfully
2025-03-13 14:40:25,879 pop.CCCL_environment_mixins INFO     mongo_db = CCCLEnvironment, topic = CCCL/PURBACHAL/ENV_01 created 67d299f9746286e44c0e6320 succesfully
2025-03-13 14:40:25,901 pop.CCCL_environment_mixins INFO     mongo_db = TemporaryCCCLEnvironment, topic = CCCL/PURBACHAL/ENV_01 created 67d299f9746286e44c0e6321 succesfully
2025-03-13 14:40:25,911 pop.CCCL_environment_mixins INFO     mongo_db = TodayCCCLEnvironment, topic = CCCL/PURBACHAL/ENV_01 created 67d299f9746286e44c0e6322 succesfully
2025-03-13 14:40:52,672 pop.CPM_RT_mixins INFO     mongo_db = RTModelCPM, topic = MQTT_RT_DATA created 67d29a14746286e44c0e6323 succesfully
2025-03-13 14:40:52,686 pop.CPM_RT_mixins INFO     mongo_db = TemporaryRTModelCPM, topic = MQTT_RT_DATA created 67d29a14746286e44c0e6324 succesfully
2025-03-13 14:40:52,701 pop.CPM_RT_mixins INFO     mongo_db = TodayRTModelCPM, topic = MQTT_RT_DATA created 67d29a14746286e44c0e6325 succesfully
2025-03-13 14:40:56,184 pop.CCCL_environment_mixins INFO     mongo_db = CCCLEnvironment, topic = CCCL/PURBACHAL/ENV_01 created 67d29a18746286e44c0e6326 succesfully
2025-03-13 14:40:56,208 pop.CCCL_environment_mixins INFO     mongo_db = TemporaryCCCLEnvironment, topic = CCCL/PURBACHAL/ENV_01 created 67d29a18746286e44c0e6327 succesfully
2025-03-13 14:40:56,217 pop.CCCL_environment_mixins INFO     mongo_db = TodayCCCLEnvironment, topic = CCCL/PURBACHAL/ENV_01 created 67d29a18746286e44c0e6328 succesfully
2025-03-13 14:41:15,443 pop.CCCL_generator_mixins INFO     mongo_db = CCCLGenerator, topic = CCCL/PURBACHAL/ENM_01 created 67d29a2b746286e44c0e6329 succesfully
2025-03-13 14:41:15,459 pop.CCCL_generator_mixins INFO     mongo_db = TemporaryCCCLGenerator, topic = CCCL/PURBACHAL/ENM_01 created 67d29a2b746286e44c0e632a succesfully
2025-03-13 14:41:15,474 pop.CCCL_generator_mixins INFO     mongo_db = TodayCCCLGenerator, topic = CCCL/PURBACHAL/ENM_01 created 67d29a2b746286e44c0e632b succesfully
2025-03-13 14:41:22,672 pop.CPM_RT_mixins INFO     mongo_db = RTModelCPM, topic = MQTT_RT_DATA created 67d29a32746286e44c0e632c succesfully
2025-03-13 14:41:22,686 pop.CPM_RT_mixins INFO     mongo_db = TemporaryRTModelCPM, topic = MQTT_RT_DATA created 67d29a32746286e44c0e632d succesfully
2025-03-13 14:41:22,701 pop.CPM_RT_mixins INFO     mongo_db = TodayRTModelCPM, topic = MQTT_RT_DATA created 67d29a32746286e44c0e632e succesfully
2025-03-13 14:41:26,494 pop.CCCL_environment_mixins INFO     mongo_db = CCCLEnvironment, topic = CCCL/PURBACHAL/ENV_01 created 67d29a36746286e44c0e632f succesfully
2025-03-13 14:41:26,512 pop.CCCL_environment_mixins INFO     mongo_db = TemporaryCCCLEnvironment, topic = CCCL/PURBACHAL/ENV_01 created 67d29a36746286e44c0e6330 succesfully
2025-03-13 14:41:26,523 pop.CCCL_environment_mixins INFO     mongo_db = TodayCCCLEnvironment, topic = CCCL/PURBACHAL/ENV_01 created 67d29a36746286e44c0e6331 succesfully
2025-03-13 14:41:51,983 pop.CPM_RT_mixins INFO     mongo_db = RTModelCPM, topic = MQTT_RT_DATA created 67d29a4f746286e44c0e6332 succesfully
2025-03-13 14:41:51,994 pop.CPM_RT_mixins INFO     mongo_db = TemporaryRTModelCPM, topic = MQTT_RT_DATA created 67d29a4f746286e44c0e6333 succesfully
2025-03-13 14:41:52,007 pop.CPM_RT_mixins INFO     mongo_db = TodayRTModelCPM, topic = MQTT_RT_DATA created 67d29a50746286e44c0e6334 succesfully
2025-03-13 14:41:56,848 pop.CCCL_environment_mixins INFO     mongo_db = CCCLEnvironment, topic = CCCL/PURBACHAL/ENV_01 created 67d29a54746286e44c0e6335 succesfully
2025-03-13 14:41:56,886 pop.CCCL_environment_mixins INFO     mongo_db = TemporaryCCCLEnvironment, topic = CCCL/PURBACHAL/ENV_01 created 67d29a54746286e44c0e6336 succesfully
2025-03-13 14:41:56,918 pop.CCCL_environment_mixins INFO     mongo_db = TodayCCCLEnvironment, topic = CCCL/PURBACHAL/ENV_01 created 67d29a54746286e44c0e6337 succesfully
2025-03-13 14:42:15,441 pop.CCCL_generator_mixins INFO     mongo_db = CCCLGenerator, topic = CCCL/PURBACHAL/ENM_01 created 67d29a67746286e44c0e6338 succesfully
2025-03-13 14:42:15,458 pop.CCCL_generator_mixins INFO     mongo_db = TemporaryCCCLGenerator, topic = CCCL/PURBACHAL/ENM_01 created 67d29a67746286e44c0e6339 succesfully
2025-03-13 14:42:15,469 pop.CCCL_generator_mixins INFO     mongo_db = TodayCCCLGenerator, topic = CCCL/PURBACHAL/ENM_01 created 67d29a67746286e44c0e633a succesfully
2025-03-13 14:42:22,510 pop.CPM_RT_mixins INFO     mongo_db = RTModelCPM, topic = MQTT_RT_DATA created 67d29a6e746286e44c0e633b succesfully
2025-03-13 14:42:22,531 pop.CPM_RT_mixins INFO     mongo_db = TemporaryRTModelCPM, topic = MQTT_RT_DATA created 67d29a6e746286e44c0e633c succesfully
2025-03-13 14:42:22,553 pop.CPM_RT_mixins INFO     mongo_db = TodayRTModelCPM, topic = MQTT_RT_DATA created 67d29a6e746286e44c0e633d succesfully
2025-03-13 14:42:52,739 pop.CPM_RT_mixins INFO     mongo_db = RTModelCPM, topic = MQTT_RT_DATA created 67d29a8c22117c86fd6277e5 succesfully
2025-03-13 14:42:52,760 pop.CPM_RT_mixins INFO     mongo_db = TemporaryRTModelCPM, topic = MQTT_RT_DATA created 67d29a8c22117c86fd6277e6 succesfully
2025-03-13 14:42:52,781 pop.CPM_RT_mixins INFO     mongo_db = TodayRTModelCPM, topic = MQTT_RT_DATA created 67d29a8c22117c86fd6277e7 succesfully
2025-03-13 14:43:15,442 pop.CCCL_generator_mixins INFO     mongo_db = CCCLGenerator, topic = CCCL/PURBACHAL/ENM_01 created 67d29aa322117c86fd6277e8 succesfully
2025-03-13 14:43:15,462 pop.CCCL_generator_mixins INFO     mongo_db = TemporaryCCCLGenerator, topic = CCCL/PURBACHAL/ENM_01 created 67d29aa322117c86fd6277e9 succesfully
2025-03-13 14:43:15,476 pop.CCCL_generator_mixins INFO     mongo_db = TodayCCCLGenerator, topic = CCCL/PURBACHAL/ENM_01 created 67d29aa322117c86fd6277ea succesfully
2025-03-13 14:43:22,554 pop.CPM_RT_mixins INFO     mongo_db = RTModelCPM, topic = MQTT_RT_DATA created 67d29aaa22117c86fd6277eb succesfully
2025-03-13 14:43:22,569 pop.CPM_RT_mixins INFO     mongo_db = TemporaryRTModelCPM, topic = MQTT_RT_DATA created 67d29aaa22117c86fd6277ec succesfully
2025-03-13 14:43:22,584 pop.CPM_RT_mixins INFO     mongo_db = TodayRTModelCPM, topic = MQTT_RT_DATA created 67d29aaa22117c86fd6277ed succesfully
2025-03-13 14:43:28,054 pop.CCCL_environment_mixins INFO     mongo_db = CCCLEnvironment, topic = CCCL/PURBACHAL/ENV_01 created 67d29ab022117c86fd6277ee succesfully
2025-03-13 14:43:28,091 pop.CCCL_environment_mixins INFO     mongo_db = TemporaryCCCLEnvironment, topic = CCCL/PURBACHAL/ENV_01 created 67d29ab022117c86fd6277ef succesfully
2025-03-13 14:43:28,114 pop.CCCL_environment_mixins INFO     mongo_db = TodayCCCLEnvironment, topic = CCCL/PURBACHAL/ENV_01 created 67d29ab022117c86fd6277f0 succesfully
2025-03-13 14:43:52,463 pop.CPM_RT_mixins INFO     mongo_db = RTModelCPM, topic = MQTT_RT_DATA created 67d29ac822117c86fd6277f1 succesfully
2025-03-13 14:43:52,476 pop.CPM_RT_mixins INFO     mongo_db = TemporaryRTModelCPM, topic = MQTT_RT_DATA created 67d29ac822117c86fd6277f2 succesfully
2025-03-13 14:43:52,492 pop.CPM_RT_mixins INFO     mongo_db = TodayRTModelCPM, topic = MQTT_RT_DATA created 67d29ac822117c86fd6277f3 succesfully
2025-03-13 14:43:58,355 pop.CCCL_environment_mixins INFO     mongo_db = CCCLEnvironment, topic = CCCL/PURBACHAL/ENV_01 created 67d29ace22117c86fd6277f4 succesfully
2025-03-13 14:43:58,367 pop.CCCL_environment_mixins INFO     mongo_db = TemporaryCCCLEnvironment, topic = CCCL/PURBACHAL/ENV_01 created 67d29ace22117c86fd6277f5 succesfully
2025-03-13 14:43:58,382 pop.CCCL_environment_mixins INFO     mongo_db = TodayCCCLEnvironment, topic = CCCL/PURBACHAL/ENV_01 created 67d29ace22117c86fd6277f6 succesfully
2025-03-13 14:44:15,436 pop.CCCL_generator_mixins INFO     mongo_db = CCCLGenerator, topic = CCCL/PURBACHAL/ENM_01 created 67d29adf22117c86fd6277f7 succesfully
2025-03-13 14:44:15,450 pop.CCCL_generator_mixins INFO     mongo_db = TemporaryCCCLGenerator, topic = CCCL/PURBACHAL/ENM_01 created 67d29adf22117c86fd6277f8 succesfully
2025-03-13 14:44:15,464 pop.CCCL_generator_mixins INFO     mongo_db = TodayCCCLGenerator, topic = CCCL/PURBACHAL/ENM_01 created 67d29adf22117c86fd6277f9 succesfully
2025-03-13 14:44:21,577 pop.CPM_RT_mixins INFO     mongo_db = RTModelCPM, topic = MQTT_RT_DATA created 67d29ae522117c86fd6277fa succesfully
2025-03-13 14:44:21,593 pop.CPM_RT_mixins INFO     mongo_db = TemporaryRTModelCPM, topic = MQTT_RT_DATA created 67d29ae522117c86fd6277fb succesfully
2025-03-13 14:44:21,607 pop.CPM_RT_mixins INFO     mongo_db = TodayRTModelCPM, topic = MQTT_RT_DATA created 67d29ae522117c86fd6277fc succesfully
2025-03-13 14:44:28,661 pop.CCCL_environment_mixins INFO     mongo_db = CCCLEnvironment, topic = CCCL/PURBACHAL/ENV_01 created 67d29aec22117c86fd6277fd succesfully
2025-03-13 14:44:28,670 pop.CCCL_environment_mixins INFO     mongo_db = TemporaryCCCLEnvironment, topic = CCCL/PURBACHAL/ENV_01 created 67d29aec22117c86fd6277fe succesfully
2025-03-13 14:44:28,682 pop.CCCL_environment_mixins INFO     mongo_db = TodayCCCLEnvironment, topic = CCCL/PURBACHAL/ENV_01 created 67d29aec22117c86fd6277ff succesfully
2025-03-13 14:44:52,678 pop.CPM_RT_mixins INFO     mongo_db = RTModelCPM, topic = MQTT_RT_DATA created 67d29b0422117c86fd627800 succesfully
2025-03-13 14:44:52,697 pop.CPM_RT_mixins INFO     mongo_db = TemporaryRTModelCPM, topic = MQTT_RT_DATA created 67d29b0422117c86fd627801 succesfully
2025-03-13 14:44:52,709 pop.CPM_RT_mixins INFO     mongo_db = TodayRTModelCPM, topic = MQTT_RT_DATA created 67d29b0422117c86fd627802 succesfully
2025-03-13 14:44:58,965 pop.CCCL_environment_mixins INFO     mongo_db = CCCLEnvironment, topic = CCCL/PURBACHAL/ENV_01 created 67d29b0a22117c86fd627803 succesfully
2025-03-13 14:44:58,982 pop.CCCL_environment_mixins INFO     mongo_db = TemporaryCCCLEnvironment, topic = CCCL/PURBACHAL/ENV_01 created 67d29b0a22117c86fd627804 succesfully
2025-03-13 14:44:58,997 pop.CCCL_environment_mixins INFO     mongo_db = TodayCCCLEnvironment, topic = CCCL/PURBACHAL/ENV_01 created 67d29b0a22117c86fd627805 succesfully
2025-03-13 14:45:15,437 pop.CCCL_generator_mixins INFO     mongo_db = CCCLGenerator, topic = CCCL/PURBACHAL/ENM_01 created 67d29b1b22117c86fd627806 succesfully
2025-03-13 14:45:15,457 pop.CCCL_generator_mixins INFO     mongo_db = TemporaryCCCLGenerator, topic = CCCL/PURBACHAL/ENM_01 created 67d29b1b22117c86fd627807 succesfully
2025-03-13 14:45:15,476 pop.CCCL_generator_mixins INFO     mongo_db = TodayCCCLGenerator, topic = CCCL/PURBACHAL/ENM_01 created 67d29b1b22117c86fd627808 succesfully
2025-03-13 14:45:22,778 pop.CPM_RT_mixins INFO     mongo_db = RTModelCPM, topic = MQTT_RT_DATA created 67d29b2222117c86fd627809 succesfully
2025-03-13 14:45:22,792 pop.CPM_RT_mixins INFO     mongo_db = TemporaryRTModelCPM, topic = MQTT_RT_DATA created 67d29b2222117c86fd62780a succesfully
2025-03-13 14:45:22,807 pop.CPM_RT_mixins INFO     mongo_db = TodayRTModelCPM, topic = MQTT_RT_DATA created 67d29b2222117c86fd62780b succesfully
2025-03-13 14:45:29,299 pop.CCCL_environment_mixins INFO     mongo_db = CCCLEnvironment, topic = CCCL/PURBACHAL/ENV_01 created 67d29b2922117c86fd62780c succesfully
2025-03-13 14:45:29,312 pop.CCCL_environment_mixins INFO     mongo_db = TemporaryCCCLEnvironment, topic = CCCL/PURBACHAL/ENV_01 created 67d29b2922117c86fd62780d succesfully
2025-03-13 14:45:29,327 pop.CCCL_environment_mixins INFO     mongo_db = TodayCCCLEnvironment, topic = CCCL/PURBACHAL/ENV_01 created 67d29b2922117c86fd62780e succesfully
2025-03-13 14:45:51,726 pop.CPM_RT_mixins INFO     mongo_db = RTModelCPM, topic = MQTT_RT_DATA created 67d29b3f22117c86fd62780f succesfully
2025-03-13 14:45:51,740 pop.CPM_RT_mixins INFO     mongo_db = TemporaryRTModelCPM, topic = MQTT_RT_DATA created 67d29b3f22117c86fd627810 succesfully
2025-03-13 14:45:51,751 pop.CPM_RT_mixins INFO     mongo_db = TodayRTModelCPM, topic = MQTT_RT_DATA created 67d29b3f22117c86fd627811 succesfully
2025-03-13 14:45:59,598 pop.CCCL_environment_mixins INFO     mongo_db = CCCLEnvironment, topic = CCCL/PURBACHAL/ENV_01 created 67d29b4722117c86fd627812 succesfully
2025-03-13 14:45:59,619 pop.CCCL_environment_mixins INFO     mongo_db = TemporaryCCCLEnvironment, topic = CCCL/PURBACHAL/ENV_01 created 67d29b4722117c86fd627813 succesfully
2025-03-13 14:45:59,634 pop.CCCL_environment_mixins INFO     mongo_db = TodayCCCLEnvironment, topic = CCCL/PURBACHAL/ENV_01 created 67d29b4722117c86fd627814 succesfully
2025-03-13 14:46:15,441 pop.CCCL_generator_mixins INFO     mongo_db = CCCLGenerator, topic = CCCL/PURBACHAL/ENM_01 created 67d29b5722117c86fd627815 succesfully
2025-03-13 14:46:15,463 pop.CCCL_generator_mixins INFO     mongo_db = TemporaryCCCLGenerator, topic = CCCL/PURBACHAL/ENM_01 created 67d29b5722117c86fd627816 succesfully
2025-03-13 14:46:15,477 pop.CCCL_generator_mixins INFO     mongo_db = TodayCCCLGenerator, topic = CCCL/PURBACHAL/ENM_01 created 67d29b5722117c86fd627817 succesfully
2025-03-13 14:46:22,565 pop.CPM_RT_mixins INFO     mongo_db = RTModelCPM, topic = MQTT_RT_DATA created 67d29b5e22117c86fd627818 succesfully
2025-03-13 14:46:22,576 pop.CPM_RT_mixins INFO     mongo_db = TemporaryRTModelCPM, topic = MQTT_RT_DATA created 67d29b5e22117c86fd627819 succesfully
2025-03-13 14:46:22,590 pop.CPM_RT_mixins INFO     mongo_db = TodayRTModelCPM, topic = MQTT_RT_DATA created 67d29b5e22117c86fd62781a succesfully
2025-03-13 14:46:29,916 pop.CCCL_environment_mixins INFO     mongo_db = CCCLEnvironment, topic = CCCL/PURBACHAL/ENV_01 created 67d29b6522117c86fd62781b succesfully
2025-03-13 14:46:29,952 pop.CCCL_environment_mixins INFO     mongo_db = TemporaryCCCLEnvironment, topic = CCCL/PURBACHAL/ENV_01 created 67d29b6522117c86fd62781c succesfully
2025-03-13 14:46:29,988 pop.CCCL_environment_mixins INFO     mongo_db = TodayCCCLEnvironment, topic = CCCL/PURBACHAL/ENV_01 created 67d29b6522117c86fd62781d succesfully
2025-03-13 14:46:51,506 pop.CPM_RT_mixins INFO     mongo_db = RTModelCPM, topic = MQTT_RT_DATA created 67d29b7b22117c86fd62781e succesfully
2025-03-13 14:46:51,519 pop.CPM_RT_mixins INFO     mongo_db = TemporaryRTModelCPM, topic = MQTT_RT_DATA created 67d29b7b22117c86fd62781f succesfully
2025-03-13 14:46:51,529 pop.CPM_RT_mixins INFO     mongo_db = TodayRTModelCPM, topic = MQTT_RT_DATA created 67d29b7b22117c86fd627820 succesfully
2025-03-13 14:47:00,330 pop.CCCL_environment_mixins INFO     mongo_db = CCCLEnvironment, topic = CCCL/PURBACHAL/ENV_01 created 67d29b8422117c86fd627821 succesfully
2025-03-13 14:47:00,349 pop.CCCL_environment_mixins INFO     mongo_db = TemporaryCCCLEnvironment, topic = CCCL/PURBACHAL/ENV_01 created 67d29b8422117c86fd627822 succesfully
2025-03-13 14:47:00,363 pop.CCCL_environment_mixins INFO     mongo_db = TodayCCCLEnvironment, topic = CCCL/PURBACHAL/ENV_01 created 67d29b8422117c86fd627823 succesfully
2025-03-13 14:47:15,441 pop.CCCL_generator_mixins INFO     mongo_db = CCCLGenerator, topic = CCCL/PURBACHAL/ENM_01 created 67d29b9322117c86fd627824 succesfully
2025-03-13 14:47:15,462 pop.CCCL_generator_mixins INFO     mongo_db = TemporaryCCCLGenerator, topic = CCCL/PURBACHAL/ENM_01 created 67d29b9322117c86fd627825 succesfully
2025-03-13 14:47:15,474 pop.CCCL_generator_mixins INFO     mongo_db = TodayCCCLGenerator, topic = CCCL/PURBACHAL/ENM_01 created 67d29b9322117c86fd627826 succesfully
2025-03-13 14:47:30,640 pop.CCCL_environment_mixins INFO     mongo_db = CCCLEnvironment, topic = CCCL/PURBACHAL/ENV_01 created 67d29ba222117c86fd627827 succesfully
2025-03-13 14:47:30,670 pop.CCCL_environment_mixins INFO     mongo_db = TemporaryCCCLEnvironment, topic = CCCL/PURBACHAL/ENV_01 created 67d29ba222117c86fd627828 succesfully
2025-03-13 14:47:30,681 pop.CCCL_environment_mixins INFO     mongo_db = TodayCCCLEnvironment, topic = CCCL/PURBACHAL/ENV_01 created 67d29ba222117c86fd627829 succesfully
2025-03-13 14:47:52,977 pop.CPM_RT_mixins INFO     mongo_db = RTModelCPM, topic = MQTT_RT_DATA created 67d29bb822117c86fd62782a succesfully
2025-03-13 14:47:52,989 pop.CPM_RT_mixins INFO     mongo_db = TemporaryRTModelCPM, topic = MQTT_RT_DATA created 67d29bb822117c86fd62782b succesfully
2025-03-13 14:47:53,001 pop.CPM_RT_mixins INFO     mongo_db = TodayRTModelCPM, topic = MQTT_RT_DATA created 67d29bb922117c86fd62782c succesfully
2025-03-13 14:48:00,951 pop.CCCL_environment_mixins INFO     mongo_db = CCCLEnvironment, topic = CCCL/PURBACHAL/ENV_01 created 67d29bc022117c86fd62782d succesfully
2025-03-13 14:48:00,975 pop.CCCL_environment_mixins INFO     mongo_db = TemporaryCCCLEnvironment, topic = CCCL/PURBACHAL/ENV_01 created 67d29bc022117c86fd62782e succesfully
2025-03-13 14:48:00,985 pop.CCCL_environment_mixins INFO     mongo_db = TodayCCCLEnvironment, topic = CCCL/PURBACHAL/ENV_01 created 67d29bc022117c86fd62782f succesfully
2025-03-13 14:48:15,436 pop.CCCL_generator_mixins INFO     mongo_db = CCCLGenerator, topic = CCCL/PURBACHAL/ENM_01 created 67d29bcf22117c86fd627830 succesfully
2025-03-13 14:48:15,461 pop.CCCL_generator_mixins INFO     mongo_db = TemporaryCCCLGenerator, topic = CCCL/PURBACHAL/ENM_01 created 67d29bcf22117c86fd627831 succesfully
2025-03-13 14:48:15,479 pop.CCCL_generator_mixins INFO     mongo_db = TodayCCCLGenerator, topic = CCCL/PURBACHAL/ENM_01 created 67d29bcf22117c86fd627832 succesfully
2025-03-13 14:48:31,265 pop.CCCL_environment_mixins INFO     mongo_db = CCCLEnvironment, topic = CCCL/PURBACHAL/ENV_01 created 67d29bdf22117c86fd627833 succesfully
2025-03-13 14:48:31,291 pop.CCCL_environment_mixins INFO     mongo_db = TemporaryCCCLEnvironment, topic = CCCL/PURBACHAL/ENV_01 created 67d29bdf22117c86fd627834 succesfully
2025-03-13 14:48:31,302 pop.CCCL_environment_mixins INFO     mongo_db = TodayCCCLEnvironment, topic = CCCL/PURBACHAL/ENV_01 created 67d29bdf22117c86fd627835 succesfully
2025-03-13 14:48:51,750 pop.CPM_RT_mixins INFO     mongo_db = RTModelCPM, topic = MQTT_RT_DATA created 67d29bf322117c86fd627836 succesfully
2025-03-13 14:48:51,764 pop.CPM_RT_mixins INFO     mongo_db = TemporaryRTModelCPM, topic = MQTT_RT_DATA created 67d29bf322117c86fd627837 succesfully
2025-03-13 14:48:51,781 pop.CPM_RT_mixins INFO     mongo_db = TodayRTModelCPM, topic = MQTT_RT_DATA created 67d29bf322117c86fd627838 succesfully
2025-03-13 14:49:01,576 pop.CCCL_environment_mixins INFO     mongo_db = CCCLEnvironment, topic = CCCL/PURBACHAL/ENV_01 created 67d29bfd22117c86fd627839 succesfully
2025-03-13 14:49:01,600 pop.CCCL_environment_mixins INFO     mongo_db = TemporaryCCCLEnvironment, topic = CCCL/PURBACHAL/ENV_01 created 67d29bfd22117c86fd62783a succesfully
2025-03-13 14:49:01,612 pop.CCCL_environment_mixins INFO     mongo_db = TodayCCCLEnvironment, topic = CCCL/PURBACHAL/ENV_01 created 67d29bfd22117c86fd62783b succesfully
2025-03-13 14:49:15,424 pop.CCCL_generator_mixins INFO     mongo_db = CCCLGenerator, topic = CCCL/PURBACHAL/ENM_01 created 67d29c0b22117c86fd62783c succesfully
2025-03-13 14:49:15,437 pop.CCCL_generator_mixins INFO     mongo_db = TemporaryCCCLGenerator, topic = CCCL/PURBACHAL/ENM_01 created 67d29c0b22117c86fd62783d succesfully
2025-03-13 14:49:15,449 pop.CCCL_generator_mixins INFO     mongo_db = TodayCCCLGenerator, topic = CCCL/PURBACHAL/ENM_01 created 67d29c0b22117c86fd62783e succesfully
2025-03-13 14:49:21,685 pop.CPM_RT_mixins INFO     mongo_db = RTModelCPM, topic = MQTT_RT_DATA created 67d29c1122117c86fd62783f succesfully
2025-03-13 14:49:21,703 pop.CPM_RT_mixins INFO     mongo_db = TemporaryRTModelCPM, topic = MQTT_RT_DATA created 67d29c1122117c86fd627840 succesfully
2025-03-13 14:49:21,717 pop.CPM_RT_mixins INFO     mongo_db = TodayRTModelCPM, topic = MQTT_RT_DATA created 67d29c1122117c86fd627841 succesfully
2025-03-13 14:49:31,885 pop.CCCL_environment_mixins INFO     mongo_db = CCCLEnvironment, topic = CCCL/PURBACHAL/ENV_01 created 67d29c1b22117c86fd627842 succesfully
2025-03-13 14:49:31,912 pop.CCCL_environment_mixins INFO     mongo_db = TemporaryCCCLEnvironment, topic = CCCL/PURBACHAL/ENV_01 created 67d29c1b22117c86fd627843 succesfully
2025-03-13 14:49:31,933 pop.CCCL_environment_mixins INFO     mongo_db = TodayCCCLEnvironment, topic = CCCL/PURBACHAL/ENV_01 created 67d29c1b22117c86fd627844 succesfully
2025-03-13 14:49:51,636 pop.CPM_RT_mixins INFO     mongo_db = RTModelCPM, topic = MQTT_RT_DATA created 67d29c2f22117c86fd627845 succesfully
2025-03-13 14:49:51,648 pop.CPM_RT_mixins INFO     mongo_db = TemporaryRTModelCPM, topic = MQTT_RT_DATA created 67d29c2f22117c86fd627846 succesfully
2025-03-13 14:49:51,661 pop.CPM_RT_mixins INFO     mongo_db = TodayRTModelCPM, topic = MQTT_RT_DATA created 67d29c2f22117c86fd627847 succesfully
2025-03-13 14:50:02,194 pop.CCCL_environment_mixins INFO     mongo_db = CCCLEnvironment, topic = CCCL/PURBACHAL/ENV_01 created 67d29c3a22117c86fd627848 succesfully
2025-03-13 14:50:02,207 pop.CCCL_environment_mixins INFO     mongo_db = TemporaryCCCLEnvironment, topic = CCCL/PURBACHAL/ENV_01 created 67d29c3a22117c86fd627849 succesfully
2025-03-13 14:50:02,221 pop.CCCL_environment_mixins INFO     mongo_db = TodayCCCLEnvironment, topic = CCCL/PURBACHAL/ENV_01 created 67d29c3a22117c86fd62784a succesfully
2025-03-13 14:50:15,415 pop.CCCL_generator_mixins INFO     mongo_db = CCCLGenerator, topic = CCCL/PURBACHAL/ENM_01 created 67d29c4722117c86fd62784b succesfully
2025-03-13 14:50:15,428 pop.CCCL_generator_mixins INFO     mongo_db = TemporaryCCCLGenerator, topic = CCCL/PURBACHAL/ENM_01 created 67d29c4722117c86fd62784c succesfully
2025-03-13 14:50:15,441 pop.CCCL_generator_mixins INFO     mongo_db = TodayCCCLGenerator, topic = CCCL/PURBACHAL/ENM_01 created 67d29c4722117c86fd62784d succesfully
2025-03-13 14:50:21,764 pop.CPM_RT_mixins INFO     mongo_db = RTModelCPM, topic = MQTT_RT_DATA created 67d29c4d22117c86fd62784e succesfully
2025-03-13 14:50:21,777 pop.CPM_RT_mixins INFO     mongo_db = TemporaryRTModelCPM, topic = MQTT_RT_DATA created 67d29c4d22117c86fd62784f succesfully
2025-03-13 14:50:21,791 pop.CPM_RT_mixins INFO     mongo_db = TodayRTModelCPM, topic = MQTT_RT_DATA created 67d29c4d22117c86fd627850 succesfully
2025-03-13 14:50:32,509 pop.CCCL_environment_mixins INFO     mongo_db = CCCLEnvironment, topic = CCCL/PURBACHAL/ENV_01 created 67d29c5822117c86fd627851 succesfully
2025-03-13 14:50:32,529 pop.CCCL_environment_mixins INFO     mongo_db = TemporaryCCCLEnvironment, topic = CCCL/PURBACHAL/ENV_01 created 67d29c5822117c86fd627852 succesfully
2025-03-13 14:50:32,540 pop.CCCL_environment_mixins INFO     mongo_db = TodayCCCLEnvironment, topic = CCCL/PURBACHAL/ENV_01 created 67d29c5822117c86fd627853 succesfully
2025-03-13 14:50:52,476 pop.CPM_RT_mixins INFO     mongo_db = RTModelCPM, topic = MQTT_RT_DATA created 67d29c6c22117c86fd627854 succesfully
2025-03-13 14:50:52,489 pop.CPM_RT_mixins INFO     mongo_db = TemporaryRTModelCPM, topic = MQTT_RT_DATA created 67d29c6c22117c86fd627855 succesfully
2025-03-13 14:50:52,504 pop.CPM_RT_mixins INFO     mongo_db = TodayRTModelCPM, topic = MQTT_RT_DATA created 67d29c6c22117c86fd627856 succesfully
2025-03-13 14:51:02,805 pop.CCCL_environment_mixins INFO     mongo_db = CCCLEnvironment, topic = CCCL/PURBACHAL/ENV_01 created 67d29c7622117c86fd627857 succesfully
2025-03-13 14:51:02,815 pop.CCCL_environment_mixins INFO     mongo_db = TemporaryCCCLEnvironment, topic = CCCL/PURBACHAL/ENV_01 created 67d29c7622117c86fd627858 succesfully
2025-03-13 14:51:02,821 pop.CCCL_environment_mixins INFO     mongo_db = TodayCCCLEnvironment, topic = CCCL/PURBACHAL/ENV_01 created 67d29c7622117c86fd627859 succesfully
2025-03-13 14:51:15,440 pop.CCCL_generator_mixins INFO     mongo_db = CCCLGenerator, topic = CCCL/PURBACHAL/ENM_01 created 67d29c8322117c86fd62785a succesfully
2025-03-13 14:51:15,456 pop.CCCL_generator_mixins INFO     mongo_db = TemporaryCCCLGenerator, topic = CCCL/PURBACHAL/ENM_01 created 67d29c8322117c86fd62785b succesfully
2025-03-13 14:51:15,467 pop.CCCL_generator_mixins INFO     mongo_db = TodayCCCLGenerator, topic = CCCL/PURBACHAL/ENM_01 created 67d29c8322117c86fd62785c succesfully
2025-03-13 14:51:21,552 pop.CPM_RT_mixins INFO     mongo_db = RTModelCPM, topic = MQTT_RT_DATA created 67d29c8922117c86fd62785d succesfully
2025-03-13 14:51:21,563 pop.CPM_RT_mixins INFO     mongo_db = TemporaryRTModelCPM, topic = MQTT_RT_DATA created 67d29c8922117c86fd62785e succesfully
2025-03-13 14:51:21,578 pop.CPM_RT_mixins INFO     mongo_db = TodayRTModelCPM, topic = MQTT_RT_DATA created 67d29c8922117c86fd62785f succesfully
2025-03-13 14:51:33,137 pop.CCCL_environment_mixins INFO     mongo_db = CCCLEnvironment, topic = CCCL/PURBACHAL/ENV_01 created 67d29c9522117c86fd627860 succesfully
2025-03-13 14:51:33,155 pop.CCCL_environment_mixins INFO     mongo_db = TemporaryCCCLEnvironment, topic = CCCL/PURBACHAL/ENV_01 created 67d29c9522117c86fd627861 succesfully
2025-03-13 14:51:33,164 pop.CCCL_environment_mixins INFO     mongo_db = TodayCCCLEnvironment, topic = CCCL/PURBACHAL/ENV_01 created 67d29c9522117c86fd627862 succesfully
2025-03-13 14:51:51,870 pop.CPM_RT_mixins INFO     mongo_db = RTModelCPM, topic = MQTT_RT_DATA created 67d29ca722117c86fd627863 succesfully
2025-03-13 14:51:51,882 pop.CPM_RT_mixins INFO     mongo_db = TemporaryRTModelCPM, topic = MQTT_RT_DATA created 67d29ca722117c86fd627864 succesfully
2025-03-13 14:51:51,895 pop.CPM_RT_mixins INFO     mongo_db = TodayRTModelCPM, topic = MQTT_RT_DATA created 67d29ca722117c86fd627865 succesfully
2025-03-13 14:52:03,453 pop.CCCL_environment_mixins INFO     mongo_db = CCCLEnvironment, topic = CCCL/PURBACHAL/ENV_01 created 67d29cb322117c86fd627866 succesfully
2025-03-13 14:52:03,486 pop.CCCL_environment_mixins INFO     mongo_db = TemporaryCCCLEnvironment, topic = CCCL/PURBACHAL/ENV_01 created 67d29cb322117c86fd627867 succesfully
2025-03-13 14:52:03,516 pop.CCCL_environment_mixins INFO     mongo_db = TodayCCCLEnvironment, topic = CCCL/PURBACHAL/ENV_01 created 67d29cb322117c86fd627868 succesfully
2025-03-13 14:52:15,441 pop.CCCL_generator_mixins INFO     mongo_db = CCCLGenerator, topic = CCCL/PURBACHAL/ENM_01 created 67d29cbf22117c86fd627869 succesfully
2025-03-13 14:52:15,454 pop.CCCL_generator_mixins INFO     mongo_db = TemporaryCCCLGenerator, topic = CCCL/PURBACHAL/ENM_01 created 67d29cbf22117c86fd62786a succesfully
2025-03-13 14:52:15,467 pop.CCCL_generator_mixins INFO     mongo_db = TodayCCCLGenerator, topic = CCCL/PURBACHAL/ENM_01 created 67d29cbf22117c86fd62786b succesfully
2025-03-13 14:52:33,766 pop.CCCL_environment_mixins INFO     mongo_db = CCCLEnvironment, topic = CCCL/PURBACHAL/ENV_01 created 67d29cd122117c86fd62786c succesfully
2025-03-13 14:52:33,779 pop.CCCL_environment_mixins INFO     mongo_db = TemporaryCCCLEnvironment, topic = CCCL/PURBACHAL/ENV_01 created 67d29cd122117c86fd62786d succesfully
2025-03-13 14:52:33,788 pop.CCCL_environment_mixins INFO     mongo_db = TodayCCCLEnvironment, topic = CCCL/PURBACHAL/ENV_01 created 67d29cd122117c86fd62786e succesfully
2025-03-13 14:52:52,664 pop.CPM_RT_mixins INFO     mongo_db = RTModelCPM, topic = MQTT_RT_DATA created 67d29ce422117c86fd62786f succesfully
2025-03-13 14:52:52,684 pop.CPM_RT_mixins INFO     mongo_db = TemporaryRTModelCPM, topic = MQTT_RT_DATA created 67d29ce422117c86fd627870 succesfully
2025-03-13 14:52:52,696 pop.CPM_RT_mixins INFO     mongo_db = TodayRTModelCPM, topic = MQTT_RT_DATA created 67d29ce422117c86fd627871 succesfully
2025-03-13 14:53:04,168 pop.CCCL_environment_mixins INFO     mongo_db = CCCLEnvironment, topic = CCCL/PURBACHAL/ENV_01 created 67d29cf022117c86fd627872 succesfully
2025-03-13 14:53:04,182 pop.CCCL_environment_mixins INFO     mongo_db = TemporaryCCCLEnvironment, topic = CCCL/PURBACHAL/ENV_01 created 67d29cf022117c86fd627873 succesfully
2025-03-13 14:53:04,193 pop.CCCL_environment_mixins INFO     mongo_db = TodayCCCLEnvironment, topic = CCCL/PURBACHAL/ENV_01 created 67d29cf022117c86fd627874 succesfully
2025-03-13 14:53:15,442 pop.CCCL_generator_mixins INFO     mongo_db = CCCLGenerator, topic = CCCL/PURBACHAL/ENM_01 created 67d29cfb22117c86fd627875 succesfully
2025-03-13 14:53:15,454 pop.CCCL_generator_mixins INFO     mongo_db = TemporaryCCCLGenerator, topic = CCCL/PURBACHAL/ENM_01 created 67d29cfb22117c86fd627876 succesfully
2025-03-13 14:53:15,466 pop.CCCL_generator_mixins INFO     mongo_db = TodayCCCLGenerator, topic = CCCL/PURBACHAL/ENM_01 created 67d29cfb22117c86fd627877 succesfully
2025-03-13 14:53:21,845 pop.CPM_RT_mixins INFO     mongo_db = RTModelCPM, topic = MQTT_RT_DATA created 67d29d0122117c86fd627878 succesfully
2025-03-13 14:53:21,861 pop.CPM_RT_mixins INFO     mongo_db = TemporaryRTModelCPM, topic = MQTT_RT_DATA created 67d29d0122117c86fd627879 succesfully
2025-03-13 14:53:21,872 pop.CPM_RT_mixins INFO     mongo_db = TodayRTModelCPM, topic = MQTT_RT_DATA created 67d29d0122117c86fd62787a succesfully
2025-03-13 14:53:34,472 pop.CCCL_environment_mixins INFO     mongo_db = CCCLEnvironment, topic = CCCL/PURBACHAL/ENV_01 created 67d29d0e22117c86fd62787b succesfully
2025-03-13 14:53:34,520 pop.CCCL_environment_mixins INFO     mongo_db = TemporaryCCCLEnvironment, topic = CCCL/PURBACHAL/ENV_01 created 67d29d0e22117c86fd62787c succesfully
2025-03-13 14:53:34,530 pop.CCCL_environment_mixins INFO     mongo_db = TodayCCCLEnvironment, topic = CCCL/PURBACHAL/ENV_01 created 67d29d0e22117c86fd62787d succesfully
2025-03-13 14:53:51,829 pop.CPM_RT_mixins INFO     mongo_db = RTModelCPM, topic = MQTT_RT_DATA created 67d29d1f22117c86fd62787e succesfully
2025-03-13 14:53:51,842 pop.CPM_RT_mixins INFO     mongo_db = TemporaryRTModelCPM, topic = MQTT_RT_DATA created 67d29d1f22117c86fd62787f succesfully
2025-03-13 14:53:51,855 pop.CPM_RT_mixins INFO     mongo_db = TodayRTModelCPM, topic = MQTT_RT_DATA created 67d29d1f22117c86fd627880 succesfully
2025-03-13 14:54:04,783 pop.CCCL_environment_mixins INFO     mongo_db = CCCLEnvironment, topic = CCCL/PURBACHAL/ENV_01 created 67d29d2c22117c86fd627881 succesfully
2025-03-13 14:54:04,795 pop.CCCL_environment_mixins INFO     mongo_db = TemporaryCCCLEnvironment, topic = CCCL/PURBACHAL/ENV_01 created 67d29d2c22117c86fd627882 succesfully
2025-03-13 14:54:04,804 pop.CCCL_environment_mixins INFO     mongo_db = TodayCCCLEnvironment, topic = CCCL/PURBACHAL/ENV_01 created 67d29d2c22117c86fd627883 succesfully
2025-03-13 14:54:15,424 pop.CCCL_generator_mixins INFO     mongo_db = CCCLGenerator, topic = CCCL/PURBACHAL/ENM_01 created 67d29d3722117c86fd627884 succesfully
2025-03-13 14:54:15,440 pop.CCCL_generator_mixins INFO     mongo_db = TemporaryCCCLGenerator, topic = CCCL/PURBACHAL/ENM_01 created 67d29d3722117c86fd627885 succesfully
2025-03-13 14:54:15,456 pop.CCCL_generator_mixins INFO     mongo_db = TodayCCCLGenerator, topic = CCCL/PURBACHAL/ENM_01 created 67d29d3722117c86fd627886 succesfully
2025-03-13 14:54:22,711 pop.CPM_RT_mixins INFO     mongo_db = RTModelCPM, topic = MQTT_RT_DATA created 67d29d3e22117c86fd627887 succesfully
2025-03-13 14:54:22,724 pop.CPM_RT_mixins INFO     mongo_db = TemporaryRTModelCPM, topic = MQTT_RT_DATA created 67d29d3e22117c86fd627888 succesfully
2025-03-13 14:54:22,736 pop.CPM_RT_mixins INFO     mongo_db = TodayRTModelCPM, topic = MQTT_RT_DATA created 67d29d3e22117c86fd627889 succesfully
2025-03-13 14:54:35,107 pop.CCCL_environment_mixins INFO     mongo_db = CCCLEnvironment, topic = CCCL/PURBACHAL/ENV_01 created 67d29d4b22117c86fd62788a succesfully
2025-03-13 14:54:35,127 pop.CCCL_environment_mixins INFO     mongo_db = TemporaryCCCLEnvironment, topic = CCCL/PURBACHAL/ENV_01 created 67d29d4b22117c86fd62788b succesfully
2025-03-13 14:54:35,141 pop.CCCL_environment_mixins INFO     mongo_db = TodayCCCLEnvironment, topic = CCCL/PURBACHAL/ENV_01 created 67d29d4b22117c86fd62788c succesfully
2025-03-13 14:54:52,639 pop.CPM_RT_mixins INFO     mongo_db = RTModelCPM, topic = MQTT_RT_DATA created 67d29d5c22117c86fd62788d succesfully
2025-03-13 14:54:52,653 pop.CPM_RT_mixins INFO     mongo_db = TemporaryRTModelCPM, topic = MQTT_RT_DATA created 67d29d5c22117c86fd62788e succesfully
2025-03-13 14:54:52,667 pop.CPM_RT_mixins INFO     mongo_db = TodayRTModelCPM, topic = MQTT_RT_DATA created 67d29d5c22117c86fd62788f succesfully
2025-03-13 14:55:05,526 pop.CCCL_environment_mixins INFO     mongo_db = CCCLEnvironment, topic = CCCL/PURBACHAL/ENV_01 created 67d29d6922117c86fd627890 succesfully
2025-03-13 14:55:05,537 pop.CCCL_environment_mixins INFO     mongo_db = TemporaryCCCLEnvironment, topic = CCCL/PURBACHAL/ENV_01 created 67d29d6922117c86fd627891 succesfully
2025-03-13 14:55:05,547 pop.CCCL_environment_mixins INFO     mongo_db = TodayCCCLEnvironment, topic = CCCL/PURBACHAL/ENV_01 created 67d29d6922117c86fd627892 succesfully
2025-03-13 14:55:15,413 pop.CCCL_generator_mixins INFO     mongo_db = CCCLGenerator, topic = CCCL/PURBACHAL/ENM_01 created 67d29d7322117c86fd627893 succesfully
2025-03-13 14:55:15,427 pop.CCCL_generator_mixins INFO     mongo_db = TemporaryCCCLGenerator, topic = CCCL/PURBACHAL/ENM_01 created 67d29d7322117c86fd627894 succesfully
2025-03-13 14:55:15,440 pop.CCCL_generator_mixins INFO     mongo_db = TodayCCCLGenerator, topic = CCCL/PURBACHAL/ENM_01 created 67d29d7322117c86fd627895 succesfully
2025-03-13 14:55:21,643 pop.CPM_RT_mixins INFO     mongo_db = RTModelCPM, topic = MQTT_RT_DATA created 67d29d7922117c86fd627896 succesfully
2025-03-13 14:55:21,655 pop.CPM_RT_mixins INFO     mongo_db = TemporaryRTModelCPM, topic = MQTT_RT_DATA created 67d29d7922117c86fd627897 succesfully
2025-03-13 14:55:21,668 pop.CPM_RT_mixins INFO     mongo_db = TodayRTModelCPM, topic = MQTT_RT_DATA created 67d29d7922117c86fd627898 succesfully
2025-03-13 14:55:35,814 pop.CCCL_environment_mixins INFO     mongo_db = CCCLEnvironment, topic = CCCL/PURBACHAL/ENV_01 created 67d29d8722117c86fd627899 succesfully
2025-03-13 14:55:35,825 pop.CCCL_environment_mixins INFO     mongo_db = TemporaryCCCLEnvironment, topic = CCCL/PURBACHAL/ENV_01 created 67d29d8722117c86fd62789a succesfully
2025-03-13 14:55:35,835 pop.CCCL_environment_mixins INFO     mongo_db = TodayCCCLEnvironment, topic = CCCL/PURBACHAL/ENV_01 created 67d29d8722117c86fd62789b succesfully
2025-03-13 14:55:51,662 pop.CPM_RT_mixins INFO     mongo_db = RTModelCPM, topic = MQTT_RT_DATA created 67d29d9722117c86fd62789c succesfully
2025-03-13 14:55:51,679 pop.CPM_RT_mixins INFO     mongo_db = TemporaryRTModelCPM, topic = MQTT_RT_DATA created 67d29d9722117c86fd62789d succesfully
2025-03-13 14:55:51,692 pop.CPM_RT_mixins INFO     mongo_db = TodayRTModelCPM, topic = MQTT_RT_DATA created 67d29d9722117c86fd62789e succesfully
2025-03-13 14:56:06,241 pop.CCCL_environment_mixins INFO     mongo_db = CCCLEnvironment, topic = CCCL/PURBACHAL/ENV_01 created 67d29da622117c86fd62789f succesfully
2025-03-13 14:56:06,263 pop.CCCL_environment_mixins INFO     mongo_db = TemporaryCCCLEnvironment, topic = CCCL/PURBACHAL/ENV_01 created 67d29da622117c86fd6278a0 succesfully
2025-03-13 14:56:06,274 pop.CCCL_environment_mixins INFO     mongo_db = TodayCCCLEnvironment, topic = CCCL/PURBACHAL/ENV_01 created 67d29da622117c86fd6278a1 succesfully
2025-03-13 14:56:15,438 pop.CCCL_generator_mixins INFO     mongo_db = CCCLGenerator, topic = CCCL/PURBACHAL/ENM_01 created 67d29daf22117c86fd6278a2 succesfully
2025-03-13 14:56:15,451 pop.CCCL_generator_mixins INFO     mongo_db = TemporaryCCCLGenerator, topic = CCCL/PURBACHAL/ENM_01 created 67d29daf22117c86fd6278a3 succesfully
2025-03-13 14:56:15,465 pop.CCCL_generator_mixins INFO     mongo_db = TodayCCCLGenerator, topic = CCCL/PURBACHAL/ENM_01 created 67d29daf22117c86fd6278a4 succesfully
2025-03-13 14:56:22,683 pop.CPM_RT_mixins INFO     mongo_db = RTModelCPM, topic = MQTT_RT_DATA created 67d29db622117c86fd6278a5 succesfully
2025-03-13 14:56:22,694 pop.CPM_RT_mixins INFO     mongo_db = TemporaryRTModelCPM, topic = MQTT_RT_DATA created 67d29db622117c86fd6278a6 succesfully
2025-03-13 14:56:22,709 pop.CPM_RT_mixins INFO     mongo_db = TodayRTModelCPM, topic = MQTT_RT_DATA created 67d29db622117c86fd6278a7 succesfully
2025-03-13 14:56:36,554 pop.CCCL_environment_mixins INFO     mongo_db = CCCLEnvironment, topic = CCCL/PURBACHAL/ENV_01 created 67d29dc422117c86fd6278a8 succesfully
2025-03-13 14:56:36,571 pop.CCCL_environment_mixins INFO     mongo_db = TemporaryCCCLEnvironment, topic = CCCL/PURBACHAL/ENV_01 created 67d29dc422117c86fd6278a9 succesfully
2025-03-13 14:56:36,584 pop.CCCL_environment_mixins INFO     mongo_db = TodayCCCLEnvironment, topic = CCCL/PURBACHAL/ENV_01 created 67d29dc422117c86fd6278aa succesfully
2025-03-13 14:56:52,852 pop.CPM_RT_mixins INFO     mongo_db = RTModelCPM, topic = MQTT_RT_DATA created 67d29dd422117c86fd6278ab succesfully
2025-03-13 14:56:52,868 pop.CPM_RT_mixins INFO     mongo_db = TemporaryRTModelCPM, topic = MQTT_RT_DATA created 67d29dd422117c86fd6278ac succesfully
2025-03-13 14:56:52,878 pop.CPM_RT_mixins INFO     mongo_db = TodayRTModelCPM, topic = MQTT_RT_DATA created 67d29dd422117c86fd6278ad succesfully
2025-03-13 14:57:06,853 pop.CCCL_environment_mixins INFO     mongo_db = CCCLEnvironment, topic = CCCL/PURBACHAL/ENV_01 created 67d29de222117c86fd6278ae succesfully
2025-03-13 14:57:06,867 pop.CCCL_environment_mixins INFO     mongo_db = TemporaryCCCLEnvironment, topic = CCCL/PURBACHAL/ENV_01 created 67d29de222117c86fd6278af succesfully
2025-03-13 14:57:06,879 pop.CCCL_environment_mixins INFO     mongo_db = TodayCCCLEnvironment, topic = CCCL/PURBACHAL/ENV_01 created 67d29de222117c86fd6278b0 succesfully
2025-03-13 14:57:38,819 pop.CPM_RT_mixins INFO     mongo_db = RTModelCPM, topic = MQTT_RT_DATA created 67d29e021e897d36684379ae succesfully
2025-03-13 14:57:38,873 pop.CPM_RT_mixins INFO     mongo_db = TemporaryRTModelCPM, topic = MQTT_RT_DATA created 67d29e021e897d36684379af succesfully
2025-03-13 14:57:38,913 pop.CPM_RT_mixins INFO     mongo_db = TodayRTModelCPM, topic = MQTT_RT_DATA created 67d29e021e897d36684379b0 succesfully
2025-03-13 14:57:51,758 pop.CPM_RT_mixins INFO     mongo_db = RTModelCPM, topic = MQTT_RT_DATA created 67d29e0f1e897d36684379b1 succesfully
2025-03-13 14:57:51,777 pop.CPM_RT_mixins INFO     mongo_db = TemporaryRTModelCPM, topic = MQTT_RT_DATA created 67d29e0f1e897d36684379b2 succesfully
2025-03-13 14:57:51,792 pop.CPM_RT_mixins INFO     mongo_db = TodayRTModelCPM, topic = MQTT_RT_DATA created 67d29e0f1e897d36684379b3 succesfully
2025-03-13 14:58:07,495 pop.CCCL_environment_mixins INFO     mongo_db = CCCLEnvironment, topic = CCCL/PURBACHAL/ENV_01 created 67d29e1f1e897d36684379b4 succesfully
2025-03-13 14:58:07,530 pop.CCCL_environment_mixins INFO     mongo_db = TemporaryCCCLEnvironment, topic = CCCL/PURBACHAL/ENV_01 created 67d29e1f1e897d36684379b5 succesfully
2025-03-13 14:58:07,546 pop.CCCL_environment_mixins INFO     mongo_db = TodayCCCLEnvironment, topic = CCCL/PURBACHAL/ENV_01 created 67d29e1f1e897d36684379b6 succesfully
2025-03-13 14:58:15,434 pop.CCCL_generator_mixins INFO     mongo_db = CCCLGenerator, topic = CCCL/PURBACHAL/ENM_01 created 67d29e271e897d36684379b7 succesfully
2025-03-13 14:58:15,455 pop.CCCL_generator_mixins INFO     mongo_db = TemporaryCCCLGenerator, topic = CCCL/PURBACHAL/ENM_01 created 67d29e271e897d36684379b8 succesfully
2025-03-13 14:58:15,478 pop.CCCL_generator_mixins INFO     mongo_db = TodayCCCLGenerator, topic = CCCL/PURBACHAL/ENM_01 created 67d29e271e897d36684379b9 succesfully
2025-03-13 15:01:29,449 pop.CPM_RT_mixins INFO     mongo_db = RTModelCPM, topic = MQTT_RT_DATA created 67d29ee96d12c12fca817832 succesfully
2025-03-13 15:01:29,497 pop.CPM_RT_mixins INFO     mongo_db = TemporaryRTModelCPM, topic = MQTT_RT_DATA created 67d29ee96d12c12fca817833 succesfully
2025-03-13 15:01:29,534 pop.CPM_RT_mixins INFO     mongo_db = TodayRTModelCPM, topic = MQTT_RT_DATA created 67d29ee96d12c12fca817834 succesfully
2025-03-13 15:01:30,057 celery.utils.dispatch.signal ERROR    Signal handler <bound method DjangoFixup.on_import_modules of <celery.fixups.django.DjangoFixup object at 0x7f40c1bc4c70>> raised: SyntaxError('invalid syntax', ('/opt/app/pop/api/views.py', 422, 1, '<<<<<<< Tabnine <<<<<<<\n'))
Traceback (most recent call last):
  File "/opt/venv/lib/python3.9/site-packages/celery/utils/dispatch/signal.py", line 276, in send
    response = receiver(signal=self, sender=sender, **named)
  File "/opt/venv/lib/python3.9/site-packages/celery/fixups/django.py", line 82, in on_import_modules
    self.worker_fixup.validate_models()
  File "/opt/venv/lib/python3.9/site-packages/celery/fixups/django.py", line 121, in validate_models
    run_checks()
  File "/opt/venv/lib/python3.9/site-packages/django/core/checks/registry.py", line 88, in run_checks
    new_errors = check(app_configs=app_configs, databases=databases)
  File "/opt/venv/lib/python3.9/site-packages/django/core/checks/urls.py", line 14, in check_url_config
    return check_resolver(resolver)
  File "/opt/venv/lib/python3.9/site-packages/django/core/checks/urls.py", line 24, in check_resolver
    return check_method()
  File "/opt/venv/lib/python3.9/site-packages/django/urls/resolvers.py", line 476, in check
    for pattern in self.url_patterns:
  File "/opt/venv/lib/python3.9/site-packages/django/utils/functional.py", line 57, in __get__
    res = instance.__dict__[self.name] = self.func(instance)
  File "/opt/venv/lib/python3.9/site-packages/django/urls/resolvers.py", line 690, in url_patterns
    patterns = getattr(self.urlconf_module, "urlpatterns", self.urlconf_module)
  File "/opt/venv/lib/python3.9/site-packages/django/utils/functional.py", line 57, in __get__
    res = instance.__dict__[self.name] = self.func(instance)
  File "/opt/venv/lib/python3.9/site-packages/django/urls/resolvers.py", line 683, in urlconf_module
    return import_module(self.urlconf_name)
  File "/usr/local/lib/python3.9/importlib/__init__.py", line 127, in import_module
    return _bootstrap._gcd_import(name[level:], package, level)
  File "<frozen importlib._bootstrap>", line 1030, in _gcd_import
  File "<frozen importlib._bootstrap>", line 1007, in _find_and_load
  File "<frozen importlib._bootstrap>", line 986, in _find_and_load_unlocked
  File "<frozen importlib._bootstrap>", line 680, in _load_unlocked
  File "<frozen importlib._bootstrap_external>", line 850, in exec_module
  File "<frozen importlib._bootstrap>", line 228, in _call_with_frames_removed
  File "/opt/app/dcim/urls.py", line 41, in <module>
    path('pop/', include('pop.api.urls', namespace='pops.apis')),
  File "/opt/venv/lib/python3.9/site-packages/django/urls/conf.py", line 38, in include
    urlconf_module = import_module(urlconf_module)
  File "/usr/local/lib/python3.9/importlib/__init__.py", line 127, in import_module
    return _bootstrap._gcd_import(name[level:], package, level)
  File "<frozen importlib._bootstrap>", line 1030, in _gcd_import
  File "<frozen importlib._bootstrap>", line 1007, in _find_and_load
  File "<frozen importlib._bootstrap>", line 986, in _find_and_load_unlocked
  File "<frozen importlib._bootstrap>", line 680, in _load_unlocked
  File "<frozen importlib._bootstrap_external>", line 850, in exec_module
  File "<frozen importlib._bootstrap>", line 228, in _call_with_frames_removed
  File "/opt/app/pop/api/urls.py", line 1, in <module>
    from pop.api.views import (
  File "/opt/app/pop/api/views.py", line 422
    <<<<<<< Tabnine <<<<<<<
    ^
SyntaxError: invalid syntax
2025-03-13 15:01:30,159 celery.utils.dispatch.signal ERROR    Signal handler <bound method DjangoFixup.on_import_modules of <celery.fixups.django.DjangoFixup object at 0x7f47c7a0fc70>> raised: SyntaxError('invalid syntax', ('/opt/app/pop/api/views.py', 422, 1, '<<<<<<< Tabnine <<<<<<<\n'))
Traceback (most recent call last):
  File "/opt/venv/lib/python3.9/site-packages/celery/utils/dispatch/signal.py", line 276, in send
    response = receiver(signal=self, sender=sender, **named)
  File "/opt/venv/lib/python3.9/site-packages/celery/fixups/django.py", line 82, in on_import_modules
    self.worker_fixup.validate_models()
  File "/opt/venv/lib/python3.9/site-packages/celery/fixups/django.py", line 121, in validate_models
    run_checks()
  File "/opt/venv/lib/python3.9/site-packages/django/core/checks/registry.py", line 88, in run_checks
    new_errors = check(app_configs=app_configs, databases=databases)
  File "/opt/venv/lib/python3.9/site-packages/django/core/checks/urls.py", line 14, in check_url_config
    return check_resolver(resolver)
  File "/opt/venv/lib/python3.9/site-packages/django/core/checks/urls.py", line 24, in check_resolver
    return check_method()
  File "/opt/venv/lib/python3.9/site-packages/django/urls/resolvers.py", line 476, in check
    for pattern in self.url_patterns:
  File "/opt/venv/lib/python3.9/site-packages/django/utils/functional.py", line 57, in __get__
    res = instance.__dict__[self.name] = self.func(instance)
  File "/opt/venv/lib/python3.9/site-packages/django/urls/resolvers.py", line 690, in url_patterns
    patterns = getattr(self.urlconf_module, "urlpatterns", self.urlconf_module)
  File "/opt/venv/lib/python3.9/site-packages/django/utils/functional.py", line 57, in __get__
    res = instance.__dict__[self.name] = self.func(instance)
  File "/opt/venv/lib/python3.9/site-packages/django/urls/resolvers.py", line 683, in urlconf_module
    return import_module(self.urlconf_name)
  File "/usr/local/lib/python3.9/importlib/__init__.py", line 127, in import_module
    return _bootstrap._gcd_import(name[level:], package, level)
  File "<frozen importlib._bootstrap>", line 1030, in _gcd_import
  File "<frozen importlib._bootstrap>", line 1007, in _find_and_load
  File "<frozen importlib._bootstrap>", line 986, in _find_and_load_unlocked
  File "<frozen importlib._bootstrap>", line 680, in _load_unlocked
  File "<frozen importlib._bootstrap_external>", line 850, in exec_module
  File "<frozen importlib._bootstrap>", line 228, in _call_with_frames_removed
  File "/opt/app/dcim/urls.py", line 41, in <module>
    path('pop/', include('pop.api.urls', namespace='pops.apis')),
  File "/opt/venv/lib/python3.9/site-packages/django/urls/conf.py", line 38, in include
    urlconf_module = import_module(urlconf_module)
  File "/usr/local/lib/python3.9/importlib/__init__.py", line 127, in import_module
    return _bootstrap._gcd_import(name[level:], package, level)
  File "<frozen importlib._bootstrap>", line 1030, in _gcd_import
  File "<frozen importlib._bootstrap>", line 1007, in _find_and_load
  File "<frozen importlib._bootstrap>", line 986, in _find_and_load_unlocked
  File "<frozen importlib._bootstrap>", line 680, in _load_unlocked
  File "<frozen importlib._bootstrap_external>", line 850, in exec_module
  File "<frozen importlib._bootstrap>", line 228, in _call_with_frames_removed
  File "/opt/app/pop/api/urls.py", line 1, in <module>
    from pop.api.views import (
  File "/opt/app/pop/api/views.py", line 422
    <<<<<<< Tabnine <<<<<<<
    ^
SyntaxError: invalid syntax
2025-03-13 15:01:32,259 celery.utils.dispatch.signal ERROR    Signal handler <bound method DjangoFixup.on_import_modules of <celery.fixups.django.DjangoFixup object at 0x7fce903db790>> raised: SyntaxError('invalid syntax', ('/opt/app/pop/api/views.py', 422, 1, '<<<<<<< Tabnine <<<<<<<\n'))
Traceback (most recent call last):
  File "/opt/venv/lib/python3.9/site-packages/celery/utils/dispatch/signal.py", line 276, in send
    response = receiver(signal=self, sender=sender, **named)
  File "/opt/venv/lib/python3.9/site-packages/celery/fixups/django.py", line 82, in on_import_modules
    self.worker_fixup.validate_models()
  File "/opt/venv/lib/python3.9/site-packages/celery/fixups/django.py", line 121, in validate_models
    run_checks()
  File "/opt/venv/lib/python3.9/site-packages/django/core/checks/registry.py", line 88, in run_checks
    new_errors = check(app_configs=app_configs, databases=databases)
  File "/opt/venv/lib/python3.9/site-packages/django/core/checks/urls.py", line 42, in check_url_namespaces_unique
    all_namespaces = _load_all_namespaces(resolver)
  File "/opt/venv/lib/python3.9/site-packages/django/core/checks/urls.py", line 61, in _load_all_namespaces
    url_patterns = getattr(resolver, "url_patterns", [])
  File "/opt/venv/lib/python3.9/site-packages/django/utils/functional.py", line 57, in __get__
    res = instance.__dict__[self.name] = self.func(instance)
  File "/opt/venv/lib/python3.9/site-packages/django/urls/resolvers.py", line 690, in url_patterns
    patterns = getattr(self.urlconf_module, "urlpatterns", self.urlconf_module)
  File "/opt/venv/lib/python3.9/site-packages/django/utils/functional.py", line 57, in __get__
    res = instance.__dict__[self.name] = self.func(instance)
  File "/opt/venv/lib/python3.9/site-packages/django/urls/resolvers.py", line 683, in urlconf_module
    return import_module(self.urlconf_name)
  File "/usr/local/lib/python3.9/importlib/__init__.py", line 127, in import_module
    return _bootstrap._gcd_import(name[level:], package, level)
  File "<frozen importlib._bootstrap>", line 1030, in _gcd_import
  File "<frozen importlib._bootstrap>", line 1007, in _find_and_load
  File "<frozen importlib._bootstrap>", line 986, in _find_and_load_unlocked
  File "<frozen importlib._bootstrap>", line 680, in _load_unlocked
  File "<frozen importlib._bootstrap_external>", line 850, in exec_module
  File "<frozen importlib._bootstrap>", line 228, in _call_with_frames_removed
  File "/opt/app/dcim/urls.py", line 41, in <module>
    path('pop/', include('pop.api.urls', namespace='pops.apis')),
  File "/opt/venv/lib/python3.9/site-packages/django/urls/conf.py", line 38, in include
    urlconf_module = import_module(urlconf_module)
  File "/usr/local/lib/python3.9/importlib/__init__.py", line 127, in import_module
    return _bootstrap._gcd_import(name[level:], package, level)
  File "<frozen importlib._bootstrap>", line 1030, in _gcd_import
  File "<frozen importlib._bootstrap>", line 1007, in _find_and_load
  File "<frozen importlib._bootstrap>", line 986, in _find_and_load_unlocked
  File "<frozen importlib._bootstrap>", line 680, in _load_unlocked
  File "<frozen importlib._bootstrap_external>", line 850, in exec_module
  File "<frozen importlib._bootstrap>", line 228, in _call_with_frames_removed
  File "/opt/app/pop/api/urls.py", line 1, in <module>
    from pop.api.views import (
  File "/opt/app/pop/api/views.py", line 422
    <<<<<<< Tabnine <<<<<<<
    ^
SyntaxError: invalid syntax
2025-03-13 15:01:32,324 celery.utils.dispatch.signal ERROR    Signal handler <bound method DjangoFixup.on_import_modules of <celery.fixups.django.DjangoFixup object at 0x7f5f8e3cb790>> raised: SyntaxError('invalid syntax', ('/opt/app/pop/api/views.py', 422, 1, '<<<<<<< Tabnine <<<<<<<\n'))
Traceback (most recent call last):
  File "/opt/venv/lib/python3.9/site-packages/celery/utils/dispatch/signal.py", line 276, in send
    response = receiver(signal=self, sender=sender, **named)
  File "/opt/venv/lib/python3.9/site-packages/celery/fixups/django.py", line 82, in on_import_modules
    self.worker_fixup.validate_models()
  File "/opt/venv/lib/python3.9/site-packages/celery/fixups/django.py", line 121, in validate_models
    run_checks()
  File "/opt/venv/lib/python3.9/site-packages/django/core/checks/registry.py", line 88, in run_checks
    new_errors = check(app_configs=app_configs, databases=databases)
  File "/opt/venv/lib/python3.9/site-packages/django/core/checks/urls.py", line 14, in check_url_config
    return check_resolver(resolver)
  File "/opt/venv/lib/python3.9/site-packages/django/core/checks/urls.py", line 24, in check_resolver
    return check_method()
  File "/opt/venv/lib/python3.9/site-packages/django/urls/resolvers.py", line 476, in check
    for pattern in self.url_patterns:
  File "/opt/venv/lib/python3.9/site-packages/django/utils/functional.py", line 57, in __get__
    res = instance.__dict__[self.name] = self.func(instance)
  File "/opt/venv/lib/python3.9/site-packages/django/urls/resolvers.py", line 690, in url_patterns
    patterns = getattr(self.urlconf_module, "urlpatterns", self.urlconf_module)
  File "/opt/venv/lib/python3.9/site-packages/django/utils/functional.py", line 57, in __get__
    res = instance.__dict__[self.name] = self.func(instance)
  File "/opt/venv/lib/python3.9/site-packages/django/urls/resolvers.py", line 683, in urlconf_module
    return import_module(self.urlconf_name)
  File "/usr/local/lib/python3.9/importlib/__init__.py", line 127, in import_module
    return _bootstrap._gcd_import(name[level:], package, level)
  File "<frozen importlib._bootstrap>", line 1030, in _gcd_import
  File "<frozen importlib._bootstrap>", line 1007, in _find_and_load
  File "<frozen importlib._bootstrap>", line 986, in _find_and_load_unlocked
  File "<frozen importlib._bootstrap>", line 680, in _load_unlocked
  File "<frozen importlib._bootstrap_external>", line 850, in exec_module
  File "<frozen importlib._bootstrap>", line 228, in _call_with_frames_removed
  File "/opt/app/dcim/urls.py", line 41, in <module>
    path('pop/', include('pop.api.urls', namespace='pops.apis')),
  File "/opt/venv/lib/python3.9/site-packages/django/urls/conf.py", line 38, in include
    urlconf_module = import_module(urlconf_module)
  File "/usr/local/lib/python3.9/importlib/__init__.py", line 127, in import_module
    return _bootstrap._gcd_import(name[level:], package, level)
  File "<frozen importlib._bootstrap>", line 1030, in _gcd_import
  File "<frozen importlib._bootstrap>", line 1007, in _find_and_load
  File "<frozen importlib._bootstrap>", line 986, in _find_and_load_unlocked
  File "<frozen importlib._bootstrap>", line 680, in _load_unlocked
  File "<frozen importlib._bootstrap_external>", line 850, in exec_module
  File "<frozen importlib._bootstrap>", line 228, in _call_with_frames_removed
  File "/opt/app/pop/api/urls.py", line 1, in <module>
    from pop.api.views import (
  File "/opt/app/pop/api/views.py", line 422
    <<<<<<< Tabnine <<<<<<<
    ^
SyntaxError: invalid syntax
2025-03-13 15:01:35,220 celery.utils.dispatch.signal ERROR    Signal handler <bound method DjangoFixup.on_import_modules of <celery.fixups.django.DjangoFixup object at 0x7fbbb19cc790>> raised: SyntaxError('invalid syntax', ('/opt/app/pop/api/views.py', 422, 1, '<<<<<<< Tabnine <<<<<<<\n'))
Traceback (most recent call last):
  File "/opt/venv/lib/python3.9/site-packages/celery/utils/dispatch/signal.py", line 276, in send
    response = receiver(signal=self, sender=sender, **named)
  File "/opt/venv/lib/python3.9/site-packages/celery/fixups/django.py", line 82, in on_import_modules
    self.worker_fixup.validate_models()
  File "/opt/venv/lib/python3.9/site-packages/celery/fixups/django.py", line 121, in validate_models
    run_checks()
  File "/opt/venv/lib/python3.9/site-packages/django/core/checks/registry.py", line 88, in run_checks
    new_errors = check(app_configs=app_configs, databases=databases)
  File "/opt/venv/lib/python3.9/site-packages/django/core/checks/urls.py", line 42, in check_url_namespaces_unique
    all_namespaces = _load_all_namespaces(resolver)
  File "/opt/venv/lib/python3.9/site-packages/django/core/checks/urls.py", line 61, in _load_all_namespaces
    url_patterns = getattr(resolver, "url_patterns", [])
  File "/opt/venv/lib/python3.9/site-packages/django/utils/functional.py", line 57, in __get__
    res = instance.__dict__[self.name] = self.func(instance)
  File "/opt/venv/lib/python3.9/site-packages/django/urls/resolvers.py", line 690, in url_patterns
    patterns = getattr(self.urlconf_module, "urlpatterns", self.urlconf_module)
  File "/opt/venv/lib/python3.9/site-packages/django/utils/functional.py", line 57, in __get__
    res = instance.__dict__[self.name] = self.func(instance)
  File "/opt/venv/lib/python3.9/site-packages/django/urls/resolvers.py", line 683, in urlconf_module
    return import_module(self.urlconf_name)
  File "/usr/local/lib/python3.9/importlib/__init__.py", line 127, in import_module
    return _bootstrap._gcd_import(name[level:], package, level)
  File "<frozen importlib._bootstrap>", line 1030, in _gcd_import
  File "<frozen importlib._bootstrap>", line 1007, in _find_and_load
  File "<frozen importlib._bootstrap>", line 986, in _find_and_load_unlocked
  File "<frozen importlib._bootstrap>", line 680, in _load_unlocked
  File "<frozen importlib._bootstrap_external>", line 850, in exec_module
  File "<frozen importlib._bootstrap>", line 228, in _call_with_frames_removed
  File "/opt/app/dcim/urls.py", line 41, in <module>
    path('pop/', include('pop.api.urls', namespace='pops.apis')),
  File "/opt/venv/lib/python3.9/site-packages/django/urls/conf.py", line 38, in include
    urlconf_module = import_module(urlconf_module)
  File "/usr/local/lib/python3.9/importlib/__init__.py", line 127, in import_module
    return _bootstrap._gcd_import(name[level:], package, level)
  File "<frozen importlib._bootstrap>", line 1030, in _gcd_import
  File "<frozen importlib._bootstrap>", line 1007, in _find_and_load
  File "<frozen importlib._bootstrap>", line 986, in _find_and_load_unlocked
  File "<frozen importlib._bootstrap>", line 680, in _load_unlocked
  File "<frozen importlib._bootstrap_external>", line 850, in exec_module
  File "<frozen importlib._bootstrap>", line 228, in _call_with_frames_removed
  File "/opt/app/pop/api/urls.py", line 1, in <module>
    from pop.api.views import (
  File "/opt/app/pop/api/views.py", line 422
    <<<<<<< Tabnine <<<<<<<
    ^
SyntaxError: invalid syntax
2025-03-13 15:01:35,325 celery.utils.dispatch.signal ERROR    Signal handler <bound method DjangoFixup.on_import_modules of <celery.fixups.django.DjangoFixup object at 0x7f57f7a1c790>> raised: SyntaxError('invalid syntax', ('/opt/app/pop/api/views.py', 422, 1, '<<<<<<< Tabnine <<<<<<<\n'))
Traceback (most recent call last):
  File "/opt/venv/lib/python3.9/site-packages/celery/utils/dispatch/signal.py", line 276, in send
    response = receiver(signal=self, sender=sender, **named)
  File "/opt/venv/lib/python3.9/site-packages/celery/fixups/django.py", line 82, in on_import_modules
    self.worker_fixup.validate_models()
  File "/opt/venv/lib/python3.9/site-packages/celery/fixups/django.py", line 121, in validate_models
    run_checks()
  File "/opt/venv/lib/python3.9/site-packages/django/core/checks/registry.py", line 88, in run_checks
    new_errors = check(app_configs=app_configs, databases=databases)
  File "/opt/venv/lib/python3.9/site-packages/django/core/checks/urls.py", line 14, in check_url_config
    return check_resolver(resolver)
  File "/opt/venv/lib/python3.9/site-packages/django/core/checks/urls.py", line 24, in check_resolver
    return check_method()
  File "/opt/venv/lib/python3.9/site-packages/django/urls/resolvers.py", line 476, in check
    for pattern in self.url_patterns:
  File "/opt/venv/lib/python3.9/site-packages/django/utils/functional.py", line 57, in __get__
    res = instance.__dict__[self.name] = self.func(instance)
  File "/opt/venv/lib/python3.9/site-packages/django/urls/resolvers.py", line 690, in url_patterns
    patterns = getattr(self.urlconf_module, "urlpatterns", self.urlconf_module)
  File "/opt/venv/lib/python3.9/site-packages/django/utils/functional.py", line 57, in __get__
    res = instance.__dict__[self.name] = self.func(instance)
  File "/opt/venv/lib/python3.9/site-packages/django/urls/resolvers.py", line 683, in urlconf_module
    return import_module(self.urlconf_name)
  File "/usr/local/lib/python3.9/importlib/__init__.py", line 127, in import_module
    return _bootstrap._gcd_import(name[level:], package, level)
  File "<frozen importlib._bootstrap>", line 1030, in _gcd_import
  File "<frozen importlib._bootstrap>", line 1007, in _find_and_load
  File "<frozen importlib._bootstrap>", line 986, in _find_and_load_unlocked
  File "<frozen importlib._bootstrap>", line 680, in _load_unlocked
  File "<frozen importlib._bootstrap_external>", line 850, in exec_module
  File "<frozen importlib._bootstrap>", line 228, in _call_with_frames_removed
  File "/opt/app/dcim/urls.py", line 41, in <module>
    path('pop/', include('pop.api.urls', namespace='pops.apis')),
  File "/opt/venv/lib/python3.9/site-packages/django/urls/conf.py", line 38, in include
    urlconf_module = import_module(urlconf_module)
  File "/usr/local/lib/python3.9/importlib/__init__.py", line 127, in import_module
    return _bootstrap._gcd_import(name[level:], package, level)
  File "<frozen importlib._bootstrap>", line 1030, in _gcd_import
  File "<frozen importlib._bootstrap>", line 1007, in _find_and_load
  File "<frozen importlib._bootstrap>", line 986, in _find_and_load_unlocked
  File "<frozen importlib._bootstrap>", line 680, in _load_unlocked
  File "<frozen importlib._bootstrap_external>", line 850, in exec_module
  File "<frozen importlib._bootstrap>", line 228, in _call_with_frames_removed
  File "/opt/app/pop/api/urls.py", line 1, in <module>
    from pop.api.views import (
  File "/opt/app/pop/api/views.py", line 422
    <<<<<<< Tabnine <<<<<<<
    ^
SyntaxError: invalid syntax
2025-03-13 15:01:58,958 pop.CPM_RT_mixins INFO     mongo_db = RTModelCPM, topic = MQTT_RT_DATA created 67d29f0679c83d1e8f427f60 succesfully
2025-03-13 15:01:58,996 pop.CPM_RT_mixins INFO     mongo_db = TemporaryRTModelCPM, topic = MQTT_RT_DATA created 67d29f0679c83d1e8f427f61 succesfully
2025-03-13 15:01:59,031 pop.CPM_RT_mixins INFO     mongo_db = TodayRTModelCPM, topic = MQTT_RT_DATA created 67d29f0779c83d1e8f427f62 succesfully
2025-03-13 15:02:10,075 pop.CCCL_environment_mixins INFO     mongo_db = CCCLEnvironment, topic = CCCL/PURBACHAL/ENV_01 created 67d29f1279c83d1e8f427f63 succesfully
2025-03-13 15:02:10,088 pop.CCCL_environment_mixins INFO     mongo_db = TemporaryCCCLEnvironment, topic = CCCL/PURBACHAL/ENV_01 created 67d29f1279c83d1e8f427f64 succesfully
2025-03-13 15:02:10,101 pop.CCCL_environment_mixins INFO     mongo_db = TodayCCCLEnvironment, topic = CCCL/PURBACHAL/ENV_01 created 67d29f1279c83d1e8f427f65 succesfully
2025-03-13 15:02:15,447 pop.CCCL_generator_mixins INFO     mongo_db = CCCLGenerator, topic = CCCL/PURBACHAL/ENM_01 created 67d29f1779c83d1e8f427f66 succesfully
2025-03-13 15:02:15,481 pop.CCCL_generator_mixins INFO     mongo_db = TemporaryCCCLGenerator, topic = CCCL/PURBACHAL/ENM_01 created 67d29f1779c83d1e8f427f67 succesfully
2025-03-13 15:02:15,498 pop.CCCL_generator_mixins INFO     mongo_db = TodayCCCLGenerator, topic = CCCL/PURBACHAL/ENM_01 created 67d29f1779c83d1e8f427f68 succesfully
2025-03-13 15:02:21,648 pop.CPM_RT_mixins INFO     mongo_db = RTModelCPM, topic = MQTT_RT_DATA created 67d29f1d79c83d1e8f427f69 succesfully
2025-03-13 15:02:21,659 pop.CPM_RT_mixins INFO     mongo_db = TemporaryRTModelCPM, topic = MQTT_RT_DATA created 67d29f1d79c83d1e8f427f6a succesfully
2025-03-13 15:02:21,678 pop.CPM_RT_mixins INFO     mongo_db = TodayRTModelCPM, topic = MQTT_RT_DATA created 67d29f1d79c83d1e8f427f6b succesfully
2025-03-13 15:02:40,391 pop.CCCL_environment_mixins INFO     mongo_db = CCCLEnvironment, topic = CCCL/PURBACHAL/ENV_01 created 67d29f3079c83d1e8f427f6c succesfully
2025-03-13 15:02:40,412 pop.CCCL_environment_mixins INFO     mongo_db = TemporaryCCCLEnvironment, topic = CCCL/PURBACHAL/ENV_01 created 67d29f3079c83d1e8f427f6d succesfully
2025-03-13 15:02:40,427 pop.CCCL_environment_mixins INFO     mongo_db = TodayCCCLEnvironment, topic = CCCL/PURBACHAL/ENV_01 created 67d29f3079c83d1e8f427f6e succesfully
2025-03-13 15:02:51,849 pop.CPM_RT_mixins INFO     mongo_db = RTModelCPM, topic = MQTT_RT_DATA created 67d29f3b79c83d1e8f427f6f succesfully
2025-03-13 15:02:51,862 pop.CPM_RT_mixins INFO     mongo_db = TemporaryRTModelCPM, topic = MQTT_RT_DATA created 67d29f3b79c83d1e8f427f70 succesfully
2025-03-13 15:02:51,879 pop.CPM_RT_mixins INFO     mongo_db = TodayRTModelCPM, topic = MQTT_RT_DATA created 67d29f3b79c83d1e8f427f71 succesfully
2025-03-13 15:03:10,809 pop.CCCL_environment_mixins INFO     mongo_db = CCCLEnvironment, topic = CCCL/PURBACHAL/ENV_01 created 67d29f4e79c83d1e8f427f72 succesfully
2025-03-13 15:03:10,829 pop.CCCL_environment_mixins INFO     mongo_db = TemporaryCCCLEnvironment, topic = CCCL/PURBACHAL/ENV_01 created 67d29f4e79c83d1e8f427f73 succesfully
2025-03-13 15:03:10,844 pop.CCCL_environment_mixins INFO     mongo_db = TodayCCCLEnvironment, topic = CCCL/PURBACHAL/ENV_01 created 67d29f4e79c83d1e8f427f74 succesfully
2025-03-13 15:03:15,409 pop.CCCL_generator_mixins INFO     mongo_db = CCCLGenerator, topic = CCCL/PURBACHAL/ENM_01 created 67d29f5379c83d1e8f427f75 succesfully
2025-03-13 15:03:15,422 pop.CCCL_generator_mixins INFO     mongo_db = TemporaryCCCLGenerator, topic = CCCL/PURBACHAL/ENM_01 created 67d29f5379c83d1e8f427f76 succesfully
2025-03-13 15:03:15,436 pop.CCCL_generator_mixins INFO     mongo_db = TodayCCCLGenerator, topic = CCCL/PURBACHAL/ENM_01 created 67d29f5379c83d1e8f427f77 succesfully
2025-03-13 15:03:41,111 pop.CCCL_environment_mixins INFO     mongo_db = CCCLEnvironment, topic = CCCL/PURBACHAL/ENV_01 created 67d29f6d79c83d1e8f427f78 succesfully
2025-03-13 15:03:41,121 pop.CCCL_environment_mixins INFO     mongo_db = TemporaryCCCLEnvironment, topic = CCCL/PURBACHAL/ENV_01 created 67d29f6d79c83d1e8f427f79 succesfully
2025-03-13 15:03:41,135 pop.CCCL_environment_mixins INFO     mongo_db = TodayCCCLEnvironment, topic = CCCL/PURBACHAL/ENV_01 created 67d29f6d79c83d1e8f427f7a succesfully
2025-03-13 15:03:51,837 pop.CPM_RT_mixins INFO     mongo_db = RTModelCPM, topic = MQTT_RT_DATA created 67d29f7779c83d1e8f427f7b succesfully
2025-03-13 15:03:51,859 pop.CPM_RT_mixins INFO     mongo_db = TemporaryRTModelCPM, topic = MQTT_RT_DATA created 67d29f7779c83d1e8f427f7c succesfully
2025-03-13 15:03:51,871 pop.CPM_RT_mixins INFO     mongo_db = TodayRTModelCPM, topic = MQTT_RT_DATA created 67d29f7779c83d1e8f427f7d succesfully
2025-03-13 15:04:33,564 pop.CPM_RT_mixins INFO     mongo_db = RTModelCPM, topic = MQTT_RT_DATA created 67d29fa139e3e45c95248513 succesfully
2025-03-13 15:04:33,607 pop.CPM_RT_mixins INFO     mongo_db = TemporaryRTModelCPM, topic = MQTT_RT_DATA created 67d29fa139e3e45c95248514 succesfully
2025-03-13 15:04:33,652 pop.CPM_RT_mixins INFO     mongo_db = TodayRTModelCPM, topic = MQTT_RT_DATA created 67d29fa139e3e45c95248515 succesfully
2025-03-13 15:04:38,486 django.request ERROR    Internal Server Error: /api/v1.0/pop/ups-data/
Traceback (most recent call last):
  File "/opt/venv/lib/python3.9/site-packages/django/core/handlers/exception.py", line 55, in inner
    response = get_response(request)
  File "/opt/venv/lib/python3.9/site-packages/django/core/handlers/base.py", line 197, in _get_response
    response = wrapped_callback(request, *callback_args, **callback_kwargs)
  File "/opt/venv/lib/python3.9/site-packages/django/views/decorators/csrf.py", line 54, in wrapped_view
    return view_func(*args, **kwargs)
  File "/opt/venv/lib/python3.9/site-packages/rest_framework/viewsets.py", line 125, in view
    return self.dispatch(request, *args, **kwargs)
  File "/opt/venv/lib/python3.9/site-packages/rest_framework/views.py", line 509, in dispatch
    response = self.handle_exception(exc)
  File "/opt/venv/lib/python3.9/site-packages/rest_framework/views.py", line 469, in handle_exception
    self.raise_uncaught_exception(exc)
  File "/opt/venv/lib/python3.9/site-packages/rest_framework/views.py", line 480, in raise_uncaught_exception
    raise exc
  File "/opt/venv/lib/python3.9/site-packages/rest_framework/views.py", line 506, in dispatch
    response = handler(request, *args, **kwargs)
  File "/opt/app/pop/api/views.py", line 428, in list
    return Response(serializer.data)
  File "/opt/venv/lib/python3.9/site-packages/rest_framework/serializers.py", line 745, in data
    ret = super().data
  File "/opt/venv/lib/python3.9/site-packages/rest_framework/serializers.py", line 246, in data
    self._data = self.to_representation(self.instance)
  File "/opt/venv/lib/python3.9/site-packages/rest_framework/serializers.py", line 663, in to_representation
    return [
  File "/opt/venv/lib/python3.9/site-packages/django/db/models/query.py", line 394, in __iter__
    self._fetch_all()
  File "/opt/venv/lib/python3.9/site-packages/django/db/models/query.py", line 1866, in _fetch_all
    self._result_cache = list(self._iterable_class(self))
  File "/opt/venv/lib/python3.9/site-packages/django/db/models/query.py", line 117, in __iter__
    for row in compiler.results_iter(results):
  File "/opt/venv/lib/python3.9/site-packages/django/db/models/sql/compiler.py", line 1333, in apply_converters
    value = converter(value, expression, connection)
  File "/opt/venv/lib/python3.9/site-packages/djongo/models/fields.py", line 244, in from_db_value
    return self.to_python(value)
  File "/opt/venv/lib/python3.9/site-packages/djongo/models/fields.py", line 261, in to_python
    value = self._value_thru_container(value)
  File "/opt/venv/lib/python3.9/site-packages/djongo/models/fields.py", line 318, in _value_thru_container
    post_value.append(super()._value_thru_container(_dict))
  File "/opt/venv/lib/python3.9/site-packages/djongo/models/fields.py", line 182, in _value_thru_container
    inst = self.model_container(**value)
  File "/opt/venv/lib/python3.9/site-packages/django/db/models/base.py", line 485, in __init__
    raise TypeError("Abstract models cannot be instantiated.")
TypeError: Abstract models cannot be instantiated.
2025-03-13 15:04:41,332 django.request ERROR    Internal Server Error: /api/v1.0/pop/ups-data/
Traceback (most recent call last):
  File "/opt/venv/lib/python3.9/site-packages/django/core/handlers/exception.py", line 55, in inner
    response = get_response(request)
  File "/opt/venv/lib/python3.9/site-packages/django/core/handlers/base.py", line 197, in _get_response
    response = wrapped_callback(request, *callback_args, **callback_kwargs)
  File "/opt/venv/lib/python3.9/site-packages/django/views/decorators/csrf.py", line 54, in wrapped_view
    return view_func(*args, **kwargs)
  File "/opt/venv/lib/python3.9/site-packages/rest_framework/viewsets.py", line 125, in view
    return self.dispatch(request, *args, **kwargs)
  File "/opt/venv/lib/python3.9/site-packages/rest_framework/views.py", line 509, in dispatch
    response = self.handle_exception(exc)
  File "/opt/venv/lib/python3.9/site-packages/rest_framework/views.py", line 469, in handle_exception
    self.raise_uncaught_exception(exc)
  File "/opt/venv/lib/python3.9/site-packages/rest_framework/views.py", line 480, in raise_uncaught_exception
    raise exc
  File "/opt/venv/lib/python3.9/site-packages/rest_framework/views.py", line 506, in dispatch
    response = handler(request, *args, **kwargs)
  File "/opt/app/pop/api/views.py", line 428, in list
    return Response(serializer.data)
  File "/opt/venv/lib/python3.9/site-packages/rest_framework/serializers.py", line 745, in data
    ret = super().data
  File "/opt/venv/lib/python3.9/site-packages/rest_framework/serializers.py", line 246, in data
    self._data = self.to_representation(self.instance)
  File "/opt/venv/lib/python3.9/site-packages/rest_framework/serializers.py", line 663, in to_representation
    return [
  File "/opt/venv/lib/python3.9/site-packages/django/db/models/query.py", line 394, in __iter__
    self._fetch_all()
  File "/opt/venv/lib/python3.9/site-packages/django/db/models/query.py", line 1866, in _fetch_all
    self._result_cache = list(self._iterable_class(self))
  File "/opt/venv/lib/python3.9/site-packages/django/db/models/query.py", line 117, in __iter__
    for row in compiler.results_iter(results):
  File "/opt/venv/lib/python3.9/site-packages/django/db/models/sql/compiler.py", line 1333, in apply_converters
    value = converter(value, expression, connection)
  File "/opt/venv/lib/python3.9/site-packages/djongo/models/fields.py", line 244, in from_db_value
    return self.to_python(value)
  File "/opt/venv/lib/python3.9/site-packages/djongo/models/fields.py", line 261, in to_python
    value = self._value_thru_container(value)
  File "/opt/venv/lib/python3.9/site-packages/djongo/models/fields.py", line 318, in _value_thru_container
    post_value.append(super()._value_thru_container(_dict))
  File "/opt/venv/lib/python3.9/site-packages/djongo/models/fields.py", line 182, in _value_thru_container
    inst = self.model_container(**value)
  File "/opt/venv/lib/python3.9/site-packages/django/db/models/base.py", line 485, in __init__
    raise TypeError("Abstract models cannot be instantiated.")
TypeError: Abstract models cannot be instantiated.
2025-03-13 15:04:41,858 pop.CCCL_environment_mixins INFO     mongo_db = CCCLEnvironment, topic = CCCL/PURBACHAL/ENV_01 created 67d29fa939e3e45c95248516 succesfully
2025-03-13 15:04:41,895 pop.CCCL_environment_mixins INFO     mongo_db = TemporaryCCCLEnvironment, topic = CCCL/PURBACHAL/ENV_01 created 67d29fa939e3e45c95248517 succesfully
2025-03-13 15:04:41,911 pop.CCCL_environment_mixins INFO     mongo_db = TodayCCCLEnvironment, topic = CCCL/PURBACHAL/ENV_01 created 67d29fa939e3e45c95248518 succesfully
2025-03-13 15:04:48,121 django.request ERROR    Internal Server Error: /api/v1.0/pop/ups-data/
Traceback (most recent call last):
  File "/opt/venv/lib/python3.9/site-packages/django/core/handlers/exception.py", line 55, in inner
    response = get_response(request)
  File "/opt/venv/lib/python3.9/site-packages/django/core/handlers/base.py", line 197, in _get_response
    response = wrapped_callback(request, *callback_args, **callback_kwargs)
  File "/opt/venv/lib/python3.9/site-packages/django/views/decorators/csrf.py", line 54, in wrapped_view
    return view_func(*args, **kwargs)
  File "/opt/venv/lib/python3.9/site-packages/rest_framework/viewsets.py", line 125, in view
    return self.dispatch(request, *args, **kwargs)
  File "/opt/venv/lib/python3.9/site-packages/rest_framework/views.py", line 509, in dispatch
    response = self.handle_exception(exc)
  File "/opt/venv/lib/python3.9/site-packages/rest_framework/views.py", line 469, in handle_exception
    self.raise_uncaught_exception(exc)
  File "/opt/venv/lib/python3.9/site-packages/rest_framework/views.py", line 480, in raise_uncaught_exception
    raise exc
  File "/opt/venv/lib/python3.9/site-packages/rest_framework/views.py", line 506, in dispatch
    response = handler(request, *args, **kwargs)
  File "/opt/app/pop/api/views.py", line 428, in list
    return Response(serializer.data)
  File "/opt/venv/lib/python3.9/site-packages/rest_framework/serializers.py", line 745, in data
    ret = super().data
  File "/opt/venv/lib/python3.9/site-packages/rest_framework/serializers.py", line 246, in data
    self._data = self.to_representation(self.instance)
  File "/opt/venv/lib/python3.9/site-packages/rest_framework/serializers.py", line 663, in to_representation
    return [
  File "/opt/venv/lib/python3.9/site-packages/django/db/models/query.py", line 394, in __iter__
    self._fetch_all()
  File "/opt/venv/lib/python3.9/site-packages/django/db/models/query.py", line 1866, in _fetch_all
    self._result_cache = list(self._iterable_class(self))
  File "/opt/venv/lib/python3.9/site-packages/django/db/models/query.py", line 117, in __iter__
    for row in compiler.results_iter(results):
  File "/opt/venv/lib/python3.9/site-packages/django/db/models/sql/compiler.py", line 1333, in apply_converters
    value = converter(value, expression, connection)
  File "/opt/venv/lib/python3.9/site-packages/djongo/models/fields.py", line 244, in from_db_value
    return self.to_python(value)
  File "/opt/venv/lib/python3.9/site-packages/djongo/models/fields.py", line 261, in to_python
    value = self._value_thru_container(value)
  File "/opt/venv/lib/python3.9/site-packages/djongo/models/fields.py", line 318, in _value_thru_container
    post_value.append(super()._value_thru_container(_dict))
  File "/opt/venv/lib/python3.9/site-packages/djongo/models/fields.py", line 182, in _value_thru_container
    inst = self.model_container(**value)
  File "/opt/venv/lib/python3.9/site-packages/django/db/models/base.py", line 485, in __init__
    raise TypeError("Abstract models cannot be instantiated.")
TypeError: Abstract models cannot be instantiated.
2025-03-13 15:04:51,590 pop.CPM_RT_mixins INFO     mongo_db = RTModelCPM, topic = MQTT_RT_DATA created 67d29fb339e3e45c95248519 succesfully
2025-03-13 15:04:51,600 pop.CPM_RT_mixins INFO     mongo_db = TemporaryRTModelCPM, topic = MQTT_RT_DATA created 67d29fb339e3e45c9524851a succesfully
2025-03-13 15:04:51,615 pop.CPM_RT_mixins INFO     mongo_db = TodayRTModelCPM, topic = MQTT_RT_DATA created 67d29fb339e3e45c9524851b succesfully
2025-03-13 15:05:12,157 pop.CCCL_environment_mixins INFO     mongo_db = CCCLEnvironment, topic = CCCL/PURBACHAL/ENV_01 created 67d29fc839e3e45c9524851c succesfully
2025-03-13 15:05:12,171 pop.CCCL_environment_mixins INFO     mongo_db = TemporaryCCCLEnvironment, topic = CCCL/PURBACHAL/ENV_01 created 67d29fc839e3e45c9524851d succesfully
2025-03-13 15:05:12,181 pop.CCCL_environment_mixins INFO     mongo_db = TodayCCCLEnvironment, topic = CCCL/PURBACHAL/ENV_01 created 67d29fc839e3e45c9524851e succesfully
2025-03-13 15:05:15,443 pop.CCCL_generator_mixins INFO     mongo_db = CCCLGenerator, topic = CCCL/PURBACHAL/ENM_01 created 67d29fcb39e3e45c9524851f succesfully
2025-03-13 15:05:15,483 pop.CCCL_generator_mixins INFO     mongo_db = TemporaryCCCLGenerator, topic = CCCL/PURBACHAL/ENM_01 created 67d29fcb39e3e45c95248520 succesfully
2025-03-13 15:05:15,506 pop.CCCL_generator_mixins INFO     mongo_db = TodayCCCLGenerator, topic = CCCL/PURBACHAL/ENM_01 created 67d29fcb39e3e45c95248521 succesfully
2025-03-13 15:05:21,776 pop.CPM_RT_mixins INFO     mongo_db = RTModelCPM, topic = MQTT_RT_DATA created 67d29fd139e3e45c95248522 succesfully
2025-03-13 15:05:21,791 pop.CPM_RT_mixins INFO     mongo_db = TemporaryRTModelCPM, topic = MQTT_RT_DATA created 67d29fd139e3e45c95248523 succesfully
2025-03-13 15:05:21,805 pop.CPM_RT_mixins INFO     mongo_db = TodayRTModelCPM, topic = MQTT_RT_DATA created 67d29fd139e3e45c95248524 succesfully
2025-03-13 15:05:42,460 pop.CCCL_environment_mixins INFO     mongo_db = CCCLEnvironment, topic = CCCL/PURBACHAL/ENV_01 created 67d29fe639e3e45c95248525 succesfully
2025-03-13 15:05:42,469 pop.CCCL_environment_mixins INFO     mongo_db = TemporaryCCCLEnvironment, topic = CCCL/PURBACHAL/ENV_01 created 67d29fe639e3e45c95248526 succesfully
2025-03-13 15:05:42,479 pop.CCCL_environment_mixins INFO     mongo_db = TodayCCCLEnvironment, topic = CCCL/PURBACHAL/ENV_01 created 67d29fe639e3e45c95248527 succesfully
2025-03-13 15:05:51,795 pop.CPM_RT_mixins INFO     mongo_db = RTModelCPM, topic = MQTT_RT_DATA created 67d29fef39e3e45c95248528 succesfully
2025-03-13 15:05:51,807 pop.CPM_RT_mixins INFO     mongo_db = TemporaryRTModelCPM, topic = MQTT_RT_DATA created 67d29fef39e3e45c95248529 succesfully
2025-03-13 15:05:51,819 pop.CPM_RT_mixins INFO     mongo_db = TodayRTModelCPM, topic = MQTT_RT_DATA created 67d29fef39e3e45c9524852a succesfully
2025-03-13 15:06:12,777 pop.CCCL_environment_mixins INFO     mongo_db = CCCLEnvironment, topic = CCCL/PURBACHAL/ENV_01 created 67d2a00439e3e45c9524852b succesfully
2025-03-13 15:06:12,792 pop.CCCL_environment_mixins INFO     mongo_db = TemporaryCCCLEnvironment, topic = CCCL/PURBACHAL/ENV_01 created 67d2a00439e3e45c9524852c succesfully
2025-03-13 15:06:12,807 pop.CCCL_environment_mixins INFO     mongo_db = TodayCCCLEnvironment, topic = CCCL/PURBACHAL/ENV_01 created 67d2a00439e3e45c9524852d succesfully
2025-03-13 15:06:15,414 pop.CCCL_generator_mixins INFO     mongo_db = CCCLGenerator, topic = CCCL/PURBACHAL/ENM_01 created 67d2a00739e3e45c9524852e succesfully
2025-03-13 15:06:15,425 pop.CCCL_generator_mixins INFO     mongo_db = TemporaryCCCLGenerator, topic = CCCL/PURBACHAL/ENM_01 created 67d2a00739e3e45c9524852f succesfully
2025-03-13 15:06:15,436 pop.CCCL_generator_mixins INFO     mongo_db = TodayCCCLGenerator, topic = CCCL/PURBACHAL/ENM_01 created 67d2a00739e3e45c95248530 succesfully
2025-03-13 15:06:42,995 pop.CCCL_environment_mixins INFO     mongo_db = CCCLEnvironment, topic = CCCL/PURBACHAL/ENV_01 created 67d2a02239e3e45c95248531 succesfully
2025-03-13 15:06:43,008 pop.CCCL_environment_mixins INFO     mongo_db = TemporaryCCCLEnvironment, topic = CCCL/PURBACHAL/ENV_01 created 67d2a02339e3e45c95248532 succesfully
2025-03-13 15:06:43,022 pop.CCCL_environment_mixins INFO     mongo_db = TodayCCCLEnvironment, topic = CCCL/PURBACHAL/ENV_01 created 67d2a02339e3e45c95248533 succesfully
2025-03-13 15:06:52,154 pop.CPM_RT_mixins INFO     mongo_db = RTModelCPM, topic = MQTT_RT_DATA created 67d2a02c39e3e45c95248534 succesfully
2025-03-13 15:06:52,168 pop.CPM_RT_mixins INFO     mongo_db = TemporaryRTModelCPM, topic = MQTT_RT_DATA created 67d2a02c39e3e45c95248535 succesfully
2025-03-13 15:06:52,181 pop.CPM_RT_mixins INFO     mongo_db = TodayRTModelCPM, topic = MQTT_RT_DATA created 67d2a02c39e3e45c95248536 succesfully
2025-03-13 15:07:13,294 pop.CCCL_environment_mixins INFO     mongo_db = CCCLEnvironment, topic = CCCL/PURBACHAL/ENV_01 created 67d2a04139e3e45c95248537 succesfully
2025-03-13 15:07:13,308 pop.CCCL_environment_mixins INFO     mongo_db = TemporaryCCCLEnvironment, topic = CCCL/PURBACHAL/ENV_01 created 67d2a04139e3e45c95248538 succesfully
2025-03-13 15:07:13,320 pop.CCCL_environment_mixins INFO     mongo_db = TodayCCCLEnvironment, topic = CCCL/PURBACHAL/ENV_01 created 67d2a04139e3e45c95248539 succesfully
2025-03-13 15:07:15,428 pop.CCCL_generator_mixins INFO     mongo_db = CCCLGenerator, topic = CCCL/PURBACHAL/ENM_01 created 67d2a04339e3e45c9524853a succesfully
2025-03-13 15:07:15,441 pop.CCCL_generator_mixins INFO     mongo_db = TemporaryCCCLGenerator, topic = CCCL/PURBACHAL/ENM_01 created 67d2a04339e3e45c9524853b succesfully
2025-03-13 15:07:15,452 pop.CCCL_generator_mixins INFO     mongo_db = TodayCCCLGenerator, topic = CCCL/PURBACHAL/ENM_01 created 67d2a04339e3e45c9524853c succesfully
2025-03-13 15:07:43,614 pop.CCCL_environment_mixins INFO     mongo_db = CCCLEnvironment, topic = CCCL/PURBACHAL/ENV_01 created 67d2a05f39e3e45c9524853d succesfully
2025-03-13 15:07:43,623 pop.CCCL_environment_mixins INFO     mongo_db = TemporaryCCCLEnvironment, topic = CCCL/PURBACHAL/ENV_01 created 67d2a05f39e3e45c9524853e succesfully
2025-03-13 15:07:43,637 pop.CCCL_environment_mixins INFO     mongo_db = TodayCCCLEnvironment, topic = CCCL/PURBACHAL/ENV_01 created 67d2a05f39e3e45c9524853f succesfully
2025-03-13 15:07:51,960 pop.CPM_RT_mixins INFO     mongo_db = RTModelCPM, topic = MQTT_RT_DATA created 67d2a06739e3e45c95248540 succesfully
2025-03-13 15:07:51,974 pop.CPM_RT_mixins INFO     mongo_db = TemporaryRTModelCPM, topic = MQTT_RT_DATA created 67d2a06739e3e45c95248541 succesfully
2025-03-13 15:07:51,989 pop.CPM_RT_mixins INFO     mongo_db = TodayRTModelCPM, topic = MQTT_RT_DATA created 67d2a06739e3e45c95248542 succesfully
2025-03-13 15:08:13,913 pop.CCCL_environment_mixins INFO     mongo_db = CCCLEnvironment, topic = CCCL/PURBACHAL/ENV_01 created 67d2a07d39e3e45c95248543 succesfully
2025-03-13 15:08:13,921 pop.CCCL_environment_mixins INFO     mongo_db = TemporaryCCCLEnvironment, topic = CCCL/PURBACHAL/ENV_01 created 67d2a07d39e3e45c95248544 succesfully
2025-03-13 15:08:13,931 pop.CCCL_environment_mixins INFO     mongo_db = TodayCCCLEnvironment, topic = CCCL/PURBACHAL/ENV_01 created 67d2a07d39e3e45c95248545 succesfully
2025-03-13 15:08:15,431 pop.CCCL_generator_mixins INFO     mongo_db = CCCLGenerator, topic = CCCL/PURBACHAL/ENM_01 created 67d2a07f39e3e45c95248546 succesfully
2025-03-13 15:08:15,443 pop.CCCL_generator_mixins INFO     mongo_db = TemporaryCCCLGenerator, topic = CCCL/PURBACHAL/ENM_01 created 67d2a07f39e3e45c95248547 succesfully
2025-03-13 15:08:15,454 pop.CCCL_generator_mixins INFO     mongo_db = TodayCCCLGenerator, topic = CCCL/PURBACHAL/ENM_01 created 67d2a07f39e3e45c95248548 succesfully
2025-03-13 15:08:21,992 pop.CPM_RT_mixins INFO     mongo_db = RTModelCPM, topic = MQTT_RT_DATA created 67d2a08539e3e45c95248549 succesfully
2025-03-13 15:08:22,009 pop.CPM_RT_mixins INFO     mongo_db = TemporaryRTModelCPM, topic = MQTT_RT_DATA created 67d2a08639e3e45c9524854a succesfully
2025-03-13 15:08:22,036 pop.CPM_RT_mixins INFO     mongo_db = TodayRTModelCPM, topic = MQTT_RT_DATA created 67d2a08639e3e45c9524854b succesfully
2025-03-13 15:08:44,233 pop.CCCL_environment_mixins INFO     mongo_db = CCCLEnvironment, topic = CCCL/PURBACHAL/ENV_01 created 67d2a09c39e3e45c9524854c succesfully
2025-03-13 15:08:44,259 pop.CCCL_environment_mixins INFO     mongo_db = TemporaryCCCLEnvironment, topic = CCCL/PURBACHAL/ENV_01 created 67d2a09c39e3e45c9524854d succesfully
2025-03-13 15:08:44,272 pop.CCCL_environment_mixins INFO     mongo_db = TodayCCCLEnvironment, topic = CCCL/PURBACHAL/ENV_01 created 67d2a09c39e3e45c9524854e succesfully
2025-03-13 15:08:52,105 pop.CPM_RT_mixins INFO     mongo_db = RTModelCPM, topic = MQTT_RT_DATA created 67d2a0a439e3e45c9524854f succesfully
2025-03-13 15:08:52,124 pop.CPM_RT_mixins INFO     mongo_db = TemporaryRTModelCPM, topic = MQTT_RT_DATA created 67d2a0a439e3e45c95248550 succesfully
2025-03-13 15:08:52,141 pop.CPM_RT_mixins INFO     mongo_db = TodayRTModelCPM, topic = MQTT_RT_DATA created 67d2a0a439e3e45c95248551 succesfully
2025-03-13 15:09:14,647 pop.CCCL_environment_mixins INFO     mongo_db = CCCLEnvironment, topic = CCCL/PURBACHAL/ENV_01 created 67d2a0ba39e3e45c95248552 succesfully
2025-03-13 15:09:14,667 pop.CCCL_environment_mixins INFO     mongo_db = TemporaryCCCLEnvironment, topic = CCCL/PURBACHAL/ENV_01 created 67d2a0ba39e3e45c95248553 succesfully
2025-03-13 15:09:14,679 pop.CCCL_environment_mixins INFO     mongo_db = TodayCCCLEnvironment, topic = CCCL/PURBACHAL/ENV_01 created 67d2a0ba39e3e45c95248554 succesfully
2025-03-13 15:09:15,424 pop.CCCL_generator_mixins INFO     mongo_db = CCCLGenerator, topic = CCCL/PURBACHAL/ENM_01 created 67d2a0bb39e3e45c95248555 succesfully
2025-03-13 15:09:15,447 pop.CCCL_generator_mixins INFO     mongo_db = TemporaryCCCLGenerator, topic = CCCL/PURBACHAL/ENM_01 created 67d2a0bb39e3e45c95248556 succesfully
2025-03-13 15:09:15,466 pop.CCCL_generator_mixins INFO     mongo_db = TodayCCCLGenerator, topic = CCCL/PURBACHAL/ENM_01 created 67d2a0bb39e3e45c95248557 succesfully
2025-03-13 15:09:21,741 pop.CPM_RT_mixins INFO     mongo_db = RTModelCPM, topic = MQTT_RT_DATA created 67d2a0c139e3e45c95248558 succesfully
2025-03-13 15:09:21,755 pop.CPM_RT_mixins INFO     mongo_db = TemporaryRTModelCPM, topic = MQTT_RT_DATA created 67d2a0c139e3e45c95248559 succesfully
2025-03-13 15:09:21,767 pop.CPM_RT_mixins INFO     mongo_db = TodayRTModelCPM, topic = MQTT_RT_DATA created 67d2a0c139e3e45c9524855a succesfully
2025-03-13 15:09:44,957 pop.CCCL_environment_mixins INFO     mongo_db = CCCLEnvironment, topic = CCCL/PURBACHAL/ENV_01 created 67d2a0d839e3e45c9524855b succesfully
2025-03-13 15:09:44,982 pop.CCCL_environment_mixins INFO     mongo_db = TemporaryCCCLEnvironment, topic = CCCL/PURBACHAL/ENV_01 created 67d2a0d839e3e45c9524855c succesfully
2025-03-13 15:09:44,993 pop.CCCL_environment_mixins INFO     mongo_db = TodayCCCLEnvironment, topic = CCCL/PURBACHAL/ENV_01 created 67d2a0d839e3e45c9524855d succesfully
2025-03-13 15:09:51,981 pop.CPM_RT_mixins INFO     mongo_db = RTModelCPM, topic = MQTT_RT_DATA created 67d2a0df39e3e45c9524855e succesfully
2025-03-13 15:09:51,994 pop.CPM_RT_mixins INFO     mongo_db = TemporaryRTModelCPM, topic = MQTT_RT_DATA created 67d2a0df39e3e45c9524855f succesfully
2025-03-13 15:09:52,010 pop.CPM_RT_mixins INFO     mongo_db = TodayRTModelCPM, topic = MQTT_RT_DATA created 67d2a0e039e3e45c95248560 succesfully
2025-03-13 15:10:15,387 pop.CCCL_environment_mixins INFO     mongo_db = CCCLEnvironment, topic = CCCL/PURBACHAL/ENV_01 created 67d2a0f739e3e45c95248561 succesfully
2025-03-13 15:10:15,415 pop.CCCL_environment_mixins INFO     mongo_db = TemporaryCCCLEnvironment, topic = CCCL/PURBACHAL/ENV_01 created 67d2a0f739e3e45c95248562 succesfully
2025-03-13 15:10:15,428 pop.CCCL_environment_mixins INFO     mongo_db = TodayCCCLEnvironment, topic = CCCL/PURBACHAL/ENV_01 created 67d2a0f739e3e45c95248563 succesfully
2025-03-13 15:10:15,480 pop.CCCL_generator_mixins INFO     mongo_db = CCCLGenerator, topic = CCCL/PURBACHAL/ENM_01 created 67d2a0f739e3e45c95248564 succesfully
2025-03-13 15:10:15,494 pop.CCCL_generator_mixins INFO     mongo_db = TemporaryCCCLGenerator, topic = CCCL/PURBACHAL/ENM_01 created 67d2a0f739e3e45c95248565 succesfully
2025-03-13 15:10:15,505 pop.CCCL_generator_mixins INFO     mongo_db = TodayCCCLGenerator, topic = CCCL/PURBACHAL/ENM_01 created 67d2a0f739e3e45c95248566 succesfully
2025-03-13 15:10:45,672 pop.CCCL_environment_mixins INFO     mongo_db = CCCLEnvironment, topic = CCCL/PURBACHAL/ENV_01 created 67d2a11539e3e45c95248567 succesfully
2025-03-13 15:10:45,681 pop.CCCL_environment_mixins INFO     mongo_db = TemporaryCCCLEnvironment, topic = CCCL/PURBACHAL/ENV_01 created 67d2a11539e3e45c95248568 succesfully
2025-03-13 15:10:45,693 pop.CCCL_environment_mixins INFO     mongo_db = TodayCCCLEnvironment, topic = CCCL/PURBACHAL/ENV_01 created 67d2a11539e3e45c95248569 succesfully
2025-03-13 15:10:51,838 pop.CPM_RT_mixins INFO     mongo_db = RTModelCPM, topic = MQTT_RT_DATA created 67d2a11b39e3e45c9524856a succesfully
2025-03-13 15:10:51,850 pop.CPM_RT_mixins INFO     mongo_db = TemporaryRTModelCPM, topic = MQTT_RT_DATA created 67d2a11b39e3e45c9524856b succesfully
2025-03-13 15:10:51,861 pop.CPM_RT_mixins INFO     mongo_db = TodayRTModelCPM, topic = MQTT_RT_DATA created 67d2a11b39e3e45c9524856c succesfully
2025-03-13 15:11:15,430 pop.CCCL_generator_mixins INFO     mongo_db = CCCLGenerator, topic = CCCL/PURBACHAL/ENM_01 created 67d2a13339e3e45c9524856d succesfully
2025-03-13 15:11:15,445 pop.CCCL_generator_mixins INFO     mongo_db = TemporaryCCCLGenerator, topic = CCCL/PURBACHAL/ENM_01 created 67d2a13339e3e45c9524856e succesfully
2025-03-13 15:11:15,454 pop.CCCL_generator_mixins INFO     mongo_db = TodayCCCLGenerator, topic = CCCL/PURBACHAL/ENM_01 created 67d2a13339e3e45c9524856f succesfully
2025-03-13 15:11:16,087 pop.CCCL_environment_mixins INFO     mongo_db = CCCLEnvironment, topic = CCCL/PURBACHAL/ENV_01 created 67d2a13439e3e45c95248570 succesfully
2025-03-13 15:11:16,103 pop.CCCL_environment_mixins INFO     mongo_db = TemporaryCCCLEnvironment, topic = CCCL/PURBACHAL/ENV_01 created 67d2a13439e3e45c95248571 succesfully
2025-03-13 15:11:16,118 pop.CCCL_environment_mixins INFO     mongo_db = TodayCCCLEnvironment, topic = CCCL/PURBACHAL/ENV_01 created 67d2a13439e3e45c95248572 succesfully
2025-03-13 15:11:21,700 pop.CPM_RT_mixins INFO     mongo_db = RTModelCPM, topic = MQTT_RT_DATA created 67d2a13939e3e45c95248573 succesfully
2025-03-13 15:11:21,713 pop.CPM_RT_mixins INFO     mongo_db = TemporaryRTModelCPM, topic = MQTT_RT_DATA created 67d2a13939e3e45c95248574 succesfully
2025-03-13 15:11:21,723 pop.CPM_RT_mixins INFO     mongo_db = TodayRTModelCPM, topic = MQTT_RT_DATA created 67d2a13939e3e45c95248575 succesfully
2025-03-13 15:11:51,646 celery.utils.dispatch.signal ERROR    Signal handler <bound method DjangoFixup.on_import_modules of <celery.fixups.django.DjangoFixup object at 0x7f2493dafc70>> raised: ValidationError(['Field "pop.DataItem.id" of model container:"<class \'pop.ups_model.DataItem\'>" cannot be of type "<class \'django.db.models.fields.BigAutoField\'>"'])
Traceback (most recent call last):
  File "/opt/venv/lib/python3.9/site-packages/celery/utils/dispatch/signal.py", line 276, in send
    response = receiver(signal=self, sender=sender, **named)
  File "/opt/venv/lib/python3.9/site-packages/celery/fixups/django.py", line 82, in on_import_modules
    self.worker_fixup.validate_models()
  File "/opt/venv/lib/python3.9/site-packages/celery/fixups/django.py", line 121, in validate_models
    run_checks()
  File "/opt/venv/lib/python3.9/site-packages/django/core/checks/registry.py", line 88, in run_checks
    new_errors = check(app_configs=app_configs, databases=databases)
  File "/opt/venv/lib/python3.9/site-packages/django/core/checks/urls.py", line 14, in check_url_config
    return check_resolver(resolver)
  File "/opt/venv/lib/python3.9/site-packages/django/core/checks/urls.py", line 24, in check_resolver
    return check_method()
  File "/opt/venv/lib/python3.9/site-packages/django/urls/resolvers.py", line 476, in check
    for pattern in self.url_patterns:
  File "/opt/venv/lib/python3.9/site-packages/django/utils/functional.py", line 57, in __get__
    res = instance.__dict__[self.name] = self.func(instance)
  File "/opt/venv/lib/python3.9/site-packages/django/urls/resolvers.py", line 690, in url_patterns
    patterns = getattr(self.urlconf_module, "urlpatterns", self.urlconf_module)
  File "/opt/venv/lib/python3.9/site-packages/django/utils/functional.py", line 57, in __get__
    res = instance.__dict__[self.name] = self.func(instance)
  File "/opt/venv/lib/python3.9/site-packages/django/urls/resolvers.py", line 683, in urlconf_module
    return import_module(self.urlconf_name)
  File "/usr/local/lib/python3.9/importlib/__init__.py", line 127, in import_module
    return _bootstrap._gcd_import(name[level:], package, level)
  File "<frozen importlib._bootstrap>", line 1030, in _gcd_import
  File "<frozen importlib._bootstrap>", line 1007, in _find_and_load
  File "<frozen importlib._bootstrap>", line 986, in _find_and_load_unlocked
  File "<frozen importlib._bootstrap>", line 680, in _load_unlocked
  File "<frozen importlib._bootstrap_external>", line 850, in exec_module
  File "<frozen importlib._bootstrap>", line 228, in _call_with_frames_removed
  File "/opt/app/dcim/urls.py", line 41, in <module>
    path('pop/', include('pop.api.urls', namespace='pops.apis')),
  File "/opt/venv/lib/python3.9/site-packages/django/urls/conf.py", line 38, in include
    urlconf_module = import_module(urlconf_module)
  File "/usr/local/lib/python3.9/importlib/__init__.py", line 127, in import_module
    return _bootstrap._gcd_import(name[level:], package, level)
  File "<frozen importlib._bootstrap>", line 1030, in _gcd_import
  File "<frozen importlib._bootstrap>", line 1007, in _find_and_load
  File "<frozen importlib._bootstrap>", line 986, in _find_and_load_unlocked
  File "<frozen importlib._bootstrap>", line 680, in _load_unlocked
  File "<frozen importlib._bootstrap_external>", line 850, in exec_module
  File "<frozen importlib._bootstrap>", line 228, in _call_with_frames_removed
  File "/opt/app/pop/api/urls.py", line 1, in <module>
    from pop.api.views import (
  File "/opt/app/pop/api/views.py", line 16, in <module>
    from pop.ups_model import UpsModel
  File "/opt/app/pop/ups_model.py", line 8, in <module>
    class UpsModel(models.Model):
  File "/opt/app/pop/ups_model.py", line 11, in UpsModel
    data = models.ArrayField(model_container=DataItem)
  File "/opt/venv/lib/python3.9/site-packages/djongo/models/fields.py", line 273, in __init__
    super().__init__(model_container, *args, **kwargs)
  File "/opt/venv/lib/python3.9/site-packages/djongo/models/fields.py", line 112, in __init__
    self._validate_container()
  File "/opt/venv/lib/python3.9/site-packages/djongo/models/fields.py", line 120, in _validate_container
    raise ValidationError(
django.core.exceptions.ValidationError: ['Field "pop.DataItem.id" of model container:"<class \'pop.ups_model.DataItem\'>" cannot be of type "<class \'django.db.models.fields.BigAutoField\'>"']
2025-03-13 15:11:51,809 celery.utils.dispatch.signal ERROR    Signal handler <bound method DjangoFixup.on_import_modules of <celery.fixups.django.DjangoFixup object at 0x7f7d0b1d8c70>> raised: ValidationError(['Field "pop.DataItem.id" of model container:"<class \'pop.ups_model.DataItem\'>" cannot be of type "<class \'django.db.models.fields.BigAutoField\'>"'])
Traceback (most recent call last):
  File "/opt/venv/lib/python3.9/site-packages/celery/utils/dispatch/signal.py", line 276, in send
    response = receiver(signal=self, sender=sender, **named)
  File "/opt/venv/lib/python3.9/site-packages/celery/fixups/django.py", line 82, in on_import_modules
    self.worker_fixup.validate_models()
  File "/opt/venv/lib/python3.9/site-packages/celery/fixups/django.py", line 121, in validate_models
    run_checks()
  File "/opt/venv/lib/python3.9/site-packages/django/core/checks/registry.py", line 88, in run_checks
    new_errors = check(app_configs=app_configs, databases=databases)
  File "/opt/venv/lib/python3.9/site-packages/django/core/checks/urls.py", line 14, in check_url_config
    return check_resolver(resolver)
  File "/opt/venv/lib/python3.9/site-packages/django/core/checks/urls.py", line 24, in check_resolver
    return check_method()
  File "/opt/venv/lib/python3.9/site-packages/django/urls/resolvers.py", line 476, in check
    for pattern in self.url_patterns:
  File "/opt/venv/lib/python3.9/site-packages/django/utils/functional.py", line 57, in __get__
    res = instance.__dict__[self.name] = self.func(instance)
  File "/opt/venv/lib/python3.9/site-packages/django/urls/resolvers.py", line 690, in url_patterns
    patterns = getattr(self.urlconf_module, "urlpatterns", self.urlconf_module)
  File "/opt/venv/lib/python3.9/site-packages/django/utils/functional.py", line 57, in __get__
    res = instance.__dict__[self.name] = self.func(instance)
  File "/opt/venv/lib/python3.9/site-packages/django/urls/resolvers.py", line 683, in urlconf_module
    return import_module(self.urlconf_name)
  File "/usr/local/lib/python3.9/importlib/__init__.py", line 127, in import_module
    return _bootstrap._gcd_import(name[level:], package, level)
  File "<frozen importlib._bootstrap>", line 1030, in _gcd_import
  File "<frozen importlib._bootstrap>", line 1007, in _find_and_load
  File "<frozen importlib._bootstrap>", line 986, in _find_and_load_unlocked
  File "<frozen importlib._bootstrap>", line 680, in _load_unlocked
  File "<frozen importlib._bootstrap_external>", line 850, in exec_module
  File "<frozen importlib._bootstrap>", line 228, in _call_with_frames_removed
  File "/opt/app/dcim/urls.py", line 41, in <module>
    path('pop/', include('pop.api.urls', namespace='pops.apis')),
  File "/opt/venv/lib/python3.9/site-packages/django/urls/conf.py", line 38, in include
    urlconf_module = import_module(urlconf_module)
  File "/usr/local/lib/python3.9/importlib/__init__.py", line 127, in import_module
    return _bootstrap._gcd_import(name[level:], package, level)
  File "<frozen importlib._bootstrap>", line 1030, in _gcd_import
  File "<frozen importlib._bootstrap>", line 1007, in _find_and_load
  File "<frozen importlib._bootstrap>", line 986, in _find_and_load_unlocked
  File "<frozen importlib._bootstrap>", line 680, in _load_unlocked
  File "<frozen importlib._bootstrap_external>", line 850, in exec_module
  File "<frozen importlib._bootstrap>", line 228, in _call_with_frames_removed
  File "/opt/app/pop/api/urls.py", line 1, in <module>
    from pop.api.views import (
  File "/opt/app/pop/api/views.py", line 16, in <module>
    from pop.ups_model import UpsModel
  File "/opt/app/pop/ups_model.py", line 8, in <module>
    class UpsModel(models.Model):
  File "/opt/app/pop/ups_model.py", line 11, in UpsModel
    data = models.ArrayField(model_container=DataItem)
  File "/opt/venv/lib/python3.9/site-packages/djongo/models/fields.py", line 273, in __init__
    super().__init__(model_container, *args, **kwargs)
  File "/opt/venv/lib/python3.9/site-packages/djongo/models/fields.py", line 112, in __init__
    self._validate_container()
  File "/opt/venv/lib/python3.9/site-packages/djongo/models/fields.py", line 120, in _validate_container
    raise ValidationError(
django.core.exceptions.ValidationError: ['Field "pop.DataItem.id" of model container:"<class \'pop.ups_model.DataItem\'>" cannot be of type "<class \'django.db.models.fields.BigAutoField\'>"']
2025-03-13 15:11:53,476 pop.CPM_RT_mixins INFO     mongo_db = RTModelCPM, topic = MQTT_RT_DATA created 67d2a1595ed7e7558c99ad2c succesfully
2025-03-13 15:11:53,492 pop.CPM_RT_mixins INFO     mongo_db = TemporaryRTModelCPM, topic = MQTT_RT_DATA created 67d2a1595ed7e7558c99ad2d succesfully
2025-03-13 15:11:53,505 pop.CPM_RT_mixins INFO     mongo_db = TodayRTModelCPM, topic = MQTT_RT_DATA created 67d2a1595ed7e7558c99ad2e succesfully
2025-03-13 15:11:54,151 celery.utils.dispatch.signal ERROR    Signal handler <bound method DjangoFixup.on_import_modules of <celery.fixups.django.DjangoFixup object at 0x7faefbc46790>> raised: ValidationError(['Field "pop.DataItem.id" of model container:"<class \'pop.ups_model.DataItem\'>" cannot be of type "<class \'django.db.models.fields.BigAutoField\'>"'])
Traceback (most recent call last):
  File "/opt/venv/lib/python3.9/site-packages/celery/utils/dispatch/signal.py", line 276, in send
    response = receiver(signal=self, sender=sender, **named)
  File "/opt/venv/lib/python3.9/site-packages/celery/fixups/django.py", line 82, in on_import_modules
    self.worker_fixup.validate_models()
  File "/opt/venv/lib/python3.9/site-packages/celery/fixups/django.py", line 121, in validate_models
    run_checks()
  File "/opt/venv/lib/python3.9/site-packages/django/core/checks/registry.py", line 88, in run_checks
    new_errors = check(app_configs=app_configs, databases=databases)
  File "/opt/venv/lib/python3.9/site-packages/django/core/checks/urls.py", line 42, in check_url_namespaces_unique
    all_namespaces = _load_all_namespaces(resolver)
  File "/opt/venv/lib/python3.9/site-packages/django/core/checks/urls.py", line 61, in _load_all_namespaces
    url_patterns = getattr(resolver, "url_patterns", [])
  File "/opt/venv/lib/python3.9/site-packages/django/utils/functional.py", line 57, in __get__
    res = instance.__dict__[self.name] = self.func(instance)
  File "/opt/venv/lib/python3.9/site-packages/django/urls/resolvers.py", line 690, in url_patterns
    patterns = getattr(self.urlconf_module, "urlpatterns", self.urlconf_module)
  File "/opt/venv/lib/python3.9/site-packages/django/utils/functional.py", line 57, in __get__
    res = instance.__dict__[self.name] = self.func(instance)
  File "/opt/venv/lib/python3.9/site-packages/django/urls/resolvers.py", line 683, in urlconf_module
    return import_module(self.urlconf_name)
  File "/usr/local/lib/python3.9/importlib/__init__.py", line 127, in import_module
    return _bootstrap._gcd_import(name[level:], package, level)
  File "<frozen importlib._bootstrap>", line 1030, in _gcd_import
  File "<frozen importlib._bootstrap>", line 1007, in _find_and_load
  File "<frozen importlib._bootstrap>", line 986, in _find_and_load_unlocked
  File "<frozen importlib._bootstrap>", line 680, in _load_unlocked
  File "<frozen importlib._bootstrap_external>", line 850, in exec_module
  File "<frozen importlib._bootstrap>", line 228, in _call_with_frames_removed
  File "/opt/app/dcim/urls.py", line 41, in <module>
    path('pop/', include('pop.api.urls', namespace='pops.apis')),
  File "/opt/venv/lib/python3.9/site-packages/django/urls/conf.py", line 38, in include
    urlconf_module = import_module(urlconf_module)
  File "/usr/local/lib/python3.9/importlib/__init__.py", line 127, in import_module
    return _bootstrap._gcd_import(name[level:], package, level)
  File "<frozen importlib._bootstrap>", line 1030, in _gcd_import
  File "<frozen importlib._bootstrap>", line 1007, in _find_and_load
  File "<frozen importlib._bootstrap>", line 986, in _find_and_load_unlocked
  File "<frozen importlib._bootstrap>", line 680, in _load_unlocked
  File "<frozen importlib._bootstrap_external>", line 850, in exec_module
  File "<frozen importlib._bootstrap>", line 228, in _call_with_frames_removed
  File "/opt/app/pop/api/urls.py", line 1, in <module>
    from pop.api.views import (
  File "/opt/app/pop/api/views.py", line 16, in <module>
    from pop.ups_model import UpsModel
  File "/opt/app/pop/ups_model.py", line 8, in <module>
    class UpsModel(models.Model):
  File "/opt/app/pop/ups_model.py", line 11, in UpsModel
    data = models.ArrayField(model_container=DataItem)
  File "/opt/venv/lib/python3.9/site-packages/djongo/models/fields.py", line 273, in __init__
    super().__init__(model_container, *args, **kwargs)
  File "/opt/venv/lib/python3.9/site-packages/djongo/models/fields.py", line 112, in __init__
    self._validate_container()
  File "/opt/venv/lib/python3.9/site-packages/djongo/models/fields.py", line 120, in _validate_container
    raise ValidationError(
django.core.exceptions.ValidationError: ['Field "pop.DataItem.id" of model container:"<class \'pop.ups_model.DataItem\'>" cannot be of type "<class \'django.db.models.fields.BigAutoField\'>"']
2025-03-13 15:11:54,270 celery.utils.dispatch.signal ERROR    Signal handler <bound method DjangoFixup.on_import_modules of <celery.fixups.django.DjangoFixup object at 0x7f6a789e3790>> raised: ValidationError(['Field "pop.DataItem.id" of model container:"<class \'pop.ups_model.DataItem\'>" cannot be of type "<class \'django.db.models.fields.BigAutoField\'>"'])
Traceback (most recent call last):
  File "/opt/venv/lib/python3.9/site-packages/celery/utils/dispatch/signal.py", line 276, in send
    response = receiver(signal=self, sender=sender, **named)
  File "/opt/venv/lib/python3.9/site-packages/celery/fixups/django.py", line 82, in on_import_modules
    self.worker_fixup.validate_models()
  File "/opt/venv/lib/python3.9/site-packages/celery/fixups/django.py", line 121, in validate_models
    run_checks()
  File "/opt/venv/lib/python3.9/site-packages/django/core/checks/registry.py", line 88, in run_checks
    new_errors = check(app_configs=app_configs, databases=databases)
  File "/opt/venv/lib/python3.9/site-packages/django/core/checks/urls.py", line 14, in check_url_config
    return check_resolver(resolver)
  File "/opt/venv/lib/python3.9/site-packages/django/core/checks/urls.py", line 24, in check_resolver
    return check_method()
  File "/opt/venv/lib/python3.9/site-packages/django/urls/resolvers.py", line 476, in check
    for pattern in self.url_patterns:
  File "/opt/venv/lib/python3.9/site-packages/django/utils/functional.py", line 57, in __get__
    res = instance.__dict__[self.name] = self.func(instance)
  File "/opt/venv/lib/python3.9/site-packages/django/urls/resolvers.py", line 690, in url_patterns
    patterns = getattr(self.urlconf_module, "urlpatterns", self.urlconf_module)
  File "/opt/venv/lib/python3.9/site-packages/django/utils/functional.py", line 57, in __get__
    res = instance.__dict__[self.name] = self.func(instance)
  File "/opt/venv/lib/python3.9/site-packages/django/urls/resolvers.py", line 683, in urlconf_module
    return import_module(self.urlconf_name)
  File "/usr/local/lib/python3.9/importlib/__init__.py", line 127, in import_module
    return _bootstrap._gcd_import(name[level:], package, level)
  File "<frozen importlib._bootstrap>", line 1030, in _gcd_import
  File "<frozen importlib._bootstrap>", line 1007, in _find_and_load
  File "<frozen importlib._bootstrap>", line 986, in _find_and_load_unlocked
  File "<frozen importlib._bootstrap>", line 680, in _load_unlocked
  File "<frozen importlib._bootstrap_external>", line 850, in exec_module
  File "<frozen importlib._bootstrap>", line 228, in _call_with_frames_removed
  File "/opt/app/dcim/urls.py", line 41, in <module>
    path('pop/', include('pop.api.urls', namespace='pops.apis')),
  File "/opt/venv/lib/python3.9/site-packages/django/urls/conf.py", line 38, in include
    urlconf_module = import_module(urlconf_module)
  File "/usr/local/lib/python3.9/importlib/__init__.py", line 127, in import_module
    return _bootstrap._gcd_import(name[level:], package, level)
  File "<frozen importlib._bootstrap>", line 1030, in _gcd_import
  File "<frozen importlib._bootstrap>", line 1007, in _find_and_load
  File "<frozen importlib._bootstrap>", line 986, in _find_and_load_unlocked
  File "<frozen importlib._bootstrap>", line 680, in _load_unlocked
  File "<frozen importlib._bootstrap_external>", line 850, in exec_module
  File "<frozen importlib._bootstrap>", line 228, in _call_with_frames_removed
  File "/opt/app/pop/api/urls.py", line 1, in <module>
    from pop.api.views import (
  File "/opt/app/pop/api/views.py", line 16, in <module>
    from pop.ups_model import UpsModel
  File "/opt/app/pop/ups_model.py", line 8, in <module>
    class UpsModel(models.Model):
  File "/opt/app/pop/ups_model.py", line 11, in UpsModel
    data = models.ArrayField(model_container=DataItem)
  File "/opt/venv/lib/python3.9/site-packages/djongo/models/fields.py", line 273, in __init__
    super().__init__(model_container, *args, **kwargs)
  File "/opt/venv/lib/python3.9/site-packages/djongo/models/fields.py", line 112, in __init__
    self._validate_container()
  File "/opt/venv/lib/python3.9/site-packages/djongo/models/fields.py", line 120, in _validate_container
    raise ValidationError(
django.core.exceptions.ValidationError: ['Field "pop.DataItem.id" of model container:"<class \'pop.ups_model.DataItem\'>" cannot be of type "<class \'django.db.models.fields.BigAutoField\'>"']
2025-03-13 15:11:56,155 celery.utils.dispatch.signal ERROR    Signal handler <bound method DjangoFixup.on_import_modules of <celery.fixups.django.DjangoFixup object at 0x7f95c98e4790>> raised: ValidationError(['Field "pop.DataItem.id" of model container:"<class \'pop.ups_model.DataItem\'>" cannot be of type "<class \'django.db.models.fields.BigAutoField\'>"'])
Traceback (most recent call last):
  File "/opt/venv/lib/python3.9/site-packages/celery/utils/dispatch/signal.py", line 276, in send
    response = receiver(signal=self, sender=sender, **named)
  File "/opt/venv/lib/python3.9/site-packages/celery/fixups/django.py", line 82, in on_import_modules
    self.worker_fixup.validate_models()
  File "/opt/venv/lib/python3.9/site-packages/celery/fixups/django.py", line 121, in validate_models
    run_checks()
  File "/opt/venv/lib/python3.9/site-packages/django/core/checks/registry.py", line 88, in run_checks
    new_errors = check(app_configs=app_configs, databases=databases)
  File "/opt/venv/lib/python3.9/site-packages/django/core/checks/urls.py", line 42, in check_url_namespaces_unique
    all_namespaces = _load_all_namespaces(resolver)
  File "/opt/venv/lib/python3.9/site-packages/django/core/checks/urls.py", line 61, in _load_all_namespaces
    url_patterns = getattr(resolver, "url_patterns", [])
  File "/opt/venv/lib/python3.9/site-packages/django/utils/functional.py", line 57, in __get__
    res = instance.__dict__[self.name] = self.func(instance)
  File "/opt/venv/lib/python3.9/site-packages/django/urls/resolvers.py", line 690, in url_patterns
    patterns = getattr(self.urlconf_module, "urlpatterns", self.urlconf_module)
  File "/opt/venv/lib/python3.9/site-packages/django/utils/functional.py", line 57, in __get__
    res = instance.__dict__[self.name] = self.func(instance)
  File "/opt/venv/lib/python3.9/site-packages/django/urls/resolvers.py", line 683, in urlconf_module
    return import_module(self.urlconf_name)
  File "/usr/local/lib/python3.9/importlib/__init__.py", line 127, in import_module
    return _bootstrap._gcd_import(name[level:], package, level)
  File "<frozen importlib._bootstrap>", line 1030, in _gcd_import
  File "<frozen importlib._bootstrap>", line 1007, in _find_and_load
  File "<frozen importlib._bootstrap>", line 986, in _find_and_load_unlocked
  File "<frozen importlib._bootstrap>", line 680, in _load_unlocked
  File "<frozen importlib._bootstrap_external>", line 850, in exec_module
  File "<frozen importlib._bootstrap>", line 228, in _call_with_frames_removed
  File "/opt/app/dcim/urls.py", line 41, in <module>
    path('pop/', include('pop.api.urls', namespace='pops.apis')),
  File "/opt/venv/lib/python3.9/site-packages/django/urls/conf.py", line 38, in include
    urlconf_module = import_module(urlconf_module)
  File "/usr/local/lib/python3.9/importlib/__init__.py", line 127, in import_module
    return _bootstrap._gcd_import(name[level:], package, level)
  File "<frozen importlib._bootstrap>", line 1030, in _gcd_import
  File "<frozen importlib._bootstrap>", line 1007, in _find_and_load
  File "<frozen importlib._bootstrap>", line 986, in _find_and_load_unlocked
  File "<frozen importlib._bootstrap>", line 680, in _load_unlocked
  File "<frozen importlib._bootstrap_external>", line 850, in exec_module
  File "<frozen importlib._bootstrap>", line 228, in _call_with_frames_removed
  File "/opt/app/pop/api/urls.py", line 1, in <module>
    from pop.api.views import (
  File "/opt/app/pop/api/views.py", line 16, in <module>
    from pop.ups_model import UpsModel
  File "/opt/app/pop/ups_model.py", line 8, in <module>
    class UpsModel(models.Model):
  File "/opt/app/pop/ups_model.py", line 11, in UpsModel
    data = models.ArrayField(model_container=DataItem)
  File "/opt/venv/lib/python3.9/site-packages/djongo/models/fields.py", line 273, in __init__
    super().__init__(model_container, *args, **kwargs)
  File "/opt/venv/lib/python3.9/site-packages/djongo/models/fields.py", line 112, in __init__
    self._validate_container()
  File "/opt/venv/lib/python3.9/site-packages/djongo/models/fields.py", line 120, in _validate_container
    raise ValidationError(
django.core.exceptions.ValidationError: ['Field "pop.DataItem.id" of model container:"<class \'pop.ups_model.DataItem\'>" cannot be of type "<class \'django.db.models.fields.BigAutoField\'>"']
2025-03-13 15:11:56,414 celery.utils.dispatch.signal ERROR    Signal handler <bound method DjangoFixup.on_import_modules of <celery.fixups.django.DjangoFixup object at 0x7f7e3e6cb790>> raised: ValidationError(['Field "pop.DataItem.id" of model container:"<class \'pop.ups_model.DataItem\'>" cannot be of type "<class \'django.db.models.fields.BigAutoField\'>"'])
Traceback (most recent call last):
  File "/opt/venv/lib/python3.9/site-packages/celery/utils/dispatch/signal.py", line 276, in send
    response = receiver(signal=self, sender=sender, **named)
  File "/opt/venv/lib/python3.9/site-packages/celery/fixups/django.py", line 82, in on_import_modules
    self.worker_fixup.validate_models()
  File "/opt/venv/lib/python3.9/site-packages/celery/fixups/django.py", line 121, in validate_models
    run_checks()
  File "/opt/venv/lib/python3.9/site-packages/django/core/checks/registry.py", line 88, in run_checks
    new_errors = check(app_configs=app_configs, databases=databases)
  File "/opt/venv/lib/python3.9/site-packages/django/core/checks/urls.py", line 14, in check_url_config
    return check_resolver(resolver)
  File "/opt/venv/lib/python3.9/site-packages/django/core/checks/urls.py", line 24, in check_resolver
    return check_method()
  File "/opt/venv/lib/python3.9/site-packages/django/urls/resolvers.py", line 476, in check
    for pattern in self.url_patterns:
  File "/opt/venv/lib/python3.9/site-packages/django/utils/functional.py", line 57, in __get__
    res = instance.__dict__[self.name] = self.func(instance)
  File "/opt/venv/lib/python3.9/site-packages/django/urls/resolvers.py", line 690, in url_patterns
    patterns = getattr(self.urlconf_module, "urlpatterns", self.urlconf_module)
  File "/opt/venv/lib/python3.9/site-packages/django/utils/functional.py", line 57, in __get__
    res = instance.__dict__[self.name] = self.func(instance)
  File "/opt/venv/lib/python3.9/site-packages/django/urls/resolvers.py", line 683, in urlconf_module
    return import_module(self.urlconf_name)
  File "/usr/local/lib/python3.9/importlib/__init__.py", line 127, in import_module
    return _bootstrap._gcd_import(name[level:], package, level)
  File "<frozen importlib._bootstrap>", line 1030, in _gcd_import
  File "<frozen importlib._bootstrap>", line 1007, in _find_and_load
  File "<frozen importlib._bootstrap>", line 986, in _find_and_load_unlocked
  File "<frozen importlib._bootstrap>", line 680, in _load_unlocked
  File "<frozen importlib._bootstrap_external>", line 850, in exec_module
  File "<frozen importlib._bootstrap>", line 228, in _call_with_frames_removed
  File "/opt/app/dcim/urls.py", line 41, in <module>
    path('pop/', include('pop.api.urls', namespace='pops.apis')),
  File "/opt/venv/lib/python3.9/site-packages/django/urls/conf.py", line 38, in include
    urlconf_module = import_module(urlconf_module)
  File "/usr/local/lib/python3.9/importlib/__init__.py", line 127, in import_module
    return _bootstrap._gcd_import(name[level:], package, level)
  File "<frozen importlib._bootstrap>", line 1030, in _gcd_import
  File "<frozen importlib._bootstrap>", line 1007, in _find_and_load
  File "<frozen importlib._bootstrap>", line 986, in _find_and_load_unlocked
  File "<frozen importlib._bootstrap>", line 680, in _load_unlocked
  File "<frozen importlib._bootstrap_external>", line 850, in exec_module
  File "<frozen importlib._bootstrap>", line 228, in _call_with_frames_removed
  File "/opt/app/pop/api/urls.py", line 1, in <module>
    from pop.api.views import (
  File "/opt/app/pop/api/views.py", line 16, in <module>
    from pop.ups_model import UpsModel
  File "/opt/app/pop/ups_model.py", line 8, in <module>
    class UpsModel(models.Model):
  File "/opt/app/pop/ups_model.py", line 11, in UpsModel
    data = models.ArrayField(model_container=DataItem)
  File "/opt/venv/lib/python3.9/site-packages/djongo/models/fields.py", line 273, in __init__
    super().__init__(model_container, *args, **kwargs)
  File "/opt/venv/lib/python3.9/site-packages/djongo/models/fields.py", line 112, in __init__
    self._validate_container()
  File "/opt/venv/lib/python3.9/site-packages/djongo/models/fields.py", line 120, in _validate_container
    raise ValidationError(
django.core.exceptions.ValidationError: ['Field "pop.DataItem.id" of model container:"<class \'pop.ups_model.DataItem\'>" cannot be of type "<class \'django.db.models.fields.BigAutoField\'>"']
2025-03-13 15:11:58,493 celery.utils.dispatch.signal ERROR    Signal handler <bound method DjangoFixup.on_import_modules of <celery.fixups.django.DjangoFixup object at 0x7fdbff598790>> raised: ValidationError(['Field "pop.DataItem.id" of model container:"<class \'pop.ups_model.DataItem\'>" cannot be of type "<class \'django.db.models.fields.BigAutoField\'>"'])
Traceback (most recent call last):
  File "/opt/venv/lib/python3.9/site-packages/celery/utils/dispatch/signal.py", line 276, in send
    response = receiver(signal=self, sender=sender, **named)
  File "/opt/venv/lib/python3.9/site-packages/celery/fixups/django.py", line 82, in on_import_modules
    self.worker_fixup.validate_models()
  File "/opt/venv/lib/python3.9/site-packages/celery/fixups/django.py", line 121, in validate_models
    run_checks()
  File "/opt/venv/lib/python3.9/site-packages/django/core/checks/registry.py", line 88, in run_checks
    new_errors = check(app_configs=app_configs, databases=databases)
  File "/opt/venv/lib/python3.9/site-packages/django/core/checks/urls.py", line 42, in check_url_namespaces_unique
    all_namespaces = _load_all_namespaces(resolver)
  File "/opt/venv/lib/python3.9/site-packages/django/core/checks/urls.py", line 61, in _load_all_namespaces
    url_patterns = getattr(resolver, "url_patterns", [])
  File "/opt/venv/lib/python3.9/site-packages/django/utils/functional.py", line 57, in __get__
    res = instance.__dict__[self.name] = self.func(instance)
  File "/opt/venv/lib/python3.9/site-packages/django/urls/resolvers.py", line 690, in url_patterns
    patterns = getattr(self.urlconf_module, "urlpatterns", self.urlconf_module)
  File "/opt/venv/lib/python3.9/site-packages/django/utils/functional.py", line 57, in __get__
    res = instance.__dict__[self.name] = self.func(instance)
  File "/opt/venv/lib/python3.9/site-packages/django/urls/resolvers.py", line 683, in urlconf_module
    return import_module(self.urlconf_name)
  File "/usr/local/lib/python3.9/importlib/__init__.py", line 127, in import_module
    return _bootstrap._gcd_import(name[level:], package, level)
  File "<frozen importlib._bootstrap>", line 1030, in _gcd_import
  File "<frozen importlib._bootstrap>", line 1007, in _find_and_load
  File "<frozen importlib._bootstrap>", line 986, in _find_and_load_unlocked
  File "<frozen importlib._bootstrap>", line 680, in _load_unlocked
  File "<frozen importlib._bootstrap_external>", line 850, in exec_module
  File "<frozen importlib._bootstrap>", line 228, in _call_with_frames_removed
  File "/opt/app/dcim/urls.py", line 41, in <module>
    path('pop/', include('pop.api.urls', namespace='pops.apis')),
  File "/opt/venv/lib/python3.9/site-packages/django/urls/conf.py", line 38, in include
    urlconf_module = import_module(urlconf_module)
  File "/usr/local/lib/python3.9/importlib/__init__.py", line 127, in import_module
    return _bootstrap._gcd_import(name[level:], package, level)
  File "<frozen importlib._bootstrap>", line 1030, in _gcd_import
  File "<frozen importlib._bootstrap>", line 1007, in _find_and_load
  File "<frozen importlib._bootstrap>", line 986, in _find_and_load_unlocked
  File "<frozen importlib._bootstrap>", line 680, in _load_unlocked
  File "<frozen importlib._bootstrap_external>", line 850, in exec_module
  File "<frozen importlib._bootstrap>", line 228, in _call_with_frames_removed
  File "/opt/app/pop/api/urls.py", line 1, in <module>
    from pop.api.views import (
  File "/opt/app/pop/api/views.py", line 16, in <module>
    from pop.ups_model import UpsModel
  File "/opt/app/pop/ups_model.py", line 8, in <module>
    class UpsModel(models.Model):
  File "/opt/app/pop/ups_model.py", line 11, in UpsModel
    data = models.ArrayField(model_container=DataItem)
  File "/opt/venv/lib/python3.9/site-packages/djongo/models/fields.py", line 273, in __init__
    super().__init__(model_container, *args, **kwargs)
  File "/opt/venv/lib/python3.9/site-packages/djongo/models/fields.py", line 112, in __init__
    self._validate_container()
  File "/opt/venv/lib/python3.9/site-packages/djongo/models/fields.py", line 120, in _validate_container
    raise ValidationError(
django.core.exceptions.ValidationError: ['Field "pop.DataItem.id" of model container:"<class \'pop.ups_model.DataItem\'>" cannot be of type "<class \'django.db.models.fields.BigAutoField\'>"']
2025-03-13 15:11:58,954 celery.utils.dispatch.signal ERROR    Signal handler <bound method DjangoFixup.on_import_modules of <celery.fixups.django.DjangoFixup object at 0x7f8f261dc790>> raised: ValidationError(['Field "pop.DataItem.id" of model container:"<class \'pop.ups_model.DataItem\'>" cannot be of type "<class \'django.db.models.fields.BigAutoField\'>"'])
Traceback (most recent call last):
  File "/opt/venv/lib/python3.9/site-packages/celery/utils/dispatch/signal.py", line 276, in send
    response = receiver(signal=self, sender=sender, **named)
  File "/opt/venv/lib/python3.9/site-packages/celery/fixups/django.py", line 82, in on_import_modules
    self.worker_fixup.validate_models()
  File "/opt/venv/lib/python3.9/site-packages/celery/fixups/django.py", line 121, in validate_models
    run_checks()
  File "/opt/venv/lib/python3.9/site-packages/django/core/checks/registry.py", line 88, in run_checks
    new_errors = check(app_configs=app_configs, databases=databases)
  File "/opt/venv/lib/python3.9/site-packages/django/core/checks/urls.py", line 14, in check_url_config
    return check_resolver(resolver)
  File "/opt/venv/lib/python3.9/site-packages/django/core/checks/urls.py", line 24, in check_resolver
    return check_method()
  File "/opt/venv/lib/python3.9/site-packages/django/urls/resolvers.py", line 476, in check
    for pattern in self.url_patterns:
  File "/opt/venv/lib/python3.9/site-packages/django/utils/functional.py", line 57, in __get__
    res = instance.__dict__[self.name] = self.func(instance)
  File "/opt/venv/lib/python3.9/site-packages/django/urls/resolvers.py", line 690, in url_patterns
    patterns = getattr(self.urlconf_module, "urlpatterns", self.urlconf_module)
  File "/opt/venv/lib/python3.9/site-packages/django/utils/functional.py", line 57, in __get__
    res = instance.__dict__[self.name] = self.func(instance)
  File "/opt/venv/lib/python3.9/site-packages/django/urls/resolvers.py", line 683, in urlconf_module
    return import_module(self.urlconf_name)
  File "/usr/local/lib/python3.9/importlib/__init__.py", line 127, in import_module
    return _bootstrap._gcd_import(name[level:], package, level)
  File "<frozen importlib._bootstrap>", line 1030, in _gcd_import
  File "<frozen importlib._bootstrap>", line 1007, in _find_and_load
  File "<frozen importlib._bootstrap>", line 986, in _find_and_load_unlocked
  File "<frozen importlib._bootstrap>", line 680, in _load_unlocked
  File "<frozen importlib._bootstrap_external>", line 850, in exec_module
  File "<frozen importlib._bootstrap>", line 228, in _call_with_frames_removed
  File "/opt/app/dcim/urls.py", line 41, in <module>
    path('pop/', include('pop.api.urls', namespace='pops.apis')),
  File "/opt/venv/lib/python3.9/site-packages/django/urls/conf.py", line 38, in include
    urlconf_module = import_module(urlconf_module)
  File "/usr/local/lib/python3.9/importlib/__init__.py", line 127, in import_module
    return _bootstrap._gcd_import(name[level:], package, level)
  File "<frozen importlib._bootstrap>", line 1030, in _gcd_import
  File "<frozen importlib._bootstrap>", line 1007, in _find_and_load
  File "<frozen importlib._bootstrap>", line 986, in _find_and_load_unlocked
  File "<frozen importlib._bootstrap>", line 680, in _load_unlocked
  File "<frozen importlib._bootstrap_external>", line 850, in exec_module
  File "<frozen importlib._bootstrap>", line 228, in _call_with_frames_removed
  File "/opt/app/pop/api/urls.py", line 1, in <module>
    from pop.api.views import (
  File "/opt/app/pop/api/views.py", line 16, in <module>
    from pop.ups_model import UpsModel
  File "/opt/app/pop/ups_model.py", line 8, in <module>
    class UpsModel(models.Model):
  File "/opt/app/pop/ups_model.py", line 11, in UpsModel
    data = models.ArrayField(model_container=DataItem)
  File "/opt/venv/lib/python3.9/site-packages/djongo/models/fields.py", line 273, in __init__
    super().__init__(model_container, *args, **kwargs)
  File "/opt/venv/lib/python3.9/site-packages/djongo/models/fields.py", line 112, in __init__
    self._validate_container()
  File "/opt/venv/lib/python3.9/site-packages/djongo/models/fields.py", line 120, in _validate_container
    raise ValidationError(
django.core.exceptions.ValidationError: ['Field "pop.DataItem.id" of model container:"<class \'pop.ups_model.DataItem\'>" cannot be of type "<class \'django.db.models.fields.BigAutoField\'>"']
2025-03-13 15:12:01,862 celery.utils.dispatch.signal ERROR    Signal handler <bound method DjangoFixup.on_import_modules of <celery.fixups.django.DjangoFixup object at 0x7fcd3c1a8790>> raised: ValidationError(['Field "pop.DataItem.id" of model container:"<class \'pop.ups_model.DataItem\'>" cannot be of type "<class \'django.db.models.fields.BigAutoField\'>"'])
Traceback (most recent call last):
  File "/opt/venv/lib/python3.9/site-packages/celery/utils/dispatch/signal.py", line 276, in send
    response = receiver(signal=self, sender=sender, **named)
  File "/opt/venv/lib/python3.9/site-packages/celery/fixups/django.py", line 82, in on_import_modules
    self.worker_fixup.validate_models()
  File "/opt/venv/lib/python3.9/site-packages/celery/fixups/django.py", line 121, in validate_models
    run_checks()
  File "/opt/venv/lib/python3.9/site-packages/django/core/checks/registry.py", line 88, in run_checks
    new_errors = check(app_configs=app_configs, databases=databases)
  File "/opt/venv/lib/python3.9/site-packages/django/core/checks/urls.py", line 42, in check_url_namespaces_unique
    all_namespaces = _load_all_namespaces(resolver)
  File "/opt/venv/lib/python3.9/site-packages/django/core/checks/urls.py", line 61, in _load_all_namespaces
    url_patterns = getattr(resolver, "url_patterns", [])
  File "/opt/venv/lib/python3.9/site-packages/django/utils/functional.py", line 57, in __get__
    res = instance.__dict__[self.name] = self.func(instance)
  File "/opt/venv/lib/python3.9/site-packages/django/urls/resolvers.py", line 690, in url_patterns
    patterns = getattr(self.urlconf_module, "urlpatterns", self.urlconf_module)
  File "/opt/venv/lib/python3.9/site-packages/django/utils/functional.py", line 57, in __get__
    res = instance.__dict__[self.name] = self.func(instance)
  File "/opt/venv/lib/python3.9/site-packages/django/urls/resolvers.py", line 683, in urlconf_module
    return import_module(self.urlconf_name)
  File "/usr/local/lib/python3.9/importlib/__init__.py", line 127, in import_module
    return _bootstrap._gcd_import(name[level:], package, level)
  File "<frozen importlib._bootstrap>", line 1030, in _gcd_import
  File "<frozen importlib._bootstrap>", line 1007, in _find_and_load
  File "<frozen importlib._bootstrap>", line 986, in _find_and_load_unlocked
  File "<frozen importlib._bootstrap>", line 680, in _load_unlocked
  File "<frozen importlib._bootstrap_external>", line 850, in exec_module
  File "<frozen importlib._bootstrap>", line 228, in _call_with_frames_removed
  File "/opt/app/dcim/urls.py", line 41, in <module>
    path('pop/', include('pop.api.urls', namespace='pops.apis')),
  File "/opt/venv/lib/python3.9/site-packages/django/urls/conf.py", line 38, in include
    urlconf_module = import_module(urlconf_module)
  File "/usr/local/lib/python3.9/importlib/__init__.py", line 127, in import_module
    return _bootstrap._gcd_import(name[level:], package, level)
  File "<frozen importlib._bootstrap>", line 1030, in _gcd_import
  File "<frozen importlib._bootstrap>", line 1007, in _find_and_load
  File "<frozen importlib._bootstrap>", line 986, in _find_and_load_unlocked
  File "<frozen importlib._bootstrap>", line 680, in _load_unlocked
  File "<frozen importlib._bootstrap_external>", line 850, in exec_module
  File "<frozen importlib._bootstrap>", line 228, in _call_with_frames_removed
  File "/opt/app/pop/api/urls.py", line 1, in <module>
    from pop.api.views import (
  File "/opt/app/pop/api/views.py", line 16, in <module>
    from pop.ups_model import UpsModel
  File "/opt/app/pop/ups_model.py", line 8, in <module>
    class UpsModel(models.Model):
  File "/opt/app/pop/ups_model.py", line 11, in UpsModel
    data = models.ArrayField(model_container=DataItem)
  File "/opt/venv/lib/python3.9/site-packages/djongo/models/fields.py", line 273, in __init__
    super().__init__(model_container, *args, **kwargs)
  File "/opt/venv/lib/python3.9/site-packages/djongo/models/fields.py", line 112, in __init__
    self._validate_container()
  File "/opt/venv/lib/python3.9/site-packages/djongo/models/fields.py", line 120, in _validate_container
    raise ValidationError(
django.core.exceptions.ValidationError: ['Field "pop.DataItem.id" of model container:"<class \'pop.ups_model.DataItem\'>" cannot be of type "<class \'django.db.models.fields.BigAutoField\'>"']
2025-03-13 15:12:02,138 celery.utils.dispatch.signal ERROR    Signal handler <bound method DjangoFixup.on_import_modules of <celery.fixups.django.DjangoFixup object at 0x7f548a612790>> raised: ValidationError(['Field "pop.DataItem.id" of model container:"<class \'pop.ups_model.DataItem\'>" cannot be of type "<class \'django.db.models.fields.BigAutoField\'>"'])
Traceback (most recent call last):
  File "/opt/venv/lib/python3.9/site-packages/celery/utils/dispatch/signal.py", line 276, in send
    response = receiver(signal=self, sender=sender, **named)
  File "/opt/venv/lib/python3.9/site-packages/celery/fixups/django.py", line 82, in on_import_modules
    self.worker_fixup.validate_models()
  File "/opt/venv/lib/python3.9/site-packages/celery/fixups/django.py", line 121, in validate_models
    run_checks()
  File "/opt/venv/lib/python3.9/site-packages/django/core/checks/registry.py", line 88, in run_checks
    new_errors = check(app_configs=app_configs, databases=databases)
  File "/opt/venv/lib/python3.9/site-packages/django/core/checks/urls.py", line 14, in check_url_config
    return check_resolver(resolver)
  File "/opt/venv/lib/python3.9/site-packages/django/core/checks/urls.py", line 24, in check_resolver
    return check_method()
  File "/opt/venv/lib/python3.9/site-packages/django/urls/resolvers.py", line 476, in check
    for pattern in self.url_patterns:
  File "/opt/venv/lib/python3.9/site-packages/django/utils/functional.py", line 57, in __get__
    res = instance.__dict__[self.name] = self.func(instance)
  File "/opt/venv/lib/python3.9/site-packages/django/urls/resolvers.py", line 690, in url_patterns
    patterns = getattr(self.urlconf_module, "urlpatterns", self.urlconf_module)
  File "/opt/venv/lib/python3.9/site-packages/django/utils/functional.py", line 57, in __get__
    res = instance.__dict__[self.name] = self.func(instance)
  File "/opt/venv/lib/python3.9/site-packages/django/urls/resolvers.py", line 683, in urlconf_module
    return import_module(self.urlconf_name)
  File "/usr/local/lib/python3.9/importlib/__init__.py", line 127, in import_module
    return _bootstrap._gcd_import(name[level:], package, level)
  File "<frozen importlib._bootstrap>", line 1030, in _gcd_import
  File "<frozen importlib._bootstrap>", line 1007, in _find_and_load
  File "<frozen importlib._bootstrap>", line 986, in _find_and_load_unlocked
  File "<frozen importlib._bootstrap>", line 680, in _load_unlocked
  File "<frozen importlib._bootstrap_external>", line 850, in exec_module
  File "<frozen importlib._bootstrap>", line 228, in _call_with_frames_removed
  File "/opt/app/dcim/urls.py", line 41, in <module>
    path('pop/', include('pop.api.urls', namespace='pops.apis')),
  File "/opt/venv/lib/python3.9/site-packages/django/urls/conf.py", line 38, in include
    urlconf_module = import_module(urlconf_module)
  File "/usr/local/lib/python3.9/importlib/__init__.py", line 127, in import_module
    return _bootstrap._gcd_import(name[level:], package, level)
  File "<frozen importlib._bootstrap>", line 1030, in _gcd_import
  File "<frozen importlib._bootstrap>", line 1007, in _find_and_load
  File "<frozen importlib._bootstrap>", line 986, in _find_and_load_unlocked
  File "<frozen importlib._bootstrap>", line 680, in _load_unlocked
  File "<frozen importlib._bootstrap_external>", line 850, in exec_module
  File "<frozen importlib._bootstrap>", line 228, in _call_with_frames_removed
  File "/opt/app/pop/api/urls.py", line 1, in <module>
    from pop.api.views import (
  File "/opt/app/pop/api/views.py", line 16, in <module>
    from pop.ups_model import UpsModel
  File "/opt/app/pop/ups_model.py", line 8, in <module>
    class UpsModel(models.Model):
  File "/opt/app/pop/ups_model.py", line 11, in UpsModel
    data = models.ArrayField(model_container=DataItem)
  File "/opt/venv/lib/python3.9/site-packages/djongo/models/fields.py", line 273, in __init__
    super().__init__(model_container, *args, **kwargs)
  File "/opt/venv/lib/python3.9/site-packages/djongo/models/fields.py", line 112, in __init__
    self._validate_container()
  File "/opt/venv/lib/python3.9/site-packages/djongo/models/fields.py", line 120, in _validate_container
    raise ValidationError(
django.core.exceptions.ValidationError: ['Field "pop.DataItem.id" of model container:"<class \'pop.ups_model.DataItem\'>" cannot be of type "<class \'django.db.models.fields.BigAutoField\'>"']
2025-03-13 15:12:05,623 celery.utils.dispatch.signal ERROR    Signal handler <bound method DjangoFixup.on_import_modules of <celery.fixups.django.DjangoFixup object at 0x7f9d5b15f790>> raised: ValidationError(['Field "pop.DataItem.id" of model container:"<class \'pop.ups_model.DataItem\'>" cannot be of type "<class \'django.db.models.fields.BigAutoField\'>"'])
Traceback (most recent call last):
  File "/opt/venv/lib/python3.9/site-packages/celery/utils/dispatch/signal.py", line 276, in send
    response = receiver(signal=self, sender=sender, **named)
  File "/opt/venv/lib/python3.9/site-packages/celery/fixups/django.py", line 82, in on_import_modules
    self.worker_fixup.validate_models()
  File "/opt/venv/lib/python3.9/site-packages/celery/fixups/django.py", line 121, in validate_models
    run_checks()
  File "/opt/venv/lib/python3.9/site-packages/django/core/checks/registry.py", line 88, in run_checks
    new_errors = check(app_configs=app_configs, databases=databases)
  File "/opt/venv/lib/python3.9/site-packages/django/core/checks/urls.py", line 42, in check_url_namespaces_unique
    all_namespaces = _load_all_namespaces(resolver)
  File "/opt/venv/lib/python3.9/site-packages/django/core/checks/urls.py", line 61, in _load_all_namespaces
    url_patterns = getattr(resolver, "url_patterns", [])
  File "/opt/venv/lib/python3.9/site-packages/django/utils/functional.py", line 57, in __get__
    res = instance.__dict__[self.name] = self.func(instance)
  File "/opt/venv/lib/python3.9/site-packages/django/urls/resolvers.py", line 690, in url_patterns
    patterns = getattr(self.urlconf_module, "urlpatterns", self.urlconf_module)
  File "/opt/venv/lib/python3.9/site-packages/django/utils/functional.py", line 57, in __get__
    res = instance.__dict__[self.name] = self.func(instance)
  File "/opt/venv/lib/python3.9/site-packages/django/urls/resolvers.py", line 683, in urlconf_module
    return import_module(self.urlconf_name)
  File "/usr/local/lib/python3.9/importlib/__init__.py", line 127, in import_module
    return _bootstrap._gcd_import(name[level:], package, level)
  File "<frozen importlib._bootstrap>", line 1030, in _gcd_import
  File "<frozen importlib._bootstrap>", line 1007, in _find_and_load
  File "<frozen importlib._bootstrap>", line 986, in _find_and_load_unlocked
  File "<frozen importlib._bootstrap>", line 680, in _load_unlocked
  File "<frozen importlib._bootstrap_external>", line 850, in exec_module
  File "<frozen importlib._bootstrap>", line 228, in _call_with_frames_removed
  File "/opt/app/dcim/urls.py", line 41, in <module>
    path('pop/', include('pop.api.urls', namespace='pops.apis')),
  File "/opt/venv/lib/python3.9/site-packages/django/urls/conf.py", line 38, in include
    urlconf_module = import_module(urlconf_module)
  File "/usr/local/lib/python3.9/importlib/__init__.py", line 127, in import_module
    return _bootstrap._gcd_import(name[level:], package, level)
  File "<frozen importlib._bootstrap>", line 1030, in _gcd_import
  File "<frozen importlib._bootstrap>", line 1007, in _find_and_load
  File "<frozen importlib._bootstrap>", line 986, in _find_and_load_unlocked
  File "<frozen importlib._bootstrap>", line 680, in _load_unlocked
  File "<frozen importlib._bootstrap_external>", line 850, in exec_module
  File "<frozen importlib._bootstrap>", line 228, in _call_with_frames_removed
  File "/opt/app/pop/api/urls.py", line 1, in <module>
    from pop.api.views import (
  File "/opt/app/pop/api/views.py", line 16, in <module>
    from pop.ups_model import UpsModel
  File "/opt/app/pop/ups_model.py", line 8, in <module>
    class UpsModel(models.Model):
  File "/opt/app/pop/ups_model.py", line 11, in UpsModel
    data = models.ArrayField(model_container=DataItem)
  File "/opt/venv/lib/python3.9/site-packages/djongo/models/fields.py", line 273, in __init__
    super().__init__(model_container, *args, **kwargs)
  File "/opt/venv/lib/python3.9/site-packages/djongo/models/fields.py", line 112, in __init__
    self._validate_container()
  File "/opt/venv/lib/python3.9/site-packages/djongo/models/fields.py", line 120, in _validate_container
    raise ValidationError(
django.core.exceptions.ValidationError: ['Field "pop.DataItem.id" of model container:"<class \'pop.ups_model.DataItem\'>" cannot be of type "<class \'django.db.models.fields.BigAutoField\'>"']
2025-03-13 15:12:05,836 celery.utils.dispatch.signal ERROR    Signal handler <bound method DjangoFixup.on_import_modules of <celery.fixups.django.DjangoFixup object at 0x7f3b36813790>> raised: ValidationError(['Field "pop.DataItem.id" of model container:"<class \'pop.ups_model.DataItem\'>" cannot be of type "<class \'django.db.models.fields.BigAutoField\'>"'])
Traceback (most recent call last):
  File "/opt/venv/lib/python3.9/site-packages/celery/utils/dispatch/signal.py", line 276, in send
    response = receiver(signal=self, sender=sender, **named)
  File "/opt/venv/lib/python3.9/site-packages/celery/fixups/django.py", line 82, in on_import_modules
    self.worker_fixup.validate_models()
  File "/opt/venv/lib/python3.9/site-packages/celery/fixups/django.py", line 121, in validate_models
    run_checks()
  File "/opt/venv/lib/python3.9/site-packages/django/core/checks/registry.py", line 88, in run_checks
    new_errors = check(app_configs=app_configs, databases=databases)
  File "/opt/venv/lib/python3.9/site-packages/django/core/checks/urls.py", line 14, in check_url_config
    return check_resolver(resolver)
  File "/opt/venv/lib/python3.9/site-packages/django/core/checks/urls.py", line 24, in check_resolver
    return check_method()
  File "/opt/venv/lib/python3.9/site-packages/django/urls/resolvers.py", line 476, in check
    for pattern in self.url_patterns:
  File "/opt/venv/lib/python3.9/site-packages/django/utils/functional.py", line 57, in __get__
    res = instance.__dict__[self.name] = self.func(instance)
  File "/opt/venv/lib/python3.9/site-packages/django/urls/resolvers.py", line 690, in url_patterns
    patterns = getattr(self.urlconf_module, "urlpatterns", self.urlconf_module)
  File "/opt/venv/lib/python3.9/site-packages/django/utils/functional.py", line 57, in __get__
    res = instance.__dict__[self.name] = self.func(instance)
  File "/opt/venv/lib/python3.9/site-packages/django/urls/resolvers.py", line 683, in urlconf_module
    return import_module(self.urlconf_name)
  File "/usr/local/lib/python3.9/importlib/__init__.py", line 127, in import_module
    return _bootstrap._gcd_import(name[level:], package, level)
  File "<frozen importlib._bootstrap>", line 1030, in _gcd_import
  File "<frozen importlib._bootstrap>", line 1007, in _find_and_load
  File "<frozen importlib._bootstrap>", line 986, in _find_and_load_unlocked
  File "<frozen importlib._bootstrap>", line 680, in _load_unlocked
  File "<frozen importlib._bootstrap_external>", line 850, in exec_module
  File "<frozen importlib._bootstrap>", line 228, in _call_with_frames_removed
  File "/opt/app/dcim/urls.py", line 41, in <module>
    path('pop/', include('pop.api.urls', namespace='pops.apis')),
  File "/opt/venv/lib/python3.9/site-packages/django/urls/conf.py", line 38, in include
    urlconf_module = import_module(urlconf_module)
  File "/usr/local/lib/python3.9/importlib/__init__.py", line 127, in import_module
    return _bootstrap._gcd_import(name[level:], package, level)
  File "<frozen importlib._bootstrap>", line 1030, in _gcd_import
  File "<frozen importlib._bootstrap>", line 1007, in _find_and_load
  File "<frozen importlib._bootstrap>", line 986, in _find_and_load_unlocked
  File "<frozen importlib._bootstrap>", line 680, in _load_unlocked
  File "<frozen importlib._bootstrap_external>", line 850, in exec_module
  File "<frozen importlib._bootstrap>", line 228, in _call_with_frames_removed
  File "/opt/app/pop/api/urls.py", line 1, in <module>
    from pop.api.views import (
  File "/opt/app/pop/api/views.py", line 16, in <module>
    from pop.ups_model import UpsModel
  File "/opt/app/pop/ups_model.py", line 8, in <module>
    class UpsModel(models.Model):
  File "/opt/app/pop/ups_model.py", line 11, in UpsModel
    data = models.ArrayField(model_container=DataItem)
  File "/opt/venv/lib/python3.9/site-packages/djongo/models/fields.py", line 273, in __init__
    super().__init__(model_container, *args, **kwargs)
  File "/opt/venv/lib/python3.9/site-packages/djongo/models/fields.py", line 112, in __init__
    self._validate_container()
  File "/opt/venv/lib/python3.9/site-packages/djongo/models/fields.py", line 120, in _validate_container
    raise ValidationError(
django.core.exceptions.ValidationError: ['Field "pop.DataItem.id" of model container:"<class \'pop.ups_model.DataItem\'>" cannot be of type "<class \'django.db.models.fields.BigAutoField\'>"']
2025-03-13 15:12:10,823 celery.utils.dispatch.signal ERROR    Signal handler <bound method DjangoFixup.on_import_modules of <celery.fixups.django.DjangoFixup object at 0x7f8e8069d790>> raised: ValidationError(['Field "pop.DataItem.id" of model container:"<class \'pop.ups_model.DataItem\'>" cannot be of type "<class \'django.db.models.fields.BigAutoField\'>"'])
Traceback (most recent call last):
  File "/opt/venv/lib/python3.9/site-packages/celery/utils/dispatch/signal.py", line 276, in send
    response = receiver(signal=self, sender=sender, **named)
  File "/opt/venv/lib/python3.9/site-packages/celery/fixups/django.py", line 82, in on_import_modules
    self.worker_fixup.validate_models()
  File "/opt/venv/lib/python3.9/site-packages/celery/fixups/django.py", line 121, in validate_models
    run_checks()
  File "/opt/venv/lib/python3.9/site-packages/django/core/checks/registry.py", line 88, in run_checks
    new_errors = check(app_configs=app_configs, databases=databases)
  File "/opt/venv/lib/python3.9/site-packages/django/core/checks/urls.py", line 42, in check_url_namespaces_unique
    all_namespaces = _load_all_namespaces(resolver)
  File "/opt/venv/lib/python3.9/site-packages/django/core/checks/urls.py", line 61, in _load_all_namespaces
    url_patterns = getattr(resolver, "url_patterns", [])
  File "/opt/venv/lib/python3.9/site-packages/django/utils/functional.py", line 57, in __get__
    res = instance.__dict__[self.name] = self.func(instance)
  File "/opt/venv/lib/python3.9/site-packages/django/urls/resolvers.py", line 690, in url_patterns
    patterns = getattr(self.urlconf_module, "urlpatterns", self.urlconf_module)
  File "/opt/venv/lib/python3.9/site-packages/django/utils/functional.py", line 57, in __get__
    res = instance.__dict__[self.name] = self.func(instance)
  File "/opt/venv/lib/python3.9/site-packages/django/urls/resolvers.py", line 683, in urlconf_module
    return import_module(self.urlconf_name)
  File "/usr/local/lib/python3.9/importlib/__init__.py", line 127, in import_module
    return _bootstrap._gcd_import(name[level:], package, level)
  File "<frozen importlib._bootstrap>", line 1030, in _gcd_import
  File "<frozen importlib._bootstrap>", line 1007, in _find_and_load
  File "<frozen importlib._bootstrap>", line 986, in _find_and_load_unlocked
  File "<frozen importlib._bootstrap>", line 680, in _load_unlocked
  File "<frozen importlib._bootstrap_external>", line 850, in exec_module
  File "<frozen importlib._bootstrap>", line 228, in _call_with_frames_removed
  File "/opt/app/dcim/urls.py", line 41, in <module>
    path('pop/', include('pop.api.urls', namespace='pops.apis')),
  File "/opt/venv/lib/python3.9/site-packages/django/urls/conf.py", line 38, in include
    urlconf_module = import_module(urlconf_module)
  File "/usr/local/lib/python3.9/importlib/__init__.py", line 127, in import_module
    return _bootstrap._gcd_import(name[level:], package, level)
  File "<frozen importlib._bootstrap>", line 1030, in _gcd_import
  File "<frozen importlib._bootstrap>", line 1007, in _find_and_load
  File "<frozen importlib._bootstrap>", line 986, in _find_and_load_unlocked
  File "<frozen importlib._bootstrap>", line 680, in _load_unlocked
  File "<frozen importlib._bootstrap_external>", line 850, in exec_module
  File "<frozen importlib._bootstrap>", line 228, in _call_with_frames_removed
  File "/opt/app/pop/api/urls.py", line 1, in <module>
    from pop.api.views import (
  File "/opt/app/pop/api/views.py", line 16, in <module>
    from pop.ups_model import UpsModel
  File "/opt/app/pop/ups_model.py", line 8, in <module>
    class UpsModel(models.Model):
  File "/opt/app/pop/ups_model.py", line 11, in UpsModel
    data = models.ArrayField(model_container=DataItem)
  File "/opt/venv/lib/python3.9/site-packages/djongo/models/fields.py", line 273, in __init__
    super().__init__(model_container, *args, **kwargs)
  File "/opt/venv/lib/python3.9/site-packages/djongo/models/fields.py", line 112, in __init__
    self._validate_container()
  File "/opt/venv/lib/python3.9/site-packages/djongo/models/fields.py", line 120, in _validate_container
    raise ValidationError(
django.core.exceptions.ValidationError: ['Field "pop.DataItem.id" of model container:"<class \'pop.ups_model.DataItem\'>" cannot be of type "<class \'django.db.models.fields.BigAutoField\'>"']
2025-03-13 15:12:11,110 celery.utils.dispatch.signal ERROR    Signal handler <bound method DjangoFixup.on_import_modules of <celery.fixups.django.DjangoFixup object at 0x7fce60c39790>> raised: ValidationError(['Field "pop.DataItem.id" of model container:"<class \'pop.ups_model.DataItem\'>" cannot be of type "<class \'django.db.models.fields.BigAutoField\'>"'])
Traceback (most recent call last):
  File "/opt/venv/lib/python3.9/site-packages/celery/utils/dispatch/signal.py", line 276, in send
    response = receiver(signal=self, sender=sender, **named)
  File "/opt/venv/lib/python3.9/site-packages/celery/fixups/django.py", line 82, in on_import_modules
    self.worker_fixup.validate_models()
  File "/opt/venv/lib/python3.9/site-packages/celery/fixups/django.py", line 121, in validate_models
    run_checks()
  File "/opt/venv/lib/python3.9/site-packages/django/core/checks/registry.py", line 88, in run_checks
    new_errors = check(app_configs=app_configs, databases=databases)
  File "/opt/venv/lib/python3.9/site-packages/django/core/checks/urls.py", line 14, in check_url_config
    return check_resolver(resolver)
  File "/opt/venv/lib/python3.9/site-packages/django/core/checks/urls.py", line 24, in check_resolver
    return check_method()
  File "/opt/venv/lib/python3.9/site-packages/django/urls/resolvers.py", line 476, in check
    for pattern in self.url_patterns:
  File "/opt/venv/lib/python3.9/site-packages/django/utils/functional.py", line 57, in __get__
    res = instance.__dict__[self.name] = self.func(instance)
  File "/opt/venv/lib/python3.9/site-packages/django/urls/resolvers.py", line 690, in url_patterns
    patterns = getattr(self.urlconf_module, "urlpatterns", self.urlconf_module)
  File "/opt/venv/lib/python3.9/site-packages/django/utils/functional.py", line 57, in __get__
    res = instance.__dict__[self.name] = self.func(instance)
  File "/opt/venv/lib/python3.9/site-packages/django/urls/resolvers.py", line 683, in urlconf_module
    return import_module(self.urlconf_name)
  File "/usr/local/lib/python3.9/importlib/__init__.py", line 127, in import_module
    return _bootstrap._gcd_import(name[level:], package, level)
  File "<frozen importlib._bootstrap>", line 1030, in _gcd_import
  File "<frozen importlib._bootstrap>", line 1007, in _find_and_load
  File "<frozen importlib._bootstrap>", line 986, in _find_and_load_unlocked
  File "<frozen importlib._bootstrap>", line 680, in _load_unlocked
  File "<frozen importlib._bootstrap_external>", line 850, in exec_module
  File "<frozen importlib._bootstrap>", line 228, in _call_with_frames_removed
  File "/opt/app/dcim/urls.py", line 41, in <module>
    path('pop/', include('pop.api.urls', namespace='pops.apis')),
  File "/opt/venv/lib/python3.9/site-packages/django/urls/conf.py", line 38, in include
    urlconf_module = import_module(urlconf_module)
  File "/usr/local/lib/python3.9/importlib/__init__.py", line 127, in import_module
    return _bootstrap._gcd_import(name[level:], package, level)
  File "<frozen importlib._bootstrap>", line 1030, in _gcd_import
  File "<frozen importlib._bootstrap>", line 1007, in _find_and_load
  File "<frozen importlib._bootstrap>", line 986, in _find_and_load_unlocked
  File "<frozen importlib._bootstrap>", line 680, in _load_unlocked
  File "<frozen importlib._bootstrap_external>", line 850, in exec_module
  File "<frozen importlib._bootstrap>", line 228, in _call_with_frames_removed
  File "/opt/app/pop/api/urls.py", line 1, in <module>
    from pop.api.views import (
  File "/opt/app/pop/api/views.py", line 16, in <module>
    from pop.ups_model import UpsModel
  File "/opt/app/pop/ups_model.py", line 8, in <module>
    class UpsModel(models.Model):
  File "/opt/app/pop/ups_model.py", line 11, in UpsModel
    data = models.ArrayField(model_container=DataItem)
  File "/opt/venv/lib/python3.9/site-packages/djongo/models/fields.py", line 273, in __init__
    super().__init__(model_container, *args, **kwargs)
  File "/opt/venv/lib/python3.9/site-packages/djongo/models/fields.py", line 112, in __init__
    self._validate_container()
  File "/opt/venv/lib/python3.9/site-packages/djongo/models/fields.py", line 120, in _validate_container
    raise ValidationError(
django.core.exceptions.ValidationError: ['Field "pop.DataItem.id" of model container:"<class \'pop.ups_model.DataItem\'>" cannot be of type "<class \'django.db.models.fields.BigAutoField\'>"']
2025-03-13 15:12:19,223 celery.utils.dispatch.signal ERROR    Signal handler <bound method DjangoFixup.on_import_modules of <celery.fixups.django.DjangoFixup object at 0x7f989ee31790>> raised: ValidationError(['Field "pop.DataItem.id" of model container:"<class \'pop.ups_model.DataItem\'>" cannot be of type "<class \'django.db.models.fields.BigAutoField\'>"'])
Traceback (most recent call last):
  File "/opt/venv/lib/python3.9/site-packages/celery/utils/dispatch/signal.py", line 276, in send
    response = receiver(signal=self, sender=sender, **named)
  File "/opt/venv/lib/python3.9/site-packages/celery/fixups/django.py", line 82, in on_import_modules
    self.worker_fixup.validate_models()
  File "/opt/venv/lib/python3.9/site-packages/celery/fixups/django.py", line 121, in validate_models
    run_checks()
  File "/opt/venv/lib/python3.9/site-packages/django/core/checks/registry.py", line 88, in run_checks
    new_errors = check(app_configs=app_configs, databases=databases)
  File "/opt/venv/lib/python3.9/site-packages/django/core/checks/urls.py", line 42, in check_url_namespaces_unique
    all_namespaces = _load_all_namespaces(resolver)
  File "/opt/venv/lib/python3.9/site-packages/django/core/checks/urls.py", line 61, in _load_all_namespaces
    url_patterns = getattr(resolver, "url_patterns", [])
  File "/opt/venv/lib/python3.9/site-packages/django/utils/functional.py", line 57, in __get__
    res = instance.__dict__[self.name] = self.func(instance)
  File "/opt/venv/lib/python3.9/site-packages/django/urls/resolvers.py", line 690, in url_patterns
    patterns = getattr(self.urlconf_module, "urlpatterns", self.urlconf_module)
  File "/opt/venv/lib/python3.9/site-packages/django/utils/functional.py", line 57, in __get__
    res = instance.__dict__[self.name] = self.func(instance)
  File "/opt/venv/lib/python3.9/site-packages/django/urls/resolvers.py", line 683, in urlconf_module
    return import_module(self.urlconf_name)
  File "/usr/local/lib/python3.9/importlib/__init__.py", line 127, in import_module
    return _bootstrap._gcd_import(name[level:], package, level)
  File "<frozen importlib._bootstrap>", line 1030, in _gcd_import
  File "<frozen importlib._bootstrap>", line 1007, in _find_and_load
  File "<frozen importlib._bootstrap>", line 986, in _find_and_load_unlocked
  File "<frozen importlib._bootstrap>", line 680, in _load_unlocked
  File "<frozen importlib._bootstrap_external>", line 850, in exec_module
  File "<frozen importlib._bootstrap>", line 228, in _call_with_frames_removed
  File "/opt/app/dcim/urls.py", line 41, in <module>
    path('pop/', include('pop.api.urls', namespace='pops.apis')),
  File "/opt/venv/lib/python3.9/site-packages/django/urls/conf.py", line 38, in include
    urlconf_module = import_module(urlconf_module)
  File "/usr/local/lib/python3.9/importlib/__init__.py", line 127, in import_module
    return _bootstrap._gcd_import(name[level:], package, level)
  File "<frozen importlib._bootstrap>", line 1030, in _gcd_import
  File "<frozen importlib._bootstrap>", line 1007, in _find_and_load
  File "<frozen importlib._bootstrap>", line 986, in _find_and_load_unlocked
  File "<frozen importlib._bootstrap>", line 680, in _load_unlocked
  File "<frozen importlib._bootstrap_external>", line 850, in exec_module
  File "<frozen importlib._bootstrap>", line 228, in _call_with_frames_removed
  File "/opt/app/pop/api/urls.py", line 1, in <module>
    from pop.api.views import (
  File "/opt/app/pop/api/views.py", line 16, in <module>
    from pop.ups_model import UpsModel
  File "/opt/app/pop/ups_model.py", line 8, in <module>
    class UpsModel(models.Model):
  File "/opt/app/pop/ups_model.py", line 11, in UpsModel
    data = models.ArrayField(model_container=DataItem)
  File "/opt/venv/lib/python3.9/site-packages/djongo/models/fields.py", line 273, in __init__
    super().__init__(model_container, *args, **kwargs)
  File "/opt/venv/lib/python3.9/site-packages/djongo/models/fields.py", line 112, in __init__
    self._validate_container()
  File "/opt/venv/lib/python3.9/site-packages/djongo/models/fields.py", line 120, in _validate_container
    raise ValidationError(
django.core.exceptions.ValidationError: ['Field "pop.DataItem.id" of model container:"<class \'pop.ups_model.DataItem\'>" cannot be of type "<class \'django.db.models.fields.BigAutoField\'>"']
2025-03-13 15:12:19,502 celery.utils.dispatch.signal ERROR    Signal handler <bound method DjangoFixup.on_import_modules of <celery.fixups.django.DjangoFixup object at 0x7f03caa76790>> raised: ValidationError(['Field "pop.DataItem.id" of model container:"<class \'pop.ups_model.DataItem\'>" cannot be of type "<class \'django.db.models.fields.BigAutoField\'>"'])
Traceback (most recent call last):
  File "/opt/venv/lib/python3.9/site-packages/celery/utils/dispatch/signal.py", line 276, in send
    response = receiver(signal=self, sender=sender, **named)
  File "/opt/venv/lib/python3.9/site-packages/celery/fixups/django.py", line 82, in on_import_modules
    self.worker_fixup.validate_models()
  File "/opt/venv/lib/python3.9/site-packages/celery/fixups/django.py", line 121, in validate_models
    run_checks()
  File "/opt/venv/lib/python3.9/site-packages/django/core/checks/registry.py", line 88, in run_checks
    new_errors = check(app_configs=app_configs, databases=databases)
  File "/opt/venv/lib/python3.9/site-packages/django/core/checks/urls.py", line 14, in check_url_config
    return check_resolver(resolver)
  File "/opt/venv/lib/python3.9/site-packages/django/core/checks/urls.py", line 24, in check_resolver
    return check_method()
  File "/opt/venv/lib/python3.9/site-packages/django/urls/resolvers.py", line 476, in check
    for pattern in self.url_patterns:
  File "/opt/venv/lib/python3.9/site-packages/django/utils/functional.py", line 57, in __get__
    res = instance.__dict__[self.name] = self.func(instance)
  File "/opt/venv/lib/python3.9/site-packages/django/urls/resolvers.py", line 690, in url_patterns
    patterns = getattr(self.urlconf_module, "urlpatterns", self.urlconf_module)
  File "/opt/venv/lib/python3.9/site-packages/django/utils/functional.py", line 57, in __get__
    res = instance.__dict__[self.name] = self.func(instance)
  File "/opt/venv/lib/python3.9/site-packages/django/urls/resolvers.py", line 683, in urlconf_module
    return import_module(self.urlconf_name)
  File "/usr/local/lib/python3.9/importlib/__init__.py", line 127, in import_module
    return _bootstrap._gcd_import(name[level:], package, level)
  File "<frozen importlib._bootstrap>", line 1030, in _gcd_import
  File "<frozen importlib._bootstrap>", line 1007, in _find_and_load
  File "<frozen importlib._bootstrap>", line 986, in _find_and_load_unlocked
  File "<frozen importlib._bootstrap>", line 680, in _load_unlocked
  File "<frozen importlib._bootstrap_external>", line 850, in exec_module
  File "<frozen importlib._bootstrap>", line 228, in _call_with_frames_removed
  File "/opt/app/dcim/urls.py", line 41, in <module>
    path('pop/', include('pop.api.urls', namespace='pops.apis')),
  File "/opt/venv/lib/python3.9/site-packages/django/urls/conf.py", line 38, in include
    urlconf_module = import_module(urlconf_module)
  File "/usr/local/lib/python3.9/importlib/__init__.py", line 127, in import_module
    return _bootstrap._gcd_import(name[level:], package, level)
  File "<frozen importlib._bootstrap>", line 1030, in _gcd_import
  File "<frozen importlib._bootstrap>", line 1007, in _find_and_load
  File "<frozen importlib._bootstrap>", line 986, in _find_and_load_unlocked
  File "<frozen importlib._bootstrap>", line 680, in _load_unlocked
  File "<frozen importlib._bootstrap_external>", line 850, in exec_module
  File "<frozen importlib._bootstrap>", line 228, in _call_with_frames_removed
  File "/opt/app/pop/api/urls.py", line 1, in <module>
    from pop.api.views import (
  File "/opt/app/pop/api/views.py", line 16, in <module>
    from pop.ups_model import UpsModel
  File "/opt/app/pop/ups_model.py", line 8, in <module>
    class UpsModel(models.Model):
  File "/opt/app/pop/ups_model.py", line 11, in UpsModel
    data = models.ArrayField(model_container=DataItem)
  File "/opt/venv/lib/python3.9/site-packages/djongo/models/fields.py", line 273, in __init__
    super().__init__(model_container, *args, **kwargs)
  File "/opt/venv/lib/python3.9/site-packages/djongo/models/fields.py", line 112, in __init__
    self._validate_container()
  File "/opt/venv/lib/python3.9/site-packages/djongo/models/fields.py", line 120, in _validate_container
    raise ValidationError(
django.core.exceptions.ValidationError: ['Field "pop.DataItem.id" of model container:"<class \'pop.ups_model.DataItem\'>" cannot be of type "<class \'django.db.models.fields.BigAutoField\'>"']
2025-03-13 15:12:33,915 celery.utils.dispatch.signal ERROR    Signal handler <bound method DjangoFixup.on_import_modules of <celery.fixups.django.DjangoFixup object at 0x7fb15c2bc790>> raised: ValidationError(['Field "pop.DataItem.id" of model container:"<class \'pop.ups_model.DataItem\'>" cannot be of type "<class \'django.db.models.fields.BigAutoField\'>"'])
Traceback (most recent call last):
  File "/opt/venv/lib/python3.9/site-packages/celery/utils/dispatch/signal.py", line 276, in send
    response = receiver(signal=self, sender=sender, **named)
  File "/opt/venv/lib/python3.9/site-packages/celery/fixups/django.py", line 82, in on_import_modules
    self.worker_fixup.validate_models()
  File "/opt/venv/lib/python3.9/site-packages/celery/fixups/django.py", line 121, in validate_models
    run_checks()
  File "/opt/venv/lib/python3.9/site-packages/django/core/checks/registry.py", line 88, in run_checks
    new_errors = check(app_configs=app_configs, databases=databases)
  File "/opt/venv/lib/python3.9/site-packages/django/core/checks/urls.py", line 42, in check_url_namespaces_unique
    all_namespaces = _load_all_namespaces(resolver)
  File "/opt/venv/lib/python3.9/site-packages/django/core/checks/urls.py", line 61, in _load_all_namespaces
    url_patterns = getattr(resolver, "url_patterns", [])
  File "/opt/venv/lib/python3.9/site-packages/django/utils/functional.py", line 57, in __get__
    res = instance.__dict__[self.name] = self.func(instance)
  File "/opt/venv/lib/python3.9/site-packages/django/urls/resolvers.py", line 690, in url_patterns
    patterns = getattr(self.urlconf_module, "urlpatterns", self.urlconf_module)
  File "/opt/venv/lib/python3.9/site-packages/django/utils/functional.py", line 57, in __get__
    res = instance.__dict__[self.name] = self.func(instance)
  File "/opt/venv/lib/python3.9/site-packages/django/urls/resolvers.py", line 683, in urlconf_module
    return import_module(self.urlconf_name)
  File "/usr/local/lib/python3.9/importlib/__init__.py", line 127, in import_module
    return _bootstrap._gcd_import(name[level:], package, level)
  File "<frozen importlib._bootstrap>", line 1030, in _gcd_import
  File "<frozen importlib._bootstrap>", line 1007, in _find_and_load
  File "<frozen importlib._bootstrap>", line 986, in _find_and_load_unlocked
  File "<frozen importlib._bootstrap>", line 680, in _load_unlocked
  File "<frozen importlib._bootstrap_external>", line 850, in exec_module
  File "<frozen importlib._bootstrap>", line 228, in _call_with_frames_removed
  File "/opt/app/dcim/urls.py", line 41, in <module>
    path('pop/', include('pop.api.urls', namespace='pops.apis')),
  File "/opt/venv/lib/python3.9/site-packages/django/urls/conf.py", line 38, in include
    urlconf_module = import_module(urlconf_module)
  File "/usr/local/lib/python3.9/importlib/__init__.py", line 127, in import_module
    return _bootstrap._gcd_import(name[level:], package, level)
  File "<frozen importlib._bootstrap>", line 1030, in _gcd_import
  File "<frozen importlib._bootstrap>", line 1007, in _find_and_load
  File "<frozen importlib._bootstrap>", line 986, in _find_and_load_unlocked
  File "<frozen importlib._bootstrap>", line 680, in _load_unlocked
  File "<frozen importlib._bootstrap_external>", line 850, in exec_module
  File "<frozen importlib._bootstrap>", line 228, in _call_with_frames_removed
  File "/opt/app/pop/api/urls.py", line 1, in <module>
    from pop.api.views import (
  File "/opt/app/pop/api/views.py", line 16, in <module>
    from pop.ups_model import UpsModel
  File "/opt/app/pop/ups_model.py", line 8, in <module>
    class UpsModel(models.Model):
  File "/opt/app/pop/ups_model.py", line 11, in UpsModel
    data = models.ArrayField(model_container=DataItem)
  File "/opt/venv/lib/python3.9/site-packages/djongo/models/fields.py", line 273, in __init__
    super().__init__(model_container, *args, **kwargs)
  File "/opt/venv/lib/python3.9/site-packages/djongo/models/fields.py", line 112, in __init__
    self._validate_container()
  File "/opt/venv/lib/python3.9/site-packages/djongo/models/fields.py", line 120, in _validate_container
    raise ValidationError(
django.core.exceptions.ValidationError: ['Field "pop.DataItem.id" of model container:"<class \'pop.ups_model.DataItem\'>" cannot be of type "<class \'django.db.models.fields.BigAutoField\'>"']
2025-03-13 15:12:34,170 celery.utils.dispatch.signal ERROR    Signal handler <bound method DjangoFixup.on_import_modules of <celery.fixups.django.DjangoFixup object at 0x7fe80b02f790>> raised: ValidationError(['Field "pop.DataItem.id" of model container:"<class \'pop.ups_model.DataItem\'>" cannot be of type "<class \'django.db.models.fields.BigAutoField\'>"'])
Traceback (most recent call last):
  File "/opt/venv/lib/python3.9/site-packages/celery/utils/dispatch/signal.py", line 276, in send
    response = receiver(signal=self, sender=sender, **named)
  File "/opt/venv/lib/python3.9/site-packages/celery/fixups/django.py", line 82, in on_import_modules
    self.worker_fixup.validate_models()
  File "/opt/venv/lib/python3.9/site-packages/celery/fixups/django.py", line 121, in validate_models
    run_checks()
  File "/opt/venv/lib/python3.9/site-packages/django/core/checks/registry.py", line 88, in run_checks
    new_errors = check(app_configs=app_configs, databases=databases)
  File "/opt/venv/lib/python3.9/site-packages/django/core/checks/urls.py", line 14, in check_url_config
    return check_resolver(resolver)
  File "/opt/venv/lib/python3.9/site-packages/django/core/checks/urls.py", line 24, in check_resolver
    return check_method()
  File "/opt/venv/lib/python3.9/site-packages/django/urls/resolvers.py", line 476, in check
    for pattern in self.url_patterns:
  File "/opt/venv/lib/python3.9/site-packages/django/utils/functional.py", line 57, in __get__
    res = instance.__dict__[self.name] = self.func(instance)
  File "/opt/venv/lib/python3.9/site-packages/django/urls/resolvers.py", line 690, in url_patterns
    patterns = getattr(self.urlconf_module, "urlpatterns", self.urlconf_module)
  File "/opt/venv/lib/python3.9/site-packages/django/utils/functional.py", line 57, in __get__
    res = instance.__dict__[self.name] = self.func(instance)
  File "/opt/venv/lib/python3.9/site-packages/django/urls/resolvers.py", line 683, in urlconf_module
    return import_module(self.urlconf_name)
  File "/usr/local/lib/python3.9/importlib/__init__.py", line 127, in import_module
    return _bootstrap._gcd_import(name[level:], package, level)
  File "<frozen importlib._bootstrap>", line 1030, in _gcd_import
  File "<frozen importlib._bootstrap>", line 1007, in _find_and_load
  File "<frozen importlib._bootstrap>", line 986, in _find_and_load_unlocked
  File "<frozen importlib._bootstrap>", line 680, in _load_unlocked
  File "<frozen importlib._bootstrap_external>", line 850, in exec_module
  File "<frozen importlib._bootstrap>", line 228, in _call_with_frames_removed
  File "/opt/app/dcim/urls.py", line 41, in <module>
    path('pop/', include('pop.api.urls', namespace='pops.apis')),
  File "/opt/venv/lib/python3.9/site-packages/django/urls/conf.py", line 38, in include
    urlconf_module = import_module(urlconf_module)
  File "/usr/local/lib/python3.9/importlib/__init__.py", line 127, in import_module
    return _bootstrap._gcd_import(name[level:], package, level)
  File "<frozen importlib._bootstrap>", line 1030, in _gcd_import
  File "<frozen importlib._bootstrap>", line 1007, in _find_and_load
  File "<frozen importlib._bootstrap>", line 986, in _find_and_load_unlocked
  File "<frozen importlib._bootstrap>", line 680, in _load_unlocked
  File "<frozen importlib._bootstrap_external>", line 850, in exec_module
  File "<frozen importlib._bootstrap>", line 228, in _call_with_frames_removed
  File "/opt/app/pop/api/urls.py", line 1, in <module>
    from pop.api.views import (
  File "/opt/app/pop/api/views.py", line 16, in <module>
    from pop.ups_model import UpsModel
  File "/opt/app/pop/ups_model.py", line 8, in <module>
    class UpsModel(models.Model):
  File "/opt/app/pop/ups_model.py", line 11, in UpsModel
    data = models.ArrayField(model_container=DataItem)
  File "/opt/venv/lib/python3.9/site-packages/djongo/models/fields.py", line 273, in __init__
    super().__init__(model_container, *args, **kwargs)
  File "/opt/venv/lib/python3.9/site-packages/djongo/models/fields.py", line 112, in __init__
    self._validate_container()
  File "/opt/venv/lib/python3.9/site-packages/djongo/models/fields.py", line 120, in _validate_container
    raise ValidationError(
django.core.exceptions.ValidationError: ['Field "pop.DataItem.id" of model container:"<class \'pop.ups_model.DataItem\'>" cannot be of type "<class \'django.db.models.fields.BigAutoField\'>"']
2025-03-13 15:14:21,123 pop.CPM_RT_mixins INFO     mongo_db = RTModelCPM, topic = MQTT_RT_DATA created 67d2a1eddb7b7a90275795b2 succesfully
2025-03-13 15:14:21,163 pop.CPM_RT_mixins INFO     mongo_db = TemporaryRTModelCPM, topic = MQTT_RT_DATA created 67d2a1eddb7b7a90275795b3 succesfully
2025-03-13 15:14:21,206 pop.CPM_RT_mixins INFO     mongo_db = TodayRTModelCPM, topic = MQTT_RT_DATA created 67d2a1eddb7b7a90275795b4 succesfully
2025-03-13 15:14:26,246 django.request ERROR    Internal Server Error: /api/v1.0/pop/ups-data/
Traceback (most recent call last):
  File "/opt/venv/lib/python3.9/site-packages/django/core/handlers/exception.py", line 55, in inner
    response = get_response(request)
  File "/opt/venv/lib/python3.9/site-packages/django/core/handlers/base.py", line 197, in _get_response
    response = wrapped_callback(request, *callback_args, **callback_kwargs)
  File "/opt/venv/lib/python3.9/site-packages/django/views/decorators/csrf.py", line 54, in wrapped_view
    return view_func(*args, **kwargs)
  File "/opt/venv/lib/python3.9/site-packages/rest_framework/viewsets.py", line 125, in view
    return self.dispatch(request, *args, **kwargs)
  File "/opt/venv/lib/python3.9/site-packages/rest_framework/views.py", line 509, in dispatch
    response = self.handle_exception(exc)
  File "/opt/venv/lib/python3.9/site-packages/rest_framework/views.py", line 469, in handle_exception
    self.raise_uncaught_exception(exc)
  File "/opt/venv/lib/python3.9/site-packages/rest_framework/views.py", line 480, in raise_uncaught_exception
    raise exc
  File "/opt/venv/lib/python3.9/site-packages/rest_framework/views.py", line 506, in dispatch
    response = handler(request, *args, **kwargs)
  File "/opt/app/pop/api/views.py", line 428, in list
    return Response(serializer.data)
  File "/opt/venv/lib/python3.9/site-packages/rest_framework/serializers.py", line 745, in data
    ret = super().data
  File "/opt/venv/lib/python3.9/site-packages/rest_framework/serializers.py", line 246, in data
    self._data = self.to_representation(self.instance)
  File "/opt/venv/lib/python3.9/site-packages/rest_framework/serializers.py", line 663, in to_representation
    return [
  File "/opt/venv/lib/python3.9/site-packages/django/db/models/query.py", line 394, in __iter__
    self._fetch_all()
  File "/opt/venv/lib/python3.9/site-packages/django/db/models/query.py", line 1866, in _fetch_all
    self._result_cache = list(self._iterable_class(self))
  File "/opt/venv/lib/python3.9/site-packages/django/db/models/query.py", line 117, in __iter__
    for row in compiler.results_iter(results):
  File "/opt/venv/lib/python3.9/site-packages/django/db/models/sql/compiler.py", line 1333, in apply_converters
    value = converter(value, expression, connection)
  File "/opt/venv/lib/python3.9/site-packages/djongo/models/fields.py", line 244, in from_db_value
    return self.to_python(value)
  File "/opt/venv/lib/python3.9/site-packages/djongo/models/fields.py", line 261, in to_python
    value = self._value_thru_container(value)
  File "/opt/venv/lib/python3.9/site-packages/djongo/models/fields.py", line 318, in _value_thru_container
    post_value.append(super()._value_thru_container(_dict))
  File "/opt/venv/lib/python3.9/site-packages/djongo/models/fields.py", line 182, in _value_thru_container
    inst = self.model_container(**value)
  File "/opt/venv/lib/python3.9/site-packages/django/db/models/base.py", line 485, in __init__
    raise TypeError("Abstract models cannot be instantiated.")
TypeError: Abstract models cannot be instantiated.
2025-03-13 15:14:38,845 pop.CCCL_environment_mixins INFO     mongo_db = CCCLEnvironment, topic = CCCL/PURBACHAL/ENV_01 created 67d2a1fedb7b7a90275795b5 succesfully
2025-03-13 15:14:38,858 pop.CCCL_environment_mixins INFO     mongo_db = TemporaryCCCLEnvironment, topic = CCCL/PURBACHAL/ENV_01 created 67d2a1fedb7b7a90275795b6 succesfully
2025-03-13 15:14:38,871 pop.CCCL_environment_mixins INFO     mongo_db = TodayCCCLEnvironment, topic = CCCL/PURBACHAL/ENV_01 created 67d2a1fedb7b7a90275795b7 succesfully
2025-03-13 15:14:51,879 pop.CPM_RT_mixins INFO     mongo_db = RTModelCPM, topic = MQTT_RT_DATA created 67d2a20bdb7b7a90275795b8 succesfully
2025-03-13 15:14:51,890 pop.CPM_RT_mixins INFO     mongo_db = TemporaryRTModelCPM, topic = MQTT_RT_DATA created 67d2a20bdb7b7a90275795b9 succesfully
2025-03-13 15:14:51,902 pop.CPM_RT_mixins INFO     mongo_db = TodayRTModelCPM, topic = MQTT_RT_DATA created 67d2a20bdb7b7a90275795ba succesfully
2025-03-13 15:14:52,801 pop.CCCL_generator_mixins INFO     mongo_db = CCCLGenerator, topic = CCCL/PURBACHAL/ENM_01 created 67d2a20cdb7b7a90275795bb succesfully
2025-03-13 15:14:52,832 pop.CCCL_generator_mixins INFO     mongo_db = TemporaryCCCLGenerator, topic = CCCL/PURBACHAL/ENM_01 created 67d2a20cdb7b7a90275795bc succesfully
2025-03-13 15:14:52,849 pop.CCCL_generator_mixins INFO     mongo_db = TodayCCCLGenerator, topic = CCCL/PURBACHAL/ENM_01 created 67d2a20cdb7b7a90275795bd succesfully
2025-03-13 15:15:09,149 pop.CCCL_environment_mixins INFO     mongo_db = CCCLEnvironment, topic = CCCL/PURBACHAL/ENV_01 created 67d2a21ddb7b7a90275795be succesfully
2025-03-13 15:15:09,159 pop.CCCL_environment_mixins INFO     mongo_db = TemporaryCCCLEnvironment, topic = CCCL/PURBACHAL/ENV_01 created 67d2a21ddb7b7a90275795bf succesfully
2025-03-13 15:15:09,171 pop.CCCL_environment_mixins INFO     mongo_db = TodayCCCLEnvironment, topic = CCCL/PURBACHAL/ENV_01 created 67d2a21ddb7b7a90275795c0 succesfully
2025-03-13 15:15:39,479 pop.CCCL_environment_mixins INFO     mongo_db = CCCLEnvironment, topic = CCCL/PURBACHAL/ENV_01 created 67d2a23bdb7b7a90275795c1 succesfully
2025-03-13 15:15:39,497 pop.CCCL_environment_mixins INFO     mongo_db = TemporaryCCCLEnvironment, topic = CCCL/PURBACHAL/ENV_01 created 67d2a23bdb7b7a90275795c2 succesfully
2025-03-13 15:15:39,510 pop.CCCL_environment_mixins INFO     mongo_db = TodayCCCLEnvironment, topic = CCCL/PURBACHAL/ENV_01 created 67d2a23bdb7b7a90275795c3 succesfully
2025-03-13 15:15:52,490 pop.CPM_RT_mixins INFO     mongo_db = RTModelCPM, topic = MQTT_RT_DATA created 67d2a248db7b7a90275795c4 succesfully
2025-03-13 15:15:52,504 pop.CPM_RT_mixins INFO     mongo_db = TemporaryRTModelCPM, topic = MQTT_RT_DATA created 67d2a248db7b7a90275795c5 succesfully
2025-03-13 15:15:52,516 pop.CPM_RT_mixins INFO     mongo_db = TodayRTModelCPM, topic = MQTT_RT_DATA created 67d2a248db7b7a90275795c6 succesfully
2025-03-13 15:15:52,790 pop.CCCL_generator_mixins INFO     mongo_db = CCCLGenerator, topic = CCCL/PURBACHAL/ENM_01 created 67d2a248db7b7a90275795c7 succesfully
2025-03-13 15:15:52,810 pop.CCCL_generator_mixins INFO     mongo_db = TemporaryCCCLGenerator, topic = CCCL/PURBACHAL/ENM_01 created 67d2a248db7b7a90275795c8 succesfully
2025-03-13 15:15:52,821 pop.CCCL_generator_mixins INFO     mongo_db = TodayCCCLGenerator, topic = CCCL/PURBACHAL/ENM_01 created 67d2a248db7b7a90275795c9 succesfully
2025-03-13 15:16:09,787 pop.CCCL_environment_mixins INFO     mongo_db = CCCLEnvironment, topic = CCCL/PURBACHAL/ENV_01 created 67d2a259db7b7a90275795ca succesfully
2025-03-13 15:16:09,804 pop.CCCL_environment_mixins INFO     mongo_db = TemporaryCCCLEnvironment, topic = CCCL/PURBACHAL/ENV_01 created 67d2a259db7b7a90275795cb succesfully
2025-03-13 15:16:09,815 pop.CCCL_environment_mixins INFO     mongo_db = TodayCCCLEnvironment, topic = CCCL/PURBACHAL/ENV_01 created 67d2a259db7b7a90275795cc succesfully
2025-03-13 15:16:40,099 pop.CCCL_environment_mixins INFO     mongo_db = CCCLEnvironment, topic = CCCL/PURBACHAL/ENV_01 created 67d2a278db7b7a90275795cd succesfully
2025-03-13 15:16:40,122 pop.CCCL_environment_mixins INFO     mongo_db = TemporaryCCCLEnvironment, topic = CCCL/PURBACHAL/ENV_01 created 67d2a278db7b7a90275795ce succesfully
2025-03-13 15:16:40,137 pop.CCCL_environment_mixins INFO     mongo_db = TodayCCCLEnvironment, topic = CCCL/PURBACHAL/ENV_01 created 67d2a278db7b7a90275795cf succesfully
2025-03-13 15:16:51,835 pop.CPM_RT_mixins INFO     mongo_db = RTModelCPM, topic = MQTT_RT_DATA created 67d2a283db7b7a90275795d0 succesfully
2025-03-13 15:16:51,847 pop.CPM_RT_mixins INFO     mongo_db = TemporaryRTModelCPM, topic = MQTT_RT_DATA created 67d2a283db7b7a90275795d1 succesfully
2025-03-13 15:16:51,859 pop.CPM_RT_mixins INFO     mongo_db = TodayRTModelCPM, topic = MQTT_RT_DATA created 67d2a283db7b7a90275795d2 succesfully
2025-03-13 15:16:52,793 pop.CCCL_generator_mixins INFO     mongo_db = CCCLGenerator, topic = CCCL/PURBACHAL/ENM_01 created 67d2a284db7b7a90275795d3 succesfully
2025-03-13 15:16:52,807 pop.CCCL_generator_mixins INFO     mongo_db = TemporaryCCCLGenerator, topic = CCCL/PURBACHAL/ENM_01 created 67d2a284db7b7a90275795d4 succesfully
2025-03-13 15:16:52,823 pop.CCCL_generator_mixins INFO     mongo_db = TodayCCCLGenerator, topic = CCCL/PURBACHAL/ENM_01 created 67d2a284db7b7a90275795d5 succesfully
2025-03-13 15:17:10,411 pop.CCCL_environment_mixins INFO     mongo_db = CCCLEnvironment, topic = CCCL/PURBACHAL/ENV_01 created 67d2a296db7b7a90275795d6 succesfully
2025-03-13 15:17:10,447 pop.CCCL_environment_mixins INFO     mongo_db = TemporaryCCCLEnvironment, topic = CCCL/PURBACHAL/ENV_01 created 67d2a296db7b7a90275795d7 succesfully
2025-03-13 15:17:10,462 pop.CCCL_environment_mixins INFO     mongo_db = TodayCCCLEnvironment, topic = CCCL/PURBACHAL/ENV_01 created 67d2a296db7b7a90275795d8 succesfully
2025-03-13 15:17:21,730 pop.CPM_RT_mixins INFO     mongo_db = RTModelCPM, topic = MQTT_RT_DATA created 67d2a2a1db7b7a90275795d9 succesfully
2025-03-13 15:17:21,743 pop.CPM_RT_mixins INFO     mongo_db = TemporaryRTModelCPM, topic = MQTT_RT_DATA created 67d2a2a1db7b7a90275795da succesfully
2025-03-13 15:17:21,755 pop.CPM_RT_mixins INFO     mongo_db = TodayRTModelCPM, topic = MQTT_RT_DATA created 67d2a2a1db7b7a90275795db succesfully
2025-03-13 15:17:40,822 pop.CCCL_environment_mixins INFO     mongo_db = CCCLEnvironment, topic = CCCL/PURBACHAL/ENV_01 created 67d2a2b4db7b7a90275795dc succesfully
2025-03-13 15:17:40,844 pop.CCCL_environment_mixins INFO     mongo_db = TemporaryCCCLEnvironment, topic = CCCL/PURBACHAL/ENV_01 created 67d2a2b4db7b7a90275795dd succesfully
2025-03-13 15:17:40,857 pop.CCCL_environment_mixins INFO     mongo_db = TodayCCCLEnvironment, topic = CCCL/PURBACHAL/ENV_01 created 67d2a2b4db7b7a90275795de succesfully
2025-03-13 15:18:05,938 pop.CPM_RT_mixins INFO     mongo_db = RTModelCPM, topic = MQTT_RT_DATA created 67d2a2cd4fc3fcbdd4cbd822 succesfully
2025-03-13 15:18:05,977 pop.CPM_RT_mixins INFO     mongo_db = TemporaryRTModelCPM, topic = MQTT_RT_DATA created 67d2a2cd4fc3fcbdd4cbd823 succesfully
2025-03-13 15:18:06,017 pop.CPM_RT_mixins INFO     mongo_db = TodayRTModelCPM, topic = MQTT_RT_DATA created 67d2a2ce4fc3fcbdd4cbd824 succesfully
2025-03-13 15:18:06,705 celery.utils.dispatch.signal ERROR    Signal handler <bound method DjangoFixup.on_import_modules of <celery.fixups.django.DjangoFixup object at 0x7f9cddc93c70>> raised: ValidationError(['Field "pop.DataItem.id" of model container:"<class \'pop.ups_model.DataItem\'>" cannot be of type "<class \'django.db.models.fields.BigAutoField\'>"'])
Traceback (most recent call last):
  File "/opt/venv/lib/python3.9/site-packages/celery/utils/dispatch/signal.py", line 276, in send
    response = receiver(signal=self, sender=sender, **named)
  File "/opt/venv/lib/python3.9/site-packages/celery/fixups/django.py", line 82, in on_import_modules
    self.worker_fixup.validate_models()
  File "/opt/venv/lib/python3.9/site-packages/celery/fixups/django.py", line 121, in validate_models
    run_checks()
  File "/opt/venv/lib/python3.9/site-packages/django/core/checks/registry.py", line 88, in run_checks
    new_errors = check(app_configs=app_configs, databases=databases)
  File "/opt/venv/lib/python3.9/site-packages/django/core/checks/urls.py", line 14, in check_url_config
    return check_resolver(resolver)
  File "/opt/venv/lib/python3.9/site-packages/django/core/checks/urls.py", line 24, in check_resolver
    return check_method()
  File "/opt/venv/lib/python3.9/site-packages/django/urls/resolvers.py", line 476, in check
    for pattern in self.url_patterns:
  File "/opt/venv/lib/python3.9/site-packages/django/utils/functional.py", line 57, in __get__
    res = instance.__dict__[self.name] = self.func(instance)
  File "/opt/venv/lib/python3.9/site-packages/django/urls/resolvers.py", line 690, in url_patterns
    patterns = getattr(self.urlconf_module, "urlpatterns", self.urlconf_module)
  File "/opt/venv/lib/python3.9/site-packages/django/utils/functional.py", line 57, in __get__
    res = instance.__dict__[self.name] = self.func(instance)
  File "/opt/venv/lib/python3.9/site-packages/django/urls/resolvers.py", line 683, in urlconf_module
    return import_module(self.urlconf_name)
  File "/usr/local/lib/python3.9/importlib/__init__.py", line 127, in import_module
    return _bootstrap._gcd_import(name[level:], package, level)
  File "<frozen importlib._bootstrap>", line 1030, in _gcd_import
  File "<frozen importlib._bootstrap>", line 1007, in _find_and_load
  File "<frozen importlib._bootstrap>", line 986, in _find_and_load_unlocked
  File "<frozen importlib._bootstrap>", line 680, in _load_unlocked
  File "<frozen importlib._bootstrap_external>", line 850, in exec_module
  File "<frozen importlib._bootstrap>", line 228, in _call_with_frames_removed
  File "/opt/app/dcim/urls.py", line 41, in <module>
    path('pop/', include('pop.api.urls', namespace='pops.apis')),
  File "/opt/venv/lib/python3.9/site-packages/django/urls/conf.py", line 38, in include
    urlconf_module = import_module(urlconf_module)
  File "/usr/local/lib/python3.9/importlib/__init__.py", line 127, in import_module
    return _bootstrap._gcd_import(name[level:], package, level)
  File "<frozen importlib._bootstrap>", line 1030, in _gcd_import
  File "<frozen importlib._bootstrap>", line 1007, in _find_and_load
  File "<frozen importlib._bootstrap>", line 986, in _find_and_load_unlocked
  File "<frozen importlib._bootstrap>", line 680, in _load_unlocked
  File "<frozen importlib._bootstrap_external>", line 850, in exec_module
  File "<frozen importlib._bootstrap>", line 228, in _call_with_frames_removed
  File "/opt/app/pop/api/urls.py", line 1, in <module>
    from pop.api.views import (
  File "/opt/app/pop/api/views.py", line 16, in <module>
    from pop.ups_model import UpsModel
  File "/opt/app/pop/ups_model.py", line 12, in <module>
    class UpsModel(models.Model):
  File "/opt/app/pop/ups_model.py", line 15, in UpsModel
    data = models.ArrayField(model_container=DataItem)
  File "/opt/venv/lib/python3.9/site-packages/djongo/models/fields.py", line 273, in __init__
    super().__init__(model_container, *args, **kwargs)
  File "/opt/venv/lib/python3.9/site-packages/djongo/models/fields.py", line 112, in __init__
    self._validate_container()
  File "/opt/venv/lib/python3.9/site-packages/djongo/models/fields.py", line 120, in _validate_container
    raise ValidationError(
django.core.exceptions.ValidationError: ['Field "pop.DataItem.id" of model container:"<class \'pop.ups_model.DataItem\'>" cannot be of type "<class \'django.db.models.fields.BigAutoField\'>"']
2025-03-13 15:18:06,712 celery.utils.dispatch.signal ERROR    Signal handler <bound method DjangoFixup.on_import_modules of <celery.fixups.django.DjangoFixup object at 0x7fb2ae564c70>> raised: ValidationError(['Field "pop.DataItem.id" of model container:"<class \'pop.ups_model.DataItem\'>" cannot be of type "<class \'django.db.models.fields.BigAutoField\'>"'])
Traceback (most recent call last):
  File "/opt/venv/lib/python3.9/site-packages/celery/utils/dispatch/signal.py", line 276, in send
    response = receiver(signal=self, sender=sender, **named)
  File "/opt/venv/lib/python3.9/site-packages/celery/fixups/django.py", line 82, in on_import_modules
    self.worker_fixup.validate_models()
  File "/opt/venv/lib/python3.9/site-packages/celery/fixups/django.py", line 121, in validate_models
    run_checks()
  File "/opt/venv/lib/python3.9/site-packages/django/core/checks/registry.py", line 88, in run_checks
    new_errors = check(app_configs=app_configs, databases=databases)
  File "/opt/venv/lib/python3.9/site-packages/django/core/checks/urls.py", line 14, in check_url_config
    return check_resolver(resolver)
  File "/opt/venv/lib/python3.9/site-packages/django/core/checks/urls.py", line 24, in check_resolver
    return check_method()
  File "/opt/venv/lib/python3.9/site-packages/django/urls/resolvers.py", line 476, in check
    for pattern in self.url_patterns:
  File "/opt/venv/lib/python3.9/site-packages/django/utils/functional.py", line 57, in __get__
    res = instance.__dict__[self.name] = self.func(instance)
  File "/opt/venv/lib/python3.9/site-packages/django/urls/resolvers.py", line 690, in url_patterns
    patterns = getattr(self.urlconf_module, "urlpatterns", self.urlconf_module)
  File "/opt/venv/lib/python3.9/site-packages/django/utils/functional.py", line 57, in __get__
    res = instance.__dict__[self.name] = self.func(instance)
  File "/opt/venv/lib/python3.9/site-packages/django/urls/resolvers.py", line 683, in urlconf_module
    return import_module(self.urlconf_name)
  File "/usr/local/lib/python3.9/importlib/__init__.py", line 127, in import_module
    return _bootstrap._gcd_import(name[level:], package, level)
  File "<frozen importlib._bootstrap>", line 1030, in _gcd_import
  File "<frozen importlib._bootstrap>", line 1007, in _find_and_load
  File "<frozen importlib._bootstrap>", line 986, in _find_and_load_unlocked
  File "<frozen importlib._bootstrap>", line 680, in _load_unlocked
  File "<frozen importlib._bootstrap_external>", line 850, in exec_module
  File "<frozen importlib._bootstrap>", line 228, in _call_with_frames_removed
  File "/opt/app/dcim/urls.py", line 41, in <module>
    path('pop/', include('pop.api.urls', namespace='pops.apis')),
  File "/opt/venv/lib/python3.9/site-packages/django/urls/conf.py", line 38, in include
    urlconf_module = import_module(urlconf_module)
  File "/usr/local/lib/python3.9/importlib/__init__.py", line 127, in import_module
    return _bootstrap._gcd_import(name[level:], package, level)
  File "<frozen importlib._bootstrap>", line 1030, in _gcd_import
  File "<frozen importlib._bootstrap>", line 1007, in _find_and_load
  File "<frozen importlib._bootstrap>", line 986, in _find_and_load_unlocked
  File "<frozen importlib._bootstrap>", line 680, in _load_unlocked
  File "<frozen importlib._bootstrap_external>", line 850, in exec_module
  File "<frozen importlib._bootstrap>", line 228, in _call_with_frames_removed
  File "/opt/app/pop/api/urls.py", line 1, in <module>
    from pop.api.views import (
  File "/opt/app/pop/api/views.py", line 16, in <module>
    from pop.ups_model import UpsModel
  File "/opt/app/pop/ups_model.py", line 12, in <module>
    class UpsModel(models.Model):
  File "/opt/app/pop/ups_model.py", line 15, in UpsModel
    data = models.ArrayField(model_container=DataItem)
  File "/opt/venv/lib/python3.9/site-packages/djongo/models/fields.py", line 273, in __init__
    super().__init__(model_container, *args, **kwargs)
  File "/opt/venv/lib/python3.9/site-packages/djongo/models/fields.py", line 112, in __init__
    self._validate_container()
  File "/opt/venv/lib/python3.9/site-packages/djongo/models/fields.py", line 120, in _validate_container
    raise ValidationError(
django.core.exceptions.ValidationError: ['Field "pop.DataItem.id" of model container:"<class \'pop.ups_model.DataItem\'>" cannot be of type "<class \'django.db.models.fields.BigAutoField\'>"']
2025-03-13 15:18:08,940 celery.utils.dispatch.signal ERROR    Signal handler <bound method DjangoFixup.on_import_modules of <celery.fixups.django.DjangoFixup object at 0x7f0363ed1790>> raised: ValidationError(['Field "pop.DataItem.id" of model container:"<class \'pop.ups_model.DataItem\'>" cannot be of type "<class \'django.db.models.fields.BigAutoField\'>"'])
Traceback (most recent call last):
  File "/opt/venv/lib/python3.9/site-packages/celery/utils/dispatch/signal.py", line 276, in send
    response = receiver(signal=self, sender=sender, **named)
  File "/opt/venv/lib/python3.9/site-packages/celery/fixups/django.py", line 82, in on_import_modules
    self.worker_fixup.validate_models()
  File "/opt/venv/lib/python3.9/site-packages/celery/fixups/django.py", line 121, in validate_models
    run_checks()
  File "/opt/venv/lib/python3.9/site-packages/django/core/checks/registry.py", line 88, in run_checks
    new_errors = check(app_configs=app_configs, databases=databases)
  File "/opt/venv/lib/python3.9/site-packages/django/core/checks/urls.py", line 14, in check_url_config
    return check_resolver(resolver)
  File "/opt/venv/lib/python3.9/site-packages/django/core/checks/urls.py", line 24, in check_resolver
    return check_method()
  File "/opt/venv/lib/python3.9/site-packages/django/urls/resolvers.py", line 476, in check
    for pattern in self.url_patterns:
  File "/opt/venv/lib/python3.9/site-packages/django/utils/functional.py", line 57, in __get__
    res = instance.__dict__[self.name] = self.func(instance)
  File "/opt/venv/lib/python3.9/site-packages/django/urls/resolvers.py", line 690, in url_patterns
    patterns = getattr(self.urlconf_module, "urlpatterns", self.urlconf_module)
  File "/opt/venv/lib/python3.9/site-packages/django/utils/functional.py", line 57, in __get__
    res = instance.__dict__[self.name] = self.func(instance)
  File "/opt/venv/lib/python3.9/site-packages/django/urls/resolvers.py", line 683, in urlconf_module
    return import_module(self.urlconf_name)
  File "/usr/local/lib/python3.9/importlib/__init__.py", line 127, in import_module
    return _bootstrap._gcd_import(name[level:], package, level)
  File "<frozen importlib._bootstrap>", line 1030, in _gcd_import
  File "<frozen importlib._bootstrap>", line 1007, in _find_and_load
  File "<frozen importlib._bootstrap>", line 986, in _find_and_load_unlocked
  File "<frozen importlib._bootstrap>", line 680, in _load_unlocked
  File "<frozen importlib._bootstrap_external>", line 850, in exec_module
  File "<frozen importlib._bootstrap>", line 228, in _call_with_frames_removed
  File "/opt/app/dcim/urls.py", line 41, in <module>
    path('pop/', include('pop.api.urls', namespace='pops.apis')),
  File "/opt/venv/lib/python3.9/site-packages/django/urls/conf.py", line 38, in include
    urlconf_module = import_module(urlconf_module)
  File "/usr/local/lib/python3.9/importlib/__init__.py", line 127, in import_module
    return _bootstrap._gcd_import(name[level:], package, level)
  File "<frozen importlib._bootstrap>", line 1030, in _gcd_import
  File "<frozen importlib._bootstrap>", line 1007, in _find_and_load
  File "<frozen importlib._bootstrap>", line 986, in _find_and_load_unlocked
  File "<frozen importlib._bootstrap>", line 680, in _load_unlocked
  File "<frozen importlib._bootstrap_external>", line 850, in exec_module
  File "<frozen importlib._bootstrap>", line 228, in _call_with_frames_removed
  File "/opt/app/pop/api/urls.py", line 1, in <module>
    from pop.api.views import (
  File "/opt/app/pop/api/views.py", line 16, in <module>
    from pop.ups_model import UpsModel
  File "/opt/app/pop/ups_model.py", line 12, in <module>
    class UpsModel(models.Model):
  File "/opt/app/pop/ups_model.py", line 15, in UpsModel
    data = models.ArrayField(model_container=DataItem)
  File "/opt/venv/lib/python3.9/site-packages/djongo/models/fields.py", line 273, in __init__
    super().__init__(model_container, *args, **kwargs)
  File "/opt/venv/lib/python3.9/site-packages/djongo/models/fields.py", line 112, in __init__
    self._validate_container()
  File "/opt/venv/lib/python3.9/site-packages/djongo/models/fields.py", line 120, in _validate_container
    raise ValidationError(
django.core.exceptions.ValidationError: ['Field "pop.DataItem.id" of model container:"<class \'pop.ups_model.DataItem\'>" cannot be of type "<class \'django.db.models.fields.BigAutoField\'>"']
2025-03-13 15:18:08,990 celery.utils.dispatch.signal ERROR    Signal handler <bound method DjangoFixup.on_import_modules of <celery.fixups.django.DjangoFixup object at 0x7f60d3b3d790>> raised: ValidationError(['Field "pop.DataItem.id" of model container:"<class \'pop.ups_model.DataItem\'>" cannot be of type "<class \'django.db.models.fields.BigAutoField\'>"'])
Traceback (most recent call last):
  File "/opt/venv/lib/python3.9/site-packages/celery/utils/dispatch/signal.py", line 276, in send
    response = receiver(signal=self, sender=sender, **named)
  File "/opt/venv/lib/python3.9/site-packages/celery/fixups/django.py", line 82, in on_import_modules
    self.worker_fixup.validate_models()
  File "/opt/venv/lib/python3.9/site-packages/celery/fixups/django.py", line 121, in validate_models
    run_checks()
  File "/opt/venv/lib/python3.9/site-packages/django/core/checks/registry.py", line 88, in run_checks
    new_errors = check(app_configs=app_configs, databases=databases)
  File "/opt/venv/lib/python3.9/site-packages/django/core/checks/urls.py", line 42, in check_url_namespaces_unique
    all_namespaces = _load_all_namespaces(resolver)
  File "/opt/venv/lib/python3.9/site-packages/django/core/checks/urls.py", line 61, in _load_all_namespaces
    url_patterns = getattr(resolver, "url_patterns", [])
  File "/opt/venv/lib/python3.9/site-packages/django/utils/functional.py", line 57, in __get__
    res = instance.__dict__[self.name] = self.func(instance)
  File "/opt/venv/lib/python3.9/site-packages/django/urls/resolvers.py", line 690, in url_patterns
    patterns = getattr(self.urlconf_module, "urlpatterns", self.urlconf_module)
  File "/opt/venv/lib/python3.9/site-packages/django/utils/functional.py", line 57, in __get__
    res = instance.__dict__[self.name] = self.func(instance)
  File "/opt/venv/lib/python3.9/site-packages/django/urls/resolvers.py", line 683, in urlconf_module
    return import_module(self.urlconf_name)
  File "/usr/local/lib/python3.9/importlib/__init__.py", line 127, in import_module
    return _bootstrap._gcd_import(name[level:], package, level)
  File "<frozen importlib._bootstrap>", line 1030, in _gcd_import
  File "<frozen importlib._bootstrap>", line 1007, in _find_and_load
  File "<frozen importlib._bootstrap>", line 986, in _find_and_load_unlocked
  File "<frozen importlib._bootstrap>", line 680, in _load_unlocked
  File "<frozen importlib._bootstrap_external>", line 850, in exec_module
  File "<frozen importlib._bootstrap>", line 228, in _call_with_frames_removed
  File "/opt/app/dcim/urls.py", line 41, in <module>
    path('pop/', include('pop.api.urls', namespace='pops.apis')),
  File "/opt/venv/lib/python3.9/site-packages/django/urls/conf.py", line 38, in include
    urlconf_module = import_module(urlconf_module)
  File "/usr/local/lib/python3.9/importlib/__init__.py", line 127, in import_module
    return _bootstrap._gcd_import(name[level:], package, level)
  File "<frozen importlib._bootstrap>", line 1030, in _gcd_import
  File "<frozen importlib._bootstrap>", line 1007, in _find_and_load
  File "<frozen importlib._bootstrap>", line 986, in _find_and_load_unlocked
  File "<frozen importlib._bootstrap>", line 680, in _load_unlocked
  File "<frozen importlib._bootstrap_external>", line 850, in exec_module
  File "<frozen importlib._bootstrap>", line 228, in _call_with_frames_removed
  File "/opt/app/pop/api/urls.py", line 1, in <module>
    from pop.api.views import (
  File "/opt/app/pop/api/views.py", line 16, in <module>
    from pop.ups_model import UpsModel
  File "/opt/app/pop/ups_model.py", line 12, in <module>
    class UpsModel(models.Model):
  File "/opt/app/pop/ups_model.py", line 15, in UpsModel
    data = models.ArrayField(model_container=DataItem)
  File "/opt/venv/lib/python3.9/site-packages/djongo/models/fields.py", line 273, in __init__
    super().__init__(model_container, *args, **kwargs)
  File "/opt/venv/lib/python3.9/site-packages/djongo/models/fields.py", line 112, in __init__
    self._validate_container()
  File "/opt/venv/lib/python3.9/site-packages/djongo/models/fields.py", line 120, in _validate_container
    raise ValidationError(
django.core.exceptions.ValidationError: ['Field "pop.DataItem.id" of model container:"<class \'pop.ups_model.DataItem\'>" cannot be of type "<class \'django.db.models.fields.BigAutoField\'>"']
2025-03-13 15:18:11,060 celery.utils.dispatch.signal ERROR    Signal handler <bound method DjangoFixup.on_import_modules of <celery.fixups.django.DjangoFixup object at 0x7fdcd3d44790>> raised: ValidationError(['Field "pop.DataItem.id" of model container:"<class \'pop.ups_model.DataItem\'>" cannot be of type "<class \'django.db.models.fields.BigAutoField\'>"'])
Traceback (most recent call last):
  File "/opt/venv/lib/python3.9/site-packages/celery/utils/dispatch/signal.py", line 276, in send
    response = receiver(signal=self, sender=sender, **named)
  File "/opt/venv/lib/python3.9/site-packages/celery/fixups/django.py", line 82, in on_import_modules
    self.worker_fixup.validate_models()
  File "/opt/venv/lib/python3.9/site-packages/celery/fixups/django.py", line 121, in validate_models
    run_checks()
  File "/opt/venv/lib/python3.9/site-packages/django/core/checks/registry.py", line 88, in run_checks
    new_errors = check(app_configs=app_configs, databases=databases)
  File "/opt/venv/lib/python3.9/site-packages/django/core/checks/urls.py", line 42, in check_url_namespaces_unique
    all_namespaces = _load_all_namespaces(resolver)
  File "/opt/venv/lib/python3.9/site-packages/django/core/checks/urls.py", line 61, in _load_all_namespaces
    url_patterns = getattr(resolver, "url_patterns", [])
  File "/opt/venv/lib/python3.9/site-packages/django/utils/functional.py", line 57, in __get__
    res = instance.__dict__[self.name] = self.func(instance)
  File "/opt/venv/lib/python3.9/site-packages/django/urls/resolvers.py", line 690, in url_patterns
    patterns = getattr(self.urlconf_module, "urlpatterns", self.urlconf_module)
  File "/opt/venv/lib/python3.9/site-packages/django/utils/functional.py", line 57, in __get__
    res = instance.__dict__[self.name] = self.func(instance)
  File "/opt/venv/lib/python3.9/site-packages/django/urls/resolvers.py", line 683, in urlconf_module
    return import_module(self.urlconf_name)
  File "/usr/local/lib/python3.9/importlib/__init__.py", line 127, in import_module
    return _bootstrap._gcd_import(name[level:], package, level)
  File "<frozen importlib._bootstrap>", line 1030, in _gcd_import
  File "<frozen importlib._bootstrap>", line 1007, in _find_and_load
  File "<frozen importlib._bootstrap>", line 986, in _find_and_load_unlocked
  File "<frozen importlib._bootstrap>", line 680, in _load_unlocked
  File "<frozen importlib._bootstrap_external>", line 850, in exec_module
  File "<frozen importlib._bootstrap>", line 228, in _call_with_frames_removed
  File "/opt/app/dcim/urls.py", line 41, in <module>
    path('pop/', include('pop.api.urls', namespace='pops.apis')),
  File "/opt/venv/lib/python3.9/site-packages/django/urls/conf.py", line 38, in include
    urlconf_module = import_module(urlconf_module)
  File "/usr/local/lib/python3.9/importlib/__init__.py", line 127, in import_module
    return _bootstrap._gcd_import(name[level:], package, level)
  File "<frozen importlib._bootstrap>", line 1030, in _gcd_import
  File "<frozen importlib._bootstrap>", line 1007, in _find_and_load
  File "<frozen importlib._bootstrap>", line 986, in _find_and_load_unlocked
  File "<frozen importlib._bootstrap>", line 680, in _load_unlocked
  File "<frozen importlib._bootstrap_external>", line 850, in exec_module
  File "<frozen importlib._bootstrap>", line 228, in _call_with_frames_removed
  File "/opt/app/pop/api/urls.py", line 1, in <module>
    from pop.api.views import (
  File "/opt/app/pop/api/views.py", line 16, in <module>
    from pop.ups_model import UpsModel
  File "/opt/app/pop/ups_model.py", line 12, in <module>
    class UpsModel(models.Model):
  File "/opt/app/pop/ups_model.py", line 15, in UpsModel
    data = models.ArrayField(model_container=DataItem)
  File "/opt/venv/lib/python3.9/site-packages/djongo/models/fields.py", line 273, in __init__
    super().__init__(model_container, *args, **kwargs)
  File "/opt/venv/lib/python3.9/site-packages/djongo/models/fields.py", line 112, in __init__
    self._validate_container()
  File "/opt/venv/lib/python3.9/site-packages/djongo/models/fields.py", line 120, in _validate_container
    raise ValidationError(
django.core.exceptions.ValidationError: ['Field "pop.DataItem.id" of model container:"<class \'pop.ups_model.DataItem\'>" cannot be of type "<class \'django.db.models.fields.BigAutoField\'>"']
2025-03-13 15:18:11,137 pop.CCCL_environment_mixins INFO     mongo_db = CCCLEnvironment, topic = CCCL/PURBACHAL/ENV_01 created 67d2a2d34fc3fcbdd4cbd825 succesfully
2025-03-13 15:18:11,162 pop.CCCL_environment_mixins INFO     mongo_db = TemporaryCCCLEnvironment, topic = CCCL/PURBACHAL/ENV_01 created 67d2a2d34fc3fcbdd4cbd826 succesfully
2025-03-13 15:18:11,178 pop.CCCL_environment_mixins INFO     mongo_db = TodayCCCLEnvironment, topic = CCCL/PURBACHAL/ENV_01 created 67d2a2d34fc3fcbdd4cbd827 succesfully
2025-03-13 15:18:11,282 celery.utils.dispatch.signal ERROR    Signal handler <bound method DjangoFixup.on_import_modules of <celery.fixups.django.DjangoFixup object at 0x7f30215b1790>> raised: ValidationError(['Field "pop.DataItem.id" of model container:"<class \'pop.ups_model.DataItem\'>" cannot be of type "<class \'django.db.models.fields.BigAutoField\'>"'])
Traceback (most recent call last):
  File "/opt/venv/lib/python3.9/site-packages/celery/utils/dispatch/signal.py", line 276, in send
    response = receiver(signal=self, sender=sender, **named)
  File "/opt/venv/lib/python3.9/site-packages/celery/fixups/django.py", line 82, in on_import_modules
    self.worker_fixup.validate_models()
  File "/opt/venv/lib/python3.9/site-packages/celery/fixups/django.py", line 121, in validate_models
    run_checks()
  File "/opt/venv/lib/python3.9/site-packages/django/core/checks/registry.py", line 88, in run_checks
    new_errors = check(app_configs=app_configs, databases=databases)
  File "/opt/venv/lib/python3.9/site-packages/django/core/checks/urls.py", line 14, in check_url_config
    return check_resolver(resolver)
  File "/opt/venv/lib/python3.9/site-packages/django/core/checks/urls.py", line 24, in check_resolver
    return check_method()
  File "/opt/venv/lib/python3.9/site-packages/django/urls/resolvers.py", line 476, in check
    for pattern in self.url_patterns:
  File "/opt/venv/lib/python3.9/site-packages/django/utils/functional.py", line 57, in __get__
    res = instance.__dict__[self.name] = self.func(instance)
  File "/opt/venv/lib/python3.9/site-packages/django/urls/resolvers.py", line 690, in url_patterns
    patterns = getattr(self.urlconf_module, "urlpatterns", self.urlconf_module)
  File "/opt/venv/lib/python3.9/site-packages/django/utils/functional.py", line 57, in __get__
    res = instance.__dict__[self.name] = self.func(instance)
  File "/opt/venv/lib/python3.9/site-packages/django/urls/resolvers.py", line 683, in urlconf_module
    return import_module(self.urlconf_name)
  File "/usr/local/lib/python3.9/importlib/__init__.py", line 127, in import_module
    return _bootstrap._gcd_import(name[level:], package, level)
  File "<frozen importlib._bootstrap>", line 1030, in _gcd_import
  File "<frozen importlib._bootstrap>", line 1007, in _find_and_load
  File "<frozen importlib._bootstrap>", line 986, in _find_and_load_unlocked
  File "<frozen importlib._bootstrap>", line 680, in _load_unlocked
  File "<frozen importlib._bootstrap_external>", line 850, in exec_module
  File "<frozen importlib._bootstrap>", line 228, in _call_with_frames_removed
  File "/opt/app/dcim/urls.py", line 41, in <module>
    path('pop/', include('pop.api.urls', namespace='pops.apis')),
  File "/opt/venv/lib/python3.9/site-packages/django/urls/conf.py", line 38, in include
    urlconf_module = import_module(urlconf_module)
  File "/usr/local/lib/python3.9/importlib/__init__.py", line 127, in import_module
    return _bootstrap._gcd_import(name[level:], package, level)
  File "<frozen importlib._bootstrap>", line 1030, in _gcd_import
  File "<frozen importlib._bootstrap>", line 1007, in _find_and_load
  File "<frozen importlib._bootstrap>", line 986, in _find_and_load_unlocked
  File "<frozen importlib._bootstrap>", line 680, in _load_unlocked
  File "<frozen importlib._bootstrap_external>", line 850, in exec_module
  File "<frozen importlib._bootstrap>", line 228, in _call_with_frames_removed
  File "/opt/app/pop/api/urls.py", line 1, in <module>
    from pop.api.views import (
  File "/opt/app/pop/api/views.py", line 16, in <module>
    from pop.ups_model import UpsModel
  File "/opt/app/pop/ups_model.py", line 12, in <module>
    class UpsModel(models.Model):
  File "/opt/app/pop/ups_model.py", line 15, in UpsModel
    data = models.ArrayField(model_container=DataItem)
  File "/opt/venv/lib/python3.9/site-packages/djongo/models/fields.py", line 273, in __init__
    super().__init__(model_container, *args, **kwargs)
  File "/opt/venv/lib/python3.9/site-packages/djongo/models/fields.py", line 112, in __init__
    self._validate_container()
  File "/opt/venv/lib/python3.9/site-packages/djongo/models/fields.py", line 120, in _validate_container
    raise ValidationError(
django.core.exceptions.ValidationError: ['Field "pop.DataItem.id" of model container:"<class \'pop.ups_model.DataItem\'>" cannot be of type "<class \'django.db.models.fields.BigAutoField\'>"']
2025-03-13 15:18:13,370 celery.utils.dispatch.signal ERROR    Signal handler <bound method DjangoFixup.on_import_modules of <celery.fixups.django.DjangoFixup object at 0x7f768f453790>> raised: ValidationError(['Field "pop.DataItem.id" of model container:"<class \'pop.ups_model.DataItem\'>" cannot be of type "<class \'django.db.models.fields.BigAutoField\'>"'])
Traceback (most recent call last):
  File "/opt/venv/lib/python3.9/site-packages/celery/utils/dispatch/signal.py", line 276, in send
    response = receiver(signal=self, sender=sender, **named)
  File "/opt/venv/lib/python3.9/site-packages/celery/fixups/django.py", line 82, in on_import_modules
    self.worker_fixup.validate_models()
  File "/opt/venv/lib/python3.9/site-packages/celery/fixups/django.py", line 121, in validate_models
    run_checks()
  File "/opt/venv/lib/python3.9/site-packages/django/core/checks/registry.py", line 88, in run_checks
    new_errors = check(app_configs=app_configs, databases=databases)
  File "/opt/venv/lib/python3.9/site-packages/django/core/checks/urls.py", line 42, in check_url_namespaces_unique
    all_namespaces = _load_all_namespaces(resolver)
  File "/opt/venv/lib/python3.9/site-packages/django/core/checks/urls.py", line 61, in _load_all_namespaces
    url_patterns = getattr(resolver, "url_patterns", [])
  File "/opt/venv/lib/python3.9/site-packages/django/utils/functional.py", line 57, in __get__
    res = instance.__dict__[self.name] = self.func(instance)
  File "/opt/venv/lib/python3.9/site-packages/django/urls/resolvers.py", line 690, in url_patterns
    patterns = getattr(self.urlconf_module, "urlpatterns", self.urlconf_module)
  File "/opt/venv/lib/python3.9/site-packages/django/utils/functional.py", line 57, in __get__
    res = instance.__dict__[self.name] = self.func(instance)
  File "/opt/venv/lib/python3.9/site-packages/django/urls/resolvers.py", line 683, in urlconf_module
    return import_module(self.urlconf_name)
  File "/usr/local/lib/python3.9/importlib/__init__.py", line 127, in import_module
    return _bootstrap._gcd_import(name[level:], package, level)
  File "<frozen importlib._bootstrap>", line 1030, in _gcd_import
  File "<frozen importlib._bootstrap>", line 1007, in _find_and_load
  File "<frozen importlib._bootstrap>", line 986, in _find_and_load_unlocked
  File "<frozen importlib._bootstrap>", line 680, in _load_unlocked
  File "<frozen importlib._bootstrap_external>", line 850, in exec_module
  File "<frozen importlib._bootstrap>", line 228, in _call_with_frames_removed
  File "/opt/app/dcim/urls.py", line 41, in <module>
    path('pop/', include('pop.api.urls', namespace='pops.apis')),
  File "/opt/venv/lib/python3.9/site-packages/django/urls/conf.py", line 38, in include
    urlconf_module = import_module(urlconf_module)
  File "/usr/local/lib/python3.9/importlib/__init__.py", line 127, in import_module
    return _bootstrap._gcd_import(name[level:], package, level)
  File "<frozen importlib._bootstrap>", line 1030, in _gcd_import
  File "<frozen importlib._bootstrap>", line 1007, in _find_and_load
  File "<frozen importlib._bootstrap>", line 986, in _find_and_load_unlocked
  File "<frozen importlib._bootstrap>", line 680, in _load_unlocked
  File "<frozen importlib._bootstrap_external>", line 850, in exec_module
  File "<frozen importlib._bootstrap>", line 228, in _call_with_frames_removed
  File "/opt/app/pop/api/urls.py", line 1, in <module>
    from pop.api.views import (
  File "/opt/app/pop/api/views.py", line 16, in <module>
    from pop.ups_model import UpsModel
  File "/opt/app/pop/ups_model.py", line 12, in <module>
    class UpsModel(models.Model):
  File "/opt/app/pop/ups_model.py", line 15, in UpsModel
    data = models.ArrayField(model_container=DataItem)
  File "/opt/venv/lib/python3.9/site-packages/djongo/models/fields.py", line 273, in __init__
    super().__init__(model_container, *args, **kwargs)
  File "/opt/venv/lib/python3.9/site-packages/djongo/models/fields.py", line 112, in __init__
    self._validate_container()
  File "/opt/venv/lib/python3.9/site-packages/djongo/models/fields.py", line 120, in _validate_container
    raise ValidationError(
django.core.exceptions.ValidationError: ['Field "pop.DataItem.id" of model container:"<class \'pop.ups_model.DataItem\'>" cannot be of type "<class \'django.db.models.fields.BigAutoField\'>"']
2025-03-13 15:18:13,564 celery.utils.dispatch.signal ERROR    Signal handler <bound method DjangoFixup.on_import_modules of <celery.fixups.django.DjangoFixup object at 0x7f52ad2ed790>> raised: ValidationError(['Field "pop.DataItem.id" of model container:"<class \'pop.ups_model.DataItem\'>" cannot be of type "<class \'django.db.models.fields.BigAutoField\'>"'])
Traceback (most recent call last):
  File "/opt/venv/lib/python3.9/site-packages/celery/utils/dispatch/signal.py", line 276, in send
    response = receiver(signal=self, sender=sender, **named)
  File "/opt/venv/lib/python3.9/site-packages/celery/fixups/django.py", line 82, in on_import_modules
    self.worker_fixup.validate_models()
  File "/opt/venv/lib/python3.9/site-packages/celery/fixups/django.py", line 121, in validate_models
    run_checks()
  File "/opt/venv/lib/python3.9/site-packages/django/core/checks/registry.py", line 88, in run_checks
    new_errors = check(app_configs=app_configs, databases=databases)
  File "/opt/venv/lib/python3.9/site-packages/django/core/checks/urls.py", line 14, in check_url_config
    return check_resolver(resolver)
  File "/opt/venv/lib/python3.9/site-packages/django/core/checks/urls.py", line 24, in check_resolver
    return check_method()
  File "/opt/venv/lib/python3.9/site-packages/django/urls/resolvers.py", line 476, in check
    for pattern in self.url_patterns:
  File "/opt/venv/lib/python3.9/site-packages/django/utils/functional.py", line 57, in __get__
    res = instance.__dict__[self.name] = self.func(instance)
  File "/opt/venv/lib/python3.9/site-packages/django/urls/resolvers.py", line 690, in url_patterns
    patterns = getattr(self.urlconf_module, "urlpatterns", self.urlconf_module)
  File "/opt/venv/lib/python3.9/site-packages/django/utils/functional.py", line 57, in __get__
    res = instance.__dict__[self.name] = self.func(instance)
  File "/opt/venv/lib/python3.9/site-packages/django/urls/resolvers.py", line 683, in urlconf_module
    return import_module(self.urlconf_name)
  File "/usr/local/lib/python3.9/importlib/__init__.py", line 127, in import_module
    return _bootstrap._gcd_import(name[level:], package, level)
  File "<frozen importlib._bootstrap>", line 1030, in _gcd_import
  File "<frozen importlib._bootstrap>", line 1007, in _find_and_load
  File "<frozen importlib._bootstrap>", line 986, in _find_and_load_unlocked
  File "<frozen importlib._bootstrap>", line 680, in _load_unlocked
  File "<frozen importlib._bootstrap_external>", line 850, in exec_module
  File "<frozen importlib._bootstrap>", line 228, in _call_with_frames_removed
  File "/opt/app/dcim/urls.py", line 41, in <module>
    path('pop/', include('pop.api.urls', namespace='pops.apis')),
  File "/opt/venv/lib/python3.9/site-packages/django/urls/conf.py", line 38, in include
    urlconf_module = import_module(urlconf_module)
  File "/usr/local/lib/python3.9/importlib/__init__.py", line 127, in import_module
    return _bootstrap._gcd_import(name[level:], package, level)
  File "<frozen importlib._bootstrap>", line 1030, in _gcd_import
  File "<frozen importlib._bootstrap>", line 1007, in _find_and_load
  File "<frozen importlib._bootstrap>", line 986, in _find_and_load_unlocked
  File "<frozen importlib._bootstrap>", line 680, in _load_unlocked
  File "<frozen importlib._bootstrap_external>", line 850, in exec_module
  File "<frozen importlib._bootstrap>", line 228, in _call_with_frames_removed
  File "/opt/app/pop/api/urls.py", line 1, in <module>
    from pop.api.views import (
  File "/opt/app/pop/api/views.py", line 16, in <module>
    from pop.ups_model import UpsModel
  File "/opt/app/pop/ups_model.py", line 12, in <module>
    class UpsModel(models.Model):
  File "/opt/app/pop/ups_model.py", line 15, in UpsModel
    data = models.ArrayField(model_container=DataItem)
  File "/opt/venv/lib/python3.9/site-packages/djongo/models/fields.py", line 273, in __init__
    super().__init__(model_container, *args, **kwargs)
  File "/opt/venv/lib/python3.9/site-packages/djongo/models/fields.py", line 112, in __init__
    self._validate_container()
  File "/opt/venv/lib/python3.9/site-packages/djongo/models/fields.py", line 120, in _validate_container
    raise ValidationError(
django.core.exceptions.ValidationError: ['Field "pop.DataItem.id" of model container:"<class \'pop.ups_model.DataItem\'>" cannot be of type "<class \'django.db.models.fields.BigAutoField\'>"']
2025-03-13 15:18:15,861 celery.utils.dispatch.signal ERROR    Signal handler <bound method DjangoFixup.on_import_modules of <celery.fixups.django.DjangoFixup object at 0x7fcaf1c00790>> raised: ValidationError(['Field "pop.DataItem.id" of model container:"<class \'pop.ups_model.DataItem\'>" cannot be of type "<class \'django.db.models.fields.BigAutoField\'>"'])
Traceback (most recent call last):
  File "/opt/venv/lib/python3.9/site-packages/celery/utils/dispatch/signal.py", line 276, in send
    response = receiver(signal=self, sender=sender, **named)
  File "/opt/venv/lib/python3.9/site-packages/celery/fixups/django.py", line 82, in on_import_modules
    self.worker_fixup.validate_models()
  File "/opt/venv/lib/python3.9/site-packages/celery/fixups/django.py", line 121, in validate_models
    run_checks()
  File "/opt/venv/lib/python3.9/site-packages/django/core/checks/registry.py", line 88, in run_checks
    new_errors = check(app_configs=app_configs, databases=databases)
  File "/opt/venv/lib/python3.9/site-packages/django/core/checks/urls.py", line 42, in check_url_namespaces_unique
    all_namespaces = _load_all_namespaces(resolver)
  File "/opt/venv/lib/python3.9/site-packages/django/core/checks/urls.py", line 61, in _load_all_namespaces
    url_patterns = getattr(resolver, "url_patterns", [])
  File "/opt/venv/lib/python3.9/site-packages/django/utils/functional.py", line 57, in __get__
    res = instance.__dict__[self.name] = self.func(instance)
  File "/opt/venv/lib/python3.9/site-packages/django/urls/resolvers.py", line 690, in url_patterns
    patterns = getattr(self.urlconf_module, "urlpatterns", self.urlconf_module)
  File "/opt/venv/lib/python3.9/site-packages/django/utils/functional.py", line 57, in __get__
    res = instance.__dict__[self.name] = self.func(instance)
  File "/opt/venv/lib/python3.9/site-packages/django/urls/resolvers.py", line 683, in urlconf_module
    return import_module(self.urlconf_name)
  File "/usr/local/lib/python3.9/importlib/__init__.py", line 127, in import_module
    return _bootstrap._gcd_import(name[level:], package, level)
  File "<frozen importlib._bootstrap>", line 1030, in _gcd_import
  File "<frozen importlib._bootstrap>", line 1007, in _find_and_load
  File "<frozen importlib._bootstrap>", line 986, in _find_and_load_unlocked
  File "<frozen importlib._bootstrap>", line 680, in _load_unlocked
  File "<frozen importlib._bootstrap_external>", line 850, in exec_module
  File "<frozen importlib._bootstrap>", line 228, in _call_with_frames_removed
  File "/opt/app/dcim/urls.py", line 41, in <module>
    path('pop/', include('pop.api.urls', namespace='pops.apis')),
  File "/opt/venv/lib/python3.9/site-packages/django/urls/conf.py", line 38, in include
    urlconf_module = import_module(urlconf_module)
  File "/usr/local/lib/python3.9/importlib/__init__.py", line 127, in import_module
    return _bootstrap._gcd_import(name[level:], package, level)
  File "<frozen importlib._bootstrap>", line 1030, in _gcd_import
  File "<frozen importlib._bootstrap>", line 1007, in _find_and_load
  File "<frozen importlib._bootstrap>", line 986, in _find_and_load_unlocked
  File "<frozen importlib._bootstrap>", line 680, in _load_unlocked
  File "<frozen importlib._bootstrap_external>", line 850, in exec_module
  File "<frozen importlib._bootstrap>", line 228, in _call_with_frames_removed
  File "/opt/app/pop/api/urls.py", line 1, in <module>
    from pop.api.views import (
  File "/opt/app/pop/api/views.py", line 16, in <module>
    from pop.ups_model import UpsModel
  File "/opt/app/pop/ups_model.py", line 12, in <module>
    class UpsModel(models.Model):
  File "/opt/app/pop/ups_model.py", line 15, in UpsModel
    data = models.ArrayField(model_container=DataItem)
  File "/opt/venv/lib/python3.9/site-packages/djongo/models/fields.py", line 273, in __init__
    super().__init__(model_container, *args, **kwargs)
  File "/opt/venv/lib/python3.9/site-packages/djongo/models/fields.py", line 112, in __init__
    self._validate_container()
  File "/opt/venv/lib/python3.9/site-packages/djongo/models/fields.py", line 120, in _validate_container
    raise ValidationError(
django.core.exceptions.ValidationError: ['Field "pop.DataItem.id" of model container:"<class \'pop.ups_model.DataItem\'>" cannot be of type "<class \'django.db.models.fields.BigAutoField\'>"']
2025-03-13 15:18:16,257 celery.utils.dispatch.signal ERROR    Signal handler <bound method DjangoFixup.on_import_modules of <celery.fixups.django.DjangoFixup object at 0x7fead2e49790>> raised: ValidationError(['Field "pop.DataItem.id" of model container:"<class \'pop.ups_model.DataItem\'>" cannot be of type "<class \'django.db.models.fields.BigAutoField\'>"'])
Traceback (most recent call last):
  File "/opt/venv/lib/python3.9/site-packages/celery/utils/dispatch/signal.py", line 276, in send
    response = receiver(signal=self, sender=sender, **named)
  File "/opt/venv/lib/python3.9/site-packages/celery/fixups/django.py", line 82, in on_import_modules
    self.worker_fixup.validate_models()
  File "/opt/venv/lib/python3.9/site-packages/celery/fixups/django.py", line 121, in validate_models
    run_checks()
  File "/opt/venv/lib/python3.9/site-packages/django/core/checks/registry.py", line 88, in run_checks
    new_errors = check(app_configs=app_configs, databases=databases)
  File "/opt/venv/lib/python3.9/site-packages/django/core/checks/urls.py", line 14, in check_url_config
    return check_resolver(resolver)
  File "/opt/venv/lib/python3.9/site-packages/django/core/checks/urls.py", line 24, in check_resolver
    return check_method()
  File "/opt/venv/lib/python3.9/site-packages/django/urls/resolvers.py", line 476, in check
    for pattern in self.url_patterns:
  File "/opt/venv/lib/python3.9/site-packages/django/utils/functional.py", line 57, in __get__
    res = instance.__dict__[self.name] = self.func(instance)
  File "/opt/venv/lib/python3.9/site-packages/django/urls/resolvers.py", line 690, in url_patterns
    patterns = getattr(self.urlconf_module, "urlpatterns", self.urlconf_module)
  File "/opt/venv/lib/python3.9/site-packages/django/utils/functional.py", line 57, in __get__
    res = instance.__dict__[self.name] = self.func(instance)
  File "/opt/venv/lib/python3.9/site-packages/django/urls/resolvers.py", line 683, in urlconf_module
    return import_module(self.urlconf_name)
  File "/usr/local/lib/python3.9/importlib/__init__.py", line 127, in import_module
    return _bootstrap._gcd_import(name[level:], package, level)
  File "<frozen importlib._bootstrap>", line 1030, in _gcd_import
  File "<frozen importlib._bootstrap>", line 1007, in _find_and_load
  File "<frozen importlib._bootstrap>", line 986, in _find_and_load_unlocked
  File "<frozen importlib._bootstrap>", line 680, in _load_unlocked
  File "<frozen importlib._bootstrap_external>", line 850, in exec_module
  File "<frozen importlib._bootstrap>", line 228, in _call_with_frames_removed
  File "/opt/app/dcim/urls.py", line 41, in <module>
    path('pop/', include('pop.api.urls', namespace='pops.apis')),
  File "/opt/venv/lib/python3.9/site-packages/django/urls/conf.py", line 38, in include
    urlconf_module = import_module(urlconf_module)
  File "/usr/local/lib/python3.9/importlib/__init__.py", line 127, in import_module
    return _bootstrap._gcd_import(name[level:], package, level)
  File "<frozen importlib._bootstrap>", line 1030, in _gcd_import
  File "<frozen importlib._bootstrap>", line 1007, in _find_and_load
  File "<frozen importlib._bootstrap>", line 986, in _find_and_load_unlocked
  File "<frozen importlib._bootstrap>", line 680, in _load_unlocked
  File "<frozen importlib._bootstrap_external>", line 850, in exec_module
  File "<frozen importlib._bootstrap>", line 228, in _call_with_frames_removed
  File "/opt/app/pop/api/urls.py", line 1, in <module>
    from pop.api.views import (
  File "/opt/app/pop/api/views.py", line 16, in <module>
    from pop.ups_model import UpsModel
  File "/opt/app/pop/ups_model.py", line 12, in <module>
    class UpsModel(models.Model):
  File "/opt/app/pop/ups_model.py", line 15, in UpsModel
    data = models.ArrayField(model_container=DataItem)
  File "/opt/venv/lib/python3.9/site-packages/djongo/models/fields.py", line 273, in __init__
    super().__init__(model_container, *args, **kwargs)
  File "/opt/venv/lib/python3.9/site-packages/djongo/models/fields.py", line 112, in __init__
    self._validate_container()
  File "/opt/venv/lib/python3.9/site-packages/djongo/models/fields.py", line 120, in _validate_container
    raise ValidationError(
django.core.exceptions.ValidationError: ['Field "pop.DataItem.id" of model container:"<class \'pop.ups_model.DataItem\'>" cannot be of type "<class \'django.db.models.fields.BigAutoField\'>"']
2025-03-13 15:18:19,238 celery.utils.dispatch.signal ERROR    Signal handler <bound method DjangoFixup.on_import_modules of <celery.fixups.django.DjangoFixup object at 0x7f4794321790>> raised: ValidationError(['Field "pop.DataItem.id" of model container:"<class \'pop.ups_model.DataItem\'>" cannot be of type "<class \'django.db.models.fields.BigAutoField\'>"'])
Traceback (most recent call last):
  File "/opt/venv/lib/python3.9/site-packages/celery/utils/dispatch/signal.py", line 276, in send
    response = receiver(signal=self, sender=sender, **named)
  File "/opt/venv/lib/python3.9/site-packages/celery/fixups/django.py", line 82, in on_import_modules
    self.worker_fixup.validate_models()
  File "/opt/venv/lib/python3.9/site-packages/celery/fixups/django.py", line 121, in validate_models
    run_checks()
  File "/opt/venv/lib/python3.9/site-packages/django/core/checks/registry.py", line 88, in run_checks
    new_errors = check(app_configs=app_configs, databases=databases)
  File "/opt/venv/lib/python3.9/site-packages/django/core/checks/urls.py", line 42, in check_url_namespaces_unique
    all_namespaces = _load_all_namespaces(resolver)
  File "/opt/venv/lib/python3.9/site-packages/django/core/checks/urls.py", line 61, in _load_all_namespaces
    url_patterns = getattr(resolver, "url_patterns", [])
  File "/opt/venv/lib/python3.9/site-packages/django/utils/functional.py", line 57, in __get__
    res = instance.__dict__[self.name] = self.func(instance)
  File "/opt/venv/lib/python3.9/site-packages/django/urls/resolvers.py", line 690, in url_patterns
    patterns = getattr(self.urlconf_module, "urlpatterns", self.urlconf_module)
  File "/opt/venv/lib/python3.9/site-packages/django/utils/functional.py", line 57, in __get__
    res = instance.__dict__[self.name] = self.func(instance)
  File "/opt/venv/lib/python3.9/site-packages/django/urls/resolvers.py", line 683, in urlconf_module
    return import_module(self.urlconf_name)
  File "/usr/local/lib/python3.9/importlib/__init__.py", line 127, in import_module
    return _bootstrap._gcd_import(name[level:], package, level)
  File "<frozen importlib._bootstrap>", line 1030, in _gcd_import
  File "<frozen importlib._bootstrap>", line 1007, in _find_and_load
  File "<frozen importlib._bootstrap>", line 986, in _find_and_load_unlocked
  File "<frozen importlib._bootstrap>", line 680, in _load_unlocked
  File "<frozen importlib._bootstrap_external>", line 850, in exec_module
  File "<frozen importlib._bootstrap>", line 228, in _call_with_frames_removed
  File "/opt/app/dcim/urls.py", line 41, in <module>
    path('pop/', include('pop.api.urls', namespace='pops.apis')),
  File "/opt/venv/lib/python3.9/site-packages/django/urls/conf.py", line 38, in include
    urlconf_module = import_module(urlconf_module)
  File "/usr/local/lib/python3.9/importlib/__init__.py", line 127, in import_module
    return _bootstrap._gcd_import(name[level:], package, level)
  File "<frozen importlib._bootstrap>", line 1030, in _gcd_import
  File "<frozen importlib._bootstrap>", line 1007, in _find_and_load
  File "<frozen importlib._bootstrap>", line 986, in _find_and_load_unlocked
  File "<frozen importlib._bootstrap>", line 680, in _load_unlocked
  File "<frozen importlib._bootstrap_external>", line 850, in exec_module
  File "<frozen importlib._bootstrap>", line 228, in _call_with_frames_removed
  File "/opt/app/pop/api/urls.py", line 1, in <module>
    from pop.api.views import (
  File "/opt/app/pop/api/views.py", line 16, in <module>
    from pop.ups_model import UpsModel
  File "/opt/app/pop/ups_model.py", line 12, in <module>
    class UpsModel(models.Model):
  File "/opt/app/pop/ups_model.py", line 15, in UpsModel
    data = models.ArrayField(model_container=DataItem)
  File "/opt/venv/lib/python3.9/site-packages/djongo/models/fields.py", line 273, in __init__
    super().__init__(model_container, *args, **kwargs)
  File "/opt/venv/lib/python3.9/site-packages/djongo/models/fields.py", line 112, in __init__
    self._validate_container()
  File "/opt/venv/lib/python3.9/site-packages/djongo/models/fields.py", line 120, in _validate_container
    raise ValidationError(
django.core.exceptions.ValidationError: ['Field "pop.DataItem.id" of model container:"<class \'pop.ups_model.DataItem\'>" cannot be of type "<class \'django.db.models.fields.BigAutoField\'>"']
2025-03-13 15:18:19,706 celery.utils.dispatch.signal ERROR    Signal handler <bound method DjangoFixup.on_import_modules of <celery.fixups.django.DjangoFixup object at 0x7f056dcc2790>> raised: ValidationError(['Field "pop.DataItem.id" of model container:"<class \'pop.ups_model.DataItem\'>" cannot be of type "<class \'django.db.models.fields.BigAutoField\'>"'])
Traceback (most recent call last):
  File "/opt/venv/lib/python3.9/site-packages/celery/utils/dispatch/signal.py", line 276, in send
    response = receiver(signal=self, sender=sender, **named)
  File "/opt/venv/lib/python3.9/site-packages/celery/fixups/django.py", line 82, in on_import_modules
    self.worker_fixup.validate_models()
  File "/opt/venv/lib/python3.9/site-packages/celery/fixups/django.py", line 121, in validate_models
    run_checks()
  File "/opt/venv/lib/python3.9/site-packages/django/core/checks/registry.py", line 88, in run_checks
    new_errors = check(app_configs=app_configs, databases=databases)
  File "/opt/venv/lib/python3.9/site-packages/django/core/checks/urls.py", line 14, in check_url_config
    return check_resolver(resolver)
  File "/opt/venv/lib/python3.9/site-packages/django/core/checks/urls.py", line 24, in check_resolver
    return check_method()
  File "/opt/venv/lib/python3.9/site-packages/django/urls/resolvers.py", line 476, in check
    for pattern in self.url_patterns:
  File "/opt/venv/lib/python3.9/site-packages/django/utils/functional.py", line 57, in __get__
    res = instance.__dict__[self.name] = self.func(instance)
  File "/opt/venv/lib/python3.9/site-packages/django/urls/resolvers.py", line 690, in url_patterns
    patterns = getattr(self.urlconf_module, "urlpatterns", self.urlconf_module)
  File "/opt/venv/lib/python3.9/site-packages/django/utils/functional.py", line 57, in __get__
    res = instance.__dict__[self.name] = self.func(instance)
  File "/opt/venv/lib/python3.9/site-packages/django/urls/resolvers.py", line 683, in urlconf_module
    return import_module(self.urlconf_name)
  File "/usr/local/lib/python3.9/importlib/__init__.py", line 127, in import_module
    return _bootstrap._gcd_import(name[level:], package, level)
  File "<frozen importlib._bootstrap>", line 1030, in _gcd_import
  File "<frozen importlib._bootstrap>", line 1007, in _find_and_load
  File "<frozen importlib._bootstrap>", line 986, in _find_and_load_unlocked
  File "<frozen importlib._bootstrap>", line 680, in _load_unlocked
  File "<frozen importlib._bootstrap_external>", line 850, in exec_module
  File "<frozen importlib._bootstrap>", line 228, in _call_with_frames_removed
  File "/opt/app/dcim/urls.py", line 41, in <module>
    path('pop/', include('pop.api.urls', namespace='pops.apis')),
  File "/opt/venv/lib/python3.9/site-packages/django/urls/conf.py", line 38, in include
    urlconf_module = import_module(urlconf_module)
  File "/usr/local/lib/python3.9/importlib/__init__.py", line 127, in import_module
    return _bootstrap._gcd_import(name[level:], package, level)
  File "<frozen importlib._bootstrap>", line 1030, in _gcd_import
  File "<frozen importlib._bootstrap>", line 1007, in _find_and_load
  File "<frozen importlib._bootstrap>", line 986, in _find_and_load_unlocked
  File "<frozen importlib._bootstrap>", line 680, in _load_unlocked
  File "<frozen importlib._bootstrap_external>", line 850, in exec_module
  File "<frozen importlib._bootstrap>", line 228, in _call_with_frames_removed
  File "/opt/app/pop/api/urls.py", line 1, in <module>
    from pop.api.views import (
  File "/opt/app/pop/api/views.py", line 16, in <module>
    from pop.ups_model import UpsModel
  File "/opt/app/pop/ups_model.py", line 12, in <module>
    class UpsModel(models.Model):
  File "/opt/app/pop/ups_model.py", line 15, in UpsModel
    data = models.ArrayField(model_container=DataItem)
  File "/opt/venv/lib/python3.9/site-packages/djongo/models/fields.py", line 273, in __init__
    super().__init__(model_container, *args, **kwargs)
  File "/opt/venv/lib/python3.9/site-packages/djongo/models/fields.py", line 112, in __init__
    self._validate_container()
  File "/opt/venv/lib/python3.9/site-packages/djongo/models/fields.py", line 120, in _validate_container
    raise ValidationError(
django.core.exceptions.ValidationError: ['Field "pop.DataItem.id" of model container:"<class \'pop.ups_model.DataItem\'>" cannot be of type "<class \'django.db.models.fields.BigAutoField\'>"']
2025-03-13 15:18:24,115 celery.utils.dispatch.signal ERROR    Signal handler <bound method DjangoFixup.on_import_modules of <celery.fixups.django.DjangoFixup object at 0x7f09097fe790>> raised: ValidationError(['Field "pop.DataItem.id" of model container:"<class \'pop.ups_model.DataItem\'>" cannot be of type "<class \'django.db.models.fields.BigAutoField\'>"'])
Traceback (most recent call last):
  File "/opt/venv/lib/python3.9/site-packages/celery/utils/dispatch/signal.py", line 276, in send
    response = receiver(signal=self, sender=sender, **named)
  File "/opt/venv/lib/python3.9/site-packages/celery/fixups/django.py", line 82, in on_import_modules
    self.worker_fixup.validate_models()
  File "/opt/venv/lib/python3.9/site-packages/celery/fixups/django.py", line 121, in validate_models
    run_checks()
  File "/opt/venv/lib/python3.9/site-packages/django/core/checks/registry.py", line 88, in run_checks
    new_errors = check(app_configs=app_configs, databases=databases)
  File "/opt/venv/lib/python3.9/site-packages/django/core/checks/urls.py", line 42, in check_url_namespaces_unique
    all_namespaces = _load_all_namespaces(resolver)
  File "/opt/venv/lib/python3.9/site-packages/django/core/checks/urls.py", line 61, in _load_all_namespaces
    url_patterns = getattr(resolver, "url_patterns", [])
  File "/opt/venv/lib/python3.9/site-packages/django/utils/functional.py", line 57, in __get__
    res = instance.__dict__[self.name] = self.func(instance)
  File "/opt/venv/lib/python3.9/site-packages/django/urls/resolvers.py", line 690, in url_patterns
    patterns = getattr(self.urlconf_module, "urlpatterns", self.urlconf_module)
  File "/opt/venv/lib/python3.9/site-packages/django/utils/functional.py", line 57, in __get__
    res = instance.__dict__[self.name] = self.func(instance)
  File "/opt/venv/lib/python3.9/site-packages/django/urls/resolvers.py", line 683, in urlconf_module
    return import_module(self.urlconf_name)
  File "/usr/local/lib/python3.9/importlib/__init__.py", line 127, in import_module
    return _bootstrap._gcd_import(name[level:], package, level)
  File "<frozen importlib._bootstrap>", line 1030, in _gcd_import
  File "<frozen importlib._bootstrap>", line 1007, in _find_and_load
  File "<frozen importlib._bootstrap>", line 986, in _find_and_load_unlocked
  File "<frozen importlib._bootstrap>", line 680, in _load_unlocked
  File "<frozen importlib._bootstrap_external>", line 850, in exec_module
  File "<frozen importlib._bootstrap>", line 228, in _call_with_frames_removed
  File "/opt/app/dcim/urls.py", line 41, in <module>
    path('pop/', include('pop.api.urls', namespace='pops.apis')),
  File "/opt/venv/lib/python3.9/site-packages/django/urls/conf.py", line 38, in include
    urlconf_module = import_module(urlconf_module)
  File "/usr/local/lib/python3.9/importlib/__init__.py", line 127, in import_module
    return _bootstrap._gcd_import(name[level:], package, level)
  File "<frozen importlib._bootstrap>", line 1030, in _gcd_import
  File "<frozen importlib._bootstrap>", line 1007, in _find_and_load
  File "<frozen importlib._bootstrap>", line 986, in _find_and_load_unlocked
  File "<frozen importlib._bootstrap>", line 680, in _load_unlocked
  File "<frozen importlib._bootstrap_external>", line 850, in exec_module
  File "<frozen importlib._bootstrap>", line 228, in _call_with_frames_removed
  File "/opt/app/pop/api/urls.py", line 1, in <module>
    from pop.api.views import (
  File "/opt/app/pop/api/views.py", line 16, in <module>
    from pop.ups_model import UpsModel
  File "/opt/app/pop/ups_model.py", line 12, in <module>
    class UpsModel(models.Model):
  File "/opt/app/pop/ups_model.py", line 15, in UpsModel
    data = models.ArrayField(model_container=DataItem)
  File "/opt/venv/lib/python3.9/site-packages/djongo/models/fields.py", line 273, in __init__
    super().__init__(model_container, *args, **kwargs)
  File "/opt/venv/lib/python3.9/site-packages/djongo/models/fields.py", line 112, in __init__
    self._validate_container()
  File "/opt/venv/lib/python3.9/site-packages/djongo/models/fields.py", line 120, in _validate_container
    raise ValidationError(
django.core.exceptions.ValidationError: ['Field "pop.DataItem.id" of model container:"<class \'pop.ups_model.DataItem\'>" cannot be of type "<class \'django.db.models.fields.BigAutoField\'>"']
2025-03-13 15:18:24,694 celery.utils.dispatch.signal ERROR    Signal handler <bound method DjangoFixup.on_import_modules of <celery.fixups.django.DjangoFixup object at 0x7ff4be9a9790>> raised: ValidationError(['Field "pop.DataItem.id" of model container:"<class \'pop.ups_model.DataItem\'>" cannot be of type "<class \'django.db.models.fields.BigAutoField\'>"'])
Traceback (most recent call last):
  File "/opt/venv/lib/python3.9/site-packages/celery/utils/dispatch/signal.py", line 276, in send
    response = receiver(signal=self, sender=sender, **named)
  File "/opt/venv/lib/python3.9/site-packages/celery/fixups/django.py", line 82, in on_import_modules
    self.worker_fixup.validate_models()
  File "/opt/venv/lib/python3.9/site-packages/celery/fixups/django.py", line 121, in validate_models
    run_checks()
  File "/opt/venv/lib/python3.9/site-packages/django/core/checks/registry.py", line 88, in run_checks
    new_errors = check(app_configs=app_configs, databases=databases)
  File "/opt/venv/lib/python3.9/site-packages/django/core/checks/urls.py", line 14, in check_url_config
    return check_resolver(resolver)
  File "/opt/venv/lib/python3.9/site-packages/django/core/checks/urls.py", line 24, in check_resolver
    return check_method()
  File "/opt/venv/lib/python3.9/site-packages/django/urls/resolvers.py", line 476, in check
    for pattern in self.url_patterns:
  File "/opt/venv/lib/python3.9/site-packages/django/utils/functional.py", line 57, in __get__
    res = instance.__dict__[self.name] = self.func(instance)
  File "/opt/venv/lib/python3.9/site-packages/django/urls/resolvers.py", line 690, in url_patterns
    patterns = getattr(self.urlconf_module, "urlpatterns", self.urlconf_module)
  File "/opt/venv/lib/python3.9/site-packages/django/utils/functional.py", line 57, in __get__
    res = instance.__dict__[self.name] = self.func(instance)
  File "/opt/venv/lib/python3.9/site-packages/django/urls/resolvers.py", line 683, in urlconf_module
    return import_module(self.urlconf_name)
  File "/usr/local/lib/python3.9/importlib/__init__.py", line 127, in import_module
    return _bootstrap._gcd_import(name[level:], package, level)
  File "<frozen importlib._bootstrap>", line 1030, in _gcd_import
  File "<frozen importlib._bootstrap>", line 1007, in _find_and_load
  File "<frozen importlib._bootstrap>", line 986, in _find_and_load_unlocked
  File "<frozen importlib._bootstrap>", line 680, in _load_unlocked
  File "<frozen importlib._bootstrap_external>", line 850, in exec_module
  File "<frozen importlib._bootstrap>", line 228, in _call_with_frames_removed
  File "/opt/app/dcim/urls.py", line 41, in <module>
    path('pop/', include('pop.api.urls', namespace='pops.apis')),
  File "/opt/venv/lib/python3.9/site-packages/django/urls/conf.py", line 38, in include
    urlconf_module = import_module(urlconf_module)
  File "/usr/local/lib/python3.9/importlib/__init__.py", line 127, in import_module
    return _bootstrap._gcd_import(name[level:], package, level)
  File "<frozen importlib._bootstrap>", line 1030, in _gcd_import
  File "<frozen importlib._bootstrap>", line 1007, in _find_and_load
  File "<frozen importlib._bootstrap>", line 986, in _find_and_load_unlocked
  File "<frozen importlib._bootstrap>", line 680, in _load_unlocked
  File "<frozen importlib._bootstrap_external>", line 850, in exec_module
  File "<frozen importlib._bootstrap>", line 228, in _call_with_frames_removed
  File "/opt/app/pop/api/urls.py", line 1, in <module>
    from pop.api.views import (
  File "/opt/app/pop/api/views.py", line 16, in <module>
    from pop.ups_model import UpsModel
  File "/opt/app/pop/ups_model.py", line 12, in <module>
    class UpsModel(models.Model):
  File "/opt/app/pop/ups_model.py", line 15, in UpsModel
    data = models.ArrayField(model_container=DataItem)
  File "/opt/venv/lib/python3.9/site-packages/djongo/models/fields.py", line 273, in __init__
    super().__init__(model_container, *args, **kwargs)
  File "/opt/venv/lib/python3.9/site-packages/djongo/models/fields.py", line 112, in __init__
    self._validate_container()
  File "/opt/venv/lib/python3.9/site-packages/djongo/models/fields.py", line 120, in _validate_container
    raise ValidationError(
django.core.exceptions.ValidationError: ['Field "pop.DataItem.id" of model container:"<class \'pop.ups_model.DataItem\'>" cannot be of type "<class \'django.db.models.fields.BigAutoField\'>"']
2025-03-13 15:18:32,334 celery.utils.dispatch.signal ERROR    Signal handler <bound method DjangoFixup.on_import_modules of <celery.fixups.django.DjangoFixup object at 0x7f5ed7d96790>> raised: ValidationError(['Field "pop.DataItem.id" of model container:"<class \'pop.ups_model.DataItem\'>" cannot be of type "<class \'django.db.models.fields.BigAutoField\'>"'])
Traceback (most recent call last):
  File "/opt/venv/lib/python3.9/site-packages/celery/utils/dispatch/signal.py", line 276, in send
    response = receiver(signal=self, sender=sender, **named)
  File "/opt/venv/lib/python3.9/site-packages/celery/fixups/django.py", line 82, in on_import_modules
    self.worker_fixup.validate_models()
  File "/opt/venv/lib/python3.9/site-packages/celery/fixups/django.py", line 121, in validate_models
    run_checks()
  File "/opt/venv/lib/python3.9/site-packages/django/core/checks/registry.py", line 88, in run_checks
    new_errors = check(app_configs=app_configs, databases=databases)
  File "/opt/venv/lib/python3.9/site-packages/django/core/checks/urls.py", line 42, in check_url_namespaces_unique
    all_namespaces = _load_all_namespaces(resolver)
  File "/opt/venv/lib/python3.9/site-packages/django/core/checks/urls.py", line 61, in _load_all_namespaces
    url_patterns = getattr(resolver, "url_patterns", [])
  File "/opt/venv/lib/python3.9/site-packages/django/utils/functional.py", line 57, in __get__
    res = instance.__dict__[self.name] = self.func(instance)
  File "/opt/venv/lib/python3.9/site-packages/django/urls/resolvers.py", line 690, in url_patterns
    patterns = getattr(self.urlconf_module, "urlpatterns", self.urlconf_module)
  File "/opt/venv/lib/python3.9/site-packages/django/utils/functional.py", line 57, in __get__
    res = instance.__dict__[self.name] = self.func(instance)
  File "/opt/venv/lib/python3.9/site-packages/django/urls/resolvers.py", line 683, in urlconf_module
    return import_module(self.urlconf_name)
  File "/usr/local/lib/python3.9/importlib/__init__.py", line 127, in import_module
    return _bootstrap._gcd_import(name[level:], package, level)
  File "<frozen importlib._bootstrap>", line 1030, in _gcd_import
  File "<frozen importlib._bootstrap>", line 1007, in _find_and_load
  File "<frozen importlib._bootstrap>", line 986, in _find_and_load_unlocked
  File "<frozen importlib._bootstrap>", line 680, in _load_unlocked
  File "<frozen importlib._bootstrap_external>", line 850, in exec_module
  File "<frozen importlib._bootstrap>", line 228, in _call_with_frames_removed
  File "/opt/app/dcim/urls.py", line 41, in <module>
    path('pop/', include('pop.api.urls', namespace='pops.apis')),
  File "/opt/venv/lib/python3.9/site-packages/django/urls/conf.py", line 38, in include
    urlconf_module = import_module(urlconf_module)
  File "/usr/local/lib/python3.9/importlib/__init__.py", line 127, in import_module
    return _bootstrap._gcd_import(name[level:], package, level)
  File "<frozen importlib._bootstrap>", line 1030, in _gcd_import
  File "<frozen importlib._bootstrap>", line 1007, in _find_and_load
  File "<frozen importlib._bootstrap>", line 986, in _find_and_load_unlocked
  File "<frozen importlib._bootstrap>", line 680, in _load_unlocked
  File "<frozen importlib._bootstrap_external>", line 850, in exec_module
  File "<frozen importlib._bootstrap>", line 228, in _call_with_frames_removed
  File "/opt/app/pop/api/urls.py", line 1, in <module>
    from pop.api.views import (
  File "/opt/app/pop/api/views.py", line 16, in <module>
    from pop.ups_model import UpsModel
  File "/opt/app/pop/ups_model.py", line 12, in <module>
    class UpsModel(models.Model):
  File "/opt/app/pop/ups_model.py", line 15, in UpsModel
    data = models.ArrayField(model_container=DataItem)
  File "/opt/venv/lib/python3.9/site-packages/djongo/models/fields.py", line 273, in __init__
    super().__init__(model_container, *args, **kwargs)
  File "/opt/venv/lib/python3.9/site-packages/djongo/models/fields.py", line 112, in __init__
    self._validate_container()
  File "/opt/venv/lib/python3.9/site-packages/djongo/models/fields.py", line 120, in _validate_container
    raise ValidationError(
django.core.exceptions.ValidationError: ['Field "pop.DataItem.id" of model container:"<class \'pop.ups_model.DataItem\'>" cannot be of type "<class \'django.db.models.fields.BigAutoField\'>"']
2025-03-13 15:18:32,929 celery.utils.dispatch.signal ERROR    Signal handler <bound method DjangoFixup.on_import_modules of <celery.fixups.django.DjangoFixup object at 0x7f3e33953790>> raised: ValidationError(['Field "pop.DataItem.id" of model container:"<class \'pop.ups_model.DataItem\'>" cannot be of type "<class \'django.db.models.fields.BigAutoField\'>"'])
Traceback (most recent call last):
  File "/opt/venv/lib/python3.9/site-packages/celery/utils/dispatch/signal.py", line 276, in send
    response = receiver(signal=self, sender=sender, **named)
  File "/opt/venv/lib/python3.9/site-packages/celery/fixups/django.py", line 82, in on_import_modules
    self.worker_fixup.validate_models()
  File "/opt/venv/lib/python3.9/site-packages/celery/fixups/django.py", line 121, in validate_models
    run_checks()
  File "/opt/venv/lib/python3.9/site-packages/django/core/checks/registry.py", line 88, in run_checks
    new_errors = check(app_configs=app_configs, databases=databases)
  File "/opt/venv/lib/python3.9/site-packages/django/core/checks/urls.py", line 14, in check_url_config
    return check_resolver(resolver)
  File "/opt/venv/lib/python3.9/site-packages/django/core/checks/urls.py", line 24, in check_resolver
    return check_method()
  File "/opt/venv/lib/python3.9/site-packages/django/urls/resolvers.py", line 476, in check
    for pattern in self.url_patterns:
  File "/opt/venv/lib/python3.9/site-packages/django/utils/functional.py", line 57, in __get__
    res = instance.__dict__[self.name] = self.func(instance)
  File "/opt/venv/lib/python3.9/site-packages/django/urls/resolvers.py", line 690, in url_patterns
    patterns = getattr(self.urlconf_module, "urlpatterns", self.urlconf_module)
  File "/opt/venv/lib/python3.9/site-packages/django/utils/functional.py", line 57, in __get__
    res = instance.__dict__[self.name] = self.func(instance)
  File "/opt/venv/lib/python3.9/site-packages/django/urls/resolvers.py", line 683, in urlconf_module
    return import_module(self.urlconf_name)
  File "/usr/local/lib/python3.9/importlib/__init__.py", line 127, in import_module
    return _bootstrap._gcd_import(name[level:], package, level)
  File "<frozen importlib._bootstrap>", line 1030, in _gcd_import
  File "<frozen importlib._bootstrap>", line 1007, in _find_and_load
  File "<frozen importlib._bootstrap>", line 986, in _find_and_load_unlocked
  File "<frozen importlib._bootstrap>", line 680, in _load_unlocked
  File "<frozen importlib._bootstrap_external>", line 850, in exec_module
  File "<frozen importlib._bootstrap>", line 228, in _call_with_frames_removed
  File "/opt/app/dcim/urls.py", line 41, in <module>
    path('pop/', include('pop.api.urls', namespace='pops.apis')),
  File "/opt/venv/lib/python3.9/site-packages/django/urls/conf.py", line 38, in include
    urlconf_module = import_module(urlconf_module)
  File "/usr/local/lib/python3.9/importlib/__init__.py", line 127, in import_module
    return _bootstrap._gcd_import(name[level:], package, level)
  File "<frozen importlib._bootstrap>", line 1030, in _gcd_import
  File "<frozen importlib._bootstrap>", line 1007, in _find_and_load
  File "<frozen importlib._bootstrap>", line 986, in _find_and_load_unlocked
  File "<frozen importlib._bootstrap>", line 680, in _load_unlocked
  File "<frozen importlib._bootstrap_external>", line 850, in exec_module
  File "<frozen importlib._bootstrap>", line 228, in _call_with_frames_removed
  File "/opt/app/pop/api/urls.py", line 1, in <module>
    from pop.api.views import (
  File "/opt/app/pop/api/views.py", line 16, in <module>
    from pop.ups_model import UpsModel
  File "/opt/app/pop/ups_model.py", line 12, in <module>
    class UpsModel(models.Model):
  File "/opt/app/pop/ups_model.py", line 15, in UpsModel
    data = models.ArrayField(model_container=DataItem)
  File "/opt/venv/lib/python3.9/site-packages/djongo/models/fields.py", line 273, in __init__
    super().__init__(model_container, *args, **kwargs)
  File "/opt/venv/lib/python3.9/site-packages/djongo/models/fields.py", line 112, in __init__
    self._validate_container()
  File "/opt/venv/lib/python3.9/site-packages/djongo/models/fields.py", line 120, in _validate_container
    raise ValidationError(
django.core.exceptions.ValidationError: ['Field "pop.DataItem.id" of model container:"<class \'pop.ups_model.DataItem\'>" cannot be of type "<class \'django.db.models.fields.BigAutoField\'>"']
2025-03-13 15:18:41,449 pop.CCCL_environment_mixins INFO     mongo_db = CCCLEnvironment, topic = CCCL/PURBACHAL/ENV_01 created 67d2a2f14fc3fcbdd4cbd828 succesfully
2025-03-13 15:18:41,463 pop.CCCL_environment_mixins INFO     mongo_db = TemporaryCCCLEnvironment, topic = CCCL/PURBACHAL/ENV_01 created 67d2a2f14fc3fcbdd4cbd829 succesfully
2025-03-13 15:18:41,474 pop.CCCL_environment_mixins INFO     mongo_db = TodayCCCLEnvironment, topic = CCCL/PURBACHAL/ENV_01 created 67d2a2f14fc3fcbdd4cbd82a succesfully
2025-03-13 15:18:46,797 celery.utils.dispatch.signal ERROR    Signal handler <bound method DjangoFixup.on_import_modules of <celery.fixups.django.DjangoFixup object at 0x7fd915464790>> raised: ValidationError(['Field "pop.DataItem.id" of model container:"<class \'pop.ups_model.DataItem\'>" cannot be of type "<class \'django.db.models.fields.BigAutoField\'>"'])
Traceback (most recent call last):
  File "/opt/venv/lib/python3.9/site-packages/celery/utils/dispatch/signal.py", line 276, in send
    response = receiver(signal=self, sender=sender, **named)
  File "/opt/venv/lib/python3.9/site-packages/celery/fixups/django.py", line 82, in on_import_modules
    self.worker_fixup.validate_models()
  File "/opt/venv/lib/python3.9/site-packages/celery/fixups/django.py", line 121, in validate_models
    run_checks()
  File "/opt/venv/lib/python3.9/site-packages/django/core/checks/registry.py", line 88, in run_checks
    new_errors = check(app_configs=app_configs, databases=databases)
  File "/opt/venv/lib/python3.9/site-packages/django/core/checks/urls.py", line 42, in check_url_namespaces_unique
    all_namespaces = _load_all_namespaces(resolver)
  File "/opt/venv/lib/python3.9/site-packages/django/core/checks/urls.py", line 61, in _load_all_namespaces
    url_patterns = getattr(resolver, "url_patterns", [])
  File "/opt/venv/lib/python3.9/site-packages/django/utils/functional.py", line 57, in __get__
    res = instance.__dict__[self.name] = self.func(instance)
  File "/opt/venv/lib/python3.9/site-packages/django/urls/resolvers.py", line 690, in url_patterns
    patterns = getattr(self.urlconf_module, "urlpatterns", self.urlconf_module)
  File "/opt/venv/lib/python3.9/site-packages/django/utils/functional.py", line 57, in __get__
    res = instance.__dict__[self.name] = self.func(instance)
  File "/opt/venv/lib/python3.9/site-packages/django/urls/resolvers.py", line 683, in urlconf_module
    return import_module(self.urlconf_name)
  File "/usr/local/lib/python3.9/importlib/__init__.py", line 127, in import_module
    return _bootstrap._gcd_import(name[level:], package, level)
  File "<frozen importlib._bootstrap>", line 1030, in _gcd_import
  File "<frozen importlib._bootstrap>", line 1007, in _find_and_load
  File "<frozen importlib._bootstrap>", line 986, in _find_and_load_unlocked
  File "<frozen importlib._bootstrap>", line 680, in _load_unlocked
  File "<frozen importlib._bootstrap_external>", line 850, in exec_module
  File "<frozen importlib._bootstrap>", line 228, in _call_with_frames_removed
  File "/opt/app/dcim/urls.py", line 41, in <module>
    path('pop/', include('pop.api.urls', namespace='pops.apis')),
  File "/opt/venv/lib/python3.9/site-packages/django/urls/conf.py", line 38, in include
    urlconf_module = import_module(urlconf_module)
  File "/usr/local/lib/python3.9/importlib/__init__.py", line 127, in import_module
    return _bootstrap._gcd_import(name[level:], package, level)
  File "<frozen importlib._bootstrap>", line 1030, in _gcd_import
  File "<frozen importlib._bootstrap>", line 1007, in _find_and_load
  File "<frozen importlib._bootstrap>", line 986, in _find_and_load_unlocked
  File "<frozen importlib._bootstrap>", line 680, in _load_unlocked
  File "<frozen importlib._bootstrap_external>", line 850, in exec_module
  File "<frozen importlib._bootstrap>", line 228, in _call_with_frames_removed
  File "/opt/app/pop/api/urls.py", line 1, in <module>
    from pop.api.views import (
  File "/opt/app/pop/api/views.py", line 16, in <module>
    from pop.ups_model import UpsModel
  File "/opt/app/pop/ups_model.py", line 12, in <module>
    class UpsModel(models.Model):
  File "/opt/app/pop/ups_model.py", line 15, in UpsModel
    data = models.ArrayField(model_container=DataItem)
  File "/opt/venv/lib/python3.9/site-packages/djongo/models/fields.py", line 273, in __init__
    super().__init__(model_container, *args, **kwargs)
  File "/opt/venv/lib/python3.9/site-packages/djongo/models/fields.py", line 112, in __init__
    self._validate_container()
  File "/opt/venv/lib/python3.9/site-packages/djongo/models/fields.py", line 120, in _validate_container
    raise ValidationError(
django.core.exceptions.ValidationError: ['Field "pop.DataItem.id" of model container:"<class \'pop.ups_model.DataItem\'>" cannot be of type "<class \'django.db.models.fields.BigAutoField\'>"']
2025-03-13 15:18:47,517 celery.utils.dispatch.signal ERROR    Signal handler <bound method DjangoFixup.on_import_modules of <celery.fixups.django.DjangoFixup object at 0x7ff802840790>> raised: ValidationError(['Field "pop.DataItem.id" of model container:"<class \'pop.ups_model.DataItem\'>" cannot be of type "<class \'django.db.models.fields.BigAutoField\'>"'])
Traceback (most recent call last):
  File "/opt/venv/lib/python3.9/site-packages/celery/utils/dispatch/signal.py", line 276, in send
    response = receiver(signal=self, sender=sender, **named)
  File "/opt/venv/lib/python3.9/site-packages/celery/fixups/django.py", line 82, in on_import_modules
    self.worker_fixup.validate_models()
  File "/opt/venv/lib/python3.9/site-packages/celery/fixups/django.py", line 121, in validate_models
    run_checks()
  File "/opt/venv/lib/python3.9/site-packages/django/core/checks/registry.py", line 88, in run_checks
    new_errors = check(app_configs=app_configs, databases=databases)
  File "/opt/venv/lib/python3.9/site-packages/django/core/checks/urls.py", line 14, in check_url_config
    return check_resolver(resolver)
  File "/opt/venv/lib/python3.9/site-packages/django/core/checks/urls.py", line 24, in check_resolver
    return check_method()
  File "/opt/venv/lib/python3.9/site-packages/django/urls/resolvers.py", line 476, in check
    for pattern in self.url_patterns:
  File "/opt/venv/lib/python3.9/site-packages/django/utils/functional.py", line 57, in __get__
    res = instance.__dict__[self.name] = self.func(instance)
  File "/opt/venv/lib/python3.9/site-packages/django/urls/resolvers.py", line 690, in url_patterns
    patterns = getattr(self.urlconf_module, "urlpatterns", self.urlconf_module)
  File "/opt/venv/lib/python3.9/site-packages/django/utils/functional.py", line 57, in __get__
    res = instance.__dict__[self.name] = self.func(instance)
  File "/opt/venv/lib/python3.9/site-packages/django/urls/resolvers.py", line 683, in urlconf_module
    return import_module(self.urlconf_name)
  File "/usr/local/lib/python3.9/importlib/__init__.py", line 127, in import_module
    return _bootstrap._gcd_import(name[level:], package, level)
  File "<frozen importlib._bootstrap>", line 1030, in _gcd_import
  File "<frozen importlib._bootstrap>", line 1007, in _find_and_load
  File "<frozen importlib._bootstrap>", line 986, in _find_and_load_unlocked
  File "<frozen importlib._bootstrap>", line 680, in _load_unlocked
  File "<frozen importlib._bootstrap_external>", line 850, in exec_module
  File "<frozen importlib._bootstrap>", line 228, in _call_with_frames_removed
  File "/opt/app/dcim/urls.py", line 41, in <module>
    path('pop/', include('pop.api.urls', namespace='pops.apis')),
  File "/opt/venv/lib/python3.9/site-packages/django/urls/conf.py", line 38, in include
    urlconf_module = import_module(urlconf_module)
  File "/usr/local/lib/python3.9/importlib/__init__.py", line 127, in import_module
    return _bootstrap._gcd_import(name[level:], package, level)
  File "<frozen importlib._bootstrap>", line 1030, in _gcd_import
  File "<frozen importlib._bootstrap>", line 1007, in _find_and_load
  File "<frozen importlib._bootstrap>", line 986, in _find_and_load_unlocked
  File "<frozen importlib._bootstrap>", line 680, in _load_unlocked
  File "<frozen importlib._bootstrap_external>", line 850, in exec_module
  File "<frozen importlib._bootstrap>", line 228, in _call_with_frames_removed
  File "/opt/app/pop/api/urls.py", line 1, in <module>
    from pop.api.views import (
  File "/opt/app/pop/api/views.py", line 16, in <module>
    from pop.ups_model import UpsModel
  File "/opt/app/pop/ups_model.py", line 12, in <module>
    class UpsModel(models.Model):
  File "/opt/app/pop/ups_model.py", line 15, in UpsModel
    data = models.ArrayField(model_container=DataItem)
  File "/opt/venv/lib/python3.9/site-packages/djongo/models/fields.py", line 273, in __init__
    super().__init__(model_container, *args, **kwargs)
  File "/opt/venv/lib/python3.9/site-packages/djongo/models/fields.py", line 112, in __init__
    self._validate_container()
  File "/opt/venv/lib/python3.9/site-packages/djongo/models/fields.py", line 120, in _validate_container
    raise ValidationError(
django.core.exceptions.ValidationError: ['Field "pop.DataItem.id" of model container:"<class \'pop.ups_model.DataItem\'>" cannot be of type "<class \'django.db.models.fields.BigAutoField\'>"']
2025-03-13 15:18:52,570 pop.CPM_RT_mixins INFO     mongo_db = RTModelCPM, topic = MQTT_RT_DATA created 67d2a2fc4fc3fcbdd4cbd82b succesfully
2025-03-13 15:18:52,587 pop.CPM_RT_mixins INFO     mongo_db = TemporaryRTModelCPM, topic = MQTT_RT_DATA created 67d2a2fc4fc3fcbdd4cbd82c succesfully
2025-03-13 15:18:52,605 pop.CPM_RT_mixins INFO     mongo_db = TodayRTModelCPM, topic = MQTT_RT_DATA created 67d2a2fc4fc3fcbdd4cbd82d succesfully
2025-03-13 15:18:52,785 pop.CCCL_generator_mixins INFO     mongo_db = CCCLGenerator, topic = CCCL/PURBACHAL/ENM_01 created 67d2a2fc4fc3fcbdd4cbd82e succesfully
2025-03-13 15:18:52,807 pop.CCCL_generator_mixins INFO     mongo_db = TemporaryCCCLGenerator, topic = CCCL/PURBACHAL/ENM_01 created 67d2a2fc4fc3fcbdd4cbd82f succesfully
2025-03-13 15:18:52,828 pop.CCCL_generator_mixins INFO     mongo_db = TodayCCCLGenerator, topic = CCCL/PURBACHAL/ENM_01 created 67d2a2fc4fc3fcbdd4cbd830 succesfully
2025-03-13 15:19:11,743 pop.CCCL_environment_mixins INFO     mongo_db = CCCLEnvironment, topic = CCCL/PURBACHAL/ENV_01 created 67d2a30f4fc3fcbdd4cbd831 succesfully
2025-03-13 15:19:11,753 pop.CCCL_environment_mixins INFO     mongo_db = TemporaryCCCLEnvironment, topic = CCCL/PURBACHAL/ENV_01 created 67d2a30f4fc3fcbdd4cbd832 succesfully
2025-03-13 15:19:11,765 pop.CCCL_environment_mixins INFO     mongo_db = TodayCCCLEnvironment, topic = CCCL/PURBACHAL/ENV_01 created 67d2a30f4fc3fcbdd4cbd833 succesfully
2025-03-13 15:19:14,125 celery.utils.dispatch.signal ERROR    Signal handler <bound method DjangoFixup.on_import_modules of <celery.fixups.django.DjangoFixup object at 0x7f454907d790>> raised: ValidationError(['Field "pop.DataItem.id" of model container:"<class \'pop.ups_model.DataItem\'>" cannot be of type "<class \'django.db.models.fields.BigAutoField\'>"'])
Traceback (most recent call last):
  File "/opt/venv/lib/python3.9/site-packages/celery/utils/dispatch/signal.py", line 276, in send
    response = receiver(signal=self, sender=sender, **named)
  File "/opt/venv/lib/python3.9/site-packages/celery/fixups/django.py", line 82, in on_import_modules
    self.worker_fixup.validate_models()
  File "/opt/venv/lib/python3.9/site-packages/celery/fixups/django.py", line 121, in validate_models
    run_checks()
  File "/opt/venv/lib/python3.9/site-packages/django/core/checks/registry.py", line 88, in run_checks
    new_errors = check(app_configs=app_configs, databases=databases)
  File "/opt/venv/lib/python3.9/site-packages/django/core/checks/urls.py", line 42, in check_url_namespaces_unique
    all_namespaces = _load_all_namespaces(resolver)
  File "/opt/venv/lib/python3.9/site-packages/django/core/checks/urls.py", line 61, in _load_all_namespaces
    url_patterns = getattr(resolver, "url_patterns", [])
  File "/opt/venv/lib/python3.9/site-packages/django/utils/functional.py", line 57, in __get__
    res = instance.__dict__[self.name] = self.func(instance)
  File "/opt/venv/lib/python3.9/site-packages/django/urls/resolvers.py", line 690, in url_patterns
    patterns = getattr(self.urlconf_module, "urlpatterns", self.urlconf_module)
  File "/opt/venv/lib/python3.9/site-packages/django/utils/functional.py", line 57, in __get__
    res = instance.__dict__[self.name] = self.func(instance)
  File "/opt/venv/lib/python3.9/site-packages/django/urls/resolvers.py", line 683, in urlconf_module
    return import_module(self.urlconf_name)
  File "/usr/local/lib/python3.9/importlib/__init__.py", line 127, in import_module
    return _bootstrap._gcd_import(name[level:], package, level)
  File "<frozen importlib._bootstrap>", line 1030, in _gcd_import
  File "<frozen importlib._bootstrap>", line 1007, in _find_and_load
  File "<frozen importlib._bootstrap>", line 986, in _find_and_load_unlocked
  File "<frozen importlib._bootstrap>", line 680, in _load_unlocked
  File "<frozen importlib._bootstrap_external>", line 850, in exec_module
  File "<frozen importlib._bootstrap>", line 228, in _call_with_frames_removed
  File "/opt/app/dcim/urls.py", line 41, in <module>
    path('pop/', include('pop.api.urls', namespace='pops.apis')),
  File "/opt/venv/lib/python3.9/site-packages/django/urls/conf.py", line 38, in include
    urlconf_module = import_module(urlconf_module)
  File "/usr/local/lib/python3.9/importlib/__init__.py", line 127, in import_module
    return _bootstrap._gcd_import(name[level:], package, level)
  File "<frozen importlib._bootstrap>", line 1030, in _gcd_import
  File "<frozen importlib._bootstrap>", line 1007, in _find_and_load
  File "<frozen importlib._bootstrap>", line 986, in _find_and_load_unlocked
  File "<frozen importlib._bootstrap>", line 680, in _load_unlocked
  File "<frozen importlib._bootstrap_external>", line 850, in exec_module
  File "<frozen importlib._bootstrap>", line 228, in _call_with_frames_removed
  File "/opt/app/pop/api/urls.py", line 1, in <module>
    from pop.api.views import (
  File "/opt/app/pop/api/views.py", line 16, in <module>
    from pop.ups_model import UpsModel
  File "/opt/app/pop/ups_model.py", line 12, in <module>
    class UpsModel(models.Model):
  File "/opt/app/pop/ups_model.py", line 15, in UpsModel
    data = models.ArrayField(model_container=DataItem)
  File "/opt/venv/lib/python3.9/site-packages/djongo/models/fields.py", line 273, in __init__
    super().__init__(model_container, *args, **kwargs)
  File "/opt/venv/lib/python3.9/site-packages/djongo/models/fields.py", line 112, in __init__
    self._validate_container()
  File "/opt/venv/lib/python3.9/site-packages/djongo/models/fields.py", line 120, in _validate_container
    raise ValidationError(
django.core.exceptions.ValidationError: ['Field "pop.DataItem.id" of model container:"<class \'pop.ups_model.DataItem\'>" cannot be of type "<class \'django.db.models.fields.BigAutoField\'>"']
2025-03-13 15:19:14,776 celery.utils.dispatch.signal ERROR    Signal handler <bound method DjangoFixup.on_import_modules of <celery.fixups.django.DjangoFixup object at 0x7f3669144790>> raised: ValidationError(['Field "pop.DataItem.id" of model container:"<class \'pop.ups_model.DataItem\'>" cannot be of type "<class \'django.db.models.fields.BigAutoField\'>"'])
Traceback (most recent call last):
  File "/opt/venv/lib/python3.9/site-packages/celery/utils/dispatch/signal.py", line 276, in send
    response = receiver(signal=self, sender=sender, **named)
  File "/opt/venv/lib/python3.9/site-packages/celery/fixups/django.py", line 82, in on_import_modules
    self.worker_fixup.validate_models()
  File "/opt/venv/lib/python3.9/site-packages/celery/fixups/django.py", line 121, in validate_models
    run_checks()
  File "/opt/venv/lib/python3.9/site-packages/django/core/checks/registry.py", line 88, in run_checks
    new_errors = check(app_configs=app_configs, databases=databases)
  File "/opt/venv/lib/python3.9/site-packages/django/core/checks/urls.py", line 14, in check_url_config
    return check_resolver(resolver)
  File "/opt/venv/lib/python3.9/site-packages/django/core/checks/urls.py", line 24, in check_resolver
    return check_method()
  File "/opt/venv/lib/python3.9/site-packages/django/urls/resolvers.py", line 476, in check
    for pattern in self.url_patterns:
  File "/opt/venv/lib/python3.9/site-packages/django/utils/functional.py", line 57, in __get__
    res = instance.__dict__[self.name] = self.func(instance)
  File "/opt/venv/lib/python3.9/site-packages/django/urls/resolvers.py", line 690, in url_patterns
    patterns = getattr(self.urlconf_module, "urlpatterns", self.urlconf_module)
  File "/opt/venv/lib/python3.9/site-packages/django/utils/functional.py", line 57, in __get__
    res = instance.__dict__[self.name] = self.func(instance)
  File "/opt/venv/lib/python3.9/site-packages/django/urls/resolvers.py", line 683, in urlconf_module
    return import_module(self.urlconf_name)
  File "/usr/local/lib/python3.9/importlib/__init__.py", line 127, in import_module
    return _bootstrap._gcd_import(name[level:], package, level)
  File "<frozen importlib._bootstrap>", line 1030, in _gcd_import
  File "<frozen importlib._bootstrap>", line 1007, in _find_and_load
  File "<frozen importlib._bootstrap>", line 986, in _find_and_load_unlocked
  File "<frozen importlib._bootstrap>", line 680, in _load_unlocked
  File "<frozen importlib._bootstrap_external>", line 850, in exec_module
  File "<frozen importlib._bootstrap>", line 228, in _call_with_frames_removed
  File "/opt/app/dcim/urls.py", line 41, in <module>
    path('pop/', include('pop.api.urls', namespace='pops.apis')),
  File "/opt/venv/lib/python3.9/site-packages/django/urls/conf.py", line 38, in include
    urlconf_module = import_module(urlconf_module)
  File "/usr/local/lib/python3.9/importlib/__init__.py", line 127, in import_module
    return _bootstrap._gcd_import(name[level:], package, level)
  File "<frozen importlib._bootstrap>", line 1030, in _gcd_import
  File "<frozen importlib._bootstrap>", line 1007, in _find_and_load
  File "<frozen importlib._bootstrap>", line 986, in _find_and_load_unlocked
  File "<frozen importlib._bootstrap>", line 680, in _load_unlocked
  File "<frozen importlib._bootstrap_external>", line 850, in exec_module
  File "<frozen importlib._bootstrap>", line 228, in _call_with_frames_removed
  File "/opt/app/pop/api/urls.py", line 1, in <module>
    from pop.api.views import (
  File "/opt/app/pop/api/views.py", line 16, in <module>
    from pop.ups_model import UpsModel
  File "/opt/app/pop/ups_model.py", line 12, in <module>
    class UpsModel(models.Model):
  File "/opt/app/pop/ups_model.py", line 15, in UpsModel
    data = models.ArrayField(model_container=DataItem)
  File "/opt/venv/lib/python3.9/site-packages/djongo/models/fields.py", line 273, in __init__
    super().__init__(model_container, *args, **kwargs)
  File "/opt/venv/lib/python3.9/site-packages/djongo/models/fields.py", line 112, in __init__
    self._validate_container()
  File "/opt/venv/lib/python3.9/site-packages/djongo/models/fields.py", line 120, in _validate_container
    raise ValidationError(
django.core.exceptions.ValidationError: ['Field "pop.DataItem.id" of model container:"<class \'pop.ups_model.DataItem\'>" cannot be of type "<class \'django.db.models.fields.BigAutoField\'>"']
2025-03-13 15:19:42,268 pop.CCCL_environment_mixins INFO     mongo_db = CCCLEnvironment, topic = CCCL/PURBACHAL/ENV_01 created 67d2a32e4fc3fcbdd4cbd834 succesfully
2025-03-13 15:19:42,281 pop.CCCL_environment_mixins INFO     mongo_db = TemporaryCCCLEnvironment, topic = CCCL/PURBACHAL/ENV_01 created 67d2a32e4fc3fcbdd4cbd835 succesfully
2025-03-13 15:19:42,294 pop.CCCL_environment_mixins INFO     mongo_db = TodayCCCLEnvironment, topic = CCCL/PURBACHAL/ENV_01 created 67d2a32e4fc3fcbdd4cbd836 succesfully
2025-03-13 15:19:51,729 pop.CPM_RT_mixins INFO     mongo_db = RTModelCPM, topic = MQTT_RT_DATA created 67d2a3374fc3fcbdd4cbd837 succesfully
2025-03-13 15:19:51,744 pop.CPM_RT_mixins INFO     mongo_db = TemporaryRTModelCPM, topic = MQTT_RT_DATA created 67d2a3374fc3fcbdd4cbd838 succesfully
2025-03-13 15:19:51,758 pop.CPM_RT_mixins INFO     mongo_db = TodayRTModelCPM, topic = MQTT_RT_DATA created 67d2a3374fc3fcbdd4cbd839 succesfully
2025-03-13 15:19:52,801 pop.CCCL_generator_mixins INFO     mongo_db = CCCLGenerator, topic = CCCL/PURBACHAL/ENM_01 created 67d2a3384fc3fcbdd4cbd83a succesfully
2025-03-13 15:19:52,817 pop.CCCL_generator_mixins INFO     mongo_db = TemporaryCCCLGenerator, topic = CCCL/PURBACHAL/ENM_01 created 67d2a3384fc3fcbdd4cbd83b succesfully
2025-03-13 15:19:52,835 pop.CCCL_generator_mixins INFO     mongo_db = TodayCCCLGenerator, topic = CCCL/PURBACHAL/ENM_01 created 67d2a3384fc3fcbdd4cbd83c succesfully
2025-03-13 15:20:06,998 celery.utils.dispatch.signal ERROR    Signal handler <bound method DjangoFixup.on_import_modules of <celery.fixups.django.DjangoFixup object at 0x7f335f441790>> raised: ValidationError(['Field "pop.DataItem.id" of model container:"<class \'pop.ups_model.DataItem\'>" cannot be of type "<class \'django.db.models.fields.BigAutoField\'>"'])
Traceback (most recent call last):
  File "/opt/venv/lib/python3.9/site-packages/celery/utils/dispatch/signal.py", line 276, in send
    response = receiver(signal=self, sender=sender, **named)
  File "/opt/venv/lib/python3.9/site-packages/celery/fixups/django.py", line 82, in on_import_modules
    self.worker_fixup.validate_models()
  File "/opt/venv/lib/python3.9/site-packages/celery/fixups/django.py", line 121, in validate_models
    run_checks()
  File "/opt/venv/lib/python3.9/site-packages/django/core/checks/registry.py", line 88, in run_checks
    new_errors = check(app_configs=app_configs, databases=databases)
  File "/opt/venv/lib/python3.9/site-packages/django/core/checks/urls.py", line 42, in check_url_namespaces_unique
    all_namespaces = _load_all_namespaces(resolver)
  File "/opt/venv/lib/python3.9/site-packages/django/core/checks/urls.py", line 61, in _load_all_namespaces
    url_patterns = getattr(resolver, "url_patterns", [])
  File "/opt/venv/lib/python3.9/site-packages/django/utils/functional.py", line 57, in __get__
    res = instance.__dict__[self.name] = self.func(instance)
  File "/opt/venv/lib/python3.9/site-packages/django/urls/resolvers.py", line 690, in url_patterns
    patterns = getattr(self.urlconf_module, "urlpatterns", self.urlconf_module)
  File "/opt/venv/lib/python3.9/site-packages/django/utils/functional.py", line 57, in __get__
    res = instance.__dict__[self.name] = self.func(instance)
  File "/opt/venv/lib/python3.9/site-packages/django/urls/resolvers.py", line 683, in urlconf_module
    return import_module(self.urlconf_name)
  File "/usr/local/lib/python3.9/importlib/__init__.py", line 127, in import_module
    return _bootstrap._gcd_import(name[level:], package, level)
  File "<frozen importlib._bootstrap>", line 1030, in _gcd_import
  File "<frozen importlib._bootstrap>", line 1007, in _find_and_load
  File "<frozen importlib._bootstrap>", line 986, in _find_and_load_unlocked
  File "<frozen importlib._bootstrap>", line 680, in _load_unlocked
  File "<frozen importlib._bootstrap_external>", line 850, in exec_module
  File "<frozen importlib._bootstrap>", line 228, in _call_with_frames_removed
  File "/opt/app/dcim/urls.py", line 41, in <module>
    path('pop/', include('pop.api.urls', namespace='pops.apis')),
  File "/opt/venv/lib/python3.9/site-packages/django/urls/conf.py", line 38, in include
    urlconf_module = import_module(urlconf_module)
  File "/usr/local/lib/python3.9/importlib/__init__.py", line 127, in import_module
    return _bootstrap._gcd_import(name[level:], package, level)
  File "<frozen importlib._bootstrap>", line 1030, in _gcd_import
  File "<frozen importlib._bootstrap>", line 1007, in _find_and_load
  File "<frozen importlib._bootstrap>", line 986, in _find_and_load_unlocked
  File "<frozen importlib._bootstrap>", line 680, in _load_unlocked
  File "<frozen importlib._bootstrap_external>", line 850, in exec_module
  File "<frozen importlib._bootstrap>", line 228, in _call_with_frames_removed
  File "/opt/app/pop/api/urls.py", line 1, in <module>
    from pop.api.views import (
  File "/opt/app/pop/api/views.py", line 16, in <module>
    from pop.ups_model import UpsModel
  File "/opt/app/pop/ups_model.py", line 12, in <module>
    class UpsModel(models.Model):
  File "/opt/app/pop/ups_model.py", line 15, in UpsModel
    data = models.ArrayField(model_container=DataItem)
  File "/opt/venv/lib/python3.9/site-packages/djongo/models/fields.py", line 273, in __init__
    super().__init__(model_container, *args, **kwargs)
  File "/opt/venv/lib/python3.9/site-packages/djongo/models/fields.py", line 112, in __init__
    self._validate_container()
  File "/opt/venv/lib/python3.9/site-packages/djongo/models/fields.py", line 120, in _validate_container
    raise ValidationError(
django.core.exceptions.ValidationError: ['Field "pop.DataItem.id" of model container:"<class \'pop.ups_model.DataItem\'>" cannot be of type "<class \'django.db.models.fields.BigAutoField\'>"']
2025-03-13 15:20:07,757 celery.utils.dispatch.signal ERROR    Signal handler <bound method DjangoFixup.on_import_modules of <celery.fixups.django.DjangoFixup object at 0x7f5c5f927790>> raised: ValidationError(['Field "pop.DataItem.id" of model container:"<class \'pop.ups_model.DataItem\'>" cannot be of type "<class \'django.db.models.fields.BigAutoField\'>"'])
Traceback (most recent call last):
  File "/opt/venv/lib/python3.9/site-packages/celery/utils/dispatch/signal.py", line 276, in send
    response = receiver(signal=self, sender=sender, **named)
  File "/opt/venv/lib/python3.9/site-packages/celery/fixups/django.py", line 82, in on_import_modules
    self.worker_fixup.validate_models()
  File "/opt/venv/lib/python3.9/site-packages/celery/fixups/django.py", line 121, in validate_models
    run_checks()
  File "/opt/venv/lib/python3.9/site-packages/django/core/checks/registry.py", line 88, in run_checks
    new_errors = check(app_configs=app_configs, databases=databases)
  File "/opt/venv/lib/python3.9/site-packages/django/core/checks/urls.py", line 14, in check_url_config
    return check_resolver(resolver)
  File "/opt/venv/lib/python3.9/site-packages/django/core/checks/urls.py", line 24, in check_resolver
    return check_method()
  File "/opt/venv/lib/python3.9/site-packages/django/urls/resolvers.py", line 476, in check
    for pattern in self.url_patterns:
  File "/opt/venv/lib/python3.9/site-packages/django/utils/functional.py", line 57, in __get__
    res = instance.__dict__[self.name] = self.func(instance)
  File "/opt/venv/lib/python3.9/site-packages/django/urls/resolvers.py", line 690, in url_patterns
    patterns = getattr(self.urlconf_module, "urlpatterns", self.urlconf_module)
  File "/opt/venv/lib/python3.9/site-packages/django/utils/functional.py", line 57, in __get__
    res = instance.__dict__[self.name] = self.func(instance)
  File "/opt/venv/lib/python3.9/site-packages/django/urls/resolvers.py", line 683, in urlconf_module
    return import_module(self.urlconf_name)
  File "/usr/local/lib/python3.9/importlib/__init__.py", line 127, in import_module
    return _bootstrap._gcd_import(name[level:], package, level)
  File "<frozen importlib._bootstrap>", line 1030, in _gcd_import
  File "<frozen importlib._bootstrap>", line 1007, in _find_and_load
  File "<frozen importlib._bootstrap>", line 986, in _find_and_load_unlocked
  File "<frozen importlib._bootstrap>", line 680, in _load_unlocked
  File "<frozen importlib._bootstrap_external>", line 850, in exec_module
  File "<frozen importlib._bootstrap>", line 228, in _call_with_frames_removed
  File "/opt/app/dcim/urls.py", line 41, in <module>
    path('pop/', include('pop.api.urls', namespace='pops.apis')),
  File "/opt/venv/lib/python3.9/site-packages/django/urls/conf.py", line 38, in include
    urlconf_module = import_module(urlconf_module)
  File "/usr/local/lib/python3.9/importlib/__init__.py", line 127, in import_module
    return _bootstrap._gcd_import(name[level:], package, level)
  File "<frozen importlib._bootstrap>", line 1030, in _gcd_import
  File "<frozen importlib._bootstrap>", line 1007, in _find_and_load
  File "<frozen importlib._bootstrap>", line 986, in _find_and_load_unlocked
  File "<frozen importlib._bootstrap>", line 680, in _load_unlocked
  File "<frozen importlib._bootstrap_external>", line 850, in exec_module
  File "<frozen importlib._bootstrap>", line 228, in _call_with_frames_removed
  File "/opt/app/pop/api/urls.py", line 1, in <module>
    from pop.api.views import (
  File "/opt/app/pop/api/views.py", line 16, in <module>
    from pop.ups_model import UpsModel
  File "/opt/app/pop/ups_model.py", line 12, in <module>
    class UpsModel(models.Model):
  File "/opt/app/pop/ups_model.py", line 15, in UpsModel
    data = models.ArrayField(model_container=DataItem)
  File "/opt/venv/lib/python3.9/site-packages/djongo/models/fields.py", line 273, in __init__
    super().__init__(model_container, *args, **kwargs)
  File "/opt/venv/lib/python3.9/site-packages/djongo/models/fields.py", line 112, in __init__
    self._validate_container()
  File "/opt/venv/lib/python3.9/site-packages/djongo/models/fields.py", line 120, in _validate_container
    raise ValidationError(
django.core.exceptions.ValidationError: ['Field "pop.DataItem.id" of model container:"<class \'pop.ups_model.DataItem\'>" cannot be of type "<class \'django.db.models.fields.BigAutoField\'>"']
2025-03-13 15:20:12,587 pop.CCCL_environment_mixins INFO     mongo_db = CCCLEnvironment, topic = CCCL/PURBACHAL/ENV_01 created 67d2a34c4fc3fcbdd4cbd83d succesfully
2025-03-13 15:20:12,613 pop.CCCL_environment_mixins INFO     mongo_db = TemporaryCCCLEnvironment, topic = CCCL/PURBACHAL/ENV_01 created 67d2a34c4fc3fcbdd4cbd83e succesfully
2025-03-13 15:20:12,624 pop.CCCL_environment_mixins INFO     mongo_db = TodayCCCLEnvironment, topic = CCCL/PURBACHAL/ENV_01 created 67d2a34c4fc3fcbdd4cbd83f succesfully
2025-03-13 15:20:21,817 pop.CPM_RT_mixins INFO     mongo_db = RTModelCPM, topic = MQTT_RT_DATA created 67d2a3554fc3fcbdd4cbd840 succesfully
2025-03-13 15:20:21,842 pop.CPM_RT_mixins INFO     mongo_db = TemporaryRTModelCPM, topic = MQTT_RT_DATA created 67d2a3554fc3fcbdd4cbd841 succesfully
2025-03-13 15:20:21,860 pop.CPM_RT_mixins INFO     mongo_db = TodayRTModelCPM, topic = MQTT_RT_DATA created 67d2a3554fc3fcbdd4cbd842 succesfully
2025-03-13 15:20:42,987 pop.CCCL_environment_mixins INFO     mongo_db = CCCLEnvironment, topic = CCCL/PURBACHAL/ENV_01 created 67d2a36a4fc3fcbdd4cbd843 succesfully
2025-03-13 15:20:42,995 pop.CCCL_environment_mixins INFO     mongo_db = TemporaryCCCLEnvironment, topic = CCCL/PURBACHAL/ENV_01 created 67d2a36a4fc3fcbdd4cbd844 succesfully
2025-03-13 15:20:43,004 pop.CCCL_environment_mixins INFO     mongo_db = TodayCCCLEnvironment, topic = CCCL/PURBACHAL/ENV_01 created 67d2a36b4fc3fcbdd4cbd845 succesfully
2025-03-13 15:20:51,820 pop.CPM_RT_mixins INFO     mongo_db = RTModelCPM, topic = MQTT_RT_DATA created 67d2a3734fc3fcbdd4cbd846 succesfully
2025-03-13 15:20:51,833 pop.CPM_RT_mixins INFO     mongo_db = TemporaryRTModelCPM, topic = MQTT_RT_DATA created 67d2a3734fc3fcbdd4cbd847 succesfully
2025-03-13 15:20:51,845 pop.CPM_RT_mixins INFO     mongo_db = TodayRTModelCPM, topic = MQTT_RT_DATA created 67d2a3734fc3fcbdd4cbd848 succesfully
2025-03-13 15:20:52,792 pop.CCCL_generator_mixins INFO     mongo_db = CCCLGenerator, topic = CCCL/PURBACHAL/ENM_01 created 67d2a3744fc3fcbdd4cbd849 succesfully
2025-03-13 15:20:52,809 pop.CCCL_generator_mixins INFO     mongo_db = TemporaryCCCLGenerator, topic = CCCL/PURBACHAL/ENM_01 created 67d2a3744fc3fcbdd4cbd84a succesfully
2025-03-13 15:20:52,829 pop.CCCL_generator_mixins INFO     mongo_db = TodayCCCLGenerator, topic = CCCL/PURBACHAL/ENM_01 created 67d2a3744fc3fcbdd4cbd84b succesfully
2025-03-13 15:21:08,808 celery.utils.dispatch.signal ERROR    Signal handler <bound method DjangoFixup.on_import_modules of <celery.fixups.django.DjangoFixup object at 0x7fc1e13f2790>> raised: ValidationError(['Field "pop.DataItem.id" of model container:"<class \'pop.ups_model.DataItem\'>" cannot be of type "<class \'django.db.models.fields.BigAutoField\'>"'])
Traceback (most recent call last):
  File "/opt/venv/lib/python3.9/site-packages/celery/utils/dispatch/signal.py", line 276, in send
    response = receiver(signal=self, sender=sender, **named)
  File "/opt/venv/lib/python3.9/site-packages/celery/fixups/django.py", line 82, in on_import_modules
    self.worker_fixup.validate_models()
  File "/opt/venv/lib/python3.9/site-packages/celery/fixups/django.py", line 121, in validate_models
    run_checks()
  File "/opt/venv/lib/python3.9/site-packages/django/core/checks/registry.py", line 88, in run_checks
    new_errors = check(app_configs=app_configs, databases=databases)
  File "/opt/venv/lib/python3.9/site-packages/django/core/checks/urls.py", line 42, in check_url_namespaces_unique
    all_namespaces = _load_all_namespaces(resolver)
  File "/opt/venv/lib/python3.9/site-packages/django/core/checks/urls.py", line 61, in _load_all_namespaces
    url_patterns = getattr(resolver, "url_patterns", [])
  File "/opt/venv/lib/python3.9/site-packages/django/utils/functional.py", line 57, in __get__
    res = instance.__dict__[self.name] = self.func(instance)
  File "/opt/venv/lib/python3.9/site-packages/django/urls/resolvers.py", line 690, in url_patterns
    patterns = getattr(self.urlconf_module, "urlpatterns", self.urlconf_module)
  File "/opt/venv/lib/python3.9/site-packages/django/utils/functional.py", line 57, in __get__
    res = instance.__dict__[self.name] = self.func(instance)
  File "/opt/venv/lib/python3.9/site-packages/django/urls/resolvers.py", line 683, in urlconf_module
    return import_module(self.urlconf_name)
  File "/usr/local/lib/python3.9/importlib/__init__.py", line 127, in import_module
    return _bootstrap._gcd_import(name[level:], package, level)
  File "<frozen importlib._bootstrap>", line 1030, in _gcd_import
  File "<frozen importlib._bootstrap>", line 1007, in _find_and_load
  File "<frozen importlib._bootstrap>", line 986, in _find_and_load_unlocked
  File "<frozen importlib._bootstrap>", line 680, in _load_unlocked
  File "<frozen importlib._bootstrap_external>", line 850, in exec_module
  File "<frozen importlib._bootstrap>", line 228, in _call_with_frames_removed
  File "/opt/app/dcim/urls.py", line 41, in <module>
    path('pop/', include('pop.api.urls', namespace='pops.apis')),
  File "/opt/venv/lib/python3.9/site-packages/django/urls/conf.py", line 38, in include
    urlconf_module = import_module(urlconf_module)
  File "/usr/local/lib/python3.9/importlib/__init__.py", line 127, in import_module
    return _bootstrap._gcd_import(name[level:], package, level)
  File "<frozen importlib._bootstrap>", line 1030, in _gcd_import
  File "<frozen importlib._bootstrap>", line 1007, in _find_and_load
  File "<frozen importlib._bootstrap>", line 986, in _find_and_load_unlocked
  File "<frozen importlib._bootstrap>", line 680, in _load_unlocked
  File "<frozen importlib._bootstrap_external>", line 850, in exec_module
  File "<frozen importlib._bootstrap>", line 228, in _call_with_frames_removed
  File "/opt/app/pop/api/urls.py", line 1, in <module>
    from pop.api.views import (
  File "/opt/app/pop/api/views.py", line 16, in <module>
    from pop.ups_model import UpsModel
  File "/opt/app/pop/ups_model.py", line 12, in <module>
    class UpsModel(models.Model):
  File "/opt/app/pop/ups_model.py", line 15, in UpsModel
    data = models.ArrayField(model_container=DataItem)
  File "/opt/venv/lib/python3.9/site-packages/djongo/models/fields.py", line 273, in __init__
    super().__init__(model_container, *args, **kwargs)
  File "/opt/venv/lib/python3.9/site-packages/djongo/models/fields.py", line 112, in __init__
    self._validate_container()
  File "/opt/venv/lib/python3.9/site-packages/djongo/models/fields.py", line 120, in _validate_container
    raise ValidationError(
django.core.exceptions.ValidationError: ['Field "pop.DataItem.id" of model container:"<class \'pop.ups_model.DataItem\'>" cannot be of type "<class \'django.db.models.fields.BigAutoField\'>"']
2025-03-13 15:21:09,451 celery.utils.dispatch.signal ERROR    Signal handler <bound method DjangoFixup.on_import_modules of <celery.fixups.django.DjangoFixup object at 0x7f9fd0676790>> raised: ValidationError(['Field "pop.DataItem.id" of model container:"<class \'pop.ups_model.DataItem\'>" cannot be of type "<class \'django.db.models.fields.BigAutoField\'>"'])
Traceback (most recent call last):
  File "/opt/venv/lib/python3.9/site-packages/celery/utils/dispatch/signal.py", line 276, in send
    response = receiver(signal=self, sender=sender, **named)
  File "/opt/venv/lib/python3.9/site-packages/celery/fixups/django.py", line 82, in on_import_modules
    self.worker_fixup.validate_models()
  File "/opt/venv/lib/python3.9/site-packages/celery/fixups/django.py", line 121, in validate_models
    run_checks()
  File "/opt/venv/lib/python3.9/site-packages/django/core/checks/registry.py", line 88, in run_checks
    new_errors = check(app_configs=app_configs, databases=databases)
  File "/opt/venv/lib/python3.9/site-packages/django/core/checks/urls.py", line 14, in check_url_config
    return check_resolver(resolver)
  File "/opt/venv/lib/python3.9/site-packages/django/core/checks/urls.py", line 24, in check_resolver
    return check_method()
  File "/opt/venv/lib/python3.9/site-packages/django/urls/resolvers.py", line 476, in check
    for pattern in self.url_patterns:
  File "/opt/venv/lib/python3.9/site-packages/django/utils/functional.py", line 57, in __get__
    res = instance.__dict__[self.name] = self.func(instance)
  File "/opt/venv/lib/python3.9/site-packages/django/urls/resolvers.py", line 690, in url_patterns
    patterns = getattr(self.urlconf_module, "urlpatterns", self.urlconf_module)
  File "/opt/venv/lib/python3.9/site-packages/django/utils/functional.py", line 57, in __get__
    res = instance.__dict__[self.name] = self.func(instance)
  File "/opt/venv/lib/python3.9/site-packages/django/urls/resolvers.py", line 683, in urlconf_module
    return import_module(self.urlconf_name)
  File "/usr/local/lib/python3.9/importlib/__init__.py", line 127, in import_module
    return _bootstrap._gcd_import(name[level:], package, level)
  File "<frozen importlib._bootstrap>", line 1030, in _gcd_import
  File "<frozen importlib._bootstrap>", line 1007, in _find_and_load
  File "<frozen importlib._bootstrap>", line 986, in _find_and_load_unlocked
  File "<frozen importlib._bootstrap>", line 680, in _load_unlocked
  File "<frozen importlib._bootstrap_external>", line 850, in exec_module
  File "<frozen importlib._bootstrap>", line 228, in _call_with_frames_removed
  File "/opt/app/dcim/urls.py", line 41, in <module>
    path('pop/', include('pop.api.urls', namespace='pops.apis')),
  File "/opt/venv/lib/python3.9/site-packages/django/urls/conf.py", line 38, in include
    urlconf_module = import_module(urlconf_module)
  File "/usr/local/lib/python3.9/importlib/__init__.py", line 127, in import_module
    return _bootstrap._gcd_import(name[level:], package, level)
  File "<frozen importlib._bootstrap>", line 1030, in _gcd_import
  File "<frozen importlib._bootstrap>", line 1007, in _find_and_load
  File "<frozen importlib._bootstrap>", line 986, in _find_and_load_unlocked
  File "<frozen importlib._bootstrap>", line 680, in _load_unlocked
  File "<frozen importlib._bootstrap_external>", line 850, in exec_module
  File "<frozen importlib._bootstrap>", line 228, in _call_with_frames_removed
  File "/opt/app/pop/api/urls.py", line 1, in <module>
    from pop.api.views import (
  File "/opt/app/pop/api/views.py", line 16, in <module>
    from pop.ups_model import UpsModel
  File "/opt/app/pop/ups_model.py", line 12, in <module>
    class UpsModel(models.Model):
  File "/opt/app/pop/ups_model.py", line 15, in UpsModel
    data = models.ArrayField(model_container=DataItem)
  File "/opt/venv/lib/python3.9/site-packages/djongo/models/fields.py", line 273, in __init__
    super().__init__(model_container, *args, **kwargs)
  File "/opt/venv/lib/python3.9/site-packages/djongo/models/fields.py", line 112, in __init__
    self._validate_container()
  File "/opt/venv/lib/python3.9/site-packages/djongo/models/fields.py", line 120, in _validate_container
    raise ValidationError(
django.core.exceptions.ValidationError: ['Field "pop.DataItem.id" of model container:"<class \'pop.ups_model.DataItem\'>" cannot be of type "<class \'django.db.models.fields.BigAutoField\'>"']
2025-03-13 15:21:13,315 pop.CCCL_environment_mixins INFO     mongo_db = CCCLEnvironment, topic = CCCL/PURBACHAL/ENV_01 created 67d2a3894fc3fcbdd4cbd84c succesfully
2025-03-13 15:21:13,335 pop.CCCL_environment_mixins INFO     mongo_db = TemporaryCCCLEnvironment, topic = CCCL/PURBACHAL/ENV_01 created 67d2a3894fc3fcbdd4cbd84d succesfully
2025-03-13 15:21:13,346 pop.CCCL_environment_mixins INFO     mongo_db = TodayCCCLEnvironment, topic = CCCL/PURBACHAL/ENV_01 created 67d2a3894fc3fcbdd4cbd84e succesfully
2025-03-13 15:21:43,623 pop.CCCL_environment_mixins INFO     mongo_db = CCCLEnvironment, topic = CCCL/PURBACHAL/ENV_01 created 67d2a3a74fc3fcbdd4cbd84f succesfully
2025-03-13 15:21:43,644 pop.CCCL_environment_mixins INFO     mongo_db = TemporaryCCCLEnvironment, topic = CCCL/PURBACHAL/ENV_01 created 67d2a3a74fc3fcbdd4cbd850 succesfully
2025-03-13 15:21:43,655 pop.CCCL_environment_mixins INFO     mongo_db = TodayCCCLEnvironment, topic = CCCL/PURBACHAL/ENV_01 created 67d2a3a74fc3fcbdd4cbd851 succesfully
2025-03-13 15:21:51,863 pop.CPM_RT_mixins INFO     mongo_db = RTModelCPM, topic = MQTT_RT_DATA created 67d2a3af4fc3fcbdd4cbd852 succesfully
2025-03-13 15:21:51,875 pop.CPM_RT_mixins INFO     mongo_db = TemporaryRTModelCPM, topic = MQTT_RT_DATA created 67d2a3af4fc3fcbdd4cbd853 succesfully
2025-03-13 15:21:51,891 pop.CPM_RT_mixins INFO     mongo_db = TodayRTModelCPM, topic = MQTT_RT_DATA created 67d2a3af4fc3fcbdd4cbd854 succesfully
2025-03-13 15:21:52,770 pop.CCCL_generator_mixins INFO     mongo_db = CCCLGenerator, topic = CCCL/PURBACHAL/ENM_01 created 67d2a3b04fc3fcbdd4cbd855 succesfully
2025-03-13 15:21:52,782 pop.CCCL_generator_mixins INFO     mongo_db = TemporaryCCCLGenerator, topic = CCCL/PURBACHAL/ENM_01 created 67d2a3b04fc3fcbdd4cbd856 succesfully
2025-03-13 15:21:52,801 pop.CCCL_generator_mixins INFO     mongo_db = TodayCCCLGenerator, topic = CCCL/PURBACHAL/ENM_01 created 67d2a3b04fc3fcbdd4cbd857 succesfully
2025-03-13 15:22:10,306 celery.utils.dispatch.signal ERROR    Signal handler <bound method DjangoFixup.on_import_modules of <celery.fixups.django.DjangoFixup object at 0x7f03fcdcd790>> raised: ValidationError(['Field "pop.DataItem.id" of model container:"<class \'pop.ups_model.DataItem\'>" cannot be of type "<class \'django.db.models.fields.BigAutoField\'>"'])
Traceback (most recent call last):
  File "/opt/venv/lib/python3.9/site-packages/celery/utils/dispatch/signal.py", line 276, in send
    response = receiver(signal=self, sender=sender, **named)
  File "/opt/venv/lib/python3.9/site-packages/celery/fixups/django.py", line 82, in on_import_modules
    self.worker_fixup.validate_models()
  File "/opt/venv/lib/python3.9/site-packages/celery/fixups/django.py", line 121, in validate_models
    run_checks()
  File "/opt/venv/lib/python3.9/site-packages/django/core/checks/registry.py", line 88, in run_checks
    new_errors = check(app_configs=app_configs, databases=databases)
  File "/opt/venv/lib/python3.9/site-packages/django/core/checks/urls.py", line 42, in check_url_namespaces_unique
    all_namespaces = _load_all_namespaces(resolver)
  File "/opt/venv/lib/python3.9/site-packages/django/core/checks/urls.py", line 61, in _load_all_namespaces
    url_patterns = getattr(resolver, "url_patterns", [])
  File "/opt/venv/lib/python3.9/site-packages/django/utils/functional.py", line 57, in __get__
    res = instance.__dict__[self.name] = self.func(instance)
  File "/opt/venv/lib/python3.9/site-packages/django/urls/resolvers.py", line 690, in url_patterns
    patterns = getattr(self.urlconf_module, "urlpatterns", self.urlconf_module)
  File "/opt/venv/lib/python3.9/site-packages/django/utils/functional.py", line 57, in __get__
    res = instance.__dict__[self.name] = self.func(instance)
  File "/opt/venv/lib/python3.9/site-packages/django/urls/resolvers.py", line 683, in urlconf_module
    return import_module(self.urlconf_name)
  File "/usr/local/lib/python3.9/importlib/__init__.py", line 127, in import_module
    return _bootstrap._gcd_import(name[level:], package, level)
  File "<frozen importlib._bootstrap>", line 1030, in _gcd_import
  File "<frozen importlib._bootstrap>", line 1007, in _find_and_load
  File "<frozen importlib._bootstrap>", line 986, in _find_and_load_unlocked
  File "<frozen importlib._bootstrap>", line 680, in _load_unlocked
  File "<frozen importlib._bootstrap_external>", line 850, in exec_module
  File "<frozen importlib._bootstrap>", line 228, in _call_with_frames_removed
  File "/opt/app/dcim/urls.py", line 41, in <module>
    path('pop/', include('pop.api.urls', namespace='pops.apis')),
  File "/opt/venv/lib/python3.9/site-packages/django/urls/conf.py", line 38, in include
    urlconf_module = import_module(urlconf_module)
  File "/usr/local/lib/python3.9/importlib/__init__.py", line 127, in import_module
    return _bootstrap._gcd_import(name[level:], package, level)
  File "<frozen importlib._bootstrap>", line 1030, in _gcd_import
  File "<frozen importlib._bootstrap>", line 1007, in _find_and_load
  File "<frozen importlib._bootstrap>", line 986, in _find_and_load_unlocked
  File "<frozen importlib._bootstrap>", line 680, in _load_unlocked
  File "<frozen importlib._bootstrap_external>", line 850, in exec_module
  File "<frozen importlib._bootstrap>", line 228, in _call_with_frames_removed
  File "/opt/app/pop/api/urls.py", line 1, in <module>
    from pop.api.views import (
  File "/opt/app/pop/api/views.py", line 16, in <module>
    from pop.ups_model import UpsModel
  File "/opt/app/pop/ups_model.py", line 12, in <module>
    class UpsModel(models.Model):
  File "/opt/app/pop/ups_model.py", line 15, in UpsModel
    data = models.ArrayField(model_container=DataItem)
  File "/opt/venv/lib/python3.9/site-packages/djongo/models/fields.py", line 273, in __init__
    super().__init__(model_container, *args, **kwargs)
  File "/opt/venv/lib/python3.9/site-packages/djongo/models/fields.py", line 112, in __init__
    self._validate_container()
  File "/opt/venv/lib/python3.9/site-packages/djongo/models/fields.py", line 120, in _validate_container
    raise ValidationError(
django.core.exceptions.ValidationError: ['Field "pop.DataItem.id" of model container:"<class \'pop.ups_model.DataItem\'>" cannot be of type "<class \'django.db.models.fields.BigAutoField\'>"']
2025-03-13 15:22:11,050 celery.utils.dispatch.signal ERROR    Signal handler <bound method DjangoFixup.on_import_modules of <celery.fixups.django.DjangoFixup object at 0x7fc65641c790>> raised: ValidationError(['Field "pop.DataItem.id" of model container:"<class \'pop.ups_model.DataItem\'>" cannot be of type "<class \'django.db.models.fields.BigAutoField\'>"'])
Traceback (most recent call last):
  File "/opt/venv/lib/python3.9/site-packages/celery/utils/dispatch/signal.py", line 276, in send
    response = receiver(signal=self, sender=sender, **named)
  File "/opt/venv/lib/python3.9/site-packages/celery/fixups/django.py", line 82, in on_import_modules
    self.worker_fixup.validate_models()
  File "/opt/venv/lib/python3.9/site-packages/celery/fixups/django.py", line 121, in validate_models
    run_checks()
  File "/opt/venv/lib/python3.9/site-packages/django/core/checks/registry.py", line 88, in run_checks
    new_errors = check(app_configs=app_configs, databases=databases)
  File "/opt/venv/lib/python3.9/site-packages/django/core/checks/urls.py", line 14, in check_url_config
    return check_resolver(resolver)
  File "/opt/venv/lib/python3.9/site-packages/django/core/checks/urls.py", line 24, in check_resolver
    return check_method()
  File "/opt/venv/lib/python3.9/site-packages/django/urls/resolvers.py", line 476, in check
    for pattern in self.url_patterns:
  File "/opt/venv/lib/python3.9/site-packages/django/utils/functional.py", line 57, in __get__
    res = instance.__dict__[self.name] = self.func(instance)
  File "/opt/venv/lib/python3.9/site-packages/django/urls/resolvers.py", line 690, in url_patterns
    patterns = getattr(self.urlconf_module, "urlpatterns", self.urlconf_module)
  File "/opt/venv/lib/python3.9/site-packages/django/utils/functional.py", line 57, in __get__
    res = instance.__dict__[self.name] = self.func(instance)
  File "/opt/venv/lib/python3.9/site-packages/django/urls/resolvers.py", line 683, in urlconf_module
    return import_module(self.urlconf_name)
  File "/usr/local/lib/python3.9/importlib/__init__.py", line 127, in import_module
    return _bootstrap._gcd_import(name[level:], package, level)
  File "<frozen importlib._bootstrap>", line 1030, in _gcd_import
  File "<frozen importlib._bootstrap>", line 1007, in _find_and_load
  File "<frozen importlib._bootstrap>", line 986, in _find_and_load_unlocked
  File "<frozen importlib._bootstrap>", line 680, in _load_unlocked
  File "<frozen importlib._bootstrap_external>", line 850, in exec_module
  File "<frozen importlib._bootstrap>", line 228, in _call_with_frames_removed
  File "/opt/app/dcim/urls.py", line 41, in <module>
    path('pop/', include('pop.api.urls', namespace='pops.apis')),
  File "/opt/venv/lib/python3.9/site-packages/django/urls/conf.py", line 38, in include
    urlconf_module = import_module(urlconf_module)
  File "/usr/local/lib/python3.9/importlib/__init__.py", line 127, in import_module
    return _bootstrap._gcd_import(name[level:], package, level)
  File "<frozen importlib._bootstrap>", line 1030, in _gcd_import
  File "<frozen importlib._bootstrap>", line 1007, in _find_and_load
  File "<frozen importlib._bootstrap>", line 986, in _find_and_load_unlocked
  File "<frozen importlib._bootstrap>", line 680, in _load_unlocked
  File "<frozen importlib._bootstrap_external>", line 850, in exec_module
  File "<frozen importlib._bootstrap>", line 228, in _call_with_frames_removed
  File "/opt/app/pop/api/urls.py", line 1, in <module>
    from pop.api.views import (
  File "/opt/app/pop/api/views.py", line 16, in <module>
    from pop.ups_model import UpsModel
  File "/opt/app/pop/ups_model.py", line 12, in <module>
    class UpsModel(models.Model):
  File "/opt/app/pop/ups_model.py", line 15, in UpsModel
    data = models.ArrayField(model_container=DataItem)
  File "/opt/venv/lib/python3.9/site-packages/djongo/models/fields.py", line 273, in __init__
    super().__init__(model_container, *args, **kwargs)
  File "/opt/venv/lib/python3.9/site-packages/djongo/models/fields.py", line 112, in __init__
    self._validate_container()
  File "/opt/venv/lib/python3.9/site-packages/djongo/models/fields.py", line 120, in _validate_container
    raise ValidationError(
django.core.exceptions.ValidationError: ['Field "pop.DataItem.id" of model container:"<class \'pop.ups_model.DataItem\'>" cannot be of type "<class \'django.db.models.fields.BigAutoField\'>"']
2025-03-13 15:22:13,939 pop.CCCL_environment_mixins INFO     mongo_db = CCCLEnvironment, topic = CCCL/PURBACHAL/ENV_01 created 67d2a3c54fc3fcbdd4cbd858 succesfully
2025-03-13 15:22:13,953 pop.CCCL_environment_mixins INFO     mongo_db = TemporaryCCCLEnvironment, topic = CCCL/PURBACHAL/ENV_01 created 67d2a3c54fc3fcbdd4cbd859 succesfully
2025-03-13 15:22:13,961 pop.CCCL_environment_mixins INFO     mongo_db = TodayCCCLEnvironment, topic = CCCL/PURBACHAL/ENV_01 created 67d2a3c54fc3fcbdd4cbd85a succesfully
2025-03-13 15:22:44,244 pop.CCCL_environment_mixins INFO     mongo_db = CCCLEnvironment, topic = CCCL/PURBACHAL/ENV_01 created 67d2a3e44fc3fcbdd4cbd85b succesfully
2025-03-13 15:22:44,276 pop.CCCL_environment_mixins INFO     mongo_db = TemporaryCCCLEnvironment, topic = CCCL/PURBACHAL/ENV_01 created 67d2a3e44fc3fcbdd4cbd85c succesfully
2025-03-13 15:22:44,288 pop.CCCL_environment_mixins INFO     mongo_db = TodayCCCLEnvironment, topic = CCCL/PURBACHAL/ENV_01 created 67d2a3e44fc3fcbdd4cbd85d succesfully
2025-03-13 15:22:51,696 pop.CPM_RT_mixins INFO     mongo_db = RTModelCPM, topic = MQTT_RT_DATA created 67d2a3eb4fc3fcbdd4cbd85e succesfully
2025-03-13 15:22:51,710 pop.CPM_RT_mixins INFO     mongo_db = TemporaryRTModelCPM, topic = MQTT_RT_DATA created 67d2a3eb4fc3fcbdd4cbd85f succesfully
2025-03-13 15:22:51,722 pop.CPM_RT_mixins INFO     mongo_db = TodayRTModelCPM, topic = MQTT_RT_DATA created 67d2a3eb4fc3fcbdd4cbd860 succesfully
2025-03-13 15:22:52,767 pop.CCCL_generator_mixins INFO     mongo_db = CCCLGenerator, topic = CCCL/PURBACHAL/ENM_01 created 67d2a3ec4fc3fcbdd4cbd861 succesfully
2025-03-13 15:22:52,780 pop.CCCL_generator_mixins INFO     mongo_db = TemporaryCCCLGenerator, topic = CCCL/PURBACHAL/ENM_01 created 67d2a3ec4fc3fcbdd4cbd862 succesfully
2025-03-13 15:22:52,792 pop.CCCL_generator_mixins INFO     mongo_db = TodayCCCLGenerator, topic = CCCL/PURBACHAL/ENM_01 created 67d2a3ec4fc3fcbdd4cbd863 succesfully
2025-03-13 15:23:11,991 celery.utils.dispatch.signal ERROR    Signal handler <bound method DjangoFixup.on_import_modules of <celery.fixups.django.DjangoFixup object at 0x7f2d83c90790>> raised: ValidationError(['Field "pop.DataItem.id" of model container:"<class \'pop.ups_model.DataItem\'>" cannot be of type "<class \'django.db.models.fields.BigAutoField\'>"'])
Traceback (most recent call last):
  File "/opt/venv/lib/python3.9/site-packages/celery/utils/dispatch/signal.py", line 276, in send
    response = receiver(signal=self, sender=sender, **named)
  File "/opt/venv/lib/python3.9/site-packages/celery/fixups/django.py", line 82, in on_import_modules
    self.worker_fixup.validate_models()
  File "/opt/venv/lib/python3.9/site-packages/celery/fixups/django.py", line 121, in validate_models
    run_checks()
  File "/opt/venv/lib/python3.9/site-packages/django/core/checks/registry.py", line 88, in run_checks
    new_errors = check(app_configs=app_configs, databases=databases)
  File "/opt/venv/lib/python3.9/site-packages/django/core/checks/urls.py", line 42, in check_url_namespaces_unique
    all_namespaces = _load_all_namespaces(resolver)
  File "/opt/venv/lib/python3.9/site-packages/django/core/checks/urls.py", line 61, in _load_all_namespaces
    url_patterns = getattr(resolver, "url_patterns", [])
  File "/opt/venv/lib/python3.9/site-packages/django/utils/functional.py", line 57, in __get__
    res = instance.__dict__[self.name] = self.func(instance)
  File "/opt/venv/lib/python3.9/site-packages/django/urls/resolvers.py", line 690, in url_patterns
    patterns = getattr(self.urlconf_module, "urlpatterns", self.urlconf_module)
  File "/opt/venv/lib/python3.9/site-packages/django/utils/functional.py", line 57, in __get__
    res = instance.__dict__[self.name] = self.func(instance)
  File "/opt/venv/lib/python3.9/site-packages/django/urls/resolvers.py", line 683, in urlconf_module
    return import_module(self.urlconf_name)
  File "/usr/local/lib/python3.9/importlib/__init__.py", line 127, in import_module
    return _bootstrap._gcd_import(name[level:], package, level)
  File "<frozen importlib._bootstrap>", line 1030, in _gcd_import
  File "<frozen importlib._bootstrap>", line 1007, in _find_and_load
  File "<frozen importlib._bootstrap>", line 986, in _find_and_load_unlocked
  File "<frozen importlib._bootstrap>", line 680, in _load_unlocked
  File "<frozen importlib._bootstrap_external>", line 850, in exec_module
  File "<frozen importlib._bootstrap>", line 228, in _call_with_frames_removed
  File "/opt/app/dcim/urls.py", line 41, in <module>
    path('pop/', include('pop.api.urls', namespace='pops.apis')),
  File "/opt/venv/lib/python3.9/site-packages/django/urls/conf.py", line 38, in include
    urlconf_module = import_module(urlconf_module)
  File "/usr/local/lib/python3.9/importlib/__init__.py", line 127, in import_module
    return _bootstrap._gcd_import(name[level:], package, level)
  File "<frozen importlib._bootstrap>", line 1030, in _gcd_import
  File "<frozen importlib._bootstrap>", line 1007, in _find_and_load
  File "<frozen importlib._bootstrap>", line 986, in _find_and_load_unlocked
  File "<frozen importlib._bootstrap>", line 680, in _load_unlocked
  File "<frozen importlib._bootstrap_external>", line 850, in exec_module
  File "<frozen importlib._bootstrap>", line 228, in _call_with_frames_removed
  File "/opt/app/pop/api/urls.py", line 1, in <module>
    from pop.api.views import (
  File "/opt/app/pop/api/views.py", line 16, in <module>
    from pop.ups_model import UpsModel
  File "/opt/app/pop/ups_model.py", line 12, in <module>
    class UpsModel(models.Model):
  File "/opt/app/pop/ups_model.py", line 15, in UpsModel
    data = models.ArrayField(model_container=DataItem)
  File "/opt/venv/lib/python3.9/site-packages/djongo/models/fields.py", line 273, in __init__
    super().__init__(model_container, *args, **kwargs)
  File "/opt/venv/lib/python3.9/site-packages/djongo/models/fields.py", line 112, in __init__
    self._validate_container()
  File "/opt/venv/lib/python3.9/site-packages/djongo/models/fields.py", line 120, in _validate_container
    raise ValidationError(
django.core.exceptions.ValidationError: ['Field "pop.DataItem.id" of model container:"<class \'pop.ups_model.DataItem\'>" cannot be of type "<class \'django.db.models.fields.BigAutoField\'>"']
2025-03-13 15:23:12,652 celery.utils.dispatch.signal ERROR    Signal handler <bound method DjangoFixup.on_import_modules of <celery.fixups.django.DjangoFixup object at 0x7f27afd8f790>> raised: ValidationError(['Field "pop.DataItem.id" of model container:"<class \'pop.ups_model.DataItem\'>" cannot be of type "<class \'django.db.models.fields.BigAutoField\'>"'])
Traceback (most recent call last):
  File "/opt/venv/lib/python3.9/site-packages/celery/utils/dispatch/signal.py", line 276, in send
    response = receiver(signal=self, sender=sender, **named)
  File "/opt/venv/lib/python3.9/site-packages/celery/fixups/django.py", line 82, in on_import_modules
    self.worker_fixup.validate_models()
  File "/opt/venv/lib/python3.9/site-packages/celery/fixups/django.py", line 121, in validate_models
    run_checks()
  File "/opt/venv/lib/python3.9/site-packages/django/core/checks/registry.py", line 88, in run_checks
    new_errors = check(app_configs=app_configs, databases=databases)
  File "/opt/venv/lib/python3.9/site-packages/django/core/checks/urls.py", line 14, in check_url_config
    return check_resolver(resolver)
  File "/opt/venv/lib/python3.9/site-packages/django/core/checks/urls.py", line 24, in check_resolver
    return check_method()
  File "/opt/venv/lib/python3.9/site-packages/django/urls/resolvers.py", line 476, in check
    for pattern in self.url_patterns:
  File "/opt/venv/lib/python3.9/site-packages/django/utils/functional.py", line 57, in __get__
    res = instance.__dict__[self.name] = self.func(instance)
  File "/opt/venv/lib/python3.9/site-packages/django/urls/resolvers.py", line 690, in url_patterns
    patterns = getattr(self.urlconf_module, "urlpatterns", self.urlconf_module)
  File "/opt/venv/lib/python3.9/site-packages/django/utils/functional.py", line 57, in __get__
    res = instance.__dict__[self.name] = self.func(instance)
  File "/opt/venv/lib/python3.9/site-packages/django/urls/resolvers.py", line 683, in urlconf_module
    return import_module(self.urlconf_name)
  File "/usr/local/lib/python3.9/importlib/__init__.py", line 127, in import_module
    return _bootstrap._gcd_import(name[level:], package, level)
  File "<frozen importlib._bootstrap>", line 1030, in _gcd_import
  File "<frozen importlib._bootstrap>", line 1007, in _find_and_load
  File "<frozen importlib._bootstrap>", line 986, in _find_and_load_unlocked
  File "<frozen importlib._bootstrap>", line 680, in _load_unlocked
  File "<frozen importlib._bootstrap_external>", line 850, in exec_module
  File "<frozen importlib._bootstrap>", line 228, in _call_with_frames_removed
  File "/opt/app/dcim/urls.py", line 41, in <module>
    path('pop/', include('pop.api.urls', namespace='pops.apis')),
  File "/opt/venv/lib/python3.9/site-packages/django/urls/conf.py", line 38, in include
    urlconf_module = import_module(urlconf_module)
  File "/usr/local/lib/python3.9/importlib/__init__.py", line 127, in import_module
    return _bootstrap._gcd_import(name[level:], package, level)
  File "<frozen importlib._bootstrap>", line 1030, in _gcd_import
  File "<frozen importlib._bootstrap>", line 1007, in _find_and_load
  File "<frozen importlib._bootstrap>", line 986, in _find_and_load_unlocked
  File "<frozen importlib._bootstrap>", line 680, in _load_unlocked
  File "<frozen importlib._bootstrap_external>", line 850, in exec_module
  File "<frozen importlib._bootstrap>", line 228, in _call_with_frames_removed
  File "/opt/app/pop/api/urls.py", line 1, in <module>
    from pop.api.views import (
  File "/opt/app/pop/api/views.py", line 16, in <module>
    from pop.ups_model import UpsModel
  File "/opt/app/pop/ups_model.py", line 12, in <module>
    class UpsModel(models.Model):
  File "/opt/app/pop/ups_model.py", line 15, in UpsModel
    data = models.ArrayField(model_container=DataItem)
  File "/opt/venv/lib/python3.9/site-packages/djongo/models/fields.py", line 273, in __init__
    super().__init__(model_container, *args, **kwargs)
  File "/opt/venv/lib/python3.9/site-packages/djongo/models/fields.py", line 112, in __init__
    self._validate_container()
  File "/opt/venv/lib/python3.9/site-packages/djongo/models/fields.py", line 120, in _validate_container
    raise ValidationError(
django.core.exceptions.ValidationError: ['Field "pop.DataItem.id" of model container:"<class \'pop.ups_model.DataItem\'>" cannot be of type "<class \'django.db.models.fields.BigAutoField\'>"']
2025-03-13 15:23:14,550 pop.CCCL_environment_mixins INFO     mongo_db = CCCLEnvironment, topic = CCCL/PURBACHAL/ENV_01 created 67d2a4024fc3fcbdd4cbd864 succesfully
2025-03-13 15:23:14,561 pop.CCCL_environment_mixins INFO     mongo_db = TemporaryCCCLEnvironment, topic = CCCL/PURBACHAL/ENV_01 created 67d2a4024fc3fcbdd4cbd865 succesfully
2025-03-13 15:23:14,569 pop.CCCL_environment_mixins INFO     mongo_db = TodayCCCLEnvironment, topic = CCCL/PURBACHAL/ENV_01 created 67d2a4024fc3fcbdd4cbd866 succesfully
2025-03-13 15:23:44,868 pop.CCCL_environment_mixins INFO     mongo_db = CCCLEnvironment, topic = CCCL/PURBACHAL/ENV_01 created 67d2a4204fc3fcbdd4cbd867 succesfully
2025-03-13 15:23:44,898 pop.CCCL_environment_mixins INFO     mongo_db = TemporaryCCCLEnvironment, topic = CCCL/PURBACHAL/ENV_01 created 67d2a4204fc3fcbdd4cbd868 succesfully
2025-03-13 15:23:44,916 pop.CCCL_environment_mixins INFO     mongo_db = TodayCCCLEnvironment, topic = CCCL/PURBACHAL/ENV_01 created 67d2a4204fc3fcbdd4cbd869 succesfully
2025-03-13 15:23:52,788 pop.CCCL_generator_mixins INFO     mongo_db = CCCLGenerator, topic = CCCL/PURBACHAL/ENM_01 created 67d2a4284fc3fcbdd4cbd86a succesfully
2025-03-13 15:23:52,812 pop.CCCL_generator_mixins INFO     mongo_db = TemporaryCCCLGenerator, topic = CCCL/PURBACHAL/ENM_01 created 67d2a4284fc3fcbdd4cbd86b succesfully
2025-03-13 15:23:52,828 pop.CCCL_generator_mixins INFO     mongo_db = TodayCCCLGenerator, topic = CCCL/PURBACHAL/ENM_01 created 67d2a4284fc3fcbdd4cbd86c succesfully
2025-03-13 15:23:53,096 pop.CPM_RT_mixins INFO     mongo_db = RTModelCPM, topic = MQTT_RT_DATA created 67d2a4294fc3fcbdd4cbd86d succesfully
2025-03-13 15:23:53,113 pop.CPM_RT_mixins INFO     mongo_db = TemporaryRTModelCPM, topic = MQTT_RT_DATA created 67d2a4294fc3fcbdd4cbd86e succesfully
2025-03-13 15:23:53,131 pop.CPM_RT_mixins INFO     mongo_db = TodayRTModelCPM, topic = MQTT_RT_DATA created 67d2a4294fc3fcbdd4cbd86f succesfully
2025-03-13 15:24:15,164 pop.CCCL_environment_mixins INFO     mongo_db = CCCLEnvironment, topic = CCCL/PURBACHAL/ENV_01 created 67d2a43f4fc3fcbdd4cbd870 succesfully
2025-03-13 15:24:15,174 pop.CCCL_environment_mixins INFO     mongo_db = TemporaryCCCLEnvironment, topic = CCCL/PURBACHAL/ENV_01 created 67d2a43f4fc3fcbdd4cbd871 succesfully
2025-03-13 15:24:15,183 pop.CCCL_environment_mixins INFO     mongo_db = TodayCCCLEnvironment, topic = CCCL/PURBACHAL/ENV_01 created 67d2a43f4fc3fcbdd4cbd872 succesfully
2025-03-13 15:24:22,584 pop.CPM_RT_mixins INFO     mongo_db = RTModelCPM, topic = MQTT_RT_DATA created 67d2a4464fc3fcbdd4cbd873 succesfully
2025-03-13 15:24:22,596 pop.CPM_RT_mixins INFO     mongo_db = TemporaryRTModelCPM, topic = MQTT_RT_DATA created 67d2a4464fc3fcbdd4cbd874 succesfully
2025-03-13 15:24:22,609 pop.CPM_RT_mixins INFO     mongo_db = TodayRTModelCPM, topic = MQTT_RT_DATA created 67d2a4464fc3fcbdd4cbd875 succesfully
2025-03-13 15:24:45,499 pop.CCCL_environment_mixins INFO     mongo_db = CCCLEnvironment, topic = CCCL/PURBACHAL/ENV_01 created 67d2a45d4fc3fcbdd4cbd876 succesfully
2025-03-13 15:24:45,514 pop.CCCL_environment_mixins INFO     mongo_db = TemporaryCCCLEnvironment, topic = CCCL/PURBACHAL/ENV_01 created 67d2a45d4fc3fcbdd4cbd877 succesfully
2025-03-13 15:24:45,530 pop.CCCL_environment_mixins INFO     mongo_db = TodayCCCLEnvironment, topic = CCCL/PURBACHAL/ENV_01 created 67d2a45d4fc3fcbdd4cbd878 succesfully
2025-03-13 15:25:17,902 pop.CPM_RT_mixins INFO     mongo_db = RTModelCPM, topic = MQTT_RT_DATA created 67d2a47de09c2087a0e39b6a succesfully
2025-03-13 15:25:17,929 pop.CPM_RT_mixins INFO     mongo_db = TemporaryRTModelCPM, topic = MQTT_RT_DATA created 67d2a47de09c2087a0e39b6b succesfully
2025-03-13 15:25:17,961 pop.CPM_RT_mixins INFO     mongo_db = TodayRTModelCPM, topic = MQTT_RT_DATA created 67d2a47de09c2087a0e39b6c succesfully
2025-03-13 15:25:22,935 django.request ERROR    Internal Server Error: /api/v1.0/pop/ups-data/
Traceback (most recent call last):
  File "/opt/venv/lib/python3.9/site-packages/django/core/handlers/exception.py", line 55, in inner
    response = get_response(request)
  File "/opt/venv/lib/python3.9/site-packages/django/core/handlers/base.py", line 197, in _get_response
    response = wrapped_callback(request, *callback_args, **callback_kwargs)
  File "/opt/venv/lib/python3.9/site-packages/django/views/decorators/csrf.py", line 54, in wrapped_view
    return view_func(*args, **kwargs)
  File "/opt/venv/lib/python3.9/site-packages/rest_framework/viewsets.py", line 125, in view
    return self.dispatch(request, *args, **kwargs)
  File "/opt/venv/lib/python3.9/site-packages/rest_framework/views.py", line 509, in dispatch
    response = self.handle_exception(exc)
  File "/opt/venv/lib/python3.9/site-packages/rest_framework/views.py", line 469, in handle_exception
    self.raise_uncaught_exception(exc)
  File "/opt/venv/lib/python3.9/site-packages/rest_framework/views.py", line 480, in raise_uncaught_exception
    raise exc
  File "/opt/venv/lib/python3.9/site-packages/rest_framework/views.py", line 506, in dispatch
    response = handler(request, *args, **kwargs)
  File "/opt/app/pop/api/views.py", line 428, in list
    return Response(serializer.data)
  File "/opt/venv/lib/python3.9/site-packages/rest_framework/serializers.py", line 745, in data
    ret = super().data
  File "/opt/venv/lib/python3.9/site-packages/rest_framework/serializers.py", line 246, in data
    self._data = self.to_representation(self.instance)
  File "/opt/venv/lib/python3.9/site-packages/rest_framework/serializers.py", line 663, in to_representation
    return [
  File "/opt/venv/lib/python3.9/site-packages/django/db/models/query.py", line 394, in __iter__
    self._fetch_all()
  File "/opt/venv/lib/python3.9/site-packages/django/db/models/query.py", line 1866, in _fetch_all
    self._result_cache = list(self._iterable_class(self))
  File "/opt/venv/lib/python3.9/site-packages/django/db/models/query.py", line 117, in __iter__
    for row in compiler.results_iter(results):
  File "/opt/venv/lib/python3.9/site-packages/django/db/models/sql/compiler.py", line 1333, in apply_converters
    value = converter(value, expression, connection)
  File "/opt/venv/lib/python3.9/site-packages/djongo/models/fields.py", line 244, in from_db_value
    return self.to_python(value)
  File "/opt/venv/lib/python3.9/site-packages/djongo/models/fields.py", line 261, in to_python
    value = self._value_thru_container(value)
  File "/opt/venv/lib/python3.9/site-packages/djongo/models/fields.py", line 318, in _value_thru_container
    post_value.append(super()._value_thru_container(_dict))
  File "/opt/venv/lib/python3.9/site-packages/djongo/models/fields.py", line 182, in _value_thru_container
    inst = self.model_container(**value)
  File "/opt/venv/lib/python3.9/site-packages/django/db/models/base.py", line 485, in __init__
    raise TypeError("Abstract models cannot be instantiated.")
TypeError: Abstract models cannot be instantiated.
2025-03-13 15:25:26,478 django.request ERROR    Internal Server Error: /api/v1.0/pop/ups-data/
Traceback (most recent call last):
  File "/opt/venv/lib/python3.9/site-packages/django/core/handlers/exception.py", line 55, in inner
    response = get_response(request)
  File "/opt/venv/lib/python3.9/site-packages/django/core/handlers/base.py", line 197, in _get_response
    response = wrapped_callback(request, *callback_args, **callback_kwargs)
  File "/opt/venv/lib/python3.9/site-packages/django/views/decorators/csrf.py", line 54, in wrapped_view
    return view_func(*args, **kwargs)
  File "/opt/venv/lib/python3.9/site-packages/rest_framework/viewsets.py", line 125, in view
    return self.dispatch(request, *args, **kwargs)
  File "/opt/venv/lib/python3.9/site-packages/rest_framework/views.py", line 509, in dispatch
    response = self.handle_exception(exc)
  File "/opt/venv/lib/python3.9/site-packages/rest_framework/views.py", line 469, in handle_exception
    self.raise_uncaught_exception(exc)
  File "/opt/venv/lib/python3.9/site-packages/rest_framework/views.py", line 480, in raise_uncaught_exception
    raise exc
  File "/opt/venv/lib/python3.9/site-packages/rest_framework/views.py", line 506, in dispatch
    response = handler(request, *args, **kwargs)
  File "/opt/app/pop/api/views.py", line 428, in list
    return Response(serializer.data)
  File "/opt/venv/lib/python3.9/site-packages/rest_framework/serializers.py", line 745, in data
    ret = super().data
  File "/opt/venv/lib/python3.9/site-packages/rest_framework/serializers.py", line 246, in data
    self._data = self.to_representation(self.instance)
  File "/opt/venv/lib/python3.9/site-packages/rest_framework/serializers.py", line 663, in to_representation
    return [
  File "/opt/venv/lib/python3.9/site-packages/django/db/models/query.py", line 394, in __iter__
    self._fetch_all()
  File "/opt/venv/lib/python3.9/site-packages/django/db/models/query.py", line 1866, in _fetch_all
    self._result_cache = list(self._iterable_class(self))
  File "/opt/venv/lib/python3.9/site-packages/django/db/models/query.py", line 117, in __iter__
    for row in compiler.results_iter(results):
  File "/opt/venv/lib/python3.9/site-packages/django/db/models/sql/compiler.py", line 1333, in apply_converters
    value = converter(value, expression, connection)
  File "/opt/venv/lib/python3.9/site-packages/djongo/models/fields.py", line 244, in from_db_value
    return self.to_python(value)
  File "/opt/venv/lib/python3.9/site-packages/djongo/models/fields.py", line 261, in to_python
    value = self._value_thru_container(value)
  File "/opt/venv/lib/python3.9/site-packages/djongo/models/fields.py", line 318, in _value_thru_container
    post_value.append(super()._value_thru_container(_dict))
  File "/opt/venv/lib/python3.9/site-packages/djongo/models/fields.py", line 182, in _value_thru_container
    inst = self.model_container(**value)
  File "/opt/venv/lib/python3.9/site-packages/django/db/models/base.py", line 485, in __init__
    raise TypeError("Abstract models cannot be instantiated.")
TypeError: Abstract models cannot be instantiated.
2025-03-13 15:25:46,107 pop.CCCL_environment_mixins INFO     mongo_db = CCCLEnvironment, topic = CCCL/PURBACHAL/ENV_01 created 67d2a49ae09c2087a0e39b6d succesfully
2025-03-13 15:25:46,123 pop.CCCL_environment_mixins INFO     mongo_db = TemporaryCCCLEnvironment, topic = CCCL/PURBACHAL/ENV_01 created 67d2a49ae09c2087a0e39b6e succesfully
2025-03-13 15:25:46,137 pop.CCCL_environment_mixins INFO     mongo_db = TodayCCCLEnvironment, topic = CCCL/PURBACHAL/ENV_01 created 67d2a49ae09c2087a0e39b6f succesfully
2025-03-13 15:25:51,692 pop.CPM_RT_mixins INFO     mongo_db = RTModelCPM, topic = MQTT_RT_DATA created 67d2a49fe09c2087a0e39b70 succesfully
2025-03-13 15:25:51,703 pop.CPM_RT_mixins INFO     mongo_db = TemporaryRTModelCPM, topic = MQTT_RT_DATA created 67d2a49fe09c2087a0e39b71 succesfully
2025-03-13 15:25:51,717 pop.CPM_RT_mixins INFO     mongo_db = TodayRTModelCPM, topic = MQTT_RT_DATA created 67d2a49fe09c2087a0e39b72 succesfully
2025-03-13 15:25:52,791 pop.CCCL_generator_mixins INFO     mongo_db = CCCLGenerator, topic = CCCL/PURBACHAL/ENM_01 created 67d2a4a0e09c2087a0e39b73 succesfully
2025-03-13 15:25:52,808 pop.CCCL_generator_mixins INFO     mongo_db = TemporaryCCCLGenerator, topic = CCCL/PURBACHAL/ENM_01 created 67d2a4a0e09c2087a0e39b74 succesfully
2025-03-13 15:25:52,828 pop.CCCL_generator_mixins INFO     mongo_db = TodayCCCLGenerator, topic = CCCL/PURBACHAL/ENM_01 created 67d2a4a0e09c2087a0e39b75 succesfully
2025-03-13 15:26:16,407 pop.CCCL_environment_mixins INFO     mongo_db = CCCLEnvironment, topic = CCCL/PURBACHAL/ENV_01 created 67d2a4b8e09c2087a0e39b76 succesfully
2025-03-13 15:26:16,416 pop.CCCL_environment_mixins INFO     mongo_db = TemporaryCCCLEnvironment, topic = CCCL/PURBACHAL/ENV_01 created 67d2a4b8e09c2087a0e39b77 succesfully
2025-03-13 15:26:16,428 pop.CCCL_environment_mixins INFO     mongo_db = TodayCCCLEnvironment, topic = CCCL/PURBACHAL/ENV_01 created 67d2a4b8e09c2087a0e39b78 succesfully
2025-03-13 15:26:46,835 pop.CCCL_environment_mixins INFO     mongo_db = CCCLEnvironment, topic = CCCL/PURBACHAL/ENV_01 created 67d2a4d6e09c2087a0e39b79 succesfully
2025-03-13 15:26:46,853 pop.CCCL_environment_mixins INFO     mongo_db = TemporaryCCCLEnvironment, topic = CCCL/PURBACHAL/ENV_01 created 67d2a4d6e09c2087a0e39b7a succesfully
2025-03-13 15:26:46,863 pop.CCCL_environment_mixins INFO     mongo_db = TodayCCCLEnvironment, topic = CCCL/PURBACHAL/ENV_01 created 67d2a4d6e09c2087a0e39b7b succesfully
2025-03-13 15:26:52,762 pop.CCCL_generator_mixins INFO     mongo_db = CCCLGenerator, topic = CCCL/PURBACHAL/ENM_01 created 67d2a4dce09c2087a0e39b7c succesfully
2025-03-13 15:26:52,779 pop.CCCL_generator_mixins INFO     mongo_db = TemporaryCCCLGenerator, topic = CCCL/PURBACHAL/ENM_01 created 67d2a4dce09c2087a0e39b7d succesfully
2025-03-13 15:26:52,796 pop.CCCL_generator_mixins INFO     mongo_db = TodayCCCLGenerator, topic = CCCL/PURBACHAL/ENM_01 created 67d2a4dce09c2087a0e39b7e succesfully
2025-03-13 15:26:53,113 pop.CPM_RT_mixins INFO     mongo_db = RTModelCPM, topic = MQTT_RT_DATA created 67d2a4dde09c2087a0e39b7f succesfully
2025-03-13 15:26:53,128 pop.CPM_RT_mixins INFO     mongo_db = TemporaryRTModelCPM, topic = MQTT_RT_DATA created 67d2a4dde09c2087a0e39b80 succesfully
2025-03-13 15:26:53,141 pop.CPM_RT_mixins INFO     mongo_db = TodayRTModelCPM, topic = MQTT_RT_DATA created 67d2a4dde09c2087a0e39b81 succesfully
2025-03-13 15:27:17,152 pop.CCCL_environment_mixins INFO     mongo_db = CCCLEnvironment, topic = CCCL/PURBACHAL/ENV_01 created 67d2a4f5e09c2087a0e39b82 succesfully
2025-03-13 15:27:17,171 pop.CCCL_environment_mixins INFO     mongo_db = TemporaryCCCLEnvironment, topic = CCCL/PURBACHAL/ENV_01 created 67d2a4f5e09c2087a0e39b83 succesfully
2025-03-13 15:27:17,179 pop.CCCL_environment_mixins INFO     mongo_db = TodayCCCLEnvironment, topic = CCCL/PURBACHAL/ENV_01 created 67d2a4f5e09c2087a0e39b84 succesfully
2025-03-13 15:27:21,611 pop.CPM_RT_mixins INFO     mongo_db = RTModelCPM, topic = MQTT_RT_DATA created 67d2a4f9e09c2087a0e39b85 succesfully
2025-03-13 15:27:21,623 pop.CPM_RT_mixins INFO     mongo_db = TemporaryRTModelCPM, topic = MQTT_RT_DATA created 67d2a4f9e09c2087a0e39b86 succesfully
2025-03-13 15:27:21,635 pop.CPM_RT_mixins INFO     mongo_db = TodayRTModelCPM, topic = MQTT_RT_DATA created 67d2a4f9e09c2087a0e39b87 succesfully
2025-03-13 15:27:47,477 pop.CCCL_environment_mixins INFO     mongo_db = CCCLEnvironment, topic = CCCL/PURBACHAL/ENV_01 created 67d2a513e09c2087a0e39b88 succesfully
2025-03-13 15:27:47,495 pop.CCCL_environment_mixins INFO     mongo_db = TemporaryCCCLEnvironment, topic = CCCL/PURBACHAL/ENV_01 created 67d2a513e09c2087a0e39b89 succesfully
2025-03-13 15:27:47,504 pop.CCCL_environment_mixins INFO     mongo_db = TodayCCCLEnvironment, topic = CCCL/PURBACHAL/ENV_01 created 67d2a513e09c2087a0e39b8a succesfully
2025-03-13 15:27:51,794 pop.CPM_RT_mixins INFO     mongo_db = RTModelCPM, topic = MQTT_RT_DATA created 67d2a517e09c2087a0e39b8b succesfully
2025-03-13 15:27:51,808 pop.CPM_RT_mixins INFO     mongo_db = TemporaryRTModelCPM, topic = MQTT_RT_DATA created 67d2a517e09c2087a0e39b8c succesfully
2025-03-13 15:27:51,820 pop.CPM_RT_mixins INFO     mongo_db = TodayRTModelCPM, topic = MQTT_RT_DATA created 67d2a517e09c2087a0e39b8d succesfully
2025-03-13 15:27:52,772 pop.CCCL_generator_mixins INFO     mongo_db = CCCLGenerator, topic = CCCL/PURBACHAL/ENM_01 created 67d2a518e09c2087a0e39b8e succesfully
2025-03-13 15:27:52,785 pop.CCCL_generator_mixins INFO     mongo_db = TemporaryCCCLGenerator, topic = CCCL/PURBACHAL/ENM_01 created 67d2a518e09c2087a0e39b8f succesfully
2025-03-13 15:27:52,802 pop.CCCL_generator_mixins INFO     mongo_db = TodayCCCLGenerator, topic = CCCL/PURBACHAL/ENM_01 created 67d2a518e09c2087a0e39b90 succesfully
2025-03-13 15:28:17,768 pop.CCCL_environment_mixins INFO     mongo_db = CCCLEnvironment, topic = CCCL/PURBACHAL/ENV_01 created 67d2a531e09c2087a0e39b91 succesfully
2025-03-13 15:28:17,799 pop.CCCL_environment_mixins INFO     mongo_db = TemporaryCCCLEnvironment, topic = CCCL/PURBACHAL/ENV_01 created 67d2a531e09c2087a0e39b92 succesfully
2025-03-13 15:28:17,811 pop.CCCL_environment_mixins INFO     mongo_db = TodayCCCLEnvironment, topic = CCCL/PURBACHAL/ENV_01 created 67d2a531e09c2087a0e39b93 succesfully
2025-03-13 15:28:48,079 pop.CCCL_environment_mixins INFO     mongo_db = CCCLEnvironment, topic = CCCL/PURBACHAL/ENV_01 created 67d2a550e09c2087a0e39b94 succesfully
2025-03-13 15:28:48,095 pop.CCCL_environment_mixins INFO     mongo_db = TemporaryCCCLEnvironment, topic = CCCL/PURBACHAL/ENV_01 created 67d2a550e09c2087a0e39b95 succesfully
2025-03-13 15:28:48,110 pop.CCCL_environment_mixins INFO     mongo_db = TodayCCCLEnvironment, topic = CCCL/PURBACHAL/ENV_01 created 67d2a550e09c2087a0e39b96 succesfully
2025-03-13 15:28:51,826 pop.CPM_RT_mixins INFO     mongo_db = RTModelCPM, topic = MQTT_RT_DATA created 67d2a553e09c2087a0e39b97 succesfully
2025-03-13 15:28:51,840 pop.CPM_RT_mixins INFO     mongo_db = TemporaryRTModelCPM, topic = MQTT_RT_DATA created 67d2a553e09c2087a0e39b98 succesfully
2025-03-13 15:28:51,853 pop.CPM_RT_mixins INFO     mongo_db = TodayRTModelCPM, topic = MQTT_RT_DATA created 67d2a553e09c2087a0e39b99 succesfully
2025-03-13 15:28:52,794 pop.CCCL_generator_mixins INFO     mongo_db = CCCLGenerator, topic = CCCL/PURBACHAL/ENM_01 created 67d2a554e09c2087a0e39b9a succesfully
2025-03-13 15:28:52,815 pop.CCCL_generator_mixins INFO     mongo_db = TemporaryCCCLGenerator, topic = CCCL/PURBACHAL/ENM_01 created 67d2a554e09c2087a0e39b9b succesfully
2025-03-13 15:28:52,835 pop.CCCL_generator_mixins INFO     mongo_db = TodayCCCLGenerator, topic = CCCL/PURBACHAL/ENM_01 created 67d2a554e09c2087a0e39b9c succesfully
2025-03-13 15:29:18,389 pop.CCCL_environment_mixins INFO     mongo_db = CCCLEnvironment, topic = CCCL/PURBACHAL/ENV_01 created 67d2a56ee09c2087a0e39b9d succesfully
2025-03-13 15:29:18,413 pop.CCCL_environment_mixins INFO     mongo_db = TemporaryCCCLEnvironment, topic = CCCL/PURBACHAL/ENV_01 created 67d2a56ee09c2087a0e39b9e succesfully
2025-03-13 15:29:18,433 pop.CCCL_environment_mixins INFO     mongo_db = TodayCCCLEnvironment, topic = CCCL/PURBACHAL/ENV_01 created 67d2a56ee09c2087a0e39b9f succesfully
2025-03-13 15:29:21,895 pop.CPM_RT_mixins INFO     mongo_db = RTModelCPM, topic = MQTT_RT_DATA created 67d2a571e09c2087a0e39ba0 succesfully
2025-03-13 15:29:21,913 pop.CPM_RT_mixins INFO     mongo_db = TemporaryRTModelCPM, topic = MQTT_RT_DATA created 67d2a571e09c2087a0e39ba1 succesfully
2025-03-13 15:29:21,925 pop.CPM_RT_mixins INFO     mongo_db = TodayRTModelCPM, topic = MQTT_RT_DATA created 67d2a571e09c2087a0e39ba2 succesfully
2025-03-13 15:29:48,999 pop.CCCL_environment_mixins INFO     mongo_db = CCCLEnvironment, topic = CCCL/PURBACHAL/ENV_01 created 67d2a58ce09c2087a0e39ba3 succesfully
2025-03-13 15:29:49,015 pop.CCCL_environment_mixins INFO     mongo_db = TemporaryCCCLEnvironment, topic = CCCL/PURBACHAL/ENV_01 created 67d2a58de09c2087a0e39ba4 succesfully
2025-03-13 15:29:49,036 pop.CCCL_environment_mixins INFO     mongo_db = TodayCCCLEnvironment, topic = CCCL/PURBACHAL/ENV_01 created 67d2a58de09c2087a0e39ba5 succesfully
2025-03-13 15:29:51,659 pop.CPM_RT_mixins INFO     mongo_db = RTModelCPM, topic = MQTT_RT_DATA created 67d2a58fe09c2087a0e39ba6 succesfully
2025-03-13 15:29:51,671 pop.CPM_RT_mixins INFO     mongo_db = TemporaryRTModelCPM, topic = MQTT_RT_DATA created 67d2a58fe09c2087a0e39ba7 succesfully
2025-03-13 15:29:51,684 pop.CPM_RT_mixins INFO     mongo_db = TodayRTModelCPM, topic = MQTT_RT_DATA created 67d2a58fe09c2087a0e39ba8 succesfully
2025-03-13 15:29:52,764 pop.CCCL_generator_mixins INFO     mongo_db = CCCLGenerator, topic = CCCL/PURBACHAL/ENM_01 created 67d2a590e09c2087a0e39ba9 succesfully
2025-03-13 15:29:52,776 pop.CCCL_generator_mixins INFO     mongo_db = TemporaryCCCLGenerator, topic = CCCL/PURBACHAL/ENM_01 created 67d2a590e09c2087a0e39baa succesfully
2025-03-13 15:29:52,788 pop.CCCL_generator_mixins INFO     mongo_db = TodayCCCLGenerator, topic = CCCL/PURBACHAL/ENM_01 created 67d2a590e09c2087a0e39bab succesfully
2025-03-13 15:30:19,325 pop.CCCL_environment_mixins INFO     mongo_db = CCCLEnvironment, topic = CCCL/PURBACHAL/ENV_01 created 67d2a5abe09c2087a0e39bac succesfully
2025-03-13 15:30:19,339 pop.CCCL_environment_mixins INFO     mongo_db = TemporaryCCCLEnvironment, topic = CCCL/PURBACHAL/ENV_01 created 67d2a5abe09c2087a0e39bad succesfully
2025-03-13 15:30:19,348 pop.CCCL_environment_mixins INFO     mongo_db = TodayCCCLEnvironment, topic = CCCL/PURBACHAL/ENV_01 created 67d2a5abe09c2087a0e39bae succesfully
2025-03-13 15:30:21,612 pop.CPM_RT_mixins INFO     mongo_db = RTModelCPM, topic = MQTT_RT_DATA created 67d2a5ade09c2087a0e39baf succesfully
2025-03-13 15:30:21,623 pop.CPM_RT_mixins INFO     mongo_db = TemporaryRTModelCPM, topic = MQTT_RT_DATA created 67d2a5ade09c2087a0e39bb0 succesfully
2025-03-13 15:30:21,636 pop.CPM_RT_mixins INFO     mongo_db = TodayRTModelCPM, topic = MQTT_RT_DATA created 67d2a5ade09c2087a0e39bb1 succesfully
2025-03-13 15:30:49,768 pop.CCCL_environment_mixins INFO     mongo_db = CCCLEnvironment, topic = CCCL/PURBACHAL/ENV_01 created 67d2a5c9e09c2087a0e39bb2 succesfully
2025-03-13 15:30:49,777 pop.CCCL_environment_mixins INFO     mongo_db = TemporaryCCCLEnvironment, topic = CCCL/PURBACHAL/ENV_01 created 67d2a5c9e09c2087a0e39bb3 succesfully
2025-03-13 15:30:49,788 pop.CCCL_environment_mixins INFO     mongo_db = TodayCCCLEnvironment, topic = CCCL/PURBACHAL/ENV_01 created 67d2a5c9e09c2087a0e39bb4 succesfully
2025-03-13 15:30:52,656 pop.CPM_RT_mixins INFO     mongo_db = RTModelCPM, topic = MQTT_RT_DATA created 67d2a5cce09c2087a0e39bb5 succesfully
2025-03-13 15:30:52,669 pop.CPM_RT_mixins INFO     mongo_db = TemporaryRTModelCPM, topic = MQTT_RT_DATA created 67d2a5cce09c2087a0e39bb6 succesfully
2025-03-13 15:30:52,683 pop.CPM_RT_mixins INFO     mongo_db = TodayRTModelCPM, topic = MQTT_RT_DATA created 67d2a5cce09c2087a0e39bb7 succesfully
2025-03-13 15:30:52,767 pop.CCCL_generator_mixins INFO     mongo_db = CCCLGenerator, topic = CCCL/PURBACHAL/ENM_01 created 67d2a5cce09c2087a0e39bb8 succesfully
2025-03-13 15:30:52,779 pop.CCCL_generator_mixins INFO     mongo_db = TemporaryCCCLGenerator, topic = CCCL/PURBACHAL/ENM_01 created 67d2a5cce09c2087a0e39bb9 succesfully
2025-03-13 15:30:52,792 pop.CCCL_generator_mixins INFO     mongo_db = TodayCCCLGenerator, topic = CCCL/PURBACHAL/ENM_01 created 67d2a5cce09c2087a0e39bba succesfully
2025-03-13 15:31:20,101 pop.CCCL_environment_mixins INFO     mongo_db = CCCLEnvironment, topic = CCCL/PURBACHAL/ENV_01 created 67d2a5e8e09c2087a0e39bbb succesfully
2025-03-13 15:31:20,123 pop.CCCL_environment_mixins INFO     mongo_db = TemporaryCCCLEnvironment, topic = CCCL/PURBACHAL/ENV_01 created 67d2a5e8e09c2087a0e39bbc succesfully
2025-03-13 15:31:20,133 pop.CCCL_environment_mixins INFO     mongo_db = TodayCCCLEnvironment, topic = CCCL/PURBACHAL/ENV_01 created 67d2a5e8e09c2087a0e39bbd succesfully
2025-03-13 15:31:21,813 pop.CPM_RT_mixins INFO     mongo_db = RTModelCPM, topic = MQTT_RT_DATA created 67d2a5e9e09c2087a0e39bbe succesfully
2025-03-13 15:31:21,827 pop.CPM_RT_mixins INFO     mongo_db = TemporaryRTModelCPM, topic = MQTT_RT_DATA created 67d2a5e9e09c2087a0e39bbf succesfully
2025-03-13 15:31:21,841 pop.CPM_RT_mixins INFO     mongo_db = TodayRTModelCPM, topic = MQTT_RT_DATA created 67d2a5e9e09c2087a0e39bc0 succesfully
2025-03-13 15:32:06,937 pop.CPM_RT_mixins INFO     mongo_db = RTModelCPM, topic = MQTT_RT_DATA created 67d2a616e62ffce4c1f5816c succesfully
2025-03-13 15:32:06,964 pop.CPM_RT_mixins INFO     mongo_db = TemporaryRTModelCPM, topic = MQTT_RT_DATA created 67d2a616e62ffce4c1f5816d succesfully
2025-03-13 15:32:06,990 pop.CPM_RT_mixins INFO     mongo_db = TodayRTModelCPM, topic = MQTT_RT_DATA created 67d2a616e62ffce4c1f5816e succesfully
2025-03-13 15:32:13,080 django.request ERROR    Internal Server Error: /api/v1.0/pop/ups-data/
Traceback (most recent call last):
  File "/opt/venv/lib/python3.9/site-packages/django/db/models/fields/__init__.py", line 2031, in to_python
    return int(value)
ValueError: invalid literal for int() with base 10: 'STRING: "CENTIEL"'

During handling of the above exception, another exception occurred:

Traceback (most recent call last):
  File "/opt/venv/lib/python3.9/site-packages/django/core/handlers/exception.py", line 55, in inner
    response = get_response(request)
  File "/opt/venv/lib/python3.9/site-packages/django/core/handlers/base.py", line 197, in _get_response
    response = wrapped_callback(request, *callback_args, **callback_kwargs)
  File "/opt/venv/lib/python3.9/site-packages/django/views/decorators/csrf.py", line 54, in wrapped_view
    return view_func(*args, **kwargs)
  File "/opt/venv/lib/python3.9/site-packages/rest_framework/viewsets.py", line 125, in view
    return self.dispatch(request, *args, **kwargs)
  File "/opt/venv/lib/python3.9/site-packages/rest_framework/views.py", line 509, in dispatch
    response = self.handle_exception(exc)
  File "/opt/venv/lib/python3.9/site-packages/rest_framework/views.py", line 469, in handle_exception
    self.raise_uncaught_exception(exc)
  File "/opt/venv/lib/python3.9/site-packages/rest_framework/views.py", line 480, in raise_uncaught_exception
    raise exc
  File "/opt/venv/lib/python3.9/site-packages/rest_framework/views.py", line 506, in dispatch
    response = handler(request, *args, **kwargs)
  File "/opt/app/pop/api/views.py", line 428, in list
    return Response(serializer.data)
  File "/opt/venv/lib/python3.9/site-packages/rest_framework/serializers.py", line 745, in data
    ret = super().data
  File "/opt/venv/lib/python3.9/site-packages/rest_framework/serializers.py", line 246, in data
    self._data = self.to_representation(self.instance)
  File "/opt/venv/lib/python3.9/site-packages/rest_framework/serializers.py", line 663, in to_representation
    return [
  File "/opt/venv/lib/python3.9/site-packages/django/db/models/query.py", line 394, in __iter__
    self._fetch_all()
  File "/opt/venv/lib/python3.9/site-packages/django/db/models/query.py", line 1866, in _fetch_all
    self._result_cache = list(self._iterable_class(self))
  File "/opt/venv/lib/python3.9/site-packages/django/db/models/query.py", line 117, in __iter__
    for row in compiler.results_iter(results):
  File "/opt/venv/lib/python3.9/site-packages/django/db/models/sql/compiler.py", line 1333, in apply_converters
    value = converter(value, expression, connection)
  File "/opt/venv/lib/python3.9/site-packages/djongo/models/fields.py", line 244, in from_db_value
    return self.to_python(value)
  File "/opt/venv/lib/python3.9/site-packages/djongo/models/fields.py", line 262, in to_python
    processed_value = self._value_thru_fields('to_python', value)
  File "/opt/venv/lib/python3.9/site-packages/djongo/models/fields.py", line 332, in _value_thru_fields
    post_dict = super()._value_thru_fields(func_name,
  File "/opt/venv/lib/python3.9/site-packages/djongo/models/fields.py", line 146, in _value_thru_fields
    processed_value[field.attname] = getattr(field, func_name)(field_value, *other_args)
  File "/opt/venv/lib/python3.9/site-packages/django/db/models/fields/__init__.py", line 2033, in to_python
    raise exceptions.ValidationError(
django.core.exceptions.ValidationError: ['“STRING: "CENTIEL"” value must be an integer.']
2025-03-13 15:32:20,714 pop.CCCL_environment_mixins INFO     mongo_db = CCCLEnvironment, topic = CCCL/PURBACHAL/ENV_01 created 67d2a624e62ffce4c1f5816f succesfully
2025-03-13 15:32:20,746 pop.CCCL_environment_mixins INFO     mongo_db = TemporaryCCCLEnvironment, topic = CCCL/PURBACHAL/ENV_01 created 67d2a624e62ffce4c1f58170 succesfully
2025-03-13 15:32:20,762 pop.CCCL_environment_mixins INFO     mongo_db = TodayCCCLEnvironment, topic = CCCL/PURBACHAL/ENV_01 created 67d2a624e62ffce4c1f58171 succesfully
2025-03-13 15:32:22,458 pop.CPM_RT_mixins INFO     mongo_db = RTModelCPM, topic = MQTT_RT_DATA created 67d2a626e62ffce4c1f58172 succesfully
2025-03-13 15:32:22,473 pop.CPM_RT_mixins INFO     mongo_db = TemporaryRTModelCPM, topic = MQTT_RT_DATA created 67d2a626e62ffce4c1f58173 succesfully
2025-03-13 15:32:22,492 pop.CPM_RT_mixins INFO     mongo_db = TodayRTModelCPM, topic = MQTT_RT_DATA created 67d2a626e62ffce4c1f58174 succesfully
2025-03-13 15:32:50,975 pop.CCCL_environment_mixins INFO     mongo_db = CCCLEnvironment, topic = CCCL/PURBACHAL/ENV_01 created 67d2a642e62ffce4c1f58175 succesfully
2025-03-13 15:32:50,986 pop.CCCL_environment_mixins INFO     mongo_db = TemporaryCCCLEnvironment, topic = CCCL/PURBACHAL/ENV_01 created 67d2a642e62ffce4c1f58176 succesfully
2025-03-13 15:32:50,999 pop.CCCL_environment_mixins INFO     mongo_db = TodayCCCLEnvironment, topic = CCCL/PURBACHAL/ENV_01 created 67d2a642e62ffce4c1f58177 succesfully
2025-03-13 15:33:17,014 pop.CPM_RT_mixins INFO     mongo_db = RTModelCPM, topic = MQTT_RT_DATA created 67d2a65d9ad45ffe29629b68 succesfully
2025-03-13 15:33:17,071 pop.CPM_RT_mixins INFO     mongo_db = TemporaryRTModelCPM, topic = MQTT_RT_DATA created 67d2a65d9ad45ffe29629b69 succesfully
2025-03-13 15:33:17,107 pop.CPM_RT_mixins INFO     mongo_db = TodayRTModelCPM, topic = MQTT_RT_DATA created 67d2a65d9ad45ffe29629b6a succesfully
2025-03-13 15:33:21,328 pop.CCCL_environment_mixins INFO     mongo_db = CCCLEnvironment, topic = CCCL/PURBACHAL/ENV_01 created 67d2a6619ad45ffe29629b6b succesfully
2025-03-13 15:33:21,344 pop.CCCL_environment_mixins INFO     mongo_db = TemporaryCCCLEnvironment, topic = CCCL/PURBACHAL/ENV_01 created 67d2a6619ad45ffe29629b6c succesfully
2025-03-13 15:33:21,354 pop.CCCL_environment_mixins INFO     mongo_db = TodayCCCLEnvironment, topic = CCCL/PURBACHAL/ENV_01 created 67d2a6619ad45ffe29629b6d succesfully
2025-03-13 15:33:22,046 pop.CPM_RT_mixins INFO     mongo_db = RTModelCPM, topic = MQTT_RT_DATA created 67d2a6629ad45ffe29629b6e succesfully
2025-03-13 15:33:22,061 pop.CPM_RT_mixins INFO     mongo_db = TemporaryRTModelCPM, topic = MQTT_RT_DATA created 67d2a6629ad45ffe29629b6f succesfully
2025-03-13 15:33:22,079 pop.CPM_RT_mixins INFO     mongo_db = TodayRTModelCPM, topic = MQTT_RT_DATA created 67d2a6629ad45ffe29629b70 succesfully
2025-03-13 15:33:25,479 django.request ERROR    Internal Server Error: /api/v1.0/pop/ups-data/
Traceback (most recent call last):
  File "/opt/venv/lib/python3.9/site-packages/django/core/handlers/exception.py", line 55, in inner
    response = get_response(request)
  File "/opt/venv/lib/python3.9/site-packages/django/core/handlers/base.py", line 197, in _get_response
    response = wrapped_callback(request, *callback_args, **callback_kwargs)
  File "/opt/venv/lib/python3.9/site-packages/django/views/decorators/csrf.py", line 54, in wrapped_view
    return view_func(*args, **kwargs)
  File "/opt/venv/lib/python3.9/site-packages/rest_framework/viewsets.py", line 125, in view
    return self.dispatch(request, *args, **kwargs)
  File "/opt/venv/lib/python3.9/site-packages/rest_framework/views.py", line 509, in dispatch
    response = self.handle_exception(exc)
  File "/opt/venv/lib/python3.9/site-packages/rest_framework/views.py", line 469, in handle_exception
    self.raise_uncaught_exception(exc)
  File "/opt/venv/lib/python3.9/site-packages/rest_framework/views.py", line 480, in raise_uncaught_exception
    raise exc
  File "/opt/venv/lib/python3.9/site-packages/rest_framework/views.py", line 506, in dispatch
    response = handler(request, *args, **kwargs)
  File "/opt/app/pop/api/views.py", line 428, in list
    return Response(serializer.data)
  File "/opt/venv/lib/python3.9/site-packages/rest_framework/serializers.py", line 745, in data
    ret = super().data
  File "/opt/venv/lib/python3.9/site-packages/rest_framework/serializers.py", line 246, in data
    self._data = self.to_representation(self.instance)
  File "/opt/venv/lib/python3.9/site-packages/rest_framework/serializers.py", line 663, in to_representation
    return [
  File "/opt/venv/lib/python3.9/site-packages/rest_framework/serializers.py", line 664, in <listcomp>
    self.child.to_representation(item) for item in iterable
  File "/opt/venv/lib/python3.9/site-packages/rest_framework/serializers.py", line 515, in to_representation
    ret[field.field_name] = field.to_representation(attribute)
  File "/opt/venv/lib/python3.9/site-packages/rest_framework/serializers.py", line 663, in to_representation
    return [
  File "/opt/venv/lib/python3.9/site-packages/rest_framework/serializers.py", line 664, in <listcomp>
    self.child.to_representation(item) for item in iterable
  File "/opt/venv/lib/python3.9/site-packages/rest_framework/serializers.py", line 515, in to_representation
    ret[field.field_name] = field.to_representation(attribute)
  File "/opt/venv/lib/python3.9/site-packages/rest_framework/fields.py", line 1907, in to_representation
    value = self.model_field.value_from_object(obj)
  File "/opt/venv/lib/python3.9/site-packages/django/db/models/fields/__init__.py", line 1059, in value_from_object
    return getattr(obj, self.attname)
AttributeError: 'dict' object has no attribute 'id'
2025-03-13 15:33:51,604 pop.CCCL_environment_mixins INFO     mongo_db = CCCLEnvironment, topic = CCCL/PURBACHAL/ENV_01 created 67d2a67f9ad45ffe29629b71 succesfully
2025-03-13 15:33:51,627 pop.CCCL_environment_mixins INFO     mongo_db = TemporaryCCCLEnvironment, topic = CCCL/PURBACHAL/ENV_01 created 67d2a67f9ad45ffe29629b72 succesfully
2025-03-13 15:33:51,638 pop.CCCL_environment_mixins INFO     mongo_db = TodayCCCLEnvironment, topic = CCCL/PURBACHAL/ENV_01 created 67d2a67f9ad45ffe29629b73 succesfully
2025-03-13 15:33:52,416 pop.CPM_RT_mixins INFO     mongo_db = RTModelCPM, topic = MQTT_RT_DATA created 67d2a6809ad45ffe29629b74 succesfully
2025-03-13 15:33:52,431 pop.CPM_RT_mixins INFO     mongo_db = TemporaryRTModelCPM, topic = MQTT_RT_DATA created 67d2a6809ad45ffe29629b75 succesfully
2025-03-13 15:33:52,448 pop.CPM_RT_mixins INFO     mongo_db = TodayRTModelCPM, topic = MQTT_RT_DATA created 67d2a6809ad45ffe29629b76 succesfully
2025-03-13 15:33:52,782 pop.CCCL_generator_mixins INFO     mongo_db = CCCLGenerator, topic = CCCL/PURBACHAL/ENM_01 created 67d2a6809ad45ffe29629b77 succesfully
2025-03-13 15:33:52,798 pop.CCCL_generator_mixins INFO     mongo_db = TemporaryCCCLGenerator, topic = CCCL/PURBACHAL/ENM_01 created 67d2a6809ad45ffe29629b78 succesfully
2025-03-13 15:33:52,813 pop.CCCL_generator_mixins INFO     mongo_db = TodayCCCLGenerator, topic = CCCL/PURBACHAL/ENM_01 created 67d2a6809ad45ffe29629b79 succesfully
2025-03-13 15:34:21,502 pop.CPM_RT_mixins INFO     mongo_db = RTModelCPM, topic = MQTT_RT_DATA created 67d2a69d9ad45ffe29629b7a succesfully
2025-03-13 15:34:21,516 pop.CPM_RT_mixins INFO     mongo_db = TemporaryRTModelCPM, topic = MQTT_RT_DATA created 67d2a69d9ad45ffe29629b7b succesfully
2025-03-13 15:34:21,528 pop.CPM_RT_mixins INFO     mongo_db = TodayRTModelCPM, topic = MQTT_RT_DATA created 67d2a69d9ad45ffe29629b7c succesfully
2025-03-13 15:34:21,919 pop.CCCL_environment_mixins INFO     mongo_db = CCCLEnvironment, topic = CCCL/PURBACHAL/ENV_01 created 67d2a69d9ad45ffe29629b7d succesfully
2025-03-13 15:34:21,936 pop.CCCL_environment_mixins INFO     mongo_db = TemporaryCCCLEnvironment, topic = CCCL/PURBACHAL/ENV_01 created 67d2a69d9ad45ffe29629b7e succesfully
2025-03-13 15:34:21,947 pop.CCCL_environment_mixins INFO     mongo_db = TodayCCCLEnvironment, topic = CCCL/PURBACHAL/ENV_01 created 67d2a69d9ad45ffe29629b7f succesfully
2025-03-13 15:34:51,660 pop.CPM_RT_mixins INFO     mongo_db = RTModelCPM, topic = MQTT_RT_DATA created 67d2a6bb9ad45ffe29629b80 succesfully
2025-03-13 15:34:51,674 pop.CPM_RT_mixins INFO     mongo_db = TemporaryRTModelCPM, topic = MQTT_RT_DATA created 67d2a6bb9ad45ffe29629b81 succesfully
2025-03-13 15:34:51,686 pop.CPM_RT_mixins INFO     mongo_db = TodayRTModelCPM, topic = MQTT_RT_DATA created 67d2a6bb9ad45ffe29629b82 succesfully
2025-03-13 15:34:52,330 pop.CCCL_environment_mixins INFO     mongo_db = CCCLEnvironment, topic = CCCL/PURBACHAL/ENV_01 created 67d2a6bc9ad45ffe29629b83 succesfully
2025-03-13 15:34:52,349 pop.CCCL_environment_mixins INFO     mongo_db = TemporaryCCCLEnvironment, topic = CCCL/PURBACHAL/ENV_01 created 67d2a6bc9ad45ffe29629b84 succesfully
2025-03-13 15:34:52,359 pop.CCCL_environment_mixins INFO     mongo_db = TodayCCCLEnvironment, topic = CCCL/PURBACHAL/ENV_01 created 67d2a6bc9ad45ffe29629b85 succesfully
2025-03-13 15:34:52,771 pop.CCCL_generator_mixins INFO     mongo_db = CCCLGenerator, topic = CCCL/PURBACHAL/ENM_01 created 67d2a6bc9ad45ffe29629b86 succesfully
2025-03-13 15:34:52,792 pop.CCCL_generator_mixins INFO     mongo_db = TemporaryCCCLGenerator, topic = CCCL/PURBACHAL/ENM_01 created 67d2a6bc9ad45ffe29629b87 succesfully
2025-03-13 15:34:52,804 pop.CCCL_generator_mixins INFO     mongo_db = TodayCCCLGenerator, topic = CCCL/PURBACHAL/ENM_01 created 67d2a6bc9ad45ffe29629b88 succesfully
2025-03-13 15:35:21,722 pop.CPM_RT_mixins INFO     mongo_db = RTModelCPM, topic = MQTT_RT_DATA created 67d2a6d99ad45ffe29629b89 succesfully
2025-03-13 15:35:21,737 pop.CPM_RT_mixins INFO     mongo_db = TemporaryRTModelCPM, topic = MQTT_RT_DATA created 67d2a6d99ad45ffe29629b8a succesfully
2025-03-13 15:35:21,756 pop.CPM_RT_mixins INFO     mongo_db = TodayRTModelCPM, topic = MQTT_RT_DATA created 67d2a6d99ad45ffe29629b8b succesfully
2025-03-13 15:35:22,642 pop.CCCL_environment_mixins INFO     mongo_db = CCCLEnvironment, topic = CCCL/PURBACHAL/ENV_01 created 67d2a6da9ad45ffe29629b8c succesfully
2025-03-13 15:35:22,669 pop.CCCL_environment_mixins INFO     mongo_db = TemporaryCCCLEnvironment, topic = CCCL/PURBACHAL/ENV_01 created 67d2a6da9ad45ffe29629b8d succesfully
2025-03-13 15:35:22,686 pop.CCCL_environment_mixins INFO     mongo_db = TodayCCCLEnvironment, topic = CCCL/PURBACHAL/ENV_01 created 67d2a6da9ad45ffe29629b8e succesfully
2025-03-13 15:35:51,669 pop.CPM_RT_mixins INFO     mongo_db = RTModelCPM, topic = MQTT_RT_DATA created 67d2a6f79ad45ffe29629b8f succesfully
2025-03-13 15:35:51,683 pop.CPM_RT_mixins INFO     mongo_db = TemporaryRTModelCPM, topic = MQTT_RT_DATA created 67d2a6f79ad45ffe29629b90 succesfully
2025-03-13 15:35:51,699 pop.CPM_RT_mixins INFO     mongo_db = TodayRTModelCPM, topic = MQTT_RT_DATA created 67d2a6f79ad45ffe29629b91 succesfully
2025-03-13 15:35:52,759 pop.CCCL_generator_mixins INFO     mongo_db = CCCLGenerator, topic = CCCL/PURBACHAL/ENM_01 created 67d2a6f89ad45ffe29629b92 succesfully
2025-03-13 15:35:52,772 pop.CCCL_generator_mixins INFO     mongo_db = TemporaryCCCLGenerator, topic = CCCL/PURBACHAL/ENM_01 created 67d2a6f89ad45ffe29629b93 succesfully
2025-03-13 15:35:52,785 pop.CCCL_generator_mixins INFO     mongo_db = TodayCCCLGenerator, topic = CCCL/PURBACHAL/ENM_01 created 67d2a6f89ad45ffe29629b94 succesfully
2025-03-13 15:35:52,878 pop.CCCL_environment_mixins INFO     mongo_db = CCCLEnvironment, topic = CCCL/PURBACHAL/ENV_01 created 67d2a6f89ad45ffe29629b95 succesfully
2025-03-13 15:35:52,898 pop.CCCL_environment_mixins INFO     mongo_db = TemporaryCCCLEnvironment, topic = CCCL/PURBACHAL/ENV_01 created 67d2a6f89ad45ffe29629b96 succesfully
2025-03-13 15:35:52,910 pop.CCCL_environment_mixins INFO     mongo_db = TodayCCCLEnvironment, topic = CCCL/PURBACHAL/ENV_01 created 67d2a6f89ad45ffe29629b97 succesfully
2025-03-13 15:36:23,156 pop.CCCL_environment_mixins INFO     mongo_db = CCCLEnvironment, topic = CCCL/PURBACHAL/ENV_01 created 67d2a7179ad45ffe29629b98 succesfully
2025-03-13 15:36:23,171 pop.CCCL_environment_mixins INFO     mongo_db = TemporaryCCCLEnvironment, topic = CCCL/PURBACHAL/ENV_01 created 67d2a7179ad45ffe29629b99 succesfully
2025-03-13 15:36:23,181 pop.CCCL_environment_mixins INFO     mongo_db = TodayCCCLEnvironment, topic = CCCL/PURBACHAL/ENV_01 created 67d2a7179ad45ffe29629b9a succesfully
2025-03-13 15:36:45,036 pop.CPM_RT_mixins INFO     mongo_db = RTModelCPM, topic = MQTT_RT_DATA created 67d2a72d3c00107d8760df7b succesfully
2025-03-13 15:36:45,065 pop.CPM_RT_mixins INFO     mongo_db = TemporaryRTModelCPM, topic = MQTT_RT_DATA created 67d2a72d3c00107d8760df7c succesfully
2025-03-13 15:36:45,090 pop.CPM_RT_mixins INFO     mongo_db = TodayRTModelCPM, topic = MQTT_RT_DATA created 67d2a72d3c00107d8760df7d succesfully
2025-03-13 15:36:45,644 celery.utils.dispatch.signal ERROR    Signal handler <bound method DjangoFixup.on_import_modules of <celery.fixups.django.DjangoFixup object at 0x7f2329182c70>> raised: ValidationError(['Field "pop.DataItem.id" of model container:"<class \'pop.ups_model.DataItem\'>" cannot be of type "<class \'django.db.models.fields.BigAutoField\'>"'])
Traceback (most recent call last):
  File "/opt/venv/lib/python3.9/site-packages/celery/utils/dispatch/signal.py", line 276, in send
    response = receiver(signal=self, sender=sender, **named)
  File "/opt/venv/lib/python3.9/site-packages/celery/fixups/django.py", line 82, in on_import_modules
    self.worker_fixup.validate_models()
  File "/opt/venv/lib/python3.9/site-packages/celery/fixups/django.py", line 121, in validate_models
    run_checks()
  File "/opt/venv/lib/python3.9/site-packages/django/core/checks/registry.py", line 88, in run_checks
    new_errors = check(app_configs=app_configs, databases=databases)
  File "/opt/venv/lib/python3.9/site-packages/django/core/checks/urls.py", line 14, in check_url_config
    return check_resolver(resolver)
  File "/opt/venv/lib/python3.9/site-packages/django/core/checks/urls.py", line 24, in check_resolver
    return check_method()
  File "/opt/venv/lib/python3.9/site-packages/django/urls/resolvers.py", line 476, in check
    for pattern in self.url_patterns:
  File "/opt/venv/lib/python3.9/site-packages/django/utils/functional.py", line 57, in __get__
    res = instance.__dict__[self.name] = self.func(instance)
  File "/opt/venv/lib/python3.9/site-packages/django/urls/resolvers.py", line 690, in url_patterns
    patterns = getattr(self.urlconf_module, "urlpatterns", self.urlconf_module)
  File "/opt/venv/lib/python3.9/site-packages/django/utils/functional.py", line 57, in __get__
    res = instance.__dict__[self.name] = self.func(instance)
  File "/opt/venv/lib/python3.9/site-packages/django/urls/resolvers.py", line 683, in urlconf_module
    return import_module(self.urlconf_name)
  File "/usr/local/lib/python3.9/importlib/__init__.py", line 127, in import_module
    return _bootstrap._gcd_import(name[level:], package, level)
  File "<frozen importlib._bootstrap>", line 1030, in _gcd_import
  File "<frozen importlib._bootstrap>", line 1007, in _find_and_load
  File "<frozen importlib._bootstrap>", line 986, in _find_and_load_unlocked
  File "<frozen importlib._bootstrap>", line 680, in _load_unlocked
  File "<frozen importlib._bootstrap_external>", line 850, in exec_module
  File "<frozen importlib._bootstrap>", line 228, in _call_with_frames_removed
  File "/opt/app/dcim/urls.py", line 41, in <module>
    path('pop/', include('pop.api.urls', namespace='pops.apis')),
  File "/opt/venv/lib/python3.9/site-packages/django/urls/conf.py", line 38, in include
    urlconf_module = import_module(urlconf_module)
  File "/usr/local/lib/python3.9/importlib/__init__.py", line 127, in import_module
    return _bootstrap._gcd_import(name[level:], package, level)
  File "<frozen importlib._bootstrap>", line 1030, in _gcd_import
  File "<frozen importlib._bootstrap>", line 1007, in _find_and_load
  File "<frozen importlib._bootstrap>", line 986, in _find_and_load_unlocked
  File "<frozen importlib._bootstrap>", line 680, in _load_unlocked
  File "<frozen importlib._bootstrap_external>", line 850, in exec_module
  File "<frozen importlib._bootstrap>", line 228, in _call_with_frames_removed
  File "/opt/app/pop/api/urls.py", line 1, in <module>
    from pop.api.views import (
  File "/opt/app/pop/api/views.py", line 16, in <module>
    from pop.ups_model import UpsModel
  File "/opt/app/pop/ups_model.py", line 12, in <module>
    class UpsModel(models.Model):
  File "/opt/app/pop/ups_model.py", line 15, in UpsModel
    data = models.ArrayField(model_container=DataItem)
  File "/opt/venv/lib/python3.9/site-packages/djongo/models/fields.py", line 273, in __init__
    super().__init__(model_container, *args, **kwargs)
  File "/opt/venv/lib/python3.9/site-packages/djongo/models/fields.py", line 112, in __init__
    self._validate_container()
  File "/opt/venv/lib/python3.9/site-packages/djongo/models/fields.py", line 120, in _validate_container
    raise ValidationError(
django.core.exceptions.ValidationError: ['Field "pop.DataItem.id" of model container:"<class \'pop.ups_model.DataItem\'>" cannot be of type "<class \'django.db.models.fields.BigAutoField\'>"']
2025-03-13 15:36:45,889 celery.utils.dispatch.signal ERROR    Signal handler <bound method DjangoFixup.on_import_modules of <celery.fixups.django.DjangoFixup object at 0x7fd086dd8c70>> raised: ValidationError(['Field "pop.DataItem.id" of model container:"<class \'pop.ups_model.DataItem\'>" cannot be of type "<class \'django.db.models.fields.BigAutoField\'>"'])
Traceback (most recent call last):
  File "/opt/venv/lib/python3.9/site-packages/celery/utils/dispatch/signal.py", line 276, in send
    response = receiver(signal=self, sender=sender, **named)
  File "/opt/venv/lib/python3.9/site-packages/celery/fixups/django.py", line 82, in on_import_modules
    self.worker_fixup.validate_models()
  File "/opt/venv/lib/python3.9/site-packages/celery/fixups/django.py", line 121, in validate_models
    run_checks()
  File "/opt/venv/lib/python3.9/site-packages/django/core/checks/registry.py", line 88, in run_checks
    new_errors = check(app_configs=app_configs, databases=databases)
  File "/opt/venv/lib/python3.9/site-packages/django/core/checks/urls.py", line 14, in check_url_config
    return check_resolver(resolver)
  File "/opt/venv/lib/python3.9/site-packages/django/core/checks/urls.py", line 24, in check_resolver
    return check_method()
  File "/opt/venv/lib/python3.9/site-packages/django/urls/resolvers.py", line 476, in check
    for pattern in self.url_patterns:
  File "/opt/venv/lib/python3.9/site-packages/django/utils/functional.py", line 57, in __get__
    res = instance.__dict__[self.name] = self.func(instance)
  File "/opt/venv/lib/python3.9/site-packages/django/urls/resolvers.py", line 690, in url_patterns
    patterns = getattr(self.urlconf_module, "urlpatterns", self.urlconf_module)
  File "/opt/venv/lib/python3.9/site-packages/django/utils/functional.py", line 57, in __get__
    res = instance.__dict__[self.name] = self.func(instance)
  File "/opt/venv/lib/python3.9/site-packages/django/urls/resolvers.py", line 683, in urlconf_module
    return import_module(self.urlconf_name)
  File "/usr/local/lib/python3.9/importlib/__init__.py", line 127, in import_module
    return _bootstrap._gcd_import(name[level:], package, level)
  File "<frozen importlib._bootstrap>", line 1030, in _gcd_import
  File "<frozen importlib._bootstrap>", line 1007, in _find_and_load
  File "<frozen importlib._bootstrap>", line 986, in _find_and_load_unlocked
  File "<frozen importlib._bootstrap>", line 680, in _load_unlocked
  File "<frozen importlib._bootstrap_external>", line 850, in exec_module
  File "<frozen importlib._bootstrap>", line 228, in _call_with_frames_removed
  File "/opt/app/dcim/urls.py", line 41, in <module>
    path('pop/', include('pop.api.urls', namespace='pops.apis')),
  File "/opt/venv/lib/python3.9/site-packages/django/urls/conf.py", line 38, in include
    urlconf_module = import_module(urlconf_module)
  File "/usr/local/lib/python3.9/importlib/__init__.py", line 127, in import_module
    return _bootstrap._gcd_import(name[level:], package, level)
  File "<frozen importlib._bootstrap>", line 1030, in _gcd_import
  File "<frozen importlib._bootstrap>", line 1007, in _find_and_load
  File "<frozen importlib._bootstrap>", line 986, in _find_and_load_unlocked
  File "<frozen importlib._bootstrap>", line 680, in _load_unlocked
  File "<frozen importlib._bootstrap_external>", line 850, in exec_module
  File "<frozen importlib._bootstrap>", line 228, in _call_with_frames_removed
  File "/opt/app/pop/api/urls.py", line 1, in <module>
    from pop.api.views import (
  File "/opt/app/pop/api/views.py", line 16, in <module>
    from pop.ups_model import UpsModel
  File "/opt/app/pop/ups_model.py", line 12, in <module>
    class UpsModel(models.Model):
  File "/opt/app/pop/ups_model.py", line 15, in UpsModel
    data = models.ArrayField(model_container=DataItem)
  File "/opt/venv/lib/python3.9/site-packages/djongo/models/fields.py", line 273, in __init__
    super().__init__(model_container, *args, **kwargs)
  File "/opt/venv/lib/python3.9/site-packages/djongo/models/fields.py", line 112, in __init__
    self._validate_container()
  File "/opt/venv/lib/python3.9/site-packages/djongo/models/fields.py", line 120, in _validate_container
    raise ValidationError(
django.core.exceptions.ValidationError: ['Field "pop.DataItem.id" of model container:"<class \'pop.ups_model.DataItem\'>" cannot be of type "<class \'django.db.models.fields.BigAutoField\'>"']
2025-03-13 15:36:47,854 celery.utils.dispatch.signal ERROR    Signal handler <bound method DjangoFixup.on_import_modules of <celery.fixups.django.DjangoFixup object at 0x7f9add8e5790>> raised: ValidationError(['Field "pop.DataItem.id" of model container:"<class \'pop.ups_model.DataItem\'>" cannot be of type "<class \'django.db.models.fields.BigAutoField\'>"'])
Traceback (most recent call last):
  File "/opt/venv/lib/python3.9/site-packages/celery/utils/dispatch/signal.py", line 276, in send
    response = receiver(signal=self, sender=sender, **named)
  File "/opt/venv/lib/python3.9/site-packages/celery/fixups/django.py", line 82, in on_import_modules
    self.worker_fixup.validate_models()
  File "/opt/venv/lib/python3.9/site-packages/celery/fixups/django.py", line 121, in validate_models
    run_checks()
  File "/opt/venv/lib/python3.9/site-packages/django/core/checks/registry.py", line 88, in run_checks
    new_errors = check(app_configs=app_configs, databases=databases)
  File "/opt/venv/lib/python3.9/site-packages/django/core/checks/urls.py", line 14, in check_url_config
    return check_resolver(resolver)
  File "/opt/venv/lib/python3.9/site-packages/django/core/checks/urls.py", line 24, in check_resolver
    return check_method()
  File "/opt/venv/lib/python3.9/site-packages/django/urls/resolvers.py", line 476, in check
    for pattern in self.url_patterns:
  File "/opt/venv/lib/python3.9/site-packages/django/utils/functional.py", line 57, in __get__
    res = instance.__dict__[self.name] = self.func(instance)
  File "/opt/venv/lib/python3.9/site-packages/django/urls/resolvers.py", line 690, in url_patterns
    patterns = getattr(self.urlconf_module, "urlpatterns", self.urlconf_module)
  File "/opt/venv/lib/python3.9/site-packages/django/utils/functional.py", line 57, in __get__
    res = instance.__dict__[self.name] = self.func(instance)
  File "/opt/venv/lib/python3.9/site-packages/django/urls/resolvers.py", line 683, in urlconf_module
    return import_module(self.urlconf_name)
  File "/usr/local/lib/python3.9/importlib/__init__.py", line 127, in import_module
    return _bootstrap._gcd_import(name[level:], package, level)
  File "<frozen importlib._bootstrap>", line 1030, in _gcd_import
  File "<frozen importlib._bootstrap>", line 1007, in _find_and_load
  File "<frozen importlib._bootstrap>", line 986, in _find_and_load_unlocked
  File "<frozen importlib._bootstrap>", line 680, in _load_unlocked
  File "<frozen importlib._bootstrap_external>", line 850, in exec_module
  File "<frozen importlib._bootstrap>", line 228, in _call_with_frames_removed
  File "/opt/app/dcim/urls.py", line 41, in <module>
    path('pop/', include('pop.api.urls', namespace='pops.apis')),
  File "/opt/venv/lib/python3.9/site-packages/django/urls/conf.py", line 38, in include
    urlconf_module = import_module(urlconf_module)
  File "/usr/local/lib/python3.9/importlib/__init__.py", line 127, in import_module
    return _bootstrap._gcd_import(name[level:], package, level)
  File "<frozen importlib._bootstrap>", line 1030, in _gcd_import
  File "<frozen importlib._bootstrap>", line 1007, in _find_and_load
  File "<frozen importlib._bootstrap>", line 986, in _find_and_load_unlocked
  File "<frozen importlib._bootstrap>", line 680, in _load_unlocked
  File "<frozen importlib._bootstrap_external>", line 850, in exec_module
  File "<frozen importlib._bootstrap>", line 228, in _call_with_frames_removed
  File "/opt/app/pop/api/urls.py", line 1, in <module>
    from pop.api.views import (
  File "/opt/app/pop/api/views.py", line 16, in <module>
    from pop.ups_model import UpsModel
  File "/opt/app/pop/ups_model.py", line 12, in <module>
    class UpsModel(models.Model):
  File "/opt/app/pop/ups_model.py", line 15, in UpsModel
    data = models.ArrayField(model_container=DataItem)
  File "/opt/venv/lib/python3.9/site-packages/djongo/models/fields.py", line 273, in __init__
    super().__init__(model_container, *args, **kwargs)
  File "/opt/venv/lib/python3.9/site-packages/djongo/models/fields.py", line 112, in __init__
    self._validate_container()
  File "/opt/venv/lib/python3.9/site-packages/djongo/models/fields.py", line 120, in _validate_container
    raise ValidationError(
django.core.exceptions.ValidationError: ['Field "pop.DataItem.id" of model container:"<class \'pop.ups_model.DataItem\'>" cannot be of type "<class \'django.db.models.fields.BigAutoField\'>"']
2025-03-13 15:36:48,076 celery.utils.dispatch.signal ERROR    Signal handler <bound method DjangoFixup.on_import_modules of <celery.fixups.django.DjangoFixup object at 0x7fe810da1790>> raised: ValidationError(['Field "pop.DataItem.id" of model container:"<class \'pop.ups_model.DataItem\'>" cannot be of type "<class \'django.db.models.fields.BigAutoField\'>"'])
Traceback (most recent call last):
  File "/opt/venv/lib/python3.9/site-packages/celery/utils/dispatch/signal.py", line 276, in send
    response = receiver(signal=self, sender=sender, **named)
  File "/opt/venv/lib/python3.9/site-packages/celery/fixups/django.py", line 82, in on_import_modules
    self.worker_fixup.validate_models()
  File "/opt/venv/lib/python3.9/site-packages/celery/fixups/django.py", line 121, in validate_models
    run_checks()
  File "/opt/venv/lib/python3.9/site-packages/django/core/checks/registry.py", line 88, in run_checks
    new_errors = check(app_configs=app_configs, databases=databases)
  File "/opt/venv/lib/python3.9/site-packages/django/core/checks/urls.py", line 42, in check_url_namespaces_unique
    all_namespaces = _load_all_namespaces(resolver)
  File "/opt/venv/lib/python3.9/site-packages/django/core/checks/urls.py", line 61, in _load_all_namespaces
    url_patterns = getattr(resolver, "url_patterns", [])
  File "/opt/venv/lib/python3.9/site-packages/django/utils/functional.py", line 57, in __get__
    res = instance.__dict__[self.name] = self.func(instance)
  File "/opt/venv/lib/python3.9/site-packages/django/urls/resolvers.py", line 690, in url_patterns
    patterns = getattr(self.urlconf_module, "urlpatterns", self.urlconf_module)
  File "/opt/venv/lib/python3.9/site-packages/django/utils/functional.py", line 57, in __get__
    res = instance.__dict__[self.name] = self.func(instance)
  File "/opt/venv/lib/python3.9/site-packages/django/urls/resolvers.py", line 683, in urlconf_module
    return import_module(self.urlconf_name)
  File "/usr/local/lib/python3.9/importlib/__init__.py", line 127, in import_module
    return _bootstrap._gcd_import(name[level:], package, level)
  File "<frozen importlib._bootstrap>", line 1030, in _gcd_import
  File "<frozen importlib._bootstrap>", line 1007, in _find_and_load
  File "<frozen importlib._bootstrap>", line 986, in _find_and_load_unlocked
  File "<frozen importlib._bootstrap>", line 680, in _load_unlocked
  File "<frozen importlib._bootstrap_external>", line 850, in exec_module
  File "<frozen importlib._bootstrap>", line 228, in _call_with_frames_removed
  File "/opt/app/dcim/urls.py", line 41, in <module>
    path('pop/', include('pop.api.urls', namespace='pops.apis')),
  File "/opt/venv/lib/python3.9/site-packages/django/urls/conf.py", line 38, in include
    urlconf_module = import_module(urlconf_module)
  File "/usr/local/lib/python3.9/importlib/__init__.py", line 127, in import_module
    return _bootstrap._gcd_import(name[level:], package, level)
  File "<frozen importlib._bootstrap>", line 1030, in _gcd_import
  File "<frozen importlib._bootstrap>", line 1007, in _find_and_load
  File "<frozen importlib._bootstrap>", line 986, in _find_and_load_unlocked
  File "<frozen importlib._bootstrap>", line 680, in _load_unlocked
  File "<frozen importlib._bootstrap_external>", line 850, in exec_module
  File "<frozen importlib._bootstrap>", line 228, in _call_with_frames_removed
  File "/opt/app/pop/api/urls.py", line 1, in <module>
    from pop.api.views import (
  File "/opt/app/pop/api/views.py", line 16, in <module>
    from pop.ups_model import UpsModel
  File "/opt/app/pop/ups_model.py", line 12, in <module>
    class UpsModel(models.Model):
  File "/opt/app/pop/ups_model.py", line 15, in UpsModel
    data = models.ArrayField(model_container=DataItem)
  File "/opt/venv/lib/python3.9/site-packages/djongo/models/fields.py", line 273, in __init__
    super().__init__(model_container, *args, **kwargs)
  File "/opt/venv/lib/python3.9/site-packages/djongo/models/fields.py", line 112, in __init__
    self._validate_container()
  File "/opt/venv/lib/python3.9/site-packages/djongo/models/fields.py", line 120, in _validate_container
    raise ValidationError(
django.core.exceptions.ValidationError: ['Field "pop.DataItem.id" of model container:"<class \'pop.ups_model.DataItem\'>" cannot be of type "<class \'django.db.models.fields.BigAutoField\'>"']
2025-03-13 15:36:49,973 celery.utils.dispatch.signal ERROR    Signal handler <bound method DjangoFixup.on_import_modules of <celery.fixups.django.DjangoFixup object at 0x7fd39831f790>> raised: ValidationError(['Field "pop.DataItem.id" of model container:"<class \'pop.ups_model.DataItem\'>" cannot be of type "<class \'django.db.models.fields.BigAutoField\'>"'])
Traceback (most recent call last):
  File "/opt/venv/lib/python3.9/site-packages/celery/utils/dispatch/signal.py", line 276, in send
    response = receiver(signal=self, sender=sender, **named)
  File "/opt/venv/lib/python3.9/site-packages/celery/fixups/django.py", line 82, in on_import_modules
    self.worker_fixup.validate_models()
  File "/opt/venv/lib/python3.9/site-packages/celery/fixups/django.py", line 121, in validate_models
    run_checks()
  File "/opt/venv/lib/python3.9/site-packages/django/core/checks/registry.py", line 88, in run_checks
    new_errors = check(app_configs=app_configs, databases=databases)
  File "/opt/venv/lib/python3.9/site-packages/django/core/checks/urls.py", line 14, in check_url_config
    return check_resolver(resolver)
  File "/opt/venv/lib/python3.9/site-packages/django/core/checks/urls.py", line 24, in check_resolver
    return check_method()
  File "/opt/venv/lib/python3.9/site-packages/django/urls/resolvers.py", line 476, in check
    for pattern in self.url_patterns:
  File "/opt/venv/lib/python3.9/site-packages/django/utils/functional.py", line 57, in __get__
    res = instance.__dict__[self.name] = self.func(instance)
  File "/opt/venv/lib/python3.9/site-packages/django/urls/resolvers.py", line 690, in url_patterns
    patterns = getattr(self.urlconf_module, "urlpatterns", self.urlconf_module)
  File "/opt/venv/lib/python3.9/site-packages/django/utils/functional.py", line 57, in __get__
    res = instance.__dict__[self.name] = self.func(instance)
  File "/opt/venv/lib/python3.9/site-packages/django/urls/resolvers.py", line 683, in urlconf_module
    return import_module(self.urlconf_name)
  File "/usr/local/lib/python3.9/importlib/__init__.py", line 127, in import_module
    return _bootstrap._gcd_import(name[level:], package, level)
  File "<frozen importlib._bootstrap>", line 1030, in _gcd_import
  File "<frozen importlib._bootstrap>", line 1007, in _find_and_load
  File "<frozen importlib._bootstrap>", line 986, in _find_and_load_unlocked
  File "<frozen importlib._bootstrap>", line 680, in _load_unlocked
  File "<frozen importlib._bootstrap_external>", line 850, in exec_module
  File "<frozen importlib._bootstrap>", line 228, in _call_with_frames_removed
  File "/opt/app/dcim/urls.py", line 41, in <module>
    path('pop/', include('pop.api.urls', namespace='pops.apis')),
  File "/opt/venv/lib/python3.9/site-packages/django/urls/conf.py", line 38, in include
    urlconf_module = import_module(urlconf_module)
  File "/usr/local/lib/python3.9/importlib/__init__.py", line 127, in import_module
    return _bootstrap._gcd_import(name[level:], package, level)
  File "<frozen importlib._bootstrap>", line 1030, in _gcd_import
  File "<frozen importlib._bootstrap>", line 1007, in _find_and_load
  File "<frozen importlib._bootstrap>", line 986, in _find_and_load_unlocked
  File "<frozen importlib._bootstrap>", line 680, in _load_unlocked
  File "<frozen importlib._bootstrap_external>", line 850, in exec_module
  File "<frozen importlib._bootstrap>", line 228, in _call_with_frames_removed
  File "/opt/app/pop/api/urls.py", line 1, in <module>
    from pop.api.views import (
  File "/opt/app/pop/api/views.py", line 16, in <module>
    from pop.ups_model import UpsModel
  File "/opt/app/pop/ups_model.py", line 12, in <module>
    class UpsModel(models.Model):
  File "/opt/app/pop/ups_model.py", line 15, in UpsModel
    data = models.ArrayField(model_container=DataItem)
  File "/opt/venv/lib/python3.9/site-packages/djongo/models/fields.py", line 273, in __init__
    super().__init__(model_container, *args, **kwargs)
  File "/opt/venv/lib/python3.9/site-packages/djongo/models/fields.py", line 112, in __init__
    self._validate_container()
  File "/opt/venv/lib/python3.9/site-packages/djongo/models/fields.py", line 120, in _validate_container
    raise ValidationError(
django.core.exceptions.ValidationError: ['Field "pop.DataItem.id" of model container:"<class \'pop.ups_model.DataItem\'>" cannot be of type "<class \'django.db.models.fields.BigAutoField\'>"']
2025-03-13 15:36:50,161 celery.utils.dispatch.signal ERROR    Signal handler <bound method DjangoFixup.on_import_modules of <celery.fixups.django.DjangoFixup object at 0x7fdbcbe39790>> raised: ValidationError(['Field "pop.DataItem.id" of model container:"<class \'pop.ups_model.DataItem\'>" cannot be of type "<class \'django.db.models.fields.BigAutoField\'>"'])
Traceback (most recent call last):
  File "/opt/venv/lib/python3.9/site-packages/celery/utils/dispatch/signal.py", line 276, in send
    response = receiver(signal=self, sender=sender, **named)
  File "/opt/venv/lib/python3.9/site-packages/celery/fixups/django.py", line 82, in on_import_modules
    self.worker_fixup.validate_models()
  File "/opt/venv/lib/python3.9/site-packages/celery/fixups/django.py", line 121, in validate_models
    run_checks()
  File "/opt/venv/lib/python3.9/site-packages/django/core/checks/registry.py", line 88, in run_checks
    new_errors = check(app_configs=app_configs, databases=databases)
  File "/opt/venv/lib/python3.9/site-packages/django/core/checks/urls.py", line 42, in check_url_namespaces_unique
    all_namespaces = _load_all_namespaces(resolver)
  File "/opt/venv/lib/python3.9/site-packages/django/core/checks/urls.py", line 61, in _load_all_namespaces
    url_patterns = getattr(resolver, "url_patterns", [])
  File "/opt/venv/lib/python3.9/site-packages/django/utils/functional.py", line 57, in __get__
    res = instance.__dict__[self.name] = self.func(instance)
  File "/opt/venv/lib/python3.9/site-packages/django/urls/resolvers.py", line 690, in url_patterns
    patterns = getattr(self.urlconf_module, "urlpatterns", self.urlconf_module)
  File "/opt/venv/lib/python3.9/site-packages/django/utils/functional.py", line 57, in __get__
    res = instance.__dict__[self.name] = self.func(instance)
  File "/opt/venv/lib/python3.9/site-packages/django/urls/resolvers.py", line 683, in urlconf_module
    return import_module(self.urlconf_name)
  File "/usr/local/lib/python3.9/importlib/__init__.py", line 127, in import_module
    return _bootstrap._gcd_import(name[level:], package, level)
  File "<frozen importlib._bootstrap>", line 1030, in _gcd_import
  File "<frozen importlib._bootstrap>", line 1007, in _find_and_load
  File "<frozen importlib._bootstrap>", line 986, in _find_and_load_unlocked
  File "<frozen importlib._bootstrap>", line 680, in _load_unlocked
  File "<frozen importlib._bootstrap_external>", line 850, in exec_module
  File "<frozen importlib._bootstrap>", line 228, in _call_with_frames_removed
  File "/opt/app/dcim/urls.py", line 41, in <module>
    path('pop/', include('pop.api.urls', namespace='pops.apis')),
  File "/opt/venv/lib/python3.9/site-packages/django/urls/conf.py", line 38, in include
    urlconf_module = import_module(urlconf_module)
  File "/usr/local/lib/python3.9/importlib/__init__.py", line 127, in import_module
    return _bootstrap._gcd_import(name[level:], package, level)
  File "<frozen importlib._bootstrap>", line 1030, in _gcd_import
  File "<frozen importlib._bootstrap>", line 1007, in _find_and_load
  File "<frozen importlib._bootstrap>", line 986, in _find_and_load_unlocked
  File "<frozen importlib._bootstrap>", line 680, in _load_unlocked
  File "<frozen importlib._bootstrap_external>", line 850, in exec_module
  File "<frozen importlib._bootstrap>", line 228, in _call_with_frames_removed
  File "/opt/app/pop/api/urls.py", line 1, in <module>
    from pop.api.views import (
  File "/opt/app/pop/api/views.py", line 16, in <module>
    from pop.ups_model import UpsModel
  File "/opt/app/pop/ups_model.py", line 12, in <module>
    class UpsModel(models.Model):
  File "/opt/app/pop/ups_model.py", line 15, in UpsModel
    data = models.ArrayField(model_container=DataItem)
  File "/opt/venv/lib/python3.9/site-packages/djongo/models/fields.py", line 273, in __init__
    super().__init__(model_container, *args, **kwargs)
  File "/opt/venv/lib/python3.9/site-packages/djongo/models/fields.py", line 112, in __init__
    self._validate_container()
  File "/opt/venv/lib/python3.9/site-packages/djongo/models/fields.py", line 120, in _validate_container
    raise ValidationError(
django.core.exceptions.ValidationError: ['Field "pop.DataItem.id" of model container:"<class \'pop.ups_model.DataItem\'>" cannot be of type "<class \'django.db.models.fields.BigAutoField\'>"']
2025-03-13 15:36:52,564 celery.utils.dispatch.signal ERROR    Signal handler <bound method DjangoFixup.on_import_modules of <celery.fixups.django.DjangoFixup object at 0x7f2a50ead790>> raised: ValidationError(['Field "pop.DataItem.id" of model container:"<class \'pop.ups_model.DataItem\'>" cannot be of type "<class \'django.db.models.fields.BigAutoField\'>"'])
Traceback (most recent call last):
  File "/opt/venv/lib/python3.9/site-packages/celery/utils/dispatch/signal.py", line 276, in send
    response = receiver(signal=self, sender=sender, **named)
  File "/opt/venv/lib/python3.9/site-packages/celery/fixups/django.py", line 82, in on_import_modules
    self.worker_fixup.validate_models()
  File "/opt/venv/lib/python3.9/site-packages/celery/fixups/django.py", line 121, in validate_models
    run_checks()
  File "/opt/venv/lib/python3.9/site-packages/django/core/checks/registry.py", line 88, in run_checks
    new_errors = check(app_configs=app_configs, databases=databases)
  File "/opt/venv/lib/python3.9/site-packages/django/core/checks/urls.py", line 14, in check_url_config
    return check_resolver(resolver)
  File "/opt/venv/lib/python3.9/site-packages/django/core/checks/urls.py", line 24, in check_resolver
    return check_method()
  File "/opt/venv/lib/python3.9/site-packages/django/urls/resolvers.py", line 476, in check
    for pattern in self.url_patterns:
  File "/opt/venv/lib/python3.9/site-packages/django/utils/functional.py", line 57, in __get__
    res = instance.__dict__[self.name] = self.func(instance)
  File "/opt/venv/lib/python3.9/site-packages/django/urls/resolvers.py", line 690, in url_patterns
    patterns = getattr(self.urlconf_module, "urlpatterns", self.urlconf_module)
  File "/opt/venv/lib/python3.9/site-packages/django/utils/functional.py", line 57, in __get__
    res = instance.__dict__[self.name] = self.func(instance)
  File "/opt/venv/lib/python3.9/site-packages/django/urls/resolvers.py", line 683, in urlconf_module
    return import_module(self.urlconf_name)
  File "/usr/local/lib/python3.9/importlib/__init__.py", line 127, in import_module
    return _bootstrap._gcd_import(name[level:], package, level)
  File "<frozen importlib._bootstrap>", line 1030, in _gcd_import
  File "<frozen importlib._bootstrap>", line 1007, in _find_and_load
  File "<frozen importlib._bootstrap>", line 986, in _find_and_load_unlocked
  File "<frozen importlib._bootstrap>", line 680, in _load_unlocked
  File "<frozen importlib._bootstrap_external>", line 850, in exec_module
  File "<frozen importlib._bootstrap>", line 228, in _call_with_frames_removed
  File "/opt/app/dcim/urls.py", line 41, in <module>
    path('pop/', include('pop.api.urls', namespace='pops.apis')),
  File "/opt/venv/lib/python3.9/site-packages/django/urls/conf.py", line 38, in include
    urlconf_module = import_module(urlconf_module)
  File "/usr/local/lib/python3.9/importlib/__init__.py", line 127, in import_module
    return _bootstrap._gcd_import(name[level:], package, level)
  File "<frozen importlib._bootstrap>", line 1030, in _gcd_import
  File "<frozen importlib._bootstrap>", line 1007, in _find_and_load
  File "<frozen importlib._bootstrap>", line 986, in _find_and_load_unlocked
  File "<frozen importlib._bootstrap>", line 680, in _load_unlocked
  File "<frozen importlib._bootstrap_external>", line 850, in exec_module
  File "<frozen importlib._bootstrap>", line 228, in _call_with_frames_removed
  File "/opt/app/pop/api/urls.py", line 1, in <module>
    from pop.api.views import (
  File "/opt/app/pop/api/views.py", line 16, in <module>
    from pop.ups_model import UpsModel
  File "/opt/app/pop/ups_model.py", line 12, in <module>
    class UpsModel(models.Model):
  File "/opt/app/pop/ups_model.py", line 15, in UpsModel
    data = models.ArrayField(model_container=DataItem)
  File "/opt/venv/lib/python3.9/site-packages/djongo/models/fields.py", line 273, in __init__
    super().__init__(model_container, *args, **kwargs)
  File "/opt/venv/lib/python3.9/site-packages/djongo/models/fields.py", line 112, in __init__
    self._validate_container()
  File "/opt/venv/lib/python3.9/site-packages/djongo/models/fields.py", line 120, in _validate_container
    raise ValidationError(
django.core.exceptions.ValidationError: ['Field "pop.DataItem.id" of model container:"<class \'pop.ups_model.DataItem\'>" cannot be of type "<class \'django.db.models.fields.BigAutoField\'>"']
2025-03-13 15:36:52,735 celery.utils.dispatch.signal ERROR    Signal handler <bound method DjangoFixup.on_import_modules of <celery.fixups.django.DjangoFixup object at 0x7f275f624790>> raised: ValidationError(['Field "pop.DataItem.id" of model container:"<class \'pop.ups_model.DataItem\'>" cannot be of type "<class \'django.db.models.fields.BigAutoField\'>"'])
Traceback (most recent call last):
  File "/opt/venv/lib/python3.9/site-packages/celery/utils/dispatch/signal.py", line 276, in send
    response = receiver(signal=self, sender=sender, **named)
  File "/opt/venv/lib/python3.9/site-packages/celery/fixups/django.py", line 82, in on_import_modules
    self.worker_fixup.validate_models()
  File "/opt/venv/lib/python3.9/site-packages/celery/fixups/django.py", line 121, in validate_models
    run_checks()
  File "/opt/venv/lib/python3.9/site-packages/django/core/checks/registry.py", line 88, in run_checks
    new_errors = check(app_configs=app_configs, databases=databases)
  File "/opt/venv/lib/python3.9/site-packages/django/core/checks/urls.py", line 42, in check_url_namespaces_unique
    all_namespaces = _load_all_namespaces(resolver)
  File "/opt/venv/lib/python3.9/site-packages/django/core/checks/urls.py", line 61, in _load_all_namespaces
    url_patterns = getattr(resolver, "url_patterns", [])
  File "/opt/venv/lib/python3.9/site-packages/django/utils/functional.py", line 57, in __get__
    res = instance.__dict__[self.name] = self.func(instance)
  File "/opt/venv/lib/python3.9/site-packages/django/urls/resolvers.py", line 690, in url_patterns
    patterns = getattr(self.urlconf_module, "urlpatterns", self.urlconf_module)
  File "/opt/venv/lib/python3.9/site-packages/django/utils/functional.py", line 57, in __get__
    res = instance.__dict__[self.name] = self.func(instance)
  File "/opt/venv/lib/python3.9/site-packages/django/urls/resolvers.py", line 683, in urlconf_module
    return import_module(self.urlconf_name)
  File "/usr/local/lib/python3.9/importlib/__init__.py", line 127, in import_module
    return _bootstrap._gcd_import(name[level:], package, level)
  File "<frozen importlib._bootstrap>", line 1030, in _gcd_import
  File "<frozen importlib._bootstrap>", line 1007, in _find_and_load
  File "<frozen importlib._bootstrap>", line 986, in _find_and_load_unlocked
  File "<frozen importlib._bootstrap>", line 680, in _load_unlocked
  File "<frozen importlib._bootstrap_external>", line 850, in exec_module
  File "<frozen importlib._bootstrap>", line 228, in _call_with_frames_removed
  File "/opt/app/dcim/urls.py", line 41, in <module>
    path('pop/', include('pop.api.urls', namespace='pops.apis')),
  File "/opt/venv/lib/python3.9/site-packages/django/urls/conf.py", line 38, in include
    urlconf_module = import_module(urlconf_module)
  File "/usr/local/lib/python3.9/importlib/__init__.py", line 127, in import_module
    return _bootstrap._gcd_import(name[level:], package, level)
  File "<frozen importlib._bootstrap>", line 1030, in _gcd_import
  File "<frozen importlib._bootstrap>", line 1007, in _find_and_load
  File "<frozen importlib._bootstrap>", line 986, in _find_and_load_unlocked
  File "<frozen importlib._bootstrap>", line 680, in _load_unlocked
  File "<frozen importlib._bootstrap_external>", line 850, in exec_module
  File "<frozen importlib._bootstrap>", line 228, in _call_with_frames_removed
  File "/opt/app/pop/api/urls.py", line 1, in <module>
    from pop.api.views import (
  File "/opt/app/pop/api/views.py", line 16, in <module>
    from pop.ups_model import UpsModel
  File "/opt/app/pop/ups_model.py", line 12, in <module>
    class UpsModel(models.Model):
  File "/opt/app/pop/ups_model.py", line 15, in UpsModel
    data = models.ArrayField(model_container=DataItem)
  File "/opt/venv/lib/python3.9/site-packages/djongo/models/fields.py", line 273, in __init__
    super().__init__(model_container, *args, **kwargs)
  File "/opt/venv/lib/python3.9/site-packages/djongo/models/fields.py", line 112, in __init__
    self._validate_container()
  File "/opt/venv/lib/python3.9/site-packages/djongo/models/fields.py", line 120, in _validate_container
    raise ValidationError(
django.core.exceptions.ValidationError: ['Field "pop.DataItem.id" of model container:"<class \'pop.ups_model.DataItem\'>" cannot be of type "<class \'django.db.models.fields.BigAutoField\'>"']
2025-03-13 15:36:52,787 pop.CCCL_generator_mixins INFO     mongo_db = CCCLGenerator, topic = CCCL/PURBACHAL/ENM_01 created 67d2a7343c00107d8760df7e succesfully
2025-03-13 15:36:52,811 pop.CCCL_generator_mixins INFO     mongo_db = TemporaryCCCLGenerator, topic = CCCL/PURBACHAL/ENM_01 created 67d2a7343c00107d8760df7f succesfully
2025-03-13 15:36:52,838 pop.CCCL_generator_mixins INFO     mongo_db = TodayCCCLGenerator, topic = CCCL/PURBACHAL/ENM_01 created 67d2a7343c00107d8760df80 succesfully
2025-03-13 15:36:53,063 pop.CPM_RT_mixins INFO     mongo_db = RTModelCPM, topic = MQTT_RT_DATA created 67d2a7353c00107d8760df81 succesfully
2025-03-13 15:36:53,081 pop.CPM_RT_mixins INFO     mongo_db = TemporaryRTModelCPM, topic = MQTT_RT_DATA created 67d2a7353c00107d8760df82 succesfully
2025-03-13 15:36:53,095 pop.CPM_RT_mixins INFO     mongo_db = TodayRTModelCPM, topic = MQTT_RT_DATA created 67d2a7353c00107d8760df83 succesfully
2025-03-13 15:36:53,566 pop.CCCL_environment_mixins INFO     mongo_db = CCCLEnvironment, topic = CCCL/PURBACHAL/ENV_01 created 67d2a7353c00107d8760df84 succesfully
2025-03-13 15:36:53,577 pop.CCCL_environment_mixins INFO     mongo_db = TemporaryCCCLEnvironment, topic = CCCL/PURBACHAL/ENV_01 created 67d2a7353c00107d8760df85 succesfully
2025-03-13 15:36:53,587 pop.CCCL_environment_mixins INFO     mongo_db = TodayCCCLEnvironment, topic = CCCL/PURBACHAL/ENV_01 created 67d2a7353c00107d8760df86 succesfully
2025-03-13 15:36:55,380 celery.utils.dispatch.signal ERROR    Signal handler <bound method DjangoFixup.on_import_modules of <celery.fixups.django.DjangoFixup object at 0x7fd719cd9790>> raised: ValidationError(['Field "pop.DataItem.id" of model container:"<class \'pop.ups_model.DataItem\'>" cannot be of type "<class \'django.db.models.fields.BigAutoField\'>"'])
Traceback (most recent call last):
  File "/opt/venv/lib/python3.9/site-packages/celery/utils/dispatch/signal.py", line 276, in send
    response = receiver(signal=self, sender=sender, **named)
  File "/opt/venv/lib/python3.9/site-packages/celery/fixups/django.py", line 82, in on_import_modules
    self.worker_fixup.validate_models()
  File "/opt/venv/lib/python3.9/site-packages/celery/fixups/django.py", line 121, in validate_models
    run_checks()
  File "/opt/venv/lib/python3.9/site-packages/django/core/checks/registry.py", line 88, in run_checks
    new_errors = check(app_configs=app_configs, databases=databases)
  File "/opt/venv/lib/python3.9/site-packages/django/core/checks/urls.py", line 42, in check_url_namespaces_unique
    all_namespaces = _load_all_namespaces(resolver)
  File "/opt/venv/lib/python3.9/site-packages/django/core/checks/urls.py", line 61, in _load_all_namespaces
    url_patterns = getattr(resolver, "url_patterns", [])
  File "/opt/venv/lib/python3.9/site-packages/django/utils/functional.py", line 57, in __get__
    res = instance.__dict__[self.name] = self.func(instance)
  File "/opt/venv/lib/python3.9/site-packages/django/urls/resolvers.py", line 690, in url_patterns
    patterns = getattr(self.urlconf_module, "urlpatterns", self.urlconf_module)
  File "/opt/venv/lib/python3.9/site-packages/django/utils/functional.py", line 57, in __get__
    res = instance.__dict__[self.name] = self.func(instance)
  File "/opt/venv/lib/python3.9/site-packages/django/urls/resolvers.py", line 683, in urlconf_module
    return import_module(self.urlconf_name)
  File "/usr/local/lib/python3.9/importlib/__init__.py", line 127, in import_module
    return _bootstrap._gcd_import(name[level:], package, level)
  File "<frozen importlib._bootstrap>", line 1030, in _gcd_import
  File "<frozen importlib._bootstrap>", line 1007, in _find_and_load
  File "<frozen importlib._bootstrap>", line 986, in _find_and_load_unlocked
  File "<frozen importlib._bootstrap>", line 680, in _load_unlocked
  File "<frozen importlib._bootstrap_external>", line 850, in exec_module
  File "<frozen importlib._bootstrap>", line 228, in _call_with_frames_removed
  File "/opt/app/dcim/urls.py", line 41, in <module>
    path('pop/', include('pop.api.urls', namespace='pops.apis')),
  File "/opt/venv/lib/python3.9/site-packages/django/urls/conf.py", line 38, in include
    urlconf_module = import_module(urlconf_module)
  File "/usr/local/lib/python3.9/importlib/__init__.py", line 127, in import_module
    return _bootstrap._gcd_import(name[level:], package, level)
  File "<frozen importlib._bootstrap>", line 1030, in _gcd_import
  File "<frozen importlib._bootstrap>", line 1007, in _find_and_load
  File "<frozen importlib._bootstrap>", line 986, in _find_and_load_unlocked
  File "<frozen importlib._bootstrap>", line 680, in _load_unlocked
  File "<frozen importlib._bootstrap_external>", line 850, in exec_module
  File "<frozen importlib._bootstrap>", line 228, in _call_with_frames_removed
  File "/opt/app/pop/api/urls.py", line 1, in <module>
    from pop.api.views import (
  File "/opt/app/pop/api/views.py", line 16, in <module>
    from pop.ups_model import UpsModel
  File "/opt/app/pop/ups_model.py", line 12, in <module>
    class UpsModel(models.Model):
  File "/opt/app/pop/ups_model.py", line 15, in UpsModel
    data = models.ArrayField(model_container=DataItem)
  File "/opt/venv/lib/python3.9/site-packages/djongo/models/fields.py", line 273, in __init__
    super().__init__(model_container, *args, **kwargs)
  File "/opt/venv/lib/python3.9/site-packages/djongo/models/fields.py", line 112, in __init__
    self._validate_container()
  File "/opt/venv/lib/python3.9/site-packages/djongo/models/fields.py", line 120, in _validate_container
    raise ValidationError(
django.core.exceptions.ValidationError: ['Field "pop.DataItem.id" of model container:"<class \'pop.ups_model.DataItem\'>" cannot be of type "<class \'django.db.models.fields.BigAutoField\'>"']
2025-03-13 15:36:55,396 celery.utils.dispatch.signal ERROR    Signal handler <bound method DjangoFixup.on_import_modules of <celery.fixups.django.DjangoFixup object at 0x7f62b80ae790>> raised: ValidationError(['Field "pop.DataItem.id" of model container:"<class \'pop.ups_model.DataItem\'>" cannot be of type "<class \'django.db.models.fields.BigAutoField\'>"'])
Traceback (most recent call last):
  File "/opt/venv/lib/python3.9/site-packages/celery/utils/dispatch/signal.py", line 276, in send
    response = receiver(signal=self, sender=sender, **named)
  File "/opt/venv/lib/python3.9/site-packages/celery/fixups/django.py", line 82, in on_import_modules
    self.worker_fixup.validate_models()
  File "/opt/venv/lib/python3.9/site-packages/celery/fixups/django.py", line 121, in validate_models
    run_checks()
  File "/opt/venv/lib/python3.9/site-packages/django/core/checks/registry.py", line 88, in run_checks
    new_errors = check(app_configs=app_configs, databases=databases)
  File "/opt/venv/lib/python3.9/site-packages/django/core/checks/urls.py", line 14, in check_url_config
    return check_resolver(resolver)
  File "/opt/venv/lib/python3.9/site-packages/django/core/checks/urls.py", line 24, in check_resolver
    return check_method()
  File "/opt/venv/lib/python3.9/site-packages/django/urls/resolvers.py", line 476, in check
    for pattern in self.url_patterns:
  File "/opt/venv/lib/python3.9/site-packages/django/utils/functional.py", line 57, in __get__
    res = instance.__dict__[self.name] = self.func(instance)
  File "/opt/venv/lib/python3.9/site-packages/django/urls/resolvers.py", line 690, in url_patterns
    patterns = getattr(self.urlconf_module, "urlpatterns", self.urlconf_module)
  File "/opt/venv/lib/python3.9/site-packages/django/utils/functional.py", line 57, in __get__
    res = instance.__dict__[self.name] = self.func(instance)
  File "/opt/venv/lib/python3.9/site-packages/django/urls/resolvers.py", line 683, in urlconf_module
    return import_module(self.urlconf_name)
  File "/usr/local/lib/python3.9/importlib/__init__.py", line 127, in import_module
    return _bootstrap._gcd_import(name[level:], package, level)
  File "<frozen importlib._bootstrap>", line 1030, in _gcd_import
  File "<frozen importlib._bootstrap>", line 1007, in _find_and_load
  File "<frozen importlib._bootstrap>", line 986, in _find_and_load_unlocked
  File "<frozen importlib._bootstrap>", line 680, in _load_unlocked
  File "<frozen importlib._bootstrap_external>", line 850, in exec_module
  File "<frozen importlib._bootstrap>", line 228, in _call_with_frames_removed
  File "/opt/app/dcim/urls.py", line 41, in <module>
    path('pop/', include('pop.api.urls', namespace='pops.apis')),
  File "/opt/venv/lib/python3.9/site-packages/django/urls/conf.py", line 38, in include
    urlconf_module = import_module(urlconf_module)
  File "/usr/local/lib/python3.9/importlib/__init__.py", line 127, in import_module
    return _bootstrap._gcd_import(name[level:], package, level)
  File "<frozen importlib._bootstrap>", line 1030, in _gcd_import
  File "<frozen importlib._bootstrap>", line 1007, in _find_and_load
  File "<frozen importlib._bootstrap>", line 986, in _find_and_load_unlocked
  File "<frozen importlib._bootstrap>", line 680, in _load_unlocked
  File "<frozen importlib._bootstrap_external>", line 850, in exec_module
  File "<frozen importlib._bootstrap>", line 228, in _call_with_frames_removed
  File "/opt/app/pop/api/urls.py", line 1, in <module>
    from pop.api.views import (
  File "/opt/app/pop/api/views.py", line 16, in <module>
    from pop.ups_model import UpsModel
  File "/opt/app/pop/ups_model.py", line 12, in <module>
    class UpsModel(models.Model):
  File "/opt/app/pop/ups_model.py", line 15, in UpsModel
    data = models.ArrayField(model_container=DataItem)
  File "/opt/venv/lib/python3.9/site-packages/djongo/models/fields.py", line 273, in __init__
    super().__init__(model_container, *args, **kwargs)
  File "/opt/venv/lib/python3.9/site-packages/djongo/models/fields.py", line 112, in __init__
    self._validate_container()
  File "/opt/venv/lib/python3.9/site-packages/djongo/models/fields.py", line 120, in _validate_container
    raise ValidationError(
django.core.exceptions.ValidationError: ['Field "pop.DataItem.id" of model container:"<class \'pop.ups_model.DataItem\'>" cannot be of type "<class \'django.db.models.fields.BigAutoField\'>"']
2025-03-13 15:36:58,958 celery.utils.dispatch.signal ERROR    Signal handler <bound method DjangoFixup.on_import_modules of <celery.fixups.django.DjangoFixup object at 0x7f1ea8370790>> raised: ValidationError(['Field "pop.DataItem.id" of model container:"<class \'pop.ups_model.DataItem\'>" cannot be of type "<class \'django.db.models.fields.BigAutoField\'>"'])
Traceback (most recent call last):
  File "/opt/venv/lib/python3.9/site-packages/celery/utils/dispatch/signal.py", line 276, in send
    response = receiver(signal=self, sender=sender, **named)
  File "/opt/venv/lib/python3.9/site-packages/celery/fixups/django.py", line 82, in on_import_modules
    self.worker_fixup.validate_models()
  File "/opt/venv/lib/python3.9/site-packages/celery/fixups/django.py", line 121, in validate_models
    run_checks()
  File "/opt/venv/lib/python3.9/site-packages/django/core/checks/registry.py", line 88, in run_checks
    new_errors = check(app_configs=app_configs, databases=databases)
  File "/opt/venv/lib/python3.9/site-packages/django/core/checks/urls.py", line 14, in check_url_config
    return check_resolver(resolver)
  File "/opt/venv/lib/python3.9/site-packages/django/core/checks/urls.py", line 24, in check_resolver
    return check_method()
  File "/opt/venv/lib/python3.9/site-packages/django/urls/resolvers.py", line 476, in check
    for pattern in self.url_patterns:
  File "/opt/venv/lib/python3.9/site-packages/django/utils/functional.py", line 57, in __get__
    res = instance.__dict__[self.name] = self.func(instance)
  File "/opt/venv/lib/python3.9/site-packages/django/urls/resolvers.py", line 690, in url_patterns
    patterns = getattr(self.urlconf_module, "urlpatterns", self.urlconf_module)
  File "/opt/venv/lib/python3.9/site-packages/django/utils/functional.py", line 57, in __get__
    res = instance.__dict__[self.name] = self.func(instance)
  File "/opt/venv/lib/python3.9/site-packages/django/urls/resolvers.py", line 683, in urlconf_module
    return import_module(self.urlconf_name)
  File "/usr/local/lib/python3.9/importlib/__init__.py", line 127, in import_module
    return _bootstrap._gcd_import(name[level:], package, level)
  File "<frozen importlib._bootstrap>", line 1030, in _gcd_import
  File "<frozen importlib._bootstrap>", line 1007, in _find_and_load
  File "<frozen importlib._bootstrap>", line 986, in _find_and_load_unlocked
  File "<frozen importlib._bootstrap>", line 680, in _load_unlocked
  File "<frozen importlib._bootstrap_external>", line 850, in exec_module
  File "<frozen importlib._bootstrap>", line 228, in _call_with_frames_removed
  File "/opt/app/dcim/urls.py", line 41, in <module>
    path('pop/', include('pop.api.urls', namespace='pops.apis')),
  File "/opt/venv/lib/python3.9/site-packages/django/urls/conf.py", line 38, in include
    urlconf_module = import_module(urlconf_module)
  File "/usr/local/lib/python3.9/importlib/__init__.py", line 127, in import_module
    return _bootstrap._gcd_import(name[level:], package, level)
  File "<frozen importlib._bootstrap>", line 1030, in _gcd_import
  File "<frozen importlib._bootstrap>", line 1007, in _find_and_load
  File "<frozen importlib._bootstrap>", line 986, in _find_and_load_unlocked
  File "<frozen importlib._bootstrap>", line 680, in _load_unlocked
  File "<frozen importlib._bootstrap_external>", line 850, in exec_module
  File "<frozen importlib._bootstrap>", line 228, in _call_with_frames_removed
  File "/opt/app/pop/api/urls.py", line 1, in <module>
    from pop.api.views import (
  File "/opt/app/pop/api/views.py", line 16, in <module>
    from pop.ups_model import UpsModel
  File "/opt/app/pop/ups_model.py", line 12, in <module>
    class UpsModel(models.Model):
  File "/opt/app/pop/ups_model.py", line 15, in UpsModel
    data = models.ArrayField(model_container=DataItem)
  File "/opt/venv/lib/python3.9/site-packages/djongo/models/fields.py", line 273, in __init__
    super().__init__(model_container, *args, **kwargs)
  File "/opt/venv/lib/python3.9/site-packages/djongo/models/fields.py", line 112, in __init__
    self._validate_container()
  File "/opt/venv/lib/python3.9/site-packages/djongo/models/fields.py", line 120, in _validate_container
    raise ValidationError(
django.core.exceptions.ValidationError: ['Field "pop.DataItem.id" of model container:"<class \'pop.ups_model.DataItem\'>" cannot be of type "<class \'django.db.models.fields.BigAutoField\'>"']
2025-03-13 15:36:59,089 celery.utils.dispatch.signal ERROR    Signal handler <bound method DjangoFixup.on_import_modules of <celery.fixups.django.DjangoFixup object at 0x7f0e91037790>> raised: ValidationError(['Field "pop.DataItem.id" of model container:"<class \'pop.ups_model.DataItem\'>" cannot be of type "<class \'django.db.models.fields.BigAutoField\'>"'])
Traceback (most recent call last):
  File "/opt/venv/lib/python3.9/site-packages/celery/utils/dispatch/signal.py", line 276, in send
    response = receiver(signal=self, sender=sender, **named)
  File "/opt/venv/lib/python3.9/site-packages/celery/fixups/django.py", line 82, in on_import_modules
    self.worker_fixup.validate_models()
  File "/opt/venv/lib/python3.9/site-packages/celery/fixups/django.py", line 121, in validate_models
    run_checks()
  File "/opt/venv/lib/python3.9/site-packages/django/core/checks/registry.py", line 88, in run_checks
    new_errors = check(app_configs=app_configs, databases=databases)
  File "/opt/venv/lib/python3.9/site-packages/django/core/checks/urls.py", line 42, in check_url_namespaces_unique
    all_namespaces = _load_all_namespaces(resolver)
  File "/opt/venv/lib/python3.9/site-packages/django/core/checks/urls.py", line 61, in _load_all_namespaces
    url_patterns = getattr(resolver, "url_patterns", [])
  File "/opt/venv/lib/python3.9/site-packages/django/utils/functional.py", line 57, in __get__
    res = instance.__dict__[self.name] = self.func(instance)
  File "/opt/venv/lib/python3.9/site-packages/django/urls/resolvers.py", line 690, in url_patterns
    patterns = getattr(self.urlconf_module, "urlpatterns", self.urlconf_module)
  File "/opt/venv/lib/python3.9/site-packages/django/utils/functional.py", line 57, in __get__
    res = instance.__dict__[self.name] = self.func(instance)
  File "/opt/venv/lib/python3.9/site-packages/django/urls/resolvers.py", line 683, in urlconf_module
    return import_module(self.urlconf_name)
  File "/usr/local/lib/python3.9/importlib/__init__.py", line 127, in import_module
    return _bootstrap._gcd_import(name[level:], package, level)
  File "<frozen importlib._bootstrap>", line 1030, in _gcd_import
  File "<frozen importlib._bootstrap>", line 1007, in _find_and_load
  File "<frozen importlib._bootstrap>", line 986, in _find_and_load_unlocked
  File "<frozen importlib._bootstrap>", line 680, in _load_unlocked
  File "<frozen importlib._bootstrap_external>", line 850, in exec_module
  File "<frozen importlib._bootstrap>", line 228, in _call_with_frames_removed
  File "/opt/app/dcim/urls.py", line 41, in <module>
    path('pop/', include('pop.api.urls', namespace='pops.apis')),
  File "/opt/venv/lib/python3.9/site-packages/django/urls/conf.py", line 38, in include
    urlconf_module = import_module(urlconf_module)
  File "/usr/local/lib/python3.9/importlib/__init__.py", line 127, in import_module
    return _bootstrap._gcd_import(name[level:], package, level)
  File "<frozen importlib._bootstrap>", line 1030, in _gcd_import
  File "<frozen importlib._bootstrap>", line 1007, in _find_and_load
  File "<frozen importlib._bootstrap>", line 986, in _find_and_load_unlocked
  File "<frozen importlib._bootstrap>", line 680, in _load_unlocked
  File "<frozen importlib._bootstrap_external>", line 850, in exec_module
  File "<frozen importlib._bootstrap>", line 228, in _call_with_frames_removed
  File "/opt/app/pop/api/urls.py", line 1, in <module>
    from pop.api.views import (
  File "/opt/app/pop/api/views.py", line 16, in <module>
    from pop.ups_model import UpsModel
  File "/opt/app/pop/ups_model.py", line 12, in <module>
    class UpsModel(models.Model):
  File "/opt/app/pop/ups_model.py", line 15, in UpsModel
    data = models.ArrayField(model_container=DataItem)
  File "/opt/venv/lib/python3.9/site-packages/djongo/models/fields.py", line 273, in __init__
    super().__init__(model_container, *args, **kwargs)
  File "/opt/venv/lib/python3.9/site-packages/djongo/models/fields.py", line 112, in __init__
    self._validate_container()
  File "/opt/venv/lib/python3.9/site-packages/djongo/models/fields.py", line 120, in _validate_container
    raise ValidationError(
django.core.exceptions.ValidationError: ['Field "pop.DataItem.id" of model container:"<class \'pop.ups_model.DataItem\'>" cannot be of type "<class \'django.db.models.fields.BigAutoField\'>"']
2025-03-13 15:37:04,125 celery.utils.dispatch.signal ERROR    Signal handler <bound method DjangoFixup.on_import_modules of <celery.fixups.django.DjangoFixup object at 0x7f89cde41790>> raised: ValidationError(['Field "pop.DataItem.id" of model container:"<class \'pop.ups_model.DataItem\'>" cannot be of type "<class \'django.db.models.fields.BigAutoField\'>"'])
Traceback (most recent call last):
  File "/opt/venv/lib/python3.9/site-packages/celery/utils/dispatch/signal.py", line 276, in send
    response = receiver(signal=self, sender=sender, **named)
  File "/opt/venv/lib/python3.9/site-packages/celery/fixups/django.py", line 82, in on_import_modules
    self.worker_fixup.validate_models()
  File "/opt/venv/lib/python3.9/site-packages/celery/fixups/django.py", line 121, in validate_models
    run_checks()
  File "/opt/venv/lib/python3.9/site-packages/django/core/checks/registry.py", line 88, in run_checks
    new_errors = check(app_configs=app_configs, databases=databases)
  File "/opt/venv/lib/python3.9/site-packages/django/core/checks/urls.py", line 42, in check_url_namespaces_unique
    all_namespaces = _load_all_namespaces(resolver)
  File "/opt/venv/lib/python3.9/site-packages/django/core/checks/urls.py", line 61, in _load_all_namespaces
    url_patterns = getattr(resolver, "url_patterns", [])
  File "/opt/venv/lib/python3.9/site-packages/django/utils/functional.py", line 57, in __get__
    res = instance.__dict__[self.name] = self.func(instance)
  File "/opt/venv/lib/python3.9/site-packages/django/urls/resolvers.py", line 690, in url_patterns
    patterns = getattr(self.urlconf_module, "urlpatterns", self.urlconf_module)
  File "/opt/venv/lib/python3.9/site-packages/django/utils/functional.py", line 57, in __get__
    res = instance.__dict__[self.name] = self.func(instance)
  File "/opt/venv/lib/python3.9/site-packages/django/urls/resolvers.py", line 683, in urlconf_module
    return import_module(self.urlconf_name)
  File "/usr/local/lib/python3.9/importlib/__init__.py", line 127, in import_module
    return _bootstrap._gcd_import(name[level:], package, level)
  File "<frozen importlib._bootstrap>", line 1030, in _gcd_import
  File "<frozen importlib._bootstrap>", line 1007, in _find_and_load
  File "<frozen importlib._bootstrap>", line 986, in _find_and_load_unlocked
  File "<frozen importlib._bootstrap>", line 680, in _load_unlocked
  File "<frozen importlib._bootstrap_external>", line 850, in exec_module
  File "<frozen importlib._bootstrap>", line 228, in _call_with_frames_removed
  File "/opt/app/dcim/urls.py", line 41, in <module>
    path('pop/', include('pop.api.urls', namespace='pops.apis')),
  File "/opt/venv/lib/python3.9/site-packages/django/urls/conf.py", line 38, in include
    urlconf_module = import_module(urlconf_module)
  File "/usr/local/lib/python3.9/importlib/__init__.py", line 127, in import_module
    return _bootstrap._gcd_import(name[level:], package, level)
  File "<frozen importlib._bootstrap>", line 1030, in _gcd_import
  File "<frozen importlib._bootstrap>", line 1007, in _find_and_load
  File "<frozen importlib._bootstrap>", line 986, in _find_and_load_unlocked
  File "<frozen importlib._bootstrap>", line 680, in _load_unlocked
  File "<frozen importlib._bootstrap_external>", line 850, in exec_module
  File "<frozen importlib._bootstrap>", line 228, in _call_with_frames_removed
  File "/opt/app/pop/api/urls.py", line 1, in <module>
    from pop.api.views import (
  File "/opt/app/pop/api/views.py", line 16, in <module>
    from pop.ups_model import UpsModel
  File "/opt/app/pop/ups_model.py", line 12, in <module>
    class UpsModel(models.Model):
  File "/opt/app/pop/ups_model.py", line 15, in UpsModel
    data = models.ArrayField(model_container=DataItem)
  File "/opt/venv/lib/python3.9/site-packages/djongo/models/fields.py", line 273, in __init__
    super().__init__(model_container, *args, **kwargs)
  File "/opt/venv/lib/python3.9/site-packages/djongo/models/fields.py", line 112, in __init__
    self._validate_container()
  File "/opt/venv/lib/python3.9/site-packages/djongo/models/fields.py", line 120, in _validate_container
    raise ValidationError(
django.core.exceptions.ValidationError: ['Field "pop.DataItem.id" of model container:"<class \'pop.ups_model.DataItem\'>" cannot be of type "<class \'django.db.models.fields.BigAutoField\'>"']
2025-03-13 15:37:04,320 celery.utils.dispatch.signal ERROR    Signal handler <bound method DjangoFixup.on_import_modules of <celery.fixups.django.DjangoFixup object at 0x7f63f8cc1790>> raised: ValidationError(['Field "pop.DataItem.id" of model container:"<class \'pop.ups_model.DataItem\'>" cannot be of type "<class \'django.db.models.fields.BigAutoField\'>"'])
Traceback (most recent call last):
  File "/opt/venv/lib/python3.9/site-packages/celery/utils/dispatch/signal.py", line 276, in send
    response = receiver(signal=self, sender=sender, **named)
  File "/opt/venv/lib/python3.9/site-packages/celery/fixups/django.py", line 82, in on_import_modules
    self.worker_fixup.validate_models()
  File "/opt/venv/lib/python3.9/site-packages/celery/fixups/django.py", line 121, in validate_models
    run_checks()
  File "/opt/venv/lib/python3.9/site-packages/django/core/checks/registry.py", line 88, in run_checks
    new_errors = check(app_configs=app_configs, databases=databases)
  File "/opt/venv/lib/python3.9/site-packages/django/core/checks/urls.py", line 14, in check_url_config
    return check_resolver(resolver)
  File "/opt/venv/lib/python3.9/site-packages/django/core/checks/urls.py", line 24, in check_resolver
    return check_method()
  File "/opt/venv/lib/python3.9/site-packages/django/urls/resolvers.py", line 476, in check
    for pattern in self.url_patterns:
  File "/opt/venv/lib/python3.9/site-packages/django/utils/functional.py", line 57, in __get__
    res = instance.__dict__[self.name] = self.func(instance)
  File "/opt/venv/lib/python3.9/site-packages/django/urls/resolvers.py", line 690, in url_patterns
    patterns = getattr(self.urlconf_module, "urlpatterns", self.urlconf_module)
  File "/opt/venv/lib/python3.9/site-packages/django/utils/functional.py", line 57, in __get__
    res = instance.__dict__[self.name] = self.func(instance)
  File "/opt/venv/lib/python3.9/site-packages/django/urls/resolvers.py", line 683, in urlconf_module
    return import_module(self.urlconf_name)
  File "/usr/local/lib/python3.9/importlib/__init__.py", line 127, in import_module
    return _bootstrap._gcd_import(name[level:], package, level)
  File "<frozen importlib._bootstrap>", line 1030, in _gcd_import
  File "<frozen importlib._bootstrap>", line 1007, in _find_and_load
  File "<frozen importlib._bootstrap>", line 986, in _find_and_load_unlocked
  File "<frozen importlib._bootstrap>", line 680, in _load_unlocked
  File "<frozen importlib._bootstrap_external>", line 850, in exec_module
  File "<frozen importlib._bootstrap>", line 228, in _call_with_frames_removed
  File "/opt/app/dcim/urls.py", line 41, in <module>
    path('pop/', include('pop.api.urls', namespace='pops.apis')),
  File "/opt/venv/lib/python3.9/site-packages/django/urls/conf.py", line 38, in include
    urlconf_module = import_module(urlconf_module)
  File "/usr/local/lib/python3.9/importlib/__init__.py", line 127, in import_module
    return _bootstrap._gcd_import(name[level:], package, level)
  File "<frozen importlib._bootstrap>", line 1030, in _gcd_import
  File "<frozen importlib._bootstrap>", line 1007, in _find_and_load
  File "<frozen importlib._bootstrap>", line 986, in _find_and_load_unlocked
  File "<frozen importlib._bootstrap>", line 680, in _load_unlocked
  File "<frozen importlib._bootstrap_external>", line 850, in exec_module
  File "<frozen importlib._bootstrap>", line 228, in _call_with_frames_removed
  File "/opt/app/pop/api/urls.py", line 1, in <module>
    from pop.api.views import (
  File "/opt/app/pop/api/views.py", line 16, in <module>
    from pop.ups_model import UpsModel
  File "/opt/app/pop/ups_model.py", line 12, in <module>
    class UpsModel(models.Model):
  File "/opt/app/pop/ups_model.py", line 15, in UpsModel
    data = models.ArrayField(model_container=DataItem)
  File "/opt/venv/lib/python3.9/site-packages/djongo/models/fields.py", line 273, in __init__
    super().__init__(model_container, *args, **kwargs)
  File "/opt/venv/lib/python3.9/site-packages/djongo/models/fields.py", line 112, in __init__
    self._validate_container()
  File "/opt/venv/lib/python3.9/site-packages/djongo/models/fields.py", line 120, in _validate_container
    raise ValidationError(
django.core.exceptions.ValidationError: ['Field "pop.DataItem.id" of model container:"<class \'pop.ups_model.DataItem\'>" cannot be of type "<class \'django.db.models.fields.BigAutoField\'>"']
2025-03-13 15:37:12,622 celery.utils.dispatch.signal ERROR    Signal handler <bound method DjangoFixup.on_import_modules of <celery.fixups.django.DjangoFixup object at 0x7ffaf44e6790>> raised: ValidationError(['Field "pop.DataItem.id" of model container:"<class \'pop.ups_model.DataItem\'>" cannot be of type "<class \'django.db.models.fields.BigAutoField\'>"'])
Traceback (most recent call last):
  File "/opt/venv/lib/python3.9/site-packages/celery/utils/dispatch/signal.py", line 276, in send
    response = receiver(signal=self, sender=sender, **named)
  File "/opt/venv/lib/python3.9/site-packages/celery/fixups/django.py", line 82, in on_import_modules
    self.worker_fixup.validate_models()
  File "/opt/venv/lib/python3.9/site-packages/celery/fixups/django.py", line 121, in validate_models
    run_checks()
  File "/opt/venv/lib/python3.9/site-packages/django/core/checks/registry.py", line 88, in run_checks
    new_errors = check(app_configs=app_configs, databases=databases)
  File "/opt/venv/lib/python3.9/site-packages/django/core/checks/urls.py", line 42, in check_url_namespaces_unique
    all_namespaces = _load_all_namespaces(resolver)
  File "/opt/venv/lib/python3.9/site-packages/django/core/checks/urls.py", line 61, in _load_all_namespaces
    url_patterns = getattr(resolver, "url_patterns", [])
  File "/opt/venv/lib/python3.9/site-packages/django/utils/functional.py", line 57, in __get__
    res = instance.__dict__[self.name] = self.func(instance)
  File "/opt/venv/lib/python3.9/site-packages/django/urls/resolvers.py", line 690, in url_patterns
    patterns = getattr(self.urlconf_module, "urlpatterns", self.urlconf_module)
  File "/opt/venv/lib/python3.9/site-packages/django/utils/functional.py", line 57, in __get__
    res = instance.__dict__[self.name] = self.func(instance)
  File "/opt/venv/lib/python3.9/site-packages/django/urls/resolvers.py", line 683, in urlconf_module
    return import_module(self.urlconf_name)
  File "/usr/local/lib/python3.9/importlib/__init__.py", line 127, in import_module
    return _bootstrap._gcd_import(name[level:], package, level)
  File "<frozen importlib._bootstrap>", line 1030, in _gcd_import
  File "<frozen importlib._bootstrap>", line 1007, in _find_and_load
  File "<frozen importlib._bootstrap>", line 986, in _find_and_load_unlocked
  File "<frozen importlib._bootstrap>", line 680, in _load_unlocked
  File "<frozen importlib._bootstrap_external>", line 850, in exec_module
  File "<frozen importlib._bootstrap>", line 228, in _call_with_frames_removed
  File "/opt/app/dcim/urls.py", line 41, in <module>
    path('pop/', include('pop.api.urls', namespace='pops.apis')),
  File "/opt/venv/lib/python3.9/site-packages/django/urls/conf.py", line 38, in include
    urlconf_module = import_module(urlconf_module)
  File "/usr/local/lib/python3.9/importlib/__init__.py", line 127, in import_module
    return _bootstrap._gcd_import(name[level:], package, level)
  File "<frozen importlib._bootstrap>", line 1030, in _gcd_import
  File "<frozen importlib._bootstrap>", line 1007, in _find_and_load
  File "<frozen importlib._bootstrap>", line 986, in _find_and_load_unlocked
  File "<frozen importlib._bootstrap>", line 680, in _load_unlocked
  File "<frozen importlib._bootstrap_external>", line 850, in exec_module
  File "<frozen importlib._bootstrap>", line 228, in _call_with_frames_removed
  File "/opt/app/pop/api/urls.py", line 1, in <module>
    from pop.api.views import (
  File "/opt/app/pop/api/views.py", line 16, in <module>
    from pop.ups_model import UpsModel
  File "/opt/app/pop/ups_model.py", line 12, in <module>
    class UpsModel(models.Model):
  File "/opt/app/pop/ups_model.py", line 15, in UpsModel
    data = models.ArrayField(model_container=DataItem)
  File "/opt/venv/lib/python3.9/site-packages/djongo/models/fields.py", line 273, in __init__
    super().__init__(model_container, *args, **kwargs)
  File "/opt/venv/lib/python3.9/site-packages/djongo/models/fields.py", line 112, in __init__
    self._validate_container()
  File "/opt/venv/lib/python3.9/site-packages/djongo/models/fields.py", line 120, in _validate_container
    raise ValidationError(
django.core.exceptions.ValidationError: ['Field "pop.DataItem.id" of model container:"<class \'pop.ups_model.DataItem\'>" cannot be of type "<class \'django.db.models.fields.BigAutoField\'>"']
2025-03-13 15:37:12,895 celery.utils.dispatch.signal ERROR    Signal handler <bound method DjangoFixup.on_import_modules of <celery.fixups.django.DjangoFixup object at 0x7f6677119790>> raised: ValidationError(['Field "pop.DataItem.id" of model container:"<class \'pop.ups_model.DataItem\'>" cannot be of type "<class \'django.db.models.fields.BigAutoField\'>"'])
Traceback (most recent call last):
  File "/opt/venv/lib/python3.9/site-packages/celery/utils/dispatch/signal.py", line 276, in send
    response = receiver(signal=self, sender=sender, **named)
  File "/opt/venv/lib/python3.9/site-packages/celery/fixups/django.py", line 82, in on_import_modules
    self.worker_fixup.validate_models()
  File "/opt/venv/lib/python3.9/site-packages/celery/fixups/django.py", line 121, in validate_models
    run_checks()
  File "/opt/venv/lib/python3.9/site-packages/django/core/checks/registry.py", line 88, in run_checks
    new_errors = check(app_configs=app_configs, databases=databases)
  File "/opt/venv/lib/python3.9/site-packages/django/core/checks/urls.py", line 14, in check_url_config
    return check_resolver(resolver)
  File "/opt/venv/lib/python3.9/site-packages/django/core/checks/urls.py", line 24, in check_resolver
    return check_method()
  File "/opt/venv/lib/python3.9/site-packages/django/urls/resolvers.py", line 476, in check
    for pattern in self.url_patterns:
  File "/opt/venv/lib/python3.9/site-packages/django/utils/functional.py", line 57, in __get__
    res = instance.__dict__[self.name] = self.func(instance)
  File "/opt/venv/lib/python3.9/site-packages/django/urls/resolvers.py", line 690, in url_patterns
    patterns = getattr(self.urlconf_module, "urlpatterns", self.urlconf_module)
  File "/opt/venv/lib/python3.9/site-packages/django/utils/functional.py", line 57, in __get__
    res = instance.__dict__[self.name] = self.func(instance)
  File "/opt/venv/lib/python3.9/site-packages/django/urls/resolvers.py", line 683, in urlconf_module
    return import_module(self.urlconf_name)
  File "/usr/local/lib/python3.9/importlib/__init__.py", line 127, in import_module
    return _bootstrap._gcd_import(name[level:], package, level)
  File "<frozen importlib._bootstrap>", line 1030, in _gcd_import
  File "<frozen importlib._bootstrap>", line 1007, in _find_and_load
  File "<frozen importlib._bootstrap>", line 986, in _find_and_load_unlocked
  File "<frozen importlib._bootstrap>", line 680, in _load_unlocked
  File "<frozen importlib._bootstrap_external>", line 850, in exec_module
  File "<frozen importlib._bootstrap>", line 228, in _call_with_frames_removed
  File "/opt/app/dcim/urls.py", line 41, in <module>
    path('pop/', include('pop.api.urls', namespace='pops.apis')),
  File "/opt/venv/lib/python3.9/site-packages/django/urls/conf.py", line 38, in include
    urlconf_module = import_module(urlconf_module)
  File "/usr/local/lib/python3.9/importlib/__init__.py", line 127, in import_module
    return _bootstrap._gcd_import(name[level:], package, level)
  File "<frozen importlib._bootstrap>", line 1030, in _gcd_import
  File "<frozen importlib._bootstrap>", line 1007, in _find_and_load
  File "<frozen importlib._bootstrap>", line 986, in _find_and_load_unlocked
  File "<frozen importlib._bootstrap>", line 680, in _load_unlocked
  File "<frozen importlib._bootstrap_external>", line 850, in exec_module
  File "<frozen importlib._bootstrap>", line 228, in _call_with_frames_removed
  File "/opt/app/pop/api/urls.py", line 1, in <module>
    from pop.api.views import (
  File "/opt/app/pop/api/views.py", line 16, in <module>
    from pop.ups_model import UpsModel
  File "/opt/app/pop/ups_model.py", line 12, in <module>
    class UpsModel(models.Model):
  File "/opt/app/pop/ups_model.py", line 15, in UpsModel
    data = models.ArrayField(model_container=DataItem)
  File "/opt/venv/lib/python3.9/site-packages/djongo/models/fields.py", line 273, in __init__
    super().__init__(model_container, *args, **kwargs)
  File "/opt/venv/lib/python3.9/site-packages/djongo/models/fields.py", line 112, in __init__
    self._validate_container()
  File "/opt/venv/lib/python3.9/site-packages/djongo/models/fields.py", line 120, in _validate_container
    raise ValidationError(
django.core.exceptions.ValidationError: ['Field "pop.DataItem.id" of model container:"<class \'pop.ups_model.DataItem\'>" cannot be of type "<class \'django.db.models.fields.BigAutoField\'>"']
2025-03-13 15:37:22,527 pop.CPM_RT_mixins INFO     mongo_db = RTModelCPM, topic = MQTT_RT_DATA created 67d2a7523c00107d8760df87 succesfully
2025-03-13 15:37:22,552 pop.CPM_RT_mixins INFO     mongo_db = TemporaryRTModelCPM, topic = MQTT_RT_DATA created 67d2a7523c00107d8760df88 succesfully
2025-03-13 15:37:22,576 pop.CPM_RT_mixins INFO     mongo_db = TodayRTModelCPM, topic = MQTT_RT_DATA created 67d2a7523c00107d8760df89 succesfully
2025-03-13 15:37:23,895 pop.CCCL_environment_mixins INFO     mongo_db = CCCLEnvironment, topic = CCCL/PURBACHAL/ENV_01 created 67d2a7533c00107d8760df8a succesfully
2025-03-13 15:37:23,931 pop.CCCL_environment_mixins INFO     mongo_db = TemporaryCCCLEnvironment, topic = CCCL/PURBACHAL/ENV_01 created 67d2a7533c00107d8760df8b succesfully
2025-03-13 15:37:23,961 pop.CCCL_environment_mixins INFO     mongo_db = TodayCCCLEnvironment, topic = CCCL/PURBACHAL/ENV_01 created 67d2a7533c00107d8760df8c succesfully
2025-03-13 15:37:27,580 celery.utils.dispatch.signal ERROR    Signal handler <bound method DjangoFixup.on_import_modules of <celery.fixups.django.DjangoFixup object at 0x7fef5e66f790>> raised: ValidationError(['Field "pop.DataItem.id" of model container:"<class \'pop.ups_model.DataItem\'>" cannot be of type "<class \'django.db.models.fields.BigAutoField\'>"'])
Traceback (most recent call last):
  File "/opt/venv/lib/python3.9/site-packages/celery/utils/dispatch/signal.py", line 276, in send
    response = receiver(signal=self, sender=sender, **named)
  File "/opt/venv/lib/python3.9/site-packages/celery/fixups/django.py", line 82, in on_import_modules
    self.worker_fixup.validate_models()
  File "/opt/venv/lib/python3.9/site-packages/celery/fixups/django.py", line 121, in validate_models
    run_checks()
  File "/opt/venv/lib/python3.9/site-packages/django/core/checks/registry.py", line 88, in run_checks
    new_errors = check(app_configs=app_configs, databases=databases)
  File "/opt/venv/lib/python3.9/site-packages/django/core/checks/urls.py", line 42, in check_url_namespaces_unique
    all_namespaces = _load_all_namespaces(resolver)
  File "/opt/venv/lib/python3.9/site-packages/django/core/checks/urls.py", line 61, in _load_all_namespaces
    url_patterns = getattr(resolver, "url_patterns", [])
  File "/opt/venv/lib/python3.9/site-packages/django/utils/functional.py", line 57, in __get__
    res = instance.__dict__[self.name] = self.func(instance)
  File "/opt/venv/lib/python3.9/site-packages/django/urls/resolvers.py", line 690, in url_patterns
    patterns = getattr(self.urlconf_module, "urlpatterns", self.urlconf_module)
  File "/opt/venv/lib/python3.9/site-packages/django/utils/functional.py", line 57, in __get__
    res = instance.__dict__[self.name] = self.func(instance)
  File "/opt/venv/lib/python3.9/site-packages/django/urls/resolvers.py", line 683, in urlconf_module
    return import_module(self.urlconf_name)
  File "/usr/local/lib/python3.9/importlib/__init__.py", line 127, in import_module
    return _bootstrap._gcd_import(name[level:], package, level)
  File "<frozen importlib._bootstrap>", line 1030, in _gcd_import
  File "<frozen importlib._bootstrap>", line 1007, in _find_and_load
  File "<frozen importlib._bootstrap>", line 986, in _find_and_load_unlocked
  File "<frozen importlib._bootstrap>", line 680, in _load_unlocked
  File "<frozen importlib._bootstrap_external>", line 850, in exec_module
  File "<frozen importlib._bootstrap>", line 228, in _call_with_frames_removed
  File "/opt/app/dcim/urls.py", line 41, in <module>
    path('pop/', include('pop.api.urls', namespace='pops.apis')),
  File "/opt/venv/lib/python3.9/site-packages/django/urls/conf.py", line 38, in include
    urlconf_module = import_module(urlconf_module)
  File "/usr/local/lib/python3.9/importlib/__init__.py", line 127, in import_module
    return _bootstrap._gcd_import(name[level:], package, level)
  File "<frozen importlib._bootstrap>", line 1030, in _gcd_import
  File "<frozen importlib._bootstrap>", line 1007, in _find_and_load
  File "<frozen importlib._bootstrap>", line 986, in _find_and_load_unlocked
  File "<frozen importlib._bootstrap>", line 680, in _load_unlocked
  File "<frozen importlib._bootstrap_external>", line 850, in exec_module
  File "<frozen importlib._bootstrap>", line 228, in _call_with_frames_removed
  File "/opt/app/pop/api/urls.py", line 1, in <module>
    from pop.api.views import (
  File "/opt/app/pop/api/views.py", line 16, in <module>
    from pop.ups_model import UpsModel
  File "/opt/app/pop/ups_model.py", line 12, in <module>
    class UpsModel(models.Model):
  File "/opt/app/pop/ups_model.py", line 15, in UpsModel
    data = models.ArrayField(model_container=DataItem)
  File "/opt/venv/lib/python3.9/site-packages/djongo/models/fields.py", line 273, in __init__
    super().__init__(model_container, *args, **kwargs)
  File "/opt/venv/lib/python3.9/site-packages/djongo/models/fields.py", line 112, in __init__
    self._validate_container()
  File "/opt/venv/lib/python3.9/site-packages/djongo/models/fields.py", line 120, in _validate_container
    raise ValidationError(
django.core.exceptions.ValidationError: ['Field "pop.DataItem.id" of model container:"<class \'pop.ups_model.DataItem\'>" cannot be of type "<class \'django.db.models.fields.BigAutoField\'>"']
2025-03-13 15:37:27,815 celery.utils.dispatch.signal ERROR    Signal handler <bound method DjangoFixup.on_import_modules of <celery.fixups.django.DjangoFixup object at 0x7f985bc2f790>> raised: ValidationError(['Field "pop.DataItem.id" of model container:"<class \'pop.ups_model.DataItem\'>" cannot be of type "<class \'django.db.models.fields.BigAutoField\'>"'])
Traceback (most recent call last):
  File "/opt/venv/lib/python3.9/site-packages/celery/utils/dispatch/signal.py", line 276, in send
    response = receiver(signal=self, sender=sender, **named)
  File "/opt/venv/lib/python3.9/site-packages/celery/fixups/django.py", line 82, in on_import_modules
    self.worker_fixup.validate_models()
  File "/opt/venv/lib/python3.9/site-packages/celery/fixups/django.py", line 121, in validate_models
    run_checks()
  File "/opt/venv/lib/python3.9/site-packages/django/core/checks/registry.py", line 88, in run_checks
    new_errors = check(app_configs=app_configs, databases=databases)
  File "/opt/venv/lib/python3.9/site-packages/django/core/checks/urls.py", line 14, in check_url_config
    return check_resolver(resolver)
  File "/opt/venv/lib/python3.9/site-packages/django/core/checks/urls.py", line 24, in check_resolver
    return check_method()
  File "/opt/venv/lib/python3.9/site-packages/django/urls/resolvers.py", line 476, in check
    for pattern in self.url_patterns:
  File "/opt/venv/lib/python3.9/site-packages/django/utils/functional.py", line 57, in __get__
    res = instance.__dict__[self.name] = self.func(instance)
  File "/opt/venv/lib/python3.9/site-packages/django/urls/resolvers.py", line 690, in url_patterns
    patterns = getattr(self.urlconf_module, "urlpatterns", self.urlconf_module)
  File "/opt/venv/lib/python3.9/site-packages/django/utils/functional.py", line 57, in __get__
    res = instance.__dict__[self.name] = self.func(instance)
  File "/opt/venv/lib/python3.9/site-packages/django/urls/resolvers.py", line 683, in urlconf_module
    return import_module(self.urlconf_name)
  File "/usr/local/lib/python3.9/importlib/__init__.py", line 127, in import_module
    return _bootstrap._gcd_import(name[level:], package, level)
  File "<frozen importlib._bootstrap>", line 1030, in _gcd_import
  File "<frozen importlib._bootstrap>", line 1007, in _find_and_load
  File "<frozen importlib._bootstrap>", line 986, in _find_and_load_unlocked
  File "<frozen importlib._bootstrap>", line 680, in _load_unlocked
  File "<frozen importlib._bootstrap_external>", line 850, in exec_module
  File "<frozen importlib._bootstrap>", line 228, in _call_with_frames_removed
  File "/opt/app/dcim/urls.py", line 41, in <module>
    path('pop/', include('pop.api.urls', namespace='pops.apis')),
  File "/opt/venv/lib/python3.9/site-packages/django/urls/conf.py", line 38, in include
    urlconf_module = import_module(urlconf_module)
  File "/usr/local/lib/python3.9/importlib/__init__.py", line 127, in import_module
    return _bootstrap._gcd_import(name[level:], package, level)
  File "<frozen importlib._bootstrap>", line 1030, in _gcd_import
  File "<frozen importlib._bootstrap>", line 1007, in _find_and_load
  File "<frozen importlib._bootstrap>", line 986, in _find_and_load_unlocked
  File "<frozen importlib._bootstrap>", line 680, in _load_unlocked
  File "<frozen importlib._bootstrap_external>", line 850, in exec_module
  File "<frozen importlib._bootstrap>", line 228, in _call_with_frames_removed
  File "/opt/app/pop/api/urls.py", line 1, in <module>
    from pop.api.views import (
  File "/opt/app/pop/api/views.py", line 16, in <module>
    from pop.ups_model import UpsModel
  File "/opt/app/pop/ups_model.py", line 12, in <module>
    class UpsModel(models.Model):
  File "/opt/app/pop/ups_model.py", line 15, in UpsModel
    data = models.ArrayField(model_container=DataItem)
  File "/opt/venv/lib/python3.9/site-packages/djongo/models/fields.py", line 273, in __init__
    super().__init__(model_container, *args, **kwargs)
  File "/opt/venv/lib/python3.9/site-packages/djongo/models/fields.py", line 112, in __init__
    self._validate_container()
  File "/opt/venv/lib/python3.9/site-packages/djongo/models/fields.py", line 120, in _validate_container
    raise ValidationError(
django.core.exceptions.ValidationError: ['Field "pop.DataItem.id" of model container:"<class \'pop.ups_model.DataItem\'>" cannot be of type "<class \'django.db.models.fields.BigAutoField\'>"']
2025-03-13 15:37:52,383 pop.CPM_RT_mixins INFO     mongo_db = RTModelCPM, topic = MQTT_RT_DATA created 67d2a7703c00107d8760df8d succesfully
2025-03-13 15:37:52,403 pop.CPM_RT_mixins INFO     mongo_db = TemporaryRTModelCPM, topic = MQTT_RT_DATA created 67d2a7703c00107d8760df8e succesfully
2025-03-13 15:37:52,421 pop.CPM_RT_mixins INFO     mongo_db = TodayRTModelCPM, topic = MQTT_RT_DATA created 67d2a7703c00107d8760df8f succesfully
2025-03-13 15:37:52,784 pop.CCCL_generator_mixins INFO     mongo_db = CCCLGenerator, topic = CCCL/PURBACHAL/ENM_01 created 67d2a7703c00107d8760df90 succesfully
2025-03-13 15:37:52,806 pop.CCCL_generator_mixins INFO     mongo_db = TemporaryCCCLGenerator, topic = CCCL/PURBACHAL/ENM_01 created 67d2a7703c00107d8760df91 succesfully
2025-03-13 15:37:52,824 pop.CCCL_generator_mixins INFO     mongo_db = TodayCCCLGenerator, topic = CCCL/PURBACHAL/ENM_01 created 67d2a7703c00107d8760df92 succesfully
2025-03-13 15:37:54,188 pop.CCCL_environment_mixins INFO     mongo_db = CCCLEnvironment, topic = CCCL/PURBACHAL/ENV_01 created 67d2a7723c00107d8760df93 succesfully
2025-03-13 15:37:54,203 pop.CCCL_environment_mixins INFO     mongo_db = TemporaryCCCLEnvironment, topic = CCCL/PURBACHAL/ENV_01 created 67d2a7723c00107d8760df94 succesfully
2025-03-13 15:37:54,214 pop.CCCL_environment_mixins INFO     mongo_db = TodayCCCLEnvironment, topic = CCCL/PURBACHAL/ENV_01 created 67d2a7723c00107d8760df95 succesfully
2025-03-13 15:37:55,150 celery.utils.dispatch.signal ERROR    Signal handler <bound method DjangoFixup.on_import_modules of <celery.fixups.django.DjangoFixup object at 0x7f2740750790>> raised: ValidationError(['Field "pop.DataItem.id" of model container:"<class \'pop.ups_model.DataItem\'>" cannot be of type "<class \'django.db.models.fields.BigAutoField\'>"'])
Traceback (most recent call last):
  File "/opt/venv/lib/python3.9/site-packages/celery/utils/dispatch/signal.py", line 276, in send
    response = receiver(signal=self, sender=sender, **named)
  File "/opt/venv/lib/python3.9/site-packages/celery/fixups/django.py", line 82, in on_import_modules
    self.worker_fixup.validate_models()
  File "/opt/venv/lib/python3.9/site-packages/celery/fixups/django.py", line 121, in validate_models
    run_checks()
  File "/opt/venv/lib/python3.9/site-packages/django/core/checks/registry.py", line 88, in run_checks
    new_errors = check(app_configs=app_configs, databases=databases)
  File "/opt/venv/lib/python3.9/site-packages/django/core/checks/urls.py", line 42, in check_url_namespaces_unique
    all_namespaces = _load_all_namespaces(resolver)
  File "/opt/venv/lib/python3.9/site-packages/django/core/checks/urls.py", line 61, in _load_all_namespaces
    url_patterns = getattr(resolver, "url_patterns", [])
  File "/opt/venv/lib/python3.9/site-packages/django/utils/functional.py", line 57, in __get__
    res = instance.__dict__[self.name] = self.func(instance)
  File "/opt/venv/lib/python3.9/site-packages/django/urls/resolvers.py", line 690, in url_patterns
    patterns = getattr(self.urlconf_module, "urlpatterns", self.urlconf_module)
  File "/opt/venv/lib/python3.9/site-packages/django/utils/functional.py", line 57, in __get__
    res = instance.__dict__[self.name] = self.func(instance)
  File "/opt/venv/lib/python3.9/site-packages/django/urls/resolvers.py", line 683, in urlconf_module
    return import_module(self.urlconf_name)
  File "/usr/local/lib/python3.9/importlib/__init__.py", line 127, in import_module
    return _bootstrap._gcd_import(name[level:], package, level)
  File "<frozen importlib._bootstrap>", line 1030, in _gcd_import
  File "<frozen importlib._bootstrap>", line 1007, in _find_and_load
  File "<frozen importlib._bootstrap>", line 986, in _find_and_load_unlocked
  File "<frozen importlib._bootstrap>", line 680, in _load_unlocked
  File "<frozen importlib._bootstrap_external>", line 850, in exec_module
  File "<frozen importlib._bootstrap>", line 228, in _call_with_frames_removed
  File "/opt/app/dcim/urls.py", line 41, in <module>
    path('pop/', include('pop.api.urls', namespace='pops.apis')),
  File "/opt/venv/lib/python3.9/site-packages/django/urls/conf.py", line 38, in include
    urlconf_module = import_module(urlconf_module)
  File "/usr/local/lib/python3.9/importlib/__init__.py", line 127, in import_module
    return _bootstrap._gcd_import(name[level:], package, level)
  File "<frozen importlib._bootstrap>", line 1030, in _gcd_import
  File "<frozen importlib._bootstrap>", line 1007, in _find_and_load
  File "<frozen importlib._bootstrap>", line 986, in _find_and_load_unlocked
  File "<frozen importlib._bootstrap>", line 680, in _load_unlocked
  File "<frozen importlib._bootstrap_external>", line 850, in exec_module
  File "<frozen importlib._bootstrap>", line 228, in _call_with_frames_removed
  File "/opt/app/pop/api/urls.py", line 1, in <module>
    from pop.api.views import (
  File "/opt/app/pop/api/views.py", line 16, in <module>
    from pop.ups_model import UpsModel
  File "/opt/app/pop/ups_model.py", line 12, in <module>
    class UpsModel(models.Model):
  File "/opt/app/pop/ups_model.py", line 15, in UpsModel
    data = models.ArrayField(model_container=DataItem)
  File "/opt/venv/lib/python3.9/site-packages/djongo/models/fields.py", line 273, in __init__
    super().__init__(model_container, *args, **kwargs)
  File "/opt/venv/lib/python3.9/site-packages/djongo/models/fields.py", line 112, in __init__
    self._validate_container()
  File "/opt/venv/lib/python3.9/site-packages/djongo/models/fields.py", line 120, in _validate_container
    raise ValidationError(
django.core.exceptions.ValidationError: ['Field "pop.DataItem.id" of model container:"<class \'pop.ups_model.DataItem\'>" cannot be of type "<class \'django.db.models.fields.BigAutoField\'>"']
2025-03-13 15:37:55,342 celery.utils.dispatch.signal ERROR    Signal handler <bound method DjangoFixup.on_import_modules of <celery.fixups.django.DjangoFixup object at 0x7f6292412790>> raised: ValidationError(['Field "pop.DataItem.id" of model container:"<class \'pop.ups_model.DataItem\'>" cannot be of type "<class \'django.db.models.fields.BigAutoField\'>"'])
Traceback (most recent call last):
  File "/opt/venv/lib/python3.9/site-packages/celery/utils/dispatch/signal.py", line 276, in send
    response = receiver(signal=self, sender=sender, **named)
  File "/opt/venv/lib/python3.9/site-packages/celery/fixups/django.py", line 82, in on_import_modules
    self.worker_fixup.validate_models()
  File "/opt/venv/lib/python3.9/site-packages/celery/fixups/django.py", line 121, in validate_models
    run_checks()
  File "/opt/venv/lib/python3.9/site-packages/django/core/checks/registry.py", line 88, in run_checks
    new_errors = check(app_configs=app_configs, databases=databases)
  File "/opt/venv/lib/python3.9/site-packages/django/core/checks/urls.py", line 14, in check_url_config
    return check_resolver(resolver)
  File "/opt/venv/lib/python3.9/site-packages/django/core/checks/urls.py", line 24, in check_resolver
    return check_method()
  File "/opt/venv/lib/python3.9/site-packages/django/urls/resolvers.py", line 476, in check
    for pattern in self.url_patterns:
  File "/opt/venv/lib/python3.9/site-packages/django/utils/functional.py", line 57, in __get__
    res = instance.__dict__[self.name] = self.func(instance)
  File "/opt/venv/lib/python3.9/site-packages/django/urls/resolvers.py", line 690, in url_patterns
    patterns = getattr(self.urlconf_module, "urlpatterns", self.urlconf_module)
  File "/opt/venv/lib/python3.9/site-packages/django/utils/functional.py", line 57, in __get__
    res = instance.__dict__[self.name] = self.func(instance)
  File "/opt/venv/lib/python3.9/site-packages/django/urls/resolvers.py", line 683, in urlconf_module
    return import_module(self.urlconf_name)
  File "/usr/local/lib/python3.9/importlib/__init__.py", line 127, in import_module
    return _bootstrap._gcd_import(name[level:], package, level)
  File "<frozen importlib._bootstrap>", line 1030, in _gcd_import
  File "<frozen importlib._bootstrap>", line 1007, in _find_and_load
  File "<frozen importlib._bootstrap>", line 986, in _find_and_load_unlocked
  File "<frozen importlib._bootstrap>", line 680, in _load_unlocked
  File "<frozen importlib._bootstrap_external>", line 850, in exec_module
  File "<frozen importlib._bootstrap>", line 228, in _call_with_frames_removed
  File "/opt/app/dcim/urls.py", line 41, in <module>
    path('pop/', include('pop.api.urls', namespace='pops.apis')),
  File "/opt/venv/lib/python3.9/site-packages/django/urls/conf.py", line 38, in include
    urlconf_module = import_module(urlconf_module)
  File "/usr/local/lib/python3.9/importlib/__init__.py", line 127, in import_module
    return _bootstrap._gcd_import(name[level:], package, level)
  File "<frozen importlib._bootstrap>", line 1030, in _gcd_import
  File "<frozen importlib._bootstrap>", line 1007, in _find_and_load
  File "<frozen importlib._bootstrap>", line 986, in _find_and_load_unlocked
  File "<frozen importlib._bootstrap>", line 680, in _load_unlocked
  File "<frozen importlib._bootstrap_external>", line 850, in exec_module
  File "<frozen importlib._bootstrap>", line 228, in _call_with_frames_removed
  File "/opt/app/pop/api/urls.py", line 1, in <module>
    from pop.api.views import (
  File "/opt/app/pop/api/views.py", line 16, in <module>
    from pop.ups_model import UpsModel
  File "/opt/app/pop/ups_model.py", line 12, in <module>
    class UpsModel(models.Model):
  File "/opt/app/pop/ups_model.py", line 15, in UpsModel
    data = models.ArrayField(model_container=DataItem)
  File "/opt/venv/lib/python3.9/site-packages/djongo/models/fields.py", line 273, in __init__
    super().__init__(model_container, *args, **kwargs)
  File "/opt/venv/lib/python3.9/site-packages/djongo/models/fields.py", line 112, in __init__
    self._validate_container()
  File "/opt/venv/lib/python3.9/site-packages/djongo/models/fields.py", line 120, in _validate_container
    raise ValidationError(
django.core.exceptions.ValidationError: ['Field "pop.DataItem.id" of model container:"<class \'pop.ups_model.DataItem\'>" cannot be of type "<class \'django.db.models.fields.BigAutoField\'>"']
2025-03-13 15:38:23,038 pop.CPM_RT_mixins INFO     mongo_db = RTModelCPM, topic = MQTT_RT_DATA created 67d2a78f3c00107d8760df96 succesfully
2025-03-13 15:38:23,054 pop.CPM_RT_mixins INFO     mongo_db = TemporaryRTModelCPM, topic = MQTT_RT_DATA created 67d2a78f3c00107d8760df97 succesfully
2025-03-13 15:38:23,068 pop.CPM_RT_mixins INFO     mongo_db = TodayRTModelCPM, topic = MQTT_RT_DATA created 67d2a78f3c00107d8760df98 succesfully
2025-03-13 15:38:24,511 pop.CCCL_environment_mixins INFO     mongo_db = CCCLEnvironment, topic = CCCL/PURBACHAL/ENV_01 created 67d2a7903c00107d8760df99 succesfully
2025-03-13 15:38:24,535 pop.CCCL_environment_mixins INFO     mongo_db = TemporaryCCCLEnvironment, topic = CCCL/PURBACHAL/ENV_01 created 67d2a7903c00107d8760df9a succesfully
2025-03-13 15:38:24,544 pop.CCCL_environment_mixins INFO     mongo_db = TodayCCCLEnvironment, topic = CCCL/PURBACHAL/ENV_01 created 67d2a7903c00107d8760df9b succesfully
2025-03-13 15:38:48,127 celery.utils.dispatch.signal ERROR    Signal handler <bound method DjangoFixup.on_import_modules of <celery.fixups.django.DjangoFixup object at 0x7fc1b765b790>> raised: ValidationError(['Field "pop.DataItem.id" of model container:"<class \'pop.ups_model.DataItem\'>" cannot be of type "<class \'django.db.models.fields.BigAutoField\'>"'])
Traceback (most recent call last):
  File "/opt/venv/lib/python3.9/site-packages/celery/utils/dispatch/signal.py", line 276, in send
    response = receiver(signal=self, sender=sender, **named)
  File "/opt/venv/lib/python3.9/site-packages/celery/fixups/django.py", line 82, in on_import_modules
    self.worker_fixup.validate_models()
  File "/opt/venv/lib/python3.9/site-packages/celery/fixups/django.py", line 121, in validate_models
    run_checks()
  File "/opt/venv/lib/python3.9/site-packages/django/core/checks/registry.py", line 88, in run_checks
    new_errors = check(app_configs=app_configs, databases=databases)
  File "/opt/venv/lib/python3.9/site-packages/django/core/checks/urls.py", line 42, in check_url_namespaces_unique
    all_namespaces = _load_all_namespaces(resolver)
  File "/opt/venv/lib/python3.9/site-packages/django/core/checks/urls.py", line 61, in _load_all_namespaces
    url_patterns = getattr(resolver, "url_patterns", [])
  File "/opt/venv/lib/python3.9/site-packages/django/utils/functional.py", line 57, in __get__
    res = instance.__dict__[self.name] = self.func(instance)
  File "/opt/venv/lib/python3.9/site-packages/django/urls/resolvers.py", line 690, in url_patterns
    patterns = getattr(self.urlconf_module, "urlpatterns", self.urlconf_module)
  File "/opt/venv/lib/python3.9/site-packages/django/utils/functional.py", line 57, in __get__
    res = instance.__dict__[self.name] = self.func(instance)
  File "/opt/venv/lib/python3.9/site-packages/django/urls/resolvers.py", line 683, in urlconf_module
    return import_module(self.urlconf_name)
  File "/usr/local/lib/python3.9/importlib/__init__.py", line 127, in import_module
    return _bootstrap._gcd_import(name[level:], package, level)
  File "<frozen importlib._bootstrap>", line 1030, in _gcd_import
  File "<frozen importlib._bootstrap>", line 1007, in _find_and_load
  File "<frozen importlib._bootstrap>", line 986, in _find_and_load_unlocked
  File "<frozen importlib._bootstrap>", line 680, in _load_unlocked
  File "<frozen importlib._bootstrap_external>", line 850, in exec_module
  File "<frozen importlib._bootstrap>", line 228, in _call_with_frames_removed
  File "/opt/app/dcim/urls.py", line 41, in <module>
    path('pop/', include('pop.api.urls', namespace='pops.apis')),
  File "/opt/venv/lib/python3.9/site-packages/django/urls/conf.py", line 38, in include
    urlconf_module = import_module(urlconf_module)
  File "/usr/local/lib/python3.9/importlib/__init__.py", line 127, in import_module
    return _bootstrap._gcd_import(name[level:], package, level)
  File "<frozen importlib._bootstrap>", line 1030, in _gcd_import
  File "<frozen importlib._bootstrap>", line 1007, in _find_and_load
  File "<frozen importlib._bootstrap>", line 986, in _find_and_load_unlocked
  File "<frozen importlib._bootstrap>", line 680, in _load_unlocked
  File "<frozen importlib._bootstrap_external>", line 850, in exec_module
  File "<frozen importlib._bootstrap>", line 228, in _call_with_frames_removed
  File "/opt/app/pop/api/urls.py", line 1, in <module>
    from pop.api.views import (
  File "/opt/app/pop/api/views.py", line 16, in <module>
    from pop.ups_model import UpsModel
  File "/opt/app/pop/ups_model.py", line 12, in <module>
    class UpsModel(models.Model):
  File "/opt/app/pop/ups_model.py", line 15, in UpsModel
    data = models.ArrayField(model_container=DataItem)
  File "/opt/venv/lib/python3.9/site-packages/djongo/models/fields.py", line 273, in __init__
    super().__init__(model_container, *args, **kwargs)
  File "/opt/venv/lib/python3.9/site-packages/djongo/models/fields.py", line 112, in __init__
    self._validate_container()
  File "/opt/venv/lib/python3.9/site-packages/djongo/models/fields.py", line 120, in _validate_container
    raise ValidationError(
django.core.exceptions.ValidationError: ['Field "pop.DataItem.id" of model container:"<class \'pop.ups_model.DataItem\'>" cannot be of type "<class \'django.db.models.fields.BigAutoField\'>"']
2025-03-13 15:38:48,347 celery.utils.dispatch.signal ERROR    Signal handler <bound method DjangoFixup.on_import_modules of <celery.fixups.django.DjangoFixup object at 0x7fc3af847790>> raised: ValidationError(['Field "pop.DataItem.id" of model container:"<class \'pop.ups_model.DataItem\'>" cannot be of type "<class \'django.db.models.fields.BigAutoField\'>"'])
Traceback (most recent call last):
  File "/opt/venv/lib/python3.9/site-packages/celery/utils/dispatch/signal.py", line 276, in send
    response = receiver(signal=self, sender=sender, **named)
  File "/opt/venv/lib/python3.9/site-packages/celery/fixups/django.py", line 82, in on_import_modules
    self.worker_fixup.validate_models()
  File "/opt/venv/lib/python3.9/site-packages/celery/fixups/django.py", line 121, in validate_models
    run_checks()
  File "/opt/venv/lib/python3.9/site-packages/django/core/checks/registry.py", line 88, in run_checks
    new_errors = check(app_configs=app_configs, databases=databases)
  File "/opt/venv/lib/python3.9/site-packages/django/core/checks/urls.py", line 14, in check_url_config
    return check_resolver(resolver)
  File "/opt/venv/lib/python3.9/site-packages/django/core/checks/urls.py", line 24, in check_resolver
    return check_method()
  File "/opt/venv/lib/python3.9/site-packages/django/urls/resolvers.py", line 476, in check
    for pattern in self.url_patterns:
  File "/opt/venv/lib/python3.9/site-packages/django/utils/functional.py", line 57, in __get__
    res = instance.__dict__[self.name] = self.func(instance)
  File "/opt/venv/lib/python3.9/site-packages/django/urls/resolvers.py", line 690, in url_patterns
    patterns = getattr(self.urlconf_module, "urlpatterns", self.urlconf_module)
  File "/opt/venv/lib/python3.9/site-packages/django/utils/functional.py", line 57, in __get__
    res = instance.__dict__[self.name] = self.func(instance)
  File "/opt/venv/lib/python3.9/site-packages/django/urls/resolvers.py", line 683, in urlconf_module
    return import_module(self.urlconf_name)
  File "/usr/local/lib/python3.9/importlib/__init__.py", line 127, in import_module
    return _bootstrap._gcd_import(name[level:], package, level)
  File "<frozen importlib._bootstrap>", line 1030, in _gcd_import
  File "<frozen importlib._bootstrap>", line 1007, in _find_and_load
  File "<frozen importlib._bootstrap>", line 986, in _find_and_load_unlocked
  File "<frozen importlib._bootstrap>", line 680, in _load_unlocked
  File "<frozen importlib._bootstrap_external>", line 850, in exec_module
  File "<frozen importlib._bootstrap>", line 228, in _call_with_frames_removed
  File "/opt/app/dcim/urls.py", line 41, in <module>
    path('pop/', include('pop.api.urls', namespace='pops.apis')),
  File "/opt/venv/lib/python3.9/site-packages/django/urls/conf.py", line 38, in include
    urlconf_module = import_module(urlconf_module)
  File "/usr/local/lib/python3.9/importlib/__init__.py", line 127, in import_module
    return _bootstrap._gcd_import(name[level:], package, level)
  File "<frozen importlib._bootstrap>", line 1030, in _gcd_import
  File "<frozen importlib._bootstrap>", line 1007, in _find_and_load
  File "<frozen importlib._bootstrap>", line 986, in _find_and_load_unlocked
  File "<frozen importlib._bootstrap>", line 680, in _load_unlocked
  File "<frozen importlib._bootstrap_external>", line 850, in exec_module
  File "<frozen importlib._bootstrap>", line 228, in _call_with_frames_removed
  File "/opt/app/pop/api/urls.py", line 1, in <module>
    from pop.api.views import (
  File "/opt/app/pop/api/views.py", line 16, in <module>
    from pop.ups_model import UpsModel
  File "/opt/app/pop/ups_model.py", line 12, in <module>
    class UpsModel(models.Model):
  File "/opt/app/pop/ups_model.py", line 15, in UpsModel
    data = models.ArrayField(model_container=DataItem)
  File "/opt/venv/lib/python3.9/site-packages/djongo/models/fields.py", line 273, in __init__
    super().__init__(model_container, *args, **kwargs)
  File "/opt/venv/lib/python3.9/site-packages/djongo/models/fields.py", line 112, in __init__
    self._validate_container()
  File "/opt/venv/lib/python3.9/site-packages/djongo/models/fields.py", line 120, in _validate_container
    raise ValidationError(
django.core.exceptions.ValidationError: ['Field "pop.DataItem.id" of model container:"<class \'pop.ups_model.DataItem\'>" cannot be of type "<class \'django.db.models.fields.BigAutoField\'>"']
2025-03-13 15:38:52,080 pop.CPM_RT_mixins INFO     mongo_db = RTModelCPM, topic = MQTT_RT_DATA created 67d2a7ac3c00107d8760df9c succesfully
2025-03-13 15:38:52,094 pop.CPM_RT_mixins INFO     mongo_db = TemporaryRTModelCPM, topic = MQTT_RT_DATA created 67d2a7ac3c00107d8760df9d succesfully
2025-03-13 15:38:52,104 pop.CPM_RT_mixins INFO     mongo_db = TodayRTModelCPM, topic = MQTT_RT_DATA created 67d2a7ac3c00107d8760df9e succesfully
2025-03-13 15:38:52,777 pop.CCCL_generator_mixins INFO     mongo_db = CCCLGenerator, topic = CCCL/PURBACHAL/ENM_01 created 67d2a7ac3c00107d8760df9f succesfully
2025-03-13 15:38:52,793 pop.CCCL_generator_mixins INFO     mongo_db = TemporaryCCCLGenerator, topic = CCCL/PURBACHAL/ENM_01 created 67d2a7ac3c00107d8760dfa0 succesfully
2025-03-13 15:38:52,804 pop.CCCL_generator_mixins INFO     mongo_db = TodayCCCLGenerator, topic = CCCL/PURBACHAL/ENM_01 created 67d2a7ac3c00107d8760dfa1 succesfully
2025-03-13 15:38:54,823 pop.CCCL_environment_mixins INFO     mongo_db = CCCLEnvironment, topic = CCCL/PURBACHAL/ENV_01 created 67d2a7ae3c00107d8760dfa2 succesfully
2025-03-13 15:38:54,845 pop.CCCL_environment_mixins INFO     mongo_db = TemporaryCCCLEnvironment, topic = CCCL/PURBACHAL/ENV_01 created 67d2a7ae3c00107d8760dfa3 succesfully
2025-03-13 15:38:54,863 pop.CCCL_environment_mixins INFO     mongo_db = TodayCCCLEnvironment, topic = CCCL/PURBACHAL/ENV_01 created 67d2a7ae3c00107d8760dfa4 succesfully
2025-03-13 15:39:22,637 pop.CPM_RT_mixins INFO     mongo_db = RTModelCPM, topic = MQTT_RT_DATA created 67d2a7ca3c00107d8760dfa5 succesfully
2025-03-13 15:39:22,648 pop.CPM_RT_mixins INFO     mongo_db = TemporaryRTModelCPM, topic = MQTT_RT_DATA created 67d2a7ca3c00107d8760dfa6 succesfully
2025-03-13 15:39:22,660 pop.CPM_RT_mixins INFO     mongo_db = TodayRTModelCPM, topic = MQTT_RT_DATA created 67d2a7ca3c00107d8760dfa7 succesfully
2025-03-13 15:39:25,134 pop.CCCL_environment_mixins INFO     mongo_db = CCCLEnvironment, topic = CCCL/PURBACHAL/ENV_01 created 67d2a7cd3c00107d8760dfa8 succesfully
2025-03-13 15:39:25,156 pop.CCCL_environment_mixins INFO     mongo_db = TemporaryCCCLEnvironment, topic = CCCL/PURBACHAL/ENV_01 created 67d2a7cd3c00107d8760dfa9 succesfully
2025-03-13 15:39:25,172 pop.CCCL_environment_mixins INFO     mongo_db = TodayCCCLEnvironment, topic = CCCL/PURBACHAL/ENV_01 created 67d2a7cd3c00107d8760dfaa succesfully
2025-03-13 15:39:49,874 celery.utils.dispatch.signal ERROR    Signal handler <bound method DjangoFixup.on_import_modules of <celery.fixups.django.DjangoFixup object at 0x7fa20d3f8790>> raised: ValidationError(['Field "pop.DataItem.id" of model container:"<class \'pop.ups_model.DataItem\'>" cannot be of type "<class \'django.db.models.fields.BigAutoField\'>"'])
Traceback (most recent call last):
  File "/opt/venv/lib/python3.9/site-packages/celery/utils/dispatch/signal.py", line 276, in send
    response = receiver(signal=self, sender=sender, **named)
  File "/opt/venv/lib/python3.9/site-packages/celery/fixups/django.py", line 82, in on_import_modules
    self.worker_fixup.validate_models()
  File "/opt/venv/lib/python3.9/site-packages/celery/fixups/django.py", line 121, in validate_models
    run_checks()
  File "/opt/venv/lib/python3.9/site-packages/django/core/checks/registry.py", line 88, in run_checks
    new_errors = check(app_configs=app_configs, databases=databases)
  File "/opt/venv/lib/python3.9/site-packages/django/core/checks/urls.py", line 42, in check_url_namespaces_unique
    all_namespaces = _load_all_namespaces(resolver)
  File "/opt/venv/lib/python3.9/site-packages/django/core/checks/urls.py", line 61, in _load_all_namespaces
    url_patterns = getattr(resolver, "url_patterns", [])
  File "/opt/venv/lib/python3.9/site-packages/django/utils/functional.py", line 57, in __get__
    res = instance.__dict__[self.name] = self.func(instance)
  File "/opt/venv/lib/python3.9/site-packages/django/urls/resolvers.py", line 690, in url_patterns
    patterns = getattr(self.urlconf_module, "urlpatterns", self.urlconf_module)
  File "/opt/venv/lib/python3.9/site-packages/django/utils/functional.py", line 57, in __get__
    res = instance.__dict__[self.name] = self.func(instance)
  File "/opt/venv/lib/python3.9/site-packages/django/urls/resolvers.py", line 683, in urlconf_module
    return import_module(self.urlconf_name)
  File "/usr/local/lib/python3.9/importlib/__init__.py", line 127, in import_module
    return _bootstrap._gcd_import(name[level:], package, level)
  File "<frozen importlib._bootstrap>", line 1030, in _gcd_import
  File "<frozen importlib._bootstrap>", line 1007, in _find_and_load
  File "<frozen importlib._bootstrap>", line 986, in _find_and_load_unlocked
  File "<frozen importlib._bootstrap>", line 680, in _load_unlocked
  File "<frozen importlib._bootstrap_external>", line 850, in exec_module
  File "<frozen importlib._bootstrap>", line 228, in _call_with_frames_removed
  File "/opt/app/dcim/urls.py", line 41, in <module>
    path('pop/', include('pop.api.urls', namespace='pops.apis')),
  File "/opt/venv/lib/python3.9/site-packages/django/urls/conf.py", line 38, in include
    urlconf_module = import_module(urlconf_module)
  File "/usr/local/lib/python3.9/importlib/__init__.py", line 127, in import_module
    return _bootstrap._gcd_import(name[level:], package, level)
  File "<frozen importlib._bootstrap>", line 1030, in _gcd_import
  File "<frozen importlib._bootstrap>", line 1007, in _find_and_load
  File "<frozen importlib._bootstrap>", line 986, in _find_and_load_unlocked
  File "<frozen importlib._bootstrap>", line 680, in _load_unlocked
  File "<frozen importlib._bootstrap_external>", line 850, in exec_module
  File "<frozen importlib._bootstrap>", line 228, in _call_with_frames_removed
  File "/opt/app/pop/api/urls.py", line 1, in <module>
    from pop.api.views import (
  File "/opt/app/pop/api/views.py", line 16, in <module>
    from pop.ups_model import UpsModel
  File "/opt/app/pop/ups_model.py", line 12, in <module>
    class UpsModel(models.Model):
  File "/opt/app/pop/ups_model.py", line 15, in UpsModel
    data = models.ArrayField(model_container=DataItem)
  File "/opt/venv/lib/python3.9/site-packages/djongo/models/fields.py", line 273, in __init__
    super().__init__(model_container, *args, **kwargs)
  File "/opt/venv/lib/python3.9/site-packages/djongo/models/fields.py", line 112, in __init__
    self._validate_container()
  File "/opt/venv/lib/python3.9/site-packages/djongo/models/fields.py", line 120, in _validate_container
    raise ValidationError(
django.core.exceptions.ValidationError: ['Field "pop.DataItem.id" of model container:"<class \'pop.ups_model.DataItem\'>" cannot be of type "<class \'django.db.models.fields.BigAutoField\'>"']
2025-03-13 15:39:50,103 celery.utils.dispatch.signal ERROR    Signal handler <bound method DjangoFixup.on_import_modules of <celery.fixups.django.DjangoFixup object at 0x7fc315bf8790>> raised: ValidationError(['Field "pop.DataItem.id" of model container:"<class \'pop.ups_model.DataItem\'>" cannot be of type "<class \'django.db.models.fields.BigAutoField\'>"'])
Traceback (most recent call last):
  File "/opt/venv/lib/python3.9/site-packages/celery/utils/dispatch/signal.py", line 276, in send
    response = receiver(signal=self, sender=sender, **named)
  File "/opt/venv/lib/python3.9/site-packages/celery/fixups/django.py", line 82, in on_import_modules
    self.worker_fixup.validate_models()
  File "/opt/venv/lib/python3.9/site-packages/celery/fixups/django.py", line 121, in validate_models
    run_checks()
  File "/opt/venv/lib/python3.9/site-packages/django/core/checks/registry.py", line 88, in run_checks
    new_errors = check(app_configs=app_configs, databases=databases)
  File "/opt/venv/lib/python3.9/site-packages/django/core/checks/urls.py", line 14, in check_url_config
    return check_resolver(resolver)
  File "/opt/venv/lib/python3.9/site-packages/django/core/checks/urls.py", line 24, in check_resolver
    return check_method()
  File "/opt/venv/lib/python3.9/site-packages/django/urls/resolvers.py", line 476, in check
    for pattern in self.url_patterns:
  File "/opt/venv/lib/python3.9/site-packages/django/utils/functional.py", line 57, in __get__
    res = instance.__dict__[self.name] = self.func(instance)
  File "/opt/venv/lib/python3.9/site-packages/django/urls/resolvers.py", line 690, in url_patterns
    patterns = getattr(self.urlconf_module, "urlpatterns", self.urlconf_module)
  File "/opt/venv/lib/python3.9/site-packages/django/utils/functional.py", line 57, in __get__
    res = instance.__dict__[self.name] = self.func(instance)
  File "/opt/venv/lib/python3.9/site-packages/django/urls/resolvers.py", line 683, in urlconf_module
    return import_module(self.urlconf_name)
  File "/usr/local/lib/python3.9/importlib/__init__.py", line 127, in import_module
    return _bootstrap._gcd_import(name[level:], package, level)
  File "<frozen importlib._bootstrap>", line 1030, in _gcd_import
  File "<frozen importlib._bootstrap>", line 1007, in _find_and_load
  File "<frozen importlib._bootstrap>", line 986, in _find_and_load_unlocked
  File "<frozen importlib._bootstrap>", line 680, in _load_unlocked
  File "<frozen importlib._bootstrap_external>", line 850, in exec_module
  File "<frozen importlib._bootstrap>", line 228, in _call_with_frames_removed
  File "/opt/app/dcim/urls.py", line 41, in <module>
    path('pop/', include('pop.api.urls', namespace='pops.apis')),
  File "/opt/venv/lib/python3.9/site-packages/django/urls/conf.py", line 38, in include
    urlconf_module = import_module(urlconf_module)
  File "/usr/local/lib/python3.9/importlib/__init__.py", line 127, in import_module
    return _bootstrap._gcd_import(name[level:], package, level)
  File "<frozen importlib._bootstrap>", line 1030, in _gcd_import
  File "<frozen importlib._bootstrap>", line 1007, in _find_and_load
  File "<frozen importlib._bootstrap>", line 986, in _find_and_load_unlocked
  File "<frozen importlib._bootstrap>", line 680, in _load_unlocked
  File "<frozen importlib._bootstrap_external>", line 850, in exec_module
  File "<frozen importlib._bootstrap>", line 228, in _call_with_frames_removed
  File "/opt/app/pop/api/urls.py", line 1, in <module>
    from pop.api.views import (
  File "/opt/app/pop/api/views.py", line 16, in <module>
    from pop.ups_model import UpsModel
  File "/opt/app/pop/ups_model.py", line 12, in <module>
    class UpsModel(models.Model):
  File "/opt/app/pop/ups_model.py", line 15, in UpsModel
    data = models.ArrayField(model_container=DataItem)
  File "/opt/venv/lib/python3.9/site-packages/djongo/models/fields.py", line 273, in __init__
    super().__init__(model_container, *args, **kwargs)
  File "/opt/venv/lib/python3.9/site-packages/djongo/models/fields.py", line 112, in __init__
    self._validate_container()
  File "/opt/venv/lib/python3.9/site-packages/djongo/models/fields.py", line 120, in _validate_container
    raise ValidationError(
django.core.exceptions.ValidationError: ['Field "pop.DataItem.id" of model container:"<class \'pop.ups_model.DataItem\'>" cannot be of type "<class \'django.db.models.fields.BigAutoField\'>"']
2025-03-13 15:39:52,675 pop.CPM_RT_mixins INFO     mongo_db = RTModelCPM, topic = MQTT_RT_DATA created 67d2a7e83c00107d8760dfab succesfully
2025-03-13 15:39:52,688 pop.CPM_RT_mixins INFO     mongo_db = TemporaryRTModelCPM, topic = MQTT_RT_DATA created 67d2a7e83c00107d8760dfac succesfully
2025-03-13 15:39:52,699 pop.CPM_RT_mixins INFO     mongo_db = TodayRTModelCPM, topic = MQTT_RT_DATA created 67d2a7e83c00107d8760dfad succesfully
2025-03-13 15:39:52,761 pop.CCCL_generator_mixins INFO     mongo_db = CCCLGenerator, topic = CCCL/PURBACHAL/ENM_01 created 67d2a7e83c00107d8760dfae succesfully
2025-03-13 15:39:52,777 pop.CCCL_generator_mixins INFO     mongo_db = TemporaryCCCLGenerator, topic = CCCL/PURBACHAL/ENM_01 created 67d2a7e83c00107d8760dfaf succesfully
2025-03-13 15:39:52,794 pop.CCCL_generator_mixins INFO     mongo_db = TodayCCCLGenerator, topic = CCCL/PURBACHAL/ENM_01 created 67d2a7e83c00107d8760dfb0 succesfully
2025-03-13 15:39:55,448 pop.CCCL_environment_mixins INFO     mongo_db = CCCLEnvironment, topic = CCCL/PURBACHAL/ENV_01 created 67d2a7eb3c00107d8760dfb1 succesfully
2025-03-13 15:39:55,470 pop.CCCL_environment_mixins INFO     mongo_db = TemporaryCCCLEnvironment, topic = CCCL/PURBACHAL/ENV_01 created 67d2a7eb3c00107d8760dfb2 succesfully
2025-03-13 15:39:55,483 pop.CCCL_environment_mixins INFO     mongo_db = TodayCCCLEnvironment, topic = CCCL/PURBACHAL/ENV_01 created 67d2a7eb3c00107d8760dfb3 succesfully
2025-03-13 15:40:21,848 pop.CPM_RT_mixins INFO     mongo_db = RTModelCPM, topic = MQTT_RT_DATA created 67d2a8053c00107d8760dfb4 succesfully
2025-03-13 15:40:21,860 pop.CPM_RT_mixins INFO     mongo_db = TemporaryRTModelCPM, topic = MQTT_RT_DATA created 67d2a8053c00107d8760dfb5 succesfully
2025-03-13 15:40:21,875 pop.CPM_RT_mixins INFO     mongo_db = TodayRTModelCPM, topic = MQTT_RT_DATA created 67d2a8053c00107d8760dfb6 succesfully
2025-03-13 15:40:25,768 pop.CCCL_environment_mixins INFO     mongo_db = CCCLEnvironment, topic = CCCL/PURBACHAL/ENV_01 created 67d2a8093c00107d8760dfb7 succesfully
2025-03-13 15:40:25,781 pop.CCCL_environment_mixins INFO     mongo_db = TemporaryCCCLEnvironment, topic = CCCL/PURBACHAL/ENV_01 created 67d2a8093c00107d8760dfb8 succesfully
2025-03-13 15:40:25,798 pop.CCCL_environment_mixins INFO     mongo_db = TodayCCCLEnvironment, topic = CCCL/PURBACHAL/ENV_01 created 67d2a8093c00107d8760dfb9 succesfully
2025-03-13 15:40:51,698 celery.utils.dispatch.signal ERROR    Signal handler <bound method DjangoFixup.on_import_modules of <celery.fixups.django.DjangoFixup object at 0x7f160cbe5790>> raised: ValidationError(['Field "pop.DataItem.id" of model container:"<class \'pop.ups_model.DataItem\'>" cannot be of type "<class \'django.db.models.fields.BigAutoField\'>"'])
Traceback (most recent call last):
  File "/opt/venv/lib/python3.9/site-packages/celery/utils/dispatch/signal.py", line 276, in send
    response = receiver(signal=self, sender=sender, **named)
  File "/opt/venv/lib/python3.9/site-packages/celery/fixups/django.py", line 82, in on_import_modules
    self.worker_fixup.validate_models()
  File "/opt/venv/lib/python3.9/site-packages/celery/fixups/django.py", line 121, in validate_models
    run_checks()
  File "/opt/venv/lib/python3.9/site-packages/django/core/checks/registry.py", line 88, in run_checks
    new_errors = check(app_configs=app_configs, databases=databases)
  File "/opt/venv/lib/python3.9/site-packages/django/core/checks/urls.py", line 42, in check_url_namespaces_unique
    all_namespaces = _load_all_namespaces(resolver)
  File "/opt/venv/lib/python3.9/site-packages/django/core/checks/urls.py", line 61, in _load_all_namespaces
    url_patterns = getattr(resolver, "url_patterns", [])
  File "/opt/venv/lib/python3.9/site-packages/django/utils/functional.py", line 57, in __get__
    res = instance.__dict__[self.name] = self.func(instance)
  File "/opt/venv/lib/python3.9/site-packages/django/urls/resolvers.py", line 690, in url_patterns
    patterns = getattr(self.urlconf_module, "urlpatterns", self.urlconf_module)
  File "/opt/venv/lib/python3.9/site-packages/django/utils/functional.py", line 57, in __get__
    res = instance.__dict__[self.name] = self.func(instance)
  File "/opt/venv/lib/python3.9/site-packages/django/urls/resolvers.py", line 683, in urlconf_module
    return import_module(self.urlconf_name)
  File "/usr/local/lib/python3.9/importlib/__init__.py", line 127, in import_module
    return _bootstrap._gcd_import(name[level:], package, level)
  File "<frozen importlib._bootstrap>", line 1030, in _gcd_import
  File "<frozen importlib._bootstrap>", line 1007, in _find_and_load
  File "<frozen importlib._bootstrap>", line 986, in _find_and_load_unlocked
  File "<frozen importlib._bootstrap>", line 680, in _load_unlocked
  File "<frozen importlib._bootstrap_external>", line 850, in exec_module
  File "<frozen importlib._bootstrap>", line 228, in _call_with_frames_removed
  File "/opt/app/dcim/urls.py", line 41, in <module>
    path('pop/', include('pop.api.urls', namespace='pops.apis')),
  File "/opt/venv/lib/python3.9/site-packages/django/urls/conf.py", line 38, in include
    urlconf_module = import_module(urlconf_module)
  File "/usr/local/lib/python3.9/importlib/__init__.py", line 127, in import_module
    return _bootstrap._gcd_import(name[level:], package, level)
  File "<frozen importlib._bootstrap>", line 1030, in _gcd_import
  File "<frozen importlib._bootstrap>", line 1007, in _find_and_load
  File "<frozen importlib._bootstrap>", line 986, in _find_and_load_unlocked
  File "<frozen importlib._bootstrap>", line 680, in _load_unlocked
  File "<frozen importlib._bootstrap_external>", line 850, in exec_module
  File "<frozen importlib._bootstrap>", line 228, in _call_with_frames_removed
  File "/opt/app/pop/api/urls.py", line 1, in <module>
    from pop.api.views import (
  File "/opt/app/pop/api/views.py", line 16, in <module>
    from pop.ups_model import UpsModel
  File "/opt/app/pop/ups_model.py", line 12, in <module>
    class UpsModel(models.Model):
  File "/opt/app/pop/ups_model.py", line 15, in UpsModel
    data = models.ArrayField(model_container=DataItem)
  File "/opt/venv/lib/python3.9/site-packages/djongo/models/fields.py", line 273, in __init__
    super().__init__(model_container, *args, **kwargs)
  File "/opt/venv/lib/python3.9/site-packages/djongo/models/fields.py", line 112, in __init__
    self._validate_container()
  File "/opt/venv/lib/python3.9/site-packages/djongo/models/fields.py", line 120, in _validate_container
    raise ValidationError(
django.core.exceptions.ValidationError: ['Field "pop.DataItem.id" of model container:"<class \'pop.ups_model.DataItem\'>" cannot be of type "<class \'django.db.models.fields.BigAutoField\'>"']
2025-03-13 15:40:52,016 pop.CPM_RT_mixins INFO     mongo_db = RTModelCPM, topic = MQTT_RT_DATA created 67d2a8243c00107d8760dfba succesfully
2025-03-13 15:40:52,031 pop.CPM_RT_mixins INFO     mongo_db = TemporaryRTModelCPM, topic = MQTT_RT_DATA created 67d2a8243c00107d8760dfbb succesfully
2025-03-13 15:40:52,045 pop.CPM_RT_mixins INFO     mongo_db = TodayRTModelCPM, topic = MQTT_RT_DATA created 67d2a8243c00107d8760dfbc succesfully
2025-03-13 15:40:52,067 celery.utils.dispatch.signal ERROR    Signal handler <bound method DjangoFixup.on_import_modules of <celery.fixups.django.DjangoFixup object at 0x7f68cb0d9790>> raised: ValidationError(['Field "pop.DataItem.id" of model container:"<class \'pop.ups_model.DataItem\'>" cannot be of type "<class \'django.db.models.fields.BigAutoField\'>"'])
Traceback (most recent call last):
  File "/opt/venv/lib/python3.9/site-packages/celery/utils/dispatch/signal.py", line 276, in send
    response = receiver(signal=self, sender=sender, **named)
  File "/opt/venv/lib/python3.9/site-packages/celery/fixups/django.py", line 82, in on_import_modules
    self.worker_fixup.validate_models()
  File "/opt/venv/lib/python3.9/site-packages/celery/fixups/django.py", line 121, in validate_models
    run_checks()
  File "/opt/venv/lib/python3.9/site-packages/django/core/checks/registry.py", line 88, in run_checks
    new_errors = check(app_configs=app_configs, databases=databases)
  File "/opt/venv/lib/python3.9/site-packages/django/core/checks/urls.py", line 14, in check_url_config
    return check_resolver(resolver)
  File "/opt/venv/lib/python3.9/site-packages/django/core/checks/urls.py", line 24, in check_resolver
    return check_method()
  File "/opt/venv/lib/python3.9/site-packages/django/urls/resolvers.py", line 476, in check
    for pattern in self.url_patterns:
  File "/opt/venv/lib/python3.9/site-packages/django/utils/functional.py", line 57, in __get__
    res = instance.__dict__[self.name] = self.func(instance)
  File "/opt/venv/lib/python3.9/site-packages/django/urls/resolvers.py", line 690, in url_patterns
    patterns = getattr(self.urlconf_module, "urlpatterns", self.urlconf_module)
  File "/opt/venv/lib/python3.9/site-packages/django/utils/functional.py", line 57, in __get__
    res = instance.__dict__[self.name] = self.func(instance)
  File "/opt/venv/lib/python3.9/site-packages/django/urls/resolvers.py", line 683, in urlconf_module
    return import_module(self.urlconf_name)
  File "/usr/local/lib/python3.9/importlib/__init__.py", line 127, in import_module
    return _bootstrap._gcd_import(name[level:], package, level)
  File "<frozen importlib._bootstrap>", line 1030, in _gcd_import
  File "<frozen importlib._bootstrap>", line 1007, in _find_and_load
  File "<frozen importlib._bootstrap>", line 986, in _find_and_load_unlocked
  File "<frozen importlib._bootstrap>", line 680, in _load_unlocked
  File "<frozen importlib._bootstrap_external>", line 850, in exec_module
  File "<frozen importlib._bootstrap>", line 228, in _call_with_frames_removed
  File "/opt/app/dcim/urls.py", line 41, in <module>
    path('pop/', include('pop.api.urls', namespace='pops.apis')),
  File "/opt/venv/lib/python3.9/site-packages/django/urls/conf.py", line 38, in include
    urlconf_module = import_module(urlconf_module)
  File "/usr/local/lib/python3.9/importlib/__init__.py", line 127, in import_module
    return _bootstrap._gcd_import(name[level:], package, level)
  File "<frozen importlib._bootstrap>", line 1030, in _gcd_import
  File "<frozen importlib._bootstrap>", line 1007, in _find_and_load
  File "<frozen importlib._bootstrap>", line 986, in _find_and_load_unlocked
  File "<frozen importlib._bootstrap>", line 680, in _load_unlocked
  File "<frozen importlib._bootstrap_external>", line 850, in exec_module
  File "<frozen importlib._bootstrap>", line 228, in _call_with_frames_removed
  File "/opt/app/pop/api/urls.py", line 1, in <module>
    from pop.api.views import (
  File "/opt/app/pop/api/views.py", line 16, in <module>
    from pop.ups_model import UpsModel
  File "/opt/app/pop/ups_model.py", line 12, in <module>
    class UpsModel(models.Model):
  File "/opt/app/pop/ups_model.py", line 15, in UpsModel
    data = models.ArrayField(model_container=DataItem)
  File "/opt/venv/lib/python3.9/site-packages/djongo/models/fields.py", line 273, in __init__
    super().__init__(model_container, *args, **kwargs)
  File "/opt/venv/lib/python3.9/site-packages/djongo/models/fields.py", line 112, in __init__
    self._validate_container()
  File "/opt/venv/lib/python3.9/site-packages/djongo/models/fields.py", line 120, in _validate_container
    raise ValidationError(
django.core.exceptions.ValidationError: ['Field "pop.DataItem.id" of model container:"<class \'pop.ups_model.DataItem\'>" cannot be of type "<class \'django.db.models.fields.BigAutoField\'>"']
2025-03-13 15:40:52,781 pop.CCCL_generator_mixins INFO     mongo_db = CCCLGenerator, topic = CCCL/PURBACHAL/ENM_01 created 67d2a8243c00107d8760dfbd succesfully
2025-03-13 15:40:52,818 pop.CCCL_generator_mixins INFO     mongo_db = TemporaryCCCLGenerator, topic = CCCL/PURBACHAL/ENM_01 created 67d2a8243c00107d8760dfbe succesfully
2025-03-13 15:40:52,861 pop.CCCL_generator_mixins INFO     mongo_db = TodayCCCLGenerator, topic = CCCL/PURBACHAL/ENM_01 created 67d2a8243c00107d8760dfbf succesfully
2025-03-13 15:40:56,158 pop.CCCL_environment_mixins INFO     mongo_db = CCCLEnvironment, topic = CCCL/PURBACHAL/ENV_01 created 67d2a8283c00107d8760dfc0 succesfully
2025-03-13 15:40:56,168 pop.CCCL_environment_mixins INFO     mongo_db = TemporaryCCCLEnvironment, topic = CCCL/PURBACHAL/ENV_01 created 67d2a8283c00107d8760dfc1 succesfully
2025-03-13 15:40:56,182 pop.CCCL_environment_mixins INFO     mongo_db = TodayCCCLEnvironment, topic = CCCL/PURBACHAL/ENV_01 created 67d2a8283c00107d8760dfc2 succesfully
2025-03-13 15:41:31,950 pop.CPM_RT_mixins INFO     mongo_db = RTModelCPM, topic = MQTT_RT_DATA created 67d2a84bfbf02e5fca3f4d45 succesfully
2025-03-13 15:41:31,999 pop.CPM_RT_mixins INFO     mongo_db = TemporaryRTModelCPM, topic = MQTT_RT_DATA created 67d2a84bfbf02e5fca3f4d46 succesfully
2025-03-13 15:41:32,050 pop.CPM_RT_mixins INFO     mongo_db = TodayRTModelCPM, topic = MQTT_RT_DATA created 67d2a84cfbf02e5fca3f4d47 succesfully
2025-03-13 15:41:51,921 pop.CPM_RT_mixins INFO     mongo_db = RTModelCPM, topic = MQTT_RT_DATA created 67d2a85ffbf02e5fca3f4d48 succesfully
2025-03-13 15:41:51,943 pop.CPM_RT_mixins INFO     mongo_db = TemporaryRTModelCPM, topic = MQTT_RT_DATA created 67d2a85ffbf02e5fca3f4d49 succesfully
2025-03-13 15:41:51,956 pop.CPM_RT_mixins INFO     mongo_db = TodayRTModelCPM, topic = MQTT_RT_DATA created 67d2a85ffbf02e5fca3f4d4a succesfully
2025-03-13 15:41:52,783 pop.CCCL_generator_mixins INFO     mongo_db = CCCLGenerator, topic = CCCL/PURBACHAL/ENM_01 created 67d2a860fbf02e5fca3f4d4b succesfully
2025-03-13 15:41:52,811 pop.CCCL_generator_mixins INFO     mongo_db = TemporaryCCCLGenerator, topic = CCCL/PURBACHAL/ENM_01 created 67d2a860fbf02e5fca3f4d4c succesfully
2025-03-13 15:41:52,824 pop.CCCL_generator_mixins INFO     mongo_db = TodayCCCLGenerator, topic = CCCL/PURBACHAL/ENM_01 created 67d2a860fbf02e5fca3f4d4d succesfully
2025-03-13 15:41:56,331 django.request ERROR    Internal Server Error: /api/v1.0/pop/ups-data/
Traceback (most recent call last):
  File "/opt/venv/lib/python3.9/site-packages/django/core/handlers/exception.py", line 55, in inner
    response = get_response(request)
  File "/opt/venv/lib/python3.9/site-packages/django/core/handlers/base.py", line 197, in _get_response
    response = wrapped_callback(request, *callback_args, **callback_kwargs)
  File "/opt/venv/lib/python3.9/site-packages/django/views/decorators/csrf.py", line 54, in wrapped_view
    return view_func(*args, **kwargs)
  File "/opt/venv/lib/python3.9/site-packages/rest_framework/viewsets.py", line 125, in view
    return self.dispatch(request, *args, **kwargs)
  File "/opt/venv/lib/python3.9/site-packages/rest_framework/views.py", line 509, in dispatch
    response = self.handle_exception(exc)
  File "/opt/venv/lib/python3.9/site-packages/rest_framework/views.py", line 469, in handle_exception
    self.raise_uncaught_exception(exc)
  File "/opt/venv/lib/python3.9/site-packages/rest_framework/views.py", line 480, in raise_uncaught_exception
    raise exc
  File "/opt/venv/lib/python3.9/site-packages/rest_framework/views.py", line 506, in dispatch
    response = handler(request, *args, **kwargs)
  File "/opt/app/pop/api/views.py", line 428, in list
    return Response(serializer.data)
  File "/opt/venv/lib/python3.9/site-packages/rest_framework/serializers.py", line 745, in data
    ret = super().data
  File "/opt/venv/lib/python3.9/site-packages/rest_framework/serializers.py", line 246, in data
    self._data = self.to_representation(self.instance)
  File "/opt/venv/lib/python3.9/site-packages/rest_framework/serializers.py", line 663, in to_representation
    return [
  File "/opt/venv/lib/python3.9/site-packages/django/db/models/query.py", line 394, in __iter__
    self._fetch_all()
  File "/opt/venv/lib/python3.9/site-packages/django/db/models/query.py", line 1866, in _fetch_all
    self._result_cache = list(self._iterable_class(self))
  File "/opt/venv/lib/python3.9/site-packages/django/db/models/query.py", line 117, in __iter__
    for row in compiler.results_iter(results):
  File "/opt/venv/lib/python3.9/site-packages/django/db/models/sql/compiler.py", line 1333, in apply_converters
    value = converter(value, expression, connection)
  File "/opt/venv/lib/python3.9/site-packages/djongo/models/fields.py", line 244, in from_db_value
    return self.to_python(value)
  File "/opt/venv/lib/python3.9/site-packages/djongo/models/fields.py", line 261, in to_python
    value = self._value_thru_container(value)
  File "/opt/venv/lib/python3.9/site-packages/djongo/models/fields.py", line 318, in _value_thru_container
    post_value.append(super()._value_thru_container(_dict))
  File "/opt/venv/lib/python3.9/site-packages/djongo/models/fields.py", line 182, in _value_thru_container
    inst = self.model_container(**value)
  File "/opt/venv/lib/python3.9/site-packages/django/db/models/base.py", line 485, in __init__
    raise TypeError("Abstract models cannot be instantiated.")
TypeError: Abstract models cannot be instantiated.
2025-03-13 15:41:56,784 pop.CCCL_environment_mixins INFO     mongo_db = CCCLEnvironment, topic = CCCL/PURBACHAL/ENV_01 created 67d2a864fbf02e5fca3f4d4e succesfully
2025-03-13 15:41:56,793 pop.CCCL_environment_mixins INFO     mongo_db = TemporaryCCCLEnvironment, topic = CCCL/PURBACHAL/ENV_01 created 67d2a864fbf02e5fca3f4d4f succesfully
2025-03-13 15:41:56,805 pop.CCCL_environment_mixins INFO     mongo_db = TodayCCCLEnvironment, topic = CCCL/PURBACHAL/ENV_01 created 67d2a864fbf02e5fca3f4d50 succesfully
2025-03-13 15:42:27,118 pop.CCCL_environment_mixins INFO     mongo_db = CCCLEnvironment, topic = CCCL/PURBACHAL/ENV_01 created 67d2a883fbf02e5fca3f4d51 succesfully
2025-03-13 15:42:27,146 pop.CCCL_environment_mixins INFO     mongo_db = TemporaryCCCLEnvironment, topic = CCCL/PURBACHAL/ENV_01 created 67d2a883fbf02e5fca3f4d52 succesfully
2025-03-13 15:42:27,179 pop.CCCL_environment_mixins INFO     mongo_db = TodayCCCLEnvironment, topic = CCCL/PURBACHAL/ENV_01 created 67d2a883fbf02e5fca3f4d53 succesfully
2025-03-13 15:42:51,927 pop.CPM_RT_mixins INFO     mongo_db = RTModelCPM, topic = MQTT_RT_DATA created 67d2a89bfbf02e5fca3f4d54 succesfully
2025-03-13 15:42:51,947 pop.CPM_RT_mixins INFO     mongo_db = TemporaryRTModelCPM, topic = MQTT_RT_DATA created 67d2a89bfbf02e5fca3f4d55 succesfully
2025-03-13 15:42:51,962 pop.CPM_RT_mixins INFO     mongo_db = TodayRTModelCPM, topic = MQTT_RT_DATA created 67d2a89bfbf02e5fca3f4d56 succesfully
2025-03-13 15:42:52,769 pop.CCCL_generator_mixins INFO     mongo_db = CCCLGenerator, topic = CCCL/PURBACHAL/ENM_01 created 67d2a89cfbf02e5fca3f4d57 succesfully
2025-03-13 15:42:52,783 pop.CCCL_generator_mixins INFO     mongo_db = TemporaryCCCLGenerator, topic = CCCL/PURBACHAL/ENM_01 created 67d2a89cfbf02e5fca3f4d58 succesfully
2025-03-13 15:42:52,794 pop.CCCL_generator_mixins INFO     mongo_db = TodayCCCLGenerator, topic = CCCL/PURBACHAL/ENM_01 created 67d2a89cfbf02e5fca3f4d59 succesfully
2025-03-13 15:42:57,334 pop.CCCL_environment_mixins INFO     mongo_db = CCCLEnvironment, topic = CCCL/PURBACHAL/ENV_01 created 67d2a8a1fbf02e5fca3f4d5a succesfully
2025-03-13 15:42:57,349 pop.CCCL_environment_mixins INFO     mongo_db = TemporaryCCCLEnvironment, topic = CCCL/PURBACHAL/ENV_01 created 67d2a8a1fbf02e5fca3f4d5b succesfully
2025-03-13 15:42:57,359 pop.CCCL_environment_mixins INFO     mongo_db = TodayCCCLEnvironment, topic = CCCL/PURBACHAL/ENV_01 created 67d2a8a1fbf02e5fca3f4d5c succesfully
2025-03-13 15:43:21,632 pop.CPM_RT_mixins INFO     mongo_db = RTModelCPM, topic = MQTT_RT_DATA created 67d2a8b9fbf02e5fca3f4d5d succesfully
2025-03-13 15:43:21,645 pop.CPM_RT_mixins INFO     mongo_db = TemporaryRTModelCPM, topic = MQTT_RT_DATA created 67d2a8b9fbf02e5fca3f4d5e succesfully
2025-03-13 15:43:21,663 pop.CPM_RT_mixins INFO     mongo_db = TodayRTModelCPM, topic = MQTT_RT_DATA created 67d2a8b9fbf02e5fca3f4d5f succesfully
2025-03-13 15:43:27,733 pop.CCCL_environment_mixins INFO     mongo_db = CCCLEnvironment, topic = CCCL/PURBACHAL/ENV_01 created 67d2a8bffbf02e5fca3f4d60 succesfully
2025-03-13 15:43:27,749 pop.CCCL_environment_mixins INFO     mongo_db = TemporaryCCCLEnvironment, topic = CCCL/PURBACHAL/ENV_01 created 67d2a8bffbf02e5fca3f4d61 succesfully
2025-03-13 15:43:27,761 pop.CCCL_environment_mixins INFO     mongo_db = TodayCCCLEnvironment, topic = CCCL/PURBACHAL/ENV_01 created 67d2a8bffbf02e5fca3f4d62 succesfully
2025-03-13 15:43:51,686 pop.CPM_RT_mixins INFO     mongo_db = RTModelCPM, topic = MQTT_RT_DATA created 67d2a8d7fbf02e5fca3f4d63 succesfully
2025-03-13 15:43:51,700 pop.CPM_RT_mixins INFO     mongo_db = TemporaryRTModelCPM, topic = MQTT_RT_DATA created 67d2a8d7fbf02e5fca3f4d64 succesfully
2025-03-13 15:43:51,714 pop.CPM_RT_mixins INFO     mongo_db = TodayRTModelCPM, topic = MQTT_RT_DATA created 67d2a8d7fbf02e5fca3f4d65 succesfully
2025-03-13 15:43:52,758 pop.CCCL_generator_mixins INFO     mongo_db = CCCLGenerator, topic = CCCL/PURBACHAL/ENM_01 created 67d2a8d8fbf02e5fca3f4d66 succesfully
2025-03-13 15:43:52,768 pop.CCCL_generator_mixins INFO     mongo_db = TemporaryCCCLGenerator, topic = CCCL/PURBACHAL/ENM_01 created 67d2a8d8fbf02e5fca3f4d67 succesfully
2025-03-13 15:43:52,786 pop.CCCL_generator_mixins INFO     mongo_db = TodayCCCLGenerator, topic = CCCL/PURBACHAL/ENM_01 created 67d2a8d8fbf02e5fca3f4d68 succesfully
2025-03-13 15:43:58,145 pop.CCCL_environment_mixins INFO     mongo_db = CCCLEnvironment, topic = CCCL/PURBACHAL/ENV_01 created 67d2a8defbf02e5fca3f4d69 succesfully
2025-03-13 15:43:58,167 pop.CCCL_environment_mixins INFO     mongo_db = TemporaryCCCLEnvironment, topic = CCCL/PURBACHAL/ENV_01 created 67d2a8defbf02e5fca3f4d6a succesfully
2025-03-13 15:43:58,175 pop.CCCL_environment_mixins INFO     mongo_db = TodayCCCLEnvironment, topic = CCCL/PURBACHAL/ENV_01 created 67d2a8defbf02e5fca3f4d6b succesfully
2025-03-13 15:44:22,759 pop.CPM_RT_mixins INFO     mongo_db = RTModelCPM, topic = MQTT_RT_DATA created 67d2a8f6fbf02e5fca3f4d6c succesfully
2025-03-13 15:44:22,773 pop.CPM_RT_mixins INFO     mongo_db = TemporaryRTModelCPM, topic = MQTT_RT_DATA created 67d2a8f6fbf02e5fca3f4d6d succesfully
2025-03-13 15:44:22,792 pop.CPM_RT_mixins INFO     mongo_db = TodayRTModelCPM, topic = MQTT_RT_DATA created 67d2a8f6fbf02e5fca3f4d6e succesfully
2025-03-13 15:44:28,463 pop.CCCL_environment_mixins INFO     mongo_db = CCCLEnvironment, topic = CCCL/PURBACHAL/ENV_01 created 67d2a8fcfbf02e5fca3f4d6f succesfully
2025-03-13 15:44:28,478 pop.CCCL_environment_mixins INFO     mongo_db = TemporaryCCCLEnvironment, topic = CCCL/PURBACHAL/ENV_01 created 67d2a8fcfbf02e5fca3f4d70 succesfully
2025-03-13 15:44:28,491 pop.CCCL_environment_mixins INFO     mongo_db = TodayCCCLEnvironment, topic = CCCL/PURBACHAL/ENV_01 created 67d2a8fcfbf02e5fca3f4d71 succesfully
2025-03-13 15:45:13,570 pop.CPM_RT_mixins INFO     mongo_db = RTModelCPM, topic = MQTT_RT_DATA created 67d2a9298e02a9119deae835 succesfully
2025-03-13 15:45:13,617 pop.CPM_RT_mixins INFO     mongo_db = TemporaryRTModelCPM, topic = MQTT_RT_DATA created 67d2a9298e02a9119deae836 succesfully
2025-03-13 15:45:13,654 pop.CPM_RT_mixins INFO     mongo_db = TodayRTModelCPM, topic = MQTT_RT_DATA created 67d2a9298e02a9119deae837 succesfully
2025-03-13 15:45:14,232 celery.utils.dispatch.signal ERROR    Signal handler <bound method DjangoFixup.on_import_modules of <celery.fixups.django.DjangoFixup object at 0x7f02309cac70>> raised: ValidationError(['Field "pop.DataItem.id" of model container:"<class \'pop.ups_model.DataItem\'>" cannot be of type "<class \'django.db.models.fields.BigAutoField\'>"'])
Traceback (most recent call last):
  File "/opt/venv/lib/python3.9/site-packages/celery/utils/dispatch/signal.py", line 276, in send
    response = receiver(signal=self, sender=sender, **named)
  File "/opt/venv/lib/python3.9/site-packages/celery/fixups/django.py", line 82, in on_import_modules
    self.worker_fixup.validate_models()
  File "/opt/venv/lib/python3.9/site-packages/celery/fixups/django.py", line 121, in validate_models
    run_checks()
  File "/opt/venv/lib/python3.9/site-packages/django/core/checks/registry.py", line 88, in run_checks
    new_errors = check(app_configs=app_configs, databases=databases)
  File "/opt/venv/lib/python3.9/site-packages/django/core/checks/urls.py", line 14, in check_url_config
    return check_resolver(resolver)
  File "/opt/venv/lib/python3.9/site-packages/django/core/checks/urls.py", line 24, in check_resolver
    return check_method()
  File "/opt/venv/lib/python3.9/site-packages/django/urls/resolvers.py", line 476, in check
    for pattern in self.url_patterns:
  File "/opt/venv/lib/python3.9/site-packages/django/utils/functional.py", line 57, in __get__
    res = instance.__dict__[self.name] = self.func(instance)
  File "/opt/venv/lib/python3.9/site-packages/django/urls/resolvers.py", line 690, in url_patterns
    patterns = getattr(self.urlconf_module, "urlpatterns", self.urlconf_module)
  File "/opt/venv/lib/python3.9/site-packages/django/utils/functional.py", line 57, in __get__
    res = instance.__dict__[self.name] = self.func(instance)
  File "/opt/venv/lib/python3.9/site-packages/django/urls/resolvers.py", line 683, in urlconf_module
    return import_module(self.urlconf_name)
  File "/usr/local/lib/python3.9/importlib/__init__.py", line 127, in import_module
    return _bootstrap._gcd_import(name[level:], package, level)
  File "<frozen importlib._bootstrap>", line 1030, in _gcd_import
  File "<frozen importlib._bootstrap>", line 1007, in _find_and_load
  File "<frozen importlib._bootstrap>", line 986, in _find_and_load_unlocked
  File "<frozen importlib._bootstrap>", line 680, in _load_unlocked
  File "<frozen importlib._bootstrap_external>", line 850, in exec_module
  File "<frozen importlib._bootstrap>", line 228, in _call_with_frames_removed
  File "/opt/app/dcim/urls.py", line 41, in <module>
    path('pop/', include('pop.api.urls', namespace='pops.apis')),
  File "/opt/venv/lib/python3.9/site-packages/django/urls/conf.py", line 38, in include
    urlconf_module = import_module(urlconf_module)
  File "/usr/local/lib/python3.9/importlib/__init__.py", line 127, in import_module
    return _bootstrap._gcd_import(name[level:], package, level)
  File "<frozen importlib._bootstrap>", line 1030, in _gcd_import
  File "<frozen importlib._bootstrap>", line 1007, in _find_and_load
  File "<frozen importlib._bootstrap>", line 986, in _find_and_load_unlocked
  File "<frozen importlib._bootstrap>", line 680, in _load_unlocked
  File "<frozen importlib._bootstrap_external>", line 850, in exec_module
  File "<frozen importlib._bootstrap>", line 228, in _call_with_frames_removed
  File "/opt/app/pop/api/urls.py", line 1, in <module>
    from pop.api.views import (
  File "/opt/app/pop/api/views.py", line 16, in <module>
    from pop.ups_model import UpsModel
  File "/opt/app/pop/ups_model.py", line 12, in <module>
    class UpsModel(models.Model):
  File "/opt/app/pop/ups_model.py", line 15, in UpsModel
    data = models.ArrayField(model_container=DataItem)
  File "/opt/venv/lib/python3.9/site-packages/djongo/models/fields.py", line 273, in __init__
    super().__init__(model_container, *args, **kwargs)
  File "/opt/venv/lib/python3.9/site-packages/djongo/models/fields.py", line 112, in __init__
    self._validate_container()
  File "/opt/venv/lib/python3.9/site-packages/djongo/models/fields.py", line 120, in _validate_container
    raise ValidationError(
django.core.exceptions.ValidationError: ['Field "pop.DataItem.id" of model container:"<class \'pop.ups_model.DataItem\'>" cannot be of type "<class \'django.db.models.fields.BigAutoField\'>"']
2025-03-13 15:45:14,365 celery.utils.dispatch.signal ERROR    Signal handler <bound method DjangoFixup.on_import_modules of <celery.fixups.django.DjangoFixup object at 0x7f99a477bc70>> raised: ValidationError(['Field "pop.DataItem.id" of model container:"<class \'pop.ups_model.DataItem\'>" cannot be of type "<class \'django.db.models.fields.BigAutoField\'>"'])
Traceback (most recent call last):
  File "/opt/venv/lib/python3.9/site-packages/celery/utils/dispatch/signal.py", line 276, in send
    response = receiver(signal=self, sender=sender, **named)
  File "/opt/venv/lib/python3.9/site-packages/celery/fixups/django.py", line 82, in on_import_modules
    self.worker_fixup.validate_models()
  File "/opt/venv/lib/python3.9/site-packages/celery/fixups/django.py", line 121, in validate_models
    run_checks()
  File "/opt/venv/lib/python3.9/site-packages/django/core/checks/registry.py", line 88, in run_checks
    new_errors = check(app_configs=app_configs, databases=databases)
  File "/opt/venv/lib/python3.9/site-packages/django/core/checks/urls.py", line 14, in check_url_config
    return check_resolver(resolver)
  File "/opt/venv/lib/python3.9/site-packages/django/core/checks/urls.py", line 24, in check_resolver
    return check_method()
  File "/opt/venv/lib/python3.9/site-packages/django/urls/resolvers.py", line 476, in check
    for pattern in self.url_patterns:
  File "/opt/venv/lib/python3.9/site-packages/django/utils/functional.py", line 57, in __get__
    res = instance.__dict__[self.name] = self.func(instance)
  File "/opt/venv/lib/python3.9/site-packages/django/urls/resolvers.py", line 690, in url_patterns
    patterns = getattr(self.urlconf_module, "urlpatterns", self.urlconf_module)
  File "/opt/venv/lib/python3.9/site-packages/django/utils/functional.py", line 57, in __get__
    res = instance.__dict__[self.name] = self.func(instance)
  File "/opt/venv/lib/python3.9/site-packages/django/urls/resolvers.py", line 683, in urlconf_module
    return import_module(self.urlconf_name)
  File "/usr/local/lib/python3.9/importlib/__init__.py", line 127, in import_module
    return _bootstrap._gcd_import(name[level:], package, level)
  File "<frozen importlib._bootstrap>", line 1030, in _gcd_import
  File "<frozen importlib._bootstrap>", line 1007, in _find_and_load
  File "<frozen importlib._bootstrap>", line 986, in _find_and_load_unlocked
  File "<frozen importlib._bootstrap>", line 680, in _load_unlocked
  File "<frozen importlib._bootstrap_external>", line 850, in exec_module
  File "<frozen importlib._bootstrap>", line 228, in _call_with_frames_removed
  File "/opt/app/dcim/urls.py", line 41, in <module>
    path('pop/', include('pop.api.urls', namespace='pops.apis')),
  File "/opt/venv/lib/python3.9/site-packages/django/urls/conf.py", line 38, in include
    urlconf_module = import_module(urlconf_module)
  File "/usr/local/lib/python3.9/importlib/__init__.py", line 127, in import_module
    return _bootstrap._gcd_import(name[level:], package, level)
  File "<frozen importlib._bootstrap>", line 1030, in _gcd_import
  File "<frozen importlib._bootstrap>", line 1007, in _find_and_load
  File "<frozen importlib._bootstrap>", line 986, in _find_and_load_unlocked
  File "<frozen importlib._bootstrap>", line 680, in _load_unlocked
  File "<frozen importlib._bootstrap_external>", line 850, in exec_module
  File "<frozen importlib._bootstrap>", line 228, in _call_with_frames_removed
  File "/opt/app/pop/api/urls.py", line 1, in <module>
    from pop.api.views import (
  File "/opt/app/pop/api/views.py", line 16, in <module>
    from pop.ups_model import UpsModel
  File "/opt/app/pop/ups_model.py", line 12, in <module>
    class UpsModel(models.Model):
  File "/opt/app/pop/ups_model.py", line 15, in UpsModel
    data = models.ArrayField(model_container=DataItem)
  File "/opt/venv/lib/python3.9/site-packages/djongo/models/fields.py", line 273, in __init__
    super().__init__(model_container, *args, **kwargs)
  File "/opt/venv/lib/python3.9/site-packages/djongo/models/fields.py", line 112, in __init__
    self._validate_container()
  File "/opt/venv/lib/python3.9/site-packages/djongo/models/fields.py", line 120, in _validate_container
    raise ValidationError(
django.core.exceptions.ValidationError: ['Field "pop.DataItem.id" of model container:"<class \'pop.ups_model.DataItem\'>" cannot be of type "<class \'django.db.models.fields.BigAutoField\'>"']
2025-03-13 15:45:16,694 celery.utils.dispatch.signal ERROR    Signal handler <bound method DjangoFixup.on_import_modules of <celery.fixups.django.DjangoFixup object at 0x7fae563b0790>> raised: ValidationError(['Field "pop.DataItem.id" of model container:"<class \'pop.ups_model.DataItem\'>" cannot be of type "<class \'django.db.models.fields.BigAutoField\'>"'])
Traceback (most recent call last):
  File "/opt/venv/lib/python3.9/site-packages/celery/utils/dispatch/signal.py", line 276, in send
    response = receiver(signal=self, sender=sender, **named)
  File "/opt/venv/lib/python3.9/site-packages/celery/fixups/django.py", line 82, in on_import_modules
    self.worker_fixup.validate_models()
  File "/opt/venv/lib/python3.9/site-packages/celery/fixups/django.py", line 121, in validate_models
    run_checks()
  File "/opt/venv/lib/python3.9/site-packages/django/core/checks/registry.py", line 88, in run_checks
    new_errors = check(app_configs=app_configs, databases=databases)
  File "/opt/venv/lib/python3.9/site-packages/django/core/checks/urls.py", line 14, in check_url_config
    return check_resolver(resolver)
  File "/opt/venv/lib/python3.9/site-packages/django/core/checks/urls.py", line 24, in check_resolver
    return check_method()
  File "/opt/venv/lib/python3.9/site-packages/django/urls/resolvers.py", line 476, in check
    for pattern in self.url_patterns:
  File "/opt/venv/lib/python3.9/site-packages/django/utils/functional.py", line 57, in __get__
    res = instance.__dict__[self.name] = self.func(instance)
  File "/opt/venv/lib/python3.9/site-packages/django/urls/resolvers.py", line 690, in url_patterns
    patterns = getattr(self.urlconf_module, "urlpatterns", self.urlconf_module)
  File "/opt/venv/lib/python3.9/site-packages/django/utils/functional.py", line 57, in __get__
    res = instance.__dict__[self.name] = self.func(instance)
  File "/opt/venv/lib/python3.9/site-packages/django/urls/resolvers.py", line 683, in urlconf_module
    return import_module(self.urlconf_name)
  File "/usr/local/lib/python3.9/importlib/__init__.py", line 127, in import_module
    return _bootstrap._gcd_import(name[level:], package, level)
  File "<frozen importlib._bootstrap>", line 1030, in _gcd_import
  File "<frozen importlib._bootstrap>", line 1007, in _find_and_load
  File "<frozen importlib._bootstrap>", line 986, in _find_and_load_unlocked
  File "<frozen importlib._bootstrap>", line 680, in _load_unlocked
  File "<frozen importlib._bootstrap_external>", line 850, in exec_module
  File "<frozen importlib._bootstrap>", line 228, in _call_with_frames_removed
  File "/opt/app/dcim/urls.py", line 41, in <module>
    path('pop/', include('pop.api.urls', namespace='pops.apis')),
  File "/opt/venv/lib/python3.9/site-packages/django/urls/conf.py", line 38, in include
    urlconf_module = import_module(urlconf_module)
  File "/usr/local/lib/python3.9/importlib/__init__.py", line 127, in import_module
    return _bootstrap._gcd_import(name[level:], package, level)
  File "<frozen importlib._bootstrap>", line 1030, in _gcd_import
  File "<frozen importlib._bootstrap>", line 1007, in _find_and_load
  File "<frozen importlib._bootstrap>", line 986, in _find_and_load_unlocked
  File "<frozen importlib._bootstrap>", line 680, in _load_unlocked
  File "<frozen importlib._bootstrap_external>", line 850, in exec_module
  File "<frozen importlib._bootstrap>", line 228, in _call_with_frames_removed
  File "/opt/app/pop/api/urls.py", line 1, in <module>
    from pop.api.views import (
  File "/opt/app/pop/api/views.py", line 16, in <module>
    from pop.ups_model import UpsModel
  File "/opt/app/pop/ups_model.py", line 12, in <module>
    class UpsModel(models.Model):
  File "/opt/app/pop/ups_model.py", line 15, in UpsModel
    data = models.ArrayField(model_container=DataItem)
  File "/opt/venv/lib/python3.9/site-packages/djongo/models/fields.py", line 273, in __init__
    super().__init__(model_container, *args, **kwargs)
  File "/opt/venv/lib/python3.9/site-packages/djongo/models/fields.py", line 112, in __init__
    self._validate_container()
  File "/opt/venv/lib/python3.9/site-packages/djongo/models/fields.py", line 120, in _validate_container
    raise ValidationError(
django.core.exceptions.ValidationError: ['Field "pop.DataItem.id" of model container:"<class \'pop.ups_model.DataItem\'>" cannot be of type "<class \'django.db.models.fields.BigAutoField\'>"']
2025-03-13 15:45:16,730 celery.utils.dispatch.signal ERROR    Signal handler <bound method DjangoFixup.on_import_modules of <celery.fixups.django.DjangoFixup object at 0x7f1d4769f790>> raised: ValidationError(['Field "pop.DataItem.id" of model container:"<class \'pop.ups_model.DataItem\'>" cannot be of type "<class \'django.db.models.fields.BigAutoField\'>"'])
Traceback (most recent call last):
  File "/opt/venv/lib/python3.9/site-packages/celery/utils/dispatch/signal.py", line 276, in send
    response = receiver(signal=self, sender=sender, **named)
  File "/opt/venv/lib/python3.9/site-packages/celery/fixups/django.py", line 82, in on_import_modules
    self.worker_fixup.validate_models()
  File "/opt/venv/lib/python3.9/site-packages/celery/fixups/django.py", line 121, in validate_models
    run_checks()
  File "/opt/venv/lib/python3.9/site-packages/django/core/checks/registry.py", line 88, in run_checks
    new_errors = check(app_configs=app_configs, databases=databases)
  File "/opt/venv/lib/python3.9/site-packages/django/core/checks/urls.py", line 42, in check_url_namespaces_unique
    all_namespaces = _load_all_namespaces(resolver)
  File "/opt/venv/lib/python3.9/site-packages/django/core/checks/urls.py", line 61, in _load_all_namespaces
    url_patterns = getattr(resolver, "url_patterns", [])
  File "/opt/venv/lib/python3.9/site-packages/django/utils/functional.py", line 57, in __get__
    res = instance.__dict__[self.name] = self.func(instance)
  File "/opt/venv/lib/python3.9/site-packages/django/urls/resolvers.py", line 690, in url_patterns
    patterns = getattr(self.urlconf_module, "urlpatterns", self.urlconf_module)
  File "/opt/venv/lib/python3.9/site-packages/django/utils/functional.py", line 57, in __get__
    res = instance.__dict__[self.name] = self.func(instance)
  File "/opt/venv/lib/python3.9/site-packages/django/urls/resolvers.py", line 683, in urlconf_module
    return import_module(self.urlconf_name)
  File "/usr/local/lib/python3.9/importlib/__init__.py", line 127, in import_module
    return _bootstrap._gcd_import(name[level:], package, level)
  File "<frozen importlib._bootstrap>", line 1030, in _gcd_import
  File "<frozen importlib._bootstrap>", line 1007, in _find_and_load
  File "<frozen importlib._bootstrap>", line 986, in _find_and_load_unlocked
  File "<frozen importlib._bootstrap>", line 680, in _load_unlocked
  File "<frozen importlib._bootstrap_external>", line 850, in exec_module
  File "<frozen importlib._bootstrap>", line 228, in _call_with_frames_removed
  File "/opt/app/dcim/urls.py", line 41, in <module>
    path('pop/', include('pop.api.urls', namespace='pops.apis')),
  File "/opt/venv/lib/python3.9/site-packages/django/urls/conf.py", line 38, in include
    urlconf_module = import_module(urlconf_module)
  File "/usr/local/lib/python3.9/importlib/__init__.py", line 127, in import_module
    return _bootstrap._gcd_import(name[level:], package, level)
  File "<frozen importlib._bootstrap>", line 1030, in _gcd_import
  File "<frozen importlib._bootstrap>", line 1007, in _find_and_load
  File "<frozen importlib._bootstrap>", line 986, in _find_and_load_unlocked
  File "<frozen importlib._bootstrap>", line 680, in _load_unlocked
  File "<frozen importlib._bootstrap_external>", line 850, in exec_module
  File "<frozen importlib._bootstrap>", line 228, in _call_with_frames_removed
  File "/opt/app/pop/api/urls.py", line 1, in <module>
    from pop.api.views import (
  File "/opt/app/pop/api/views.py", line 16, in <module>
    from pop.ups_model import UpsModel
  File "/opt/app/pop/ups_model.py", line 12, in <module>
    class UpsModel(models.Model):
  File "/opt/app/pop/ups_model.py", line 15, in UpsModel
    data = models.ArrayField(model_container=DataItem)
  File "/opt/venv/lib/python3.9/site-packages/djongo/models/fields.py", line 273, in __init__
    super().__init__(model_container, *args, **kwargs)
  File "/opt/venv/lib/python3.9/site-packages/djongo/models/fields.py", line 112, in __init__
    self._validate_container()
  File "/opt/venv/lib/python3.9/site-packages/djongo/models/fields.py", line 120, in _validate_container
    raise ValidationError(
django.core.exceptions.ValidationError: ['Field "pop.DataItem.id" of model container:"<class \'pop.ups_model.DataItem\'>" cannot be of type "<class \'django.db.models.fields.BigAutoField\'>"']
2025-03-13 15:45:18,891 celery.utils.dispatch.signal ERROR    Signal handler <bound method DjangoFixup.on_import_modules of <celery.fixups.django.DjangoFixup object at 0x7fd5cb7b1790>> raised: ValidationError(['Field "pop.DataItem.id" of model container:"<class \'pop.ups_model.DataItem\'>" cannot be of type "<class \'django.db.models.fields.BigAutoField\'>"'])
Traceback (most recent call last):
  File "/opt/venv/lib/python3.9/site-packages/celery/utils/dispatch/signal.py", line 276, in send
    response = receiver(signal=self, sender=sender, **named)
  File "/opt/venv/lib/python3.9/site-packages/celery/fixups/django.py", line 82, in on_import_modules
    self.worker_fixup.validate_models()
  File "/opt/venv/lib/python3.9/site-packages/celery/fixups/django.py", line 121, in validate_models
    run_checks()
  File "/opt/venv/lib/python3.9/site-packages/django/core/checks/registry.py", line 88, in run_checks
    new_errors = check(app_configs=app_configs, databases=databases)
  File "/opt/venv/lib/python3.9/site-packages/django/core/checks/urls.py", line 14, in check_url_config
    return check_resolver(resolver)
  File "/opt/venv/lib/python3.9/site-packages/django/core/checks/urls.py", line 24, in check_resolver
    return check_method()
  File "/opt/venv/lib/python3.9/site-packages/django/urls/resolvers.py", line 476, in check
    for pattern in self.url_patterns:
  File "/opt/venv/lib/python3.9/site-packages/django/utils/functional.py", line 57, in __get__
    res = instance.__dict__[self.name] = self.func(instance)
  File "/opt/venv/lib/python3.9/site-packages/django/urls/resolvers.py", line 690, in url_patterns
    patterns = getattr(self.urlconf_module, "urlpatterns", self.urlconf_module)
  File "/opt/venv/lib/python3.9/site-packages/django/utils/functional.py", line 57, in __get__
    res = instance.__dict__[self.name] = self.func(instance)
  File "/opt/venv/lib/python3.9/site-packages/django/urls/resolvers.py", line 683, in urlconf_module
    return import_module(self.urlconf_name)
  File "/usr/local/lib/python3.9/importlib/__init__.py", line 127, in import_module
    return _bootstrap._gcd_import(name[level:], package, level)
  File "<frozen importlib._bootstrap>", line 1030, in _gcd_import
  File "<frozen importlib._bootstrap>", line 1007, in _find_and_load
  File "<frozen importlib._bootstrap>", line 986, in _find_and_load_unlocked
  File "<frozen importlib._bootstrap>", line 680, in _load_unlocked
  File "<frozen importlib._bootstrap_external>", line 850, in exec_module
  File "<frozen importlib._bootstrap>", line 228, in _call_with_frames_removed
  File "/opt/app/dcim/urls.py", line 41, in <module>
    path('pop/', include('pop.api.urls', namespace='pops.apis')),
  File "/opt/venv/lib/python3.9/site-packages/django/urls/conf.py", line 38, in include
    urlconf_module = import_module(urlconf_module)
  File "/usr/local/lib/python3.9/importlib/__init__.py", line 127, in import_module
    return _bootstrap._gcd_import(name[level:], package, level)
  File "<frozen importlib._bootstrap>", line 1030, in _gcd_import
  File "<frozen importlib._bootstrap>", line 1007, in _find_and_load
  File "<frozen importlib._bootstrap>", line 986, in _find_and_load_unlocked
  File "<frozen importlib._bootstrap>", line 680, in _load_unlocked
  File "<frozen importlib._bootstrap_external>", line 850, in exec_module
  File "<frozen importlib._bootstrap>", line 228, in _call_with_frames_removed
  File "/opt/app/pop/api/urls.py", line 1, in <module>
    from pop.api.views import (
  File "/opt/app/pop/api/views.py", line 16, in <module>
    from pop.ups_model import UpsModel
  File "/opt/app/pop/ups_model.py", line 12, in <module>
    class UpsModel(models.Model):
  File "/opt/app/pop/ups_model.py", line 15, in UpsModel
    data = models.ArrayField(model_container=DataItem)
  File "/opt/venv/lib/python3.9/site-packages/djongo/models/fields.py", line 273, in __init__
    super().__init__(model_container, *args, **kwargs)
  File "/opt/venv/lib/python3.9/site-packages/djongo/models/fields.py", line 112, in __init__
    self._validate_container()
  File "/opt/venv/lib/python3.9/site-packages/djongo/models/fields.py", line 120, in _validate_container
    raise ValidationError(
django.core.exceptions.ValidationError: ['Field "pop.DataItem.id" of model container:"<class \'pop.ups_model.DataItem\'>" cannot be of type "<class \'django.db.models.fields.BigAutoField\'>"']
2025-03-13 15:45:18,915 celery.utils.dispatch.signal ERROR    Signal handler <bound method DjangoFixup.on_import_modules of <celery.fixups.django.DjangoFixup object at 0x7ffb75b7c790>> raised: ValidationError(['Field "pop.DataItem.id" of model container:"<class \'pop.ups_model.DataItem\'>" cannot be of type "<class \'django.db.models.fields.BigAutoField\'>"'])
Traceback (most recent call last):
  File "/opt/venv/lib/python3.9/site-packages/celery/utils/dispatch/signal.py", line 276, in send
    response = receiver(signal=self, sender=sender, **named)
  File "/opt/venv/lib/python3.9/site-packages/celery/fixups/django.py", line 82, in on_import_modules
    self.worker_fixup.validate_models()
  File "/opt/venv/lib/python3.9/site-packages/celery/fixups/django.py", line 121, in validate_models
    run_checks()
  File "/opt/venv/lib/python3.9/site-packages/django/core/checks/registry.py", line 88, in run_checks
    new_errors = check(app_configs=app_configs, databases=databases)
  File "/opt/venv/lib/python3.9/site-packages/django/core/checks/urls.py", line 42, in check_url_namespaces_unique
    all_namespaces = _load_all_namespaces(resolver)
  File "/opt/venv/lib/python3.9/site-packages/django/core/checks/urls.py", line 61, in _load_all_namespaces
    url_patterns = getattr(resolver, "url_patterns", [])
  File "/opt/venv/lib/python3.9/site-packages/django/utils/functional.py", line 57, in __get__
    res = instance.__dict__[self.name] = self.func(instance)
  File "/opt/venv/lib/python3.9/site-packages/django/urls/resolvers.py", line 690, in url_patterns
    patterns = getattr(self.urlconf_module, "urlpatterns", self.urlconf_module)
  File "/opt/venv/lib/python3.9/site-packages/django/utils/functional.py", line 57, in __get__
    res = instance.__dict__[self.name] = self.func(instance)
  File "/opt/venv/lib/python3.9/site-packages/django/urls/resolvers.py", line 683, in urlconf_module
    return import_module(self.urlconf_name)
  File "/usr/local/lib/python3.9/importlib/__init__.py", line 127, in import_module
    return _bootstrap._gcd_import(name[level:], package, level)
  File "<frozen importlib._bootstrap>", line 1030, in _gcd_import
  File "<frozen importlib._bootstrap>", line 1007, in _find_and_load
  File "<frozen importlib._bootstrap>", line 986, in _find_and_load_unlocked
  File "<frozen importlib._bootstrap>", line 680, in _load_unlocked
  File "<frozen importlib._bootstrap_external>", line 850, in exec_module
  File "<frozen importlib._bootstrap>", line 228, in _call_with_frames_removed
  File "/opt/app/dcim/urls.py", line 41, in <module>
    path('pop/', include('pop.api.urls', namespace='pops.apis')),
  File "/opt/venv/lib/python3.9/site-packages/django/urls/conf.py", line 38, in include
    urlconf_module = import_module(urlconf_module)
  File "/usr/local/lib/python3.9/importlib/__init__.py", line 127, in import_module
    return _bootstrap._gcd_import(name[level:], package, level)
  File "<frozen importlib._bootstrap>", line 1030, in _gcd_import
  File "<frozen importlib._bootstrap>", line 1007, in _find_and_load
  File "<frozen importlib._bootstrap>", line 986, in _find_and_load_unlocked
  File "<frozen importlib._bootstrap>", line 680, in _load_unlocked
  File "<frozen importlib._bootstrap_external>", line 850, in exec_module
  File "<frozen importlib._bootstrap>", line 228, in _call_with_frames_removed
  File "/opt/app/pop/api/urls.py", line 1, in <module>
    from pop.api.views import (
  File "/opt/app/pop/api/views.py", line 16, in <module>
    from pop.ups_model import UpsModel
  File "/opt/app/pop/ups_model.py", line 12, in <module>
    class UpsModel(models.Model):
  File "/opt/app/pop/ups_model.py", line 15, in UpsModel
    data = models.ArrayField(model_container=DataItem)
  File "/opt/venv/lib/python3.9/site-packages/djongo/models/fields.py", line 273, in __init__
    super().__init__(model_container, *args, **kwargs)
  File "/opt/venv/lib/python3.9/site-packages/djongo/models/fields.py", line 112, in __init__
    self._validate_container()
  File "/opt/venv/lib/python3.9/site-packages/djongo/models/fields.py", line 120, in _validate_container
    raise ValidationError(
django.core.exceptions.ValidationError: ['Field "pop.DataItem.id" of model container:"<class \'pop.ups_model.DataItem\'>" cannot be of type "<class \'django.db.models.fields.BigAutoField\'>"']
2025-03-13 15:45:21,610 celery.utils.dispatch.signal ERROR    Signal handler <bound method DjangoFixup.on_import_modules of <celery.fixups.django.DjangoFixup object at 0x7f522e1b1790>> raised: ValidationError(['Field "pop.DataItem.id" of model container:"<class \'pop.ups_model.DataItem\'>" cannot be of type "<class \'django.db.models.fields.BigAutoField\'>"'])
Traceback (most recent call last):
  File "/opt/venv/lib/python3.9/site-packages/celery/utils/dispatch/signal.py", line 276, in send
    response = receiver(signal=self, sender=sender, **named)
  File "/opt/venv/lib/python3.9/site-packages/celery/fixups/django.py", line 82, in on_import_modules
    self.worker_fixup.validate_models()
  File "/opt/venv/lib/python3.9/site-packages/celery/fixups/django.py", line 121, in validate_models
    run_checks()
  File "/opt/venv/lib/python3.9/site-packages/django/core/checks/registry.py", line 88, in run_checks
    new_errors = check(app_configs=app_configs, databases=databases)
  File "/opt/venv/lib/python3.9/site-packages/django/core/checks/urls.py", line 42, in check_url_namespaces_unique
    all_namespaces = _load_all_namespaces(resolver)
  File "/opt/venv/lib/python3.9/site-packages/django/core/checks/urls.py", line 61, in _load_all_namespaces
    url_patterns = getattr(resolver, "url_patterns", [])
  File "/opt/venv/lib/python3.9/site-packages/django/utils/functional.py", line 57, in __get__
    res = instance.__dict__[self.name] = self.func(instance)
  File "/opt/venv/lib/python3.9/site-packages/django/urls/resolvers.py", line 690, in url_patterns
    patterns = getattr(self.urlconf_module, "urlpatterns", self.urlconf_module)
  File "/opt/venv/lib/python3.9/site-packages/django/utils/functional.py", line 57, in __get__
    res = instance.__dict__[self.name] = self.func(instance)
  File "/opt/venv/lib/python3.9/site-packages/django/urls/resolvers.py", line 683, in urlconf_module
    return import_module(self.urlconf_name)
  File "/usr/local/lib/python3.9/importlib/__init__.py", line 127, in import_module
    return _bootstrap._gcd_import(name[level:], package, level)
  File "<frozen importlib._bootstrap>", line 1030, in _gcd_import
  File "<frozen importlib._bootstrap>", line 1007, in _find_and_load
  File "<frozen importlib._bootstrap>", line 986, in _find_and_load_unlocked
  File "<frozen importlib._bootstrap>", line 680, in _load_unlocked
  File "<frozen importlib._bootstrap_external>", line 850, in exec_module
  File "<frozen importlib._bootstrap>", line 228, in _call_with_frames_removed
  File "/opt/app/dcim/urls.py", line 41, in <module>
    path('pop/', include('pop.api.urls', namespace='pops.apis')),
  File "/opt/venv/lib/python3.9/site-packages/django/urls/conf.py", line 38, in include
    urlconf_module = import_module(urlconf_module)
  File "/usr/local/lib/python3.9/importlib/__init__.py", line 127, in import_module
    return _bootstrap._gcd_import(name[level:], package, level)
  File "<frozen importlib._bootstrap>", line 1030, in _gcd_import
  File "<frozen importlib._bootstrap>", line 1007, in _find_and_load
  File "<frozen importlib._bootstrap>", line 986, in _find_and_load_unlocked
  File "<frozen importlib._bootstrap>", line 680, in _load_unlocked
  File "<frozen importlib._bootstrap_external>", line 850, in exec_module
  File "<frozen importlib._bootstrap>", line 228, in _call_with_frames_removed
  File "/opt/app/pop/api/urls.py", line 1, in <module>
    from pop.api.views import (
  File "/opt/app/pop/api/views.py", line 16, in <module>
    from pop.ups_model import UpsModel
  File "/opt/app/pop/ups_model.py", line 12, in <module>
    class UpsModel(models.Model):
  File "/opt/app/pop/ups_model.py", line 15, in UpsModel
    data = models.ArrayField(model_container=DataItem)
  File "/opt/venv/lib/python3.9/site-packages/djongo/models/fields.py", line 273, in __init__
    super().__init__(model_container, *args, **kwargs)
  File "/opt/venv/lib/python3.9/site-packages/djongo/models/fields.py", line 112, in __init__
    self._validate_container()
  File "/opt/venv/lib/python3.9/site-packages/djongo/models/fields.py", line 120, in _validate_container
    raise ValidationError(
django.core.exceptions.ValidationError: ['Field "pop.DataItem.id" of model container:"<class \'pop.ups_model.DataItem\'>" cannot be of type "<class \'django.db.models.fields.BigAutoField\'>"']
2025-03-13 15:45:21,612 celery.utils.dispatch.signal ERROR    Signal handler <bound method DjangoFixup.on_import_modules of <celery.fixups.django.DjangoFixup object at 0x7fc090aca790>> raised: ValidationError(['Field "pop.DataItem.id" of model container:"<class \'pop.ups_model.DataItem\'>" cannot be of type "<class \'django.db.models.fields.BigAutoField\'>"'])
Traceback (most recent call last):
  File "/opt/venv/lib/python3.9/site-packages/celery/utils/dispatch/signal.py", line 276, in send
    response = receiver(signal=self, sender=sender, **named)
  File "/opt/venv/lib/python3.9/site-packages/celery/fixups/django.py", line 82, in on_import_modules
    self.worker_fixup.validate_models()
  File "/opt/venv/lib/python3.9/site-packages/celery/fixups/django.py", line 121, in validate_models
    run_checks()
  File "/opt/venv/lib/python3.9/site-packages/django/core/checks/registry.py", line 88, in run_checks
    new_errors = check(app_configs=app_configs, databases=databases)
  File "/opt/venv/lib/python3.9/site-packages/django/core/checks/urls.py", line 14, in check_url_config
    return check_resolver(resolver)
  File "/opt/venv/lib/python3.9/site-packages/django/core/checks/urls.py", line 24, in check_resolver
    return check_method()
  File "/opt/venv/lib/python3.9/site-packages/django/urls/resolvers.py", line 476, in check
    for pattern in self.url_patterns:
  File "/opt/venv/lib/python3.9/site-packages/django/utils/functional.py", line 57, in __get__
    res = instance.__dict__[self.name] = self.func(instance)
  File "/opt/venv/lib/python3.9/site-packages/django/urls/resolvers.py", line 690, in url_patterns
    patterns = getattr(self.urlconf_module, "urlpatterns", self.urlconf_module)
  File "/opt/venv/lib/python3.9/site-packages/django/utils/functional.py", line 57, in __get__
    res = instance.__dict__[self.name] = self.func(instance)
  File "/opt/venv/lib/python3.9/site-packages/django/urls/resolvers.py", line 683, in urlconf_module
    return import_module(self.urlconf_name)
  File "/usr/local/lib/python3.9/importlib/__init__.py", line 127, in import_module
    return _bootstrap._gcd_import(name[level:], package, level)
  File "<frozen importlib._bootstrap>", line 1030, in _gcd_import
  File "<frozen importlib._bootstrap>", line 1007, in _find_and_load
  File "<frozen importlib._bootstrap>", line 986, in _find_and_load_unlocked
  File "<frozen importlib._bootstrap>", line 680, in _load_unlocked
  File "<frozen importlib._bootstrap_external>", line 850, in exec_module
  File "<frozen importlib._bootstrap>", line 228, in _call_with_frames_removed
  File "/opt/app/dcim/urls.py", line 41, in <module>
    path('pop/', include('pop.api.urls', namespace='pops.apis')),
  File "/opt/venv/lib/python3.9/site-packages/django/urls/conf.py", line 38, in include
    urlconf_module = import_module(urlconf_module)
  File "/usr/local/lib/python3.9/importlib/__init__.py", line 127, in import_module
    return _bootstrap._gcd_import(name[level:], package, level)
  File "<frozen importlib._bootstrap>", line 1030, in _gcd_import
  File "<frozen importlib._bootstrap>", line 1007, in _find_and_load
  File "<frozen importlib._bootstrap>", line 986, in _find_and_load_unlocked
  File "<frozen importlib._bootstrap>", line 680, in _load_unlocked
  File "<frozen importlib._bootstrap_external>", line 850, in exec_module
  File "<frozen importlib._bootstrap>", line 228, in _call_with_frames_removed
  File "/opt/app/pop/api/urls.py", line 1, in <module>
    from pop.api.views import (
  File "/opt/app/pop/api/views.py", line 16, in <module>
    from pop.ups_model import UpsModel
  File "/opt/app/pop/ups_model.py", line 12, in <module>
    class UpsModel(models.Model):
  File "/opt/app/pop/ups_model.py", line 15, in UpsModel
    data = models.ArrayField(model_container=DataItem)
  File "/opt/venv/lib/python3.9/site-packages/djongo/models/fields.py", line 273, in __init__
    super().__init__(model_container, *args, **kwargs)
  File "/opt/venv/lib/python3.9/site-packages/djongo/models/fields.py", line 112, in __init__
    self._validate_container()
  File "/opt/venv/lib/python3.9/site-packages/djongo/models/fields.py", line 120, in _validate_container
    raise ValidationError(
django.core.exceptions.ValidationError: ['Field "pop.DataItem.id" of model container:"<class \'pop.ups_model.DataItem\'>" cannot be of type "<class \'django.db.models.fields.BigAutoField\'>"']
2025-03-13 15:45:22,866 pop.CPM_RT_mixins INFO     mongo_db = RTModelCPM, topic = MQTT_RT_DATA created 67d2a9328e02a9119deae838 succesfully
2025-03-13 15:45:22,890 pop.CPM_RT_mixins INFO     mongo_db = TemporaryRTModelCPM, topic = MQTT_RT_DATA created 67d2a9328e02a9119deae839 succesfully
2025-03-13 15:45:22,920 pop.CPM_RT_mixins INFO     mongo_db = TodayRTModelCPM, topic = MQTT_RT_DATA created 67d2a9328e02a9119deae83a succesfully
2025-03-13 15:45:24,225 celery.utils.dispatch.signal ERROR    Signal handler <bound method DjangoFixup.on_import_modules of <celery.fixups.django.DjangoFixup object at 0x7f3361da1790>> raised: ValidationError(['Field "pop.DataItem.id" of model container:"<class \'pop.ups_model.DataItem\'>" cannot be of type "<class \'django.db.models.fields.BigAutoField\'>"'])
Traceback (most recent call last):
  File "/opt/venv/lib/python3.9/site-packages/celery/utils/dispatch/signal.py", line 276, in send
    response = receiver(signal=self, sender=sender, **named)
  File "/opt/venv/lib/python3.9/site-packages/celery/fixups/django.py", line 82, in on_import_modules
    self.worker_fixup.validate_models()
  File "/opt/venv/lib/python3.9/site-packages/celery/fixups/django.py", line 121, in validate_models
    run_checks()
  File "/opt/venv/lib/python3.9/site-packages/django/core/checks/registry.py", line 88, in run_checks
    new_errors = check(app_configs=app_configs, databases=databases)
  File "/opt/venv/lib/python3.9/site-packages/django/core/checks/urls.py", line 42, in check_url_namespaces_unique
    all_namespaces = _load_all_namespaces(resolver)
  File "/opt/venv/lib/python3.9/site-packages/django/core/checks/urls.py", line 61, in _load_all_namespaces
    url_patterns = getattr(resolver, "url_patterns", [])
  File "/opt/venv/lib/python3.9/site-packages/django/utils/functional.py", line 57, in __get__
    res = instance.__dict__[self.name] = self.func(instance)
  File "/opt/venv/lib/python3.9/site-packages/django/urls/resolvers.py", line 690, in url_patterns
    patterns = getattr(self.urlconf_module, "urlpatterns", self.urlconf_module)
  File "/opt/venv/lib/python3.9/site-packages/django/utils/functional.py", line 57, in __get__
    res = instance.__dict__[self.name] = self.func(instance)
  File "/opt/venv/lib/python3.9/site-packages/django/urls/resolvers.py", line 683, in urlconf_module
    return import_module(self.urlconf_name)
  File "/usr/local/lib/python3.9/importlib/__init__.py", line 127, in import_module
    return _bootstrap._gcd_import(name[level:], package, level)
  File "<frozen importlib._bootstrap>", line 1030, in _gcd_import
  File "<frozen importlib._bootstrap>", line 1007, in _find_and_load
  File "<frozen importlib._bootstrap>", line 986, in _find_and_load_unlocked
  File "<frozen importlib._bootstrap>", line 680, in _load_unlocked
  File "<frozen importlib._bootstrap_external>", line 850, in exec_module
  File "<frozen importlib._bootstrap>", line 228, in _call_with_frames_removed
  File "/opt/app/dcim/urls.py", line 41, in <module>
    path('pop/', include('pop.api.urls', namespace='pops.apis')),
  File "/opt/venv/lib/python3.9/site-packages/django/urls/conf.py", line 38, in include
    urlconf_module = import_module(urlconf_module)
  File "/usr/local/lib/python3.9/importlib/__init__.py", line 127, in import_module
    return _bootstrap._gcd_import(name[level:], package, level)
  File "<frozen importlib._bootstrap>", line 1030, in _gcd_import
  File "<frozen importlib._bootstrap>", line 1007, in _find_and_load
  File "<frozen importlib._bootstrap>", line 986, in _find_and_load_unlocked
  File "<frozen importlib._bootstrap>", line 680, in _load_unlocked
  File "<frozen importlib._bootstrap_external>", line 850, in exec_module
  File "<frozen importlib._bootstrap>", line 228, in _call_with_frames_removed
  File "/opt/app/pop/api/urls.py", line 1, in <module>
    from pop.api.views import (
  File "/opt/app/pop/api/views.py", line 16, in <module>
    from pop.ups_model import UpsModel
  File "/opt/app/pop/ups_model.py", line 12, in <module>
    class UpsModel(models.Model):
  File "/opt/app/pop/ups_model.py", line 15, in UpsModel
    data = models.ArrayField(model_container=DataItem)
  File "/opt/venv/lib/python3.9/site-packages/djongo/models/fields.py", line 273, in __init__
    super().__init__(model_container, *args, **kwargs)
  File "/opt/venv/lib/python3.9/site-packages/djongo/models/fields.py", line 112, in __init__
    self._validate_container()
  File "/opt/venv/lib/python3.9/site-packages/djongo/models/fields.py", line 120, in _validate_container
    raise ValidationError(
django.core.exceptions.ValidationError: ['Field "pop.DataItem.id" of model container:"<class \'pop.ups_model.DataItem\'>" cannot be of type "<class \'django.db.models.fields.BigAutoField\'>"']
2025-03-13 15:45:24,389 celery.utils.dispatch.signal ERROR    Signal handler <bound method DjangoFixup.on_import_modules of <celery.fixups.django.DjangoFixup object at 0x7f363ec48790>> raised: ValidationError(['Field "pop.DataItem.id" of model container:"<class \'pop.ups_model.DataItem\'>" cannot be of type "<class \'django.db.models.fields.BigAutoField\'>"'])
Traceback (most recent call last):
  File "/opt/venv/lib/python3.9/site-packages/celery/utils/dispatch/signal.py", line 276, in send
    response = receiver(signal=self, sender=sender, **named)
  File "/opt/venv/lib/python3.9/site-packages/celery/fixups/django.py", line 82, in on_import_modules
    self.worker_fixup.validate_models()
  File "/opt/venv/lib/python3.9/site-packages/celery/fixups/django.py", line 121, in validate_models
    run_checks()
  File "/opt/venv/lib/python3.9/site-packages/django/core/checks/registry.py", line 88, in run_checks
    new_errors = check(app_configs=app_configs, databases=databases)
  File "/opt/venv/lib/python3.9/site-packages/django/core/checks/urls.py", line 14, in check_url_config
    return check_resolver(resolver)
  File "/opt/venv/lib/python3.9/site-packages/django/core/checks/urls.py", line 24, in check_resolver
    return check_method()
  File "/opt/venv/lib/python3.9/site-packages/django/urls/resolvers.py", line 476, in check
    for pattern in self.url_patterns:
  File "/opt/venv/lib/python3.9/site-packages/django/utils/functional.py", line 57, in __get__
    res = instance.__dict__[self.name] = self.func(instance)
  File "/opt/venv/lib/python3.9/site-packages/django/urls/resolvers.py", line 690, in url_patterns
    patterns = getattr(self.urlconf_module, "urlpatterns", self.urlconf_module)
  File "/opt/venv/lib/python3.9/site-packages/django/utils/functional.py", line 57, in __get__
    res = instance.__dict__[self.name] = self.func(instance)
  File "/opt/venv/lib/python3.9/site-packages/django/urls/resolvers.py", line 683, in urlconf_module
    return import_module(self.urlconf_name)
  File "/usr/local/lib/python3.9/importlib/__init__.py", line 127, in import_module
    return _bootstrap._gcd_import(name[level:], package, level)
  File "<frozen importlib._bootstrap>", line 1030, in _gcd_import
  File "<frozen importlib._bootstrap>", line 1007, in _find_and_load
  File "<frozen importlib._bootstrap>", line 986, in _find_and_load_unlocked
  File "<frozen importlib._bootstrap>", line 680, in _load_unlocked
  File "<frozen importlib._bootstrap_external>", line 850, in exec_module
  File "<frozen importlib._bootstrap>", line 228, in _call_with_frames_removed
  File "/opt/app/dcim/urls.py", line 41, in <module>
    path('pop/', include('pop.api.urls', namespace='pops.apis')),
  File "/opt/venv/lib/python3.9/site-packages/django/urls/conf.py", line 38, in include
    urlconf_module = import_module(urlconf_module)
  File "/usr/local/lib/python3.9/importlib/__init__.py", line 127, in import_module
    return _bootstrap._gcd_import(name[level:], package, level)
  File "<frozen importlib._bootstrap>", line 1030, in _gcd_import
  File "<frozen importlib._bootstrap>", line 1007, in _find_and_load
  File "<frozen importlib._bootstrap>", line 986, in _find_and_load_unlocked
  File "<frozen importlib._bootstrap>", line 680, in _load_unlocked
  File "<frozen importlib._bootstrap_external>", line 850, in exec_module
  File "<frozen importlib._bootstrap>", line 228, in _call_with_frames_removed
  File "/opt/app/pop/api/urls.py", line 1, in <module>
    from pop.api.views import (
  File "/opt/app/pop/api/views.py", line 16, in <module>
    from pop.ups_model import UpsModel
  File "/opt/app/pop/ups_model.py", line 12, in <module>
    class UpsModel(models.Model):
  File "/opt/app/pop/ups_model.py", line 15, in UpsModel
    data = models.ArrayField(model_container=DataItem)
  File "/opt/venv/lib/python3.9/site-packages/djongo/models/fields.py", line 273, in __init__
    super().__init__(model_container, *args, **kwargs)
  File "/opt/venv/lib/python3.9/site-packages/djongo/models/fields.py", line 112, in __init__
    self._validate_container()
  File "/opt/venv/lib/python3.9/site-packages/djongo/models/fields.py", line 120, in _validate_container
    raise ValidationError(
django.core.exceptions.ValidationError: ['Field "pop.DataItem.id" of model container:"<class \'pop.ups_model.DataItem\'>" cannot be of type "<class \'django.db.models.fields.BigAutoField\'>"']
2025-03-13 15:45:27,910 celery.utils.dispatch.signal ERROR    Signal handler <bound method DjangoFixup.on_import_modules of <celery.fixups.django.DjangoFixup object at 0x7fd71d624790>> raised: ValidationError(['Field "pop.DataItem.id" of model container:"<class \'pop.ups_model.DataItem\'>" cannot be of type "<class \'django.db.models.fields.BigAutoField\'>"'])
Traceback (most recent call last):
  File "/opt/venv/lib/python3.9/site-packages/celery/utils/dispatch/signal.py", line 276, in send
    response = receiver(signal=self, sender=sender, **named)
  File "/opt/venv/lib/python3.9/site-packages/celery/fixups/django.py", line 82, in on_import_modules
    self.worker_fixup.validate_models()
  File "/opt/venv/lib/python3.9/site-packages/celery/fixups/django.py", line 121, in validate_models
    run_checks()
  File "/opt/venv/lib/python3.9/site-packages/django/core/checks/registry.py", line 88, in run_checks
    new_errors = check(app_configs=app_configs, databases=databases)
  File "/opt/venv/lib/python3.9/site-packages/django/core/checks/urls.py", line 42, in check_url_namespaces_unique
    all_namespaces = _load_all_namespaces(resolver)
  File "/opt/venv/lib/python3.9/site-packages/django/core/checks/urls.py", line 61, in _load_all_namespaces
    url_patterns = getattr(resolver, "url_patterns", [])
  File "/opt/venv/lib/python3.9/site-packages/django/utils/functional.py", line 57, in __get__
    res = instance.__dict__[self.name] = self.func(instance)
  File "/opt/venv/lib/python3.9/site-packages/django/urls/resolvers.py", line 690, in url_patterns
    patterns = getattr(self.urlconf_module, "urlpatterns", self.urlconf_module)
  File "/opt/venv/lib/python3.9/site-packages/django/utils/functional.py", line 57, in __get__
    res = instance.__dict__[self.name] = self.func(instance)
  File "/opt/venv/lib/python3.9/site-packages/django/urls/resolvers.py", line 683, in urlconf_module
    return import_module(self.urlconf_name)
  File "/usr/local/lib/python3.9/importlib/__init__.py", line 127, in import_module
    return _bootstrap._gcd_import(name[level:], package, level)
  File "<frozen importlib._bootstrap>", line 1030, in _gcd_import
  File "<frozen importlib._bootstrap>", line 1007, in _find_and_load
  File "<frozen importlib._bootstrap>", line 986, in _find_and_load_unlocked
  File "<frozen importlib._bootstrap>", line 680, in _load_unlocked
  File "<frozen importlib._bootstrap_external>", line 850, in exec_module
  File "<frozen importlib._bootstrap>", line 228, in _call_with_frames_removed
  File "/opt/app/dcim/urls.py", line 41, in <module>
    path('pop/', include('pop.api.urls', namespace='pops.apis')),
  File "/opt/venv/lib/python3.9/site-packages/django/urls/conf.py", line 38, in include
    urlconf_module = import_module(urlconf_module)
  File "/usr/local/lib/python3.9/importlib/__init__.py", line 127, in import_module
    return _bootstrap._gcd_import(name[level:], package, level)
  File "<frozen importlib._bootstrap>", line 1030, in _gcd_import
  File "<frozen importlib._bootstrap>", line 1007, in _find_and_load
  File "<frozen importlib._bootstrap>", line 986, in _find_and_load_unlocked
  File "<frozen importlib._bootstrap>", line 680, in _load_unlocked
  File "<frozen importlib._bootstrap_external>", line 850, in exec_module
  File "<frozen importlib._bootstrap>", line 228, in _call_with_frames_removed
  File "/opt/app/pop/api/urls.py", line 1, in <module>
    from pop.api.views import (
  File "/opt/app/pop/api/views.py", line 16, in <module>
    from pop.ups_model import UpsModel
  File "/opt/app/pop/ups_model.py", line 12, in <module>
    class UpsModel(models.Model):
  File "/opt/app/pop/ups_model.py", line 15, in UpsModel
    data = models.ArrayField(model_container=DataItem)
  File "/opt/venv/lib/python3.9/site-packages/djongo/models/fields.py", line 273, in __init__
    super().__init__(model_container, *args, **kwargs)
  File "/opt/venv/lib/python3.9/site-packages/djongo/models/fields.py", line 112, in __init__
    self._validate_container()
  File "/opt/venv/lib/python3.9/site-packages/djongo/models/fields.py", line 120, in _validate_container
    raise ValidationError(
django.core.exceptions.ValidationError: ['Field "pop.DataItem.id" of model container:"<class \'pop.ups_model.DataItem\'>" cannot be of type "<class \'django.db.models.fields.BigAutoField\'>"']
2025-03-13 15:45:28,131 celery.utils.dispatch.signal ERROR    Signal handler <bound method DjangoFixup.on_import_modules of <celery.fixups.django.DjangoFixup object at 0x7fc37d721790>> raised: ValidationError(['Field "pop.DataItem.id" of model container:"<class \'pop.ups_model.DataItem\'>" cannot be of type "<class \'django.db.models.fields.BigAutoField\'>"'])
Traceback (most recent call last):
  File "/opt/venv/lib/python3.9/site-packages/celery/utils/dispatch/signal.py", line 276, in send
    response = receiver(signal=self, sender=sender, **named)
  File "/opt/venv/lib/python3.9/site-packages/celery/fixups/django.py", line 82, in on_import_modules
    self.worker_fixup.validate_models()
  File "/opt/venv/lib/python3.9/site-packages/celery/fixups/django.py", line 121, in validate_models
    run_checks()
  File "/opt/venv/lib/python3.9/site-packages/django/core/checks/registry.py", line 88, in run_checks
    new_errors = check(app_configs=app_configs, databases=databases)
  File "/opt/venv/lib/python3.9/site-packages/django/core/checks/urls.py", line 14, in check_url_config
    return check_resolver(resolver)
  File "/opt/venv/lib/python3.9/site-packages/django/core/checks/urls.py", line 24, in check_resolver
    return check_method()
  File "/opt/venv/lib/python3.9/site-packages/django/urls/resolvers.py", line 476, in check
    for pattern in self.url_patterns:
  File "/opt/venv/lib/python3.9/site-packages/django/utils/functional.py", line 57, in __get__
    res = instance.__dict__[self.name] = self.func(instance)
  File "/opt/venv/lib/python3.9/site-packages/django/urls/resolvers.py", line 690, in url_patterns
    patterns = getattr(self.urlconf_module, "urlpatterns", self.urlconf_module)
  File "/opt/venv/lib/python3.9/site-packages/django/utils/functional.py", line 57, in __get__
    res = instance.__dict__[self.name] = self.func(instance)
  File "/opt/venv/lib/python3.9/site-packages/django/urls/resolvers.py", line 683, in urlconf_module
    return import_module(self.urlconf_name)
  File "/usr/local/lib/python3.9/importlib/__init__.py", line 127, in import_module
    return _bootstrap._gcd_import(name[level:], package, level)
  File "<frozen importlib._bootstrap>", line 1030, in _gcd_import
  File "<frozen importlib._bootstrap>", line 1007, in _find_and_load
  File "<frozen importlib._bootstrap>", line 986, in _find_and_load_unlocked
  File "<frozen importlib._bootstrap>", line 680, in _load_unlocked
  File "<frozen importlib._bootstrap_external>", line 850, in exec_module
  File "<frozen importlib._bootstrap>", line 228, in _call_with_frames_removed
  File "/opt/app/dcim/urls.py", line 41, in <module>
    path('pop/', include('pop.api.urls', namespace='pops.apis')),
  File "/opt/venv/lib/python3.9/site-packages/django/urls/conf.py", line 38, in include
    urlconf_module = import_module(urlconf_module)
  File "/usr/local/lib/python3.9/importlib/__init__.py", line 127, in import_module
    return _bootstrap._gcd_import(name[level:], package, level)
  File "<frozen importlib._bootstrap>", line 1030, in _gcd_import
  File "<frozen importlib._bootstrap>", line 1007, in _find_and_load
  File "<frozen importlib._bootstrap>", line 986, in _find_and_load_unlocked
  File "<frozen importlib._bootstrap>", line 680, in _load_unlocked
  File "<frozen importlib._bootstrap_external>", line 850, in exec_module
  File "<frozen importlib._bootstrap>", line 228, in _call_with_frames_removed
  File "/opt/app/pop/api/urls.py", line 1, in <module>
    from pop.api.views import (
  File "/opt/app/pop/api/views.py", line 16, in <module>
    from pop.ups_model import UpsModel
  File "/opt/app/pop/ups_model.py", line 12, in <module>
    class UpsModel(models.Model):
  File "/opt/app/pop/ups_model.py", line 15, in UpsModel
    data = models.ArrayField(model_container=DataItem)
  File "/opt/venv/lib/python3.9/site-packages/djongo/models/fields.py", line 273, in __init__
    super().__init__(model_container, *args, **kwargs)
  File "/opt/venv/lib/python3.9/site-packages/djongo/models/fields.py", line 112, in __init__
    self._validate_container()
  File "/opt/venv/lib/python3.9/site-packages/djongo/models/fields.py", line 120, in _validate_container
    raise ValidationError(
django.core.exceptions.ValidationError: ['Field "pop.DataItem.id" of model container:"<class \'pop.ups_model.DataItem\'>" cannot be of type "<class \'django.db.models.fields.BigAutoField\'>"']
2025-03-13 15:45:29,111 pop.CCCL_environment_mixins INFO     mongo_db = CCCLEnvironment, topic = CCCL/PURBACHAL/ENV_01 created 67d2a9398e02a9119deae83b succesfully
2025-03-13 15:45:29,166 pop.CCCL_environment_mixins INFO     mongo_db = TemporaryCCCLEnvironment, topic = CCCL/PURBACHAL/ENV_01 created 67d2a9398e02a9119deae83c succesfully
2025-03-13 15:45:29,194 pop.CCCL_environment_mixins INFO     mongo_db = TodayCCCLEnvironment, topic = CCCL/PURBACHAL/ENV_01 created 67d2a9398e02a9119deae83d succesfully
2025-03-13 15:45:33,067 celery.utils.dispatch.signal ERROR    Signal handler <bound method DjangoFixup.on_import_modules of <celery.fixups.django.DjangoFixup object at 0x7ffb6576a790>> raised: ValidationError(['Field "pop.DataItem.id" of model container:"<class \'pop.ups_model.DataItem\'>" cannot be of type "<class \'django.db.models.fields.BigAutoField\'>"'])
Traceback (most recent call last):
  File "/opt/venv/lib/python3.9/site-packages/celery/utils/dispatch/signal.py", line 276, in send
    response = receiver(signal=self, sender=sender, **named)
  File "/opt/venv/lib/python3.9/site-packages/celery/fixups/django.py", line 82, in on_import_modules
    self.worker_fixup.validate_models()
  File "/opt/venv/lib/python3.9/site-packages/celery/fixups/django.py", line 121, in validate_models
    run_checks()
  File "/opt/venv/lib/python3.9/site-packages/django/core/checks/registry.py", line 88, in run_checks
    new_errors = check(app_configs=app_configs, databases=databases)
  File "/opt/venv/lib/python3.9/site-packages/django/core/checks/urls.py", line 42, in check_url_namespaces_unique
    all_namespaces = _load_all_namespaces(resolver)
  File "/opt/venv/lib/python3.9/site-packages/django/core/checks/urls.py", line 61, in _load_all_namespaces
    url_patterns = getattr(resolver, "url_patterns", [])
  File "/opt/venv/lib/python3.9/site-packages/django/utils/functional.py", line 57, in __get__
    res = instance.__dict__[self.name] = self.func(instance)
  File "/opt/venv/lib/python3.9/site-packages/django/urls/resolvers.py", line 690, in url_patterns
    patterns = getattr(self.urlconf_module, "urlpatterns", self.urlconf_module)
  File "/opt/venv/lib/python3.9/site-packages/django/utils/functional.py", line 57, in __get__
    res = instance.__dict__[self.name] = self.func(instance)
  File "/opt/venv/lib/python3.9/site-packages/django/urls/resolvers.py", line 683, in urlconf_module
    return import_module(self.urlconf_name)
  File "/usr/local/lib/python3.9/importlib/__init__.py", line 127, in import_module
    return _bootstrap._gcd_import(name[level:], package, level)
  File "<frozen importlib._bootstrap>", line 1030, in _gcd_import
  File "<frozen importlib._bootstrap>", line 1007, in _find_and_load
  File "<frozen importlib._bootstrap>", line 986, in _find_and_load_unlocked
  File "<frozen importlib._bootstrap>", line 680, in _load_unlocked
  File "<frozen importlib._bootstrap_external>", line 850, in exec_module
  File "<frozen importlib._bootstrap>", line 228, in _call_with_frames_removed
  File "/opt/app/dcim/urls.py", line 41, in <module>
    path('pop/', include('pop.api.urls', namespace='pops.apis')),
  File "/opt/venv/lib/python3.9/site-packages/django/urls/conf.py", line 38, in include
    urlconf_module = import_module(urlconf_module)
  File "/usr/local/lib/python3.9/importlib/__init__.py", line 127, in import_module
    return _bootstrap._gcd_import(name[level:], package, level)
  File "<frozen importlib._bootstrap>", line 1030, in _gcd_import
  File "<frozen importlib._bootstrap>", line 1007, in _find_and_load
  File "<frozen importlib._bootstrap>", line 986, in _find_and_load_unlocked
  File "<frozen importlib._bootstrap>", line 680, in _load_unlocked
  File "<frozen importlib._bootstrap_external>", line 850, in exec_module
  File "<frozen importlib._bootstrap>", line 228, in _call_with_frames_removed
  File "/opt/app/pop/api/urls.py", line 1, in <module>
    from pop.api.views import (
  File "/opt/app/pop/api/views.py", line 16, in <module>
    from pop.ups_model import UpsModel
  File "/opt/app/pop/ups_model.py", line 12, in <module>
    class UpsModel(models.Model):
  File "/opt/app/pop/ups_model.py", line 15, in UpsModel
    data = models.ArrayField(model_container=DataItem)
  File "/opt/venv/lib/python3.9/site-packages/djongo/models/fields.py", line 273, in __init__
    super().__init__(model_container, *args, **kwargs)
  File "/opt/venv/lib/python3.9/site-packages/djongo/models/fields.py", line 112, in __init__
    self._validate_container()
  File "/opt/venv/lib/python3.9/site-packages/djongo/models/fields.py", line 120, in _validate_container
    raise ValidationError(
django.core.exceptions.ValidationError: ['Field "pop.DataItem.id" of model container:"<class \'pop.ups_model.DataItem\'>" cannot be of type "<class \'django.db.models.fields.BigAutoField\'>"']
2025-03-13 15:45:33,176 celery.utils.dispatch.signal ERROR    Signal handler <bound method DjangoFixup.on_import_modules of <celery.fixups.django.DjangoFixup object at 0x7f04e2f61790>> raised: ValidationError(['Field "pop.DataItem.id" of model container:"<class \'pop.ups_model.DataItem\'>" cannot be of type "<class \'django.db.models.fields.BigAutoField\'>"'])
Traceback (most recent call last):
  File "/opt/venv/lib/python3.9/site-packages/celery/utils/dispatch/signal.py", line 276, in send
    response = receiver(signal=self, sender=sender, **named)
  File "/opt/venv/lib/python3.9/site-packages/celery/fixups/django.py", line 82, in on_import_modules
    self.worker_fixup.validate_models()
  File "/opt/venv/lib/python3.9/site-packages/celery/fixups/django.py", line 121, in validate_models
    run_checks()
  File "/opt/venv/lib/python3.9/site-packages/django/core/checks/registry.py", line 88, in run_checks
    new_errors = check(app_configs=app_configs, databases=databases)
  File "/opt/venv/lib/python3.9/site-packages/django/core/checks/urls.py", line 14, in check_url_config
    return check_resolver(resolver)
  File "/opt/venv/lib/python3.9/site-packages/django/core/checks/urls.py", line 24, in check_resolver
    return check_method()
  File "/opt/venv/lib/python3.9/site-packages/django/urls/resolvers.py", line 476, in check
    for pattern in self.url_patterns:
  File "/opt/venv/lib/python3.9/site-packages/django/utils/functional.py", line 57, in __get__
    res = instance.__dict__[self.name] = self.func(instance)
  File "/opt/venv/lib/python3.9/site-packages/django/urls/resolvers.py", line 690, in url_patterns
    patterns = getattr(self.urlconf_module, "urlpatterns", self.urlconf_module)
  File "/opt/venv/lib/python3.9/site-packages/django/utils/functional.py", line 57, in __get__
    res = instance.__dict__[self.name] = self.func(instance)
  File "/opt/venv/lib/python3.9/site-packages/django/urls/resolvers.py", line 683, in urlconf_module
    return import_module(self.urlconf_name)
  File "/usr/local/lib/python3.9/importlib/__init__.py", line 127, in import_module
    return _bootstrap._gcd_import(name[level:], package, level)
  File "<frozen importlib._bootstrap>", line 1030, in _gcd_import
  File "<frozen importlib._bootstrap>", line 1007, in _find_and_load
  File "<frozen importlib._bootstrap>", line 986, in _find_and_load_unlocked
  File "<frozen importlib._bootstrap>", line 680, in _load_unlocked
  File "<frozen importlib._bootstrap_external>", line 850, in exec_module
  File "<frozen importlib._bootstrap>", line 228, in _call_with_frames_removed
  File "/opt/app/dcim/urls.py", line 41, in <module>
    path('pop/', include('pop.api.urls', namespace='pops.apis')),
  File "/opt/venv/lib/python3.9/site-packages/django/urls/conf.py", line 38, in include
    urlconf_module = import_module(urlconf_module)
  File "/usr/local/lib/python3.9/importlib/__init__.py", line 127, in import_module
    return _bootstrap._gcd_import(name[level:], package, level)
  File "<frozen importlib._bootstrap>", line 1030, in _gcd_import
  File "<frozen importlib._bootstrap>", line 1007, in _find_and_load
  File "<frozen importlib._bootstrap>", line 986, in _find_and_load_unlocked
  File "<frozen importlib._bootstrap>", line 680, in _load_unlocked
  File "<frozen importlib._bootstrap_external>", line 850, in exec_module
  File "<frozen importlib._bootstrap>", line 228, in _call_with_frames_removed
  File "/opt/app/pop/api/urls.py", line 1, in <module>
    from pop.api.views import (
  File "/opt/app/pop/api/views.py", line 16, in <module>
    from pop.ups_model import UpsModel
  File "/opt/app/pop/ups_model.py", line 12, in <module>
    class UpsModel(models.Model):
  File "/opt/app/pop/ups_model.py", line 15, in UpsModel
    data = models.ArrayField(model_container=DataItem)
  File "/opt/venv/lib/python3.9/site-packages/djongo/models/fields.py", line 273, in __init__
    super().__init__(model_container, *args, **kwargs)
  File "/opt/venv/lib/python3.9/site-packages/djongo/models/fields.py", line 112, in __init__
    self._validate_container()
  File "/opt/venv/lib/python3.9/site-packages/djongo/models/fields.py", line 120, in _validate_container
    raise ValidationError(
django.core.exceptions.ValidationError: ['Field "pop.DataItem.id" of model container:"<class \'pop.ups_model.DataItem\'>" cannot be of type "<class \'django.db.models.fields.BigAutoField\'>"']
2025-03-13 15:45:41,357 celery.utils.dispatch.signal ERROR    Signal handler <bound method DjangoFixup.on_import_modules of <celery.fixups.django.DjangoFixup object at 0x7f39a54ed790>> raised: ValidationError(['Field "pop.DataItem.id" of model container:"<class \'pop.ups_model.DataItem\'>" cannot be of type "<class \'django.db.models.fields.BigAutoField\'>"'])
Traceback (most recent call last):
  File "/opt/venv/lib/python3.9/site-packages/celery/utils/dispatch/signal.py", line 276, in send
    response = receiver(signal=self, sender=sender, **named)
  File "/opt/venv/lib/python3.9/site-packages/celery/fixups/django.py", line 82, in on_import_modules
    self.worker_fixup.validate_models()
  File "/opt/venv/lib/python3.9/site-packages/celery/fixups/django.py", line 121, in validate_models
    run_checks()
  File "/opt/venv/lib/python3.9/site-packages/django/core/checks/registry.py", line 88, in run_checks
    new_errors = check(app_configs=app_configs, databases=databases)
  File "/opt/venv/lib/python3.9/site-packages/django/core/checks/urls.py", line 42, in check_url_namespaces_unique
    all_namespaces = _load_all_namespaces(resolver)
  File "/opt/venv/lib/python3.9/site-packages/django/core/checks/urls.py", line 61, in _load_all_namespaces
    url_patterns = getattr(resolver, "url_patterns", [])
  File "/opt/venv/lib/python3.9/site-packages/django/utils/functional.py", line 57, in __get__
    res = instance.__dict__[self.name] = self.func(instance)
  File "/opt/venv/lib/python3.9/site-packages/django/urls/resolvers.py", line 690, in url_patterns
    patterns = getattr(self.urlconf_module, "urlpatterns", self.urlconf_module)
  File "/opt/venv/lib/python3.9/site-packages/django/utils/functional.py", line 57, in __get__
    res = instance.__dict__[self.name] = self.func(instance)
  File "/opt/venv/lib/python3.9/site-packages/django/urls/resolvers.py", line 683, in urlconf_module
    return import_module(self.urlconf_name)
  File "/usr/local/lib/python3.9/importlib/__init__.py", line 127, in import_module
    return _bootstrap._gcd_import(name[level:], package, level)
  File "<frozen importlib._bootstrap>", line 1030, in _gcd_import
  File "<frozen importlib._bootstrap>", line 1007, in _find_and_load
  File "<frozen importlib._bootstrap>", line 986, in _find_and_load_unlocked
  File "<frozen importlib._bootstrap>", line 680, in _load_unlocked
  File "<frozen importlib._bootstrap_external>", line 850, in exec_module
  File "<frozen importlib._bootstrap>", line 228, in _call_with_frames_removed
  File "/opt/app/dcim/urls.py", line 41, in <module>
    path('pop/', include('pop.api.urls', namespace='pops.apis')),
  File "/opt/venv/lib/python3.9/site-packages/django/urls/conf.py", line 38, in include
    urlconf_module = import_module(urlconf_module)
  File "/usr/local/lib/python3.9/importlib/__init__.py", line 127, in import_module
    return _bootstrap._gcd_import(name[level:], package, level)
  File "<frozen importlib._bootstrap>", line 1030, in _gcd_import
  File "<frozen importlib._bootstrap>", line 1007, in _find_and_load
  File "<frozen importlib._bootstrap>", line 986, in _find_and_load_unlocked
  File "<frozen importlib._bootstrap>", line 680, in _load_unlocked
  File "<frozen importlib._bootstrap_external>", line 850, in exec_module
  File "<frozen importlib._bootstrap>", line 228, in _call_with_frames_removed
  File "/opt/app/pop/api/urls.py", line 1, in <module>
    from pop.api.views import (
  File "/opt/app/pop/api/views.py", line 16, in <module>
    from pop.ups_model import UpsModel
  File "/opt/app/pop/ups_model.py", line 12, in <module>
    class UpsModel(models.Model):
  File "/opt/app/pop/ups_model.py", line 15, in UpsModel
    data = models.ArrayField(model_container=DataItem)
  File "/opt/venv/lib/python3.9/site-packages/djongo/models/fields.py", line 273, in __init__
    super().__init__(model_container, *args, **kwargs)
  File "/opt/venv/lib/python3.9/site-packages/djongo/models/fields.py", line 112, in __init__
    self._validate_container()
  File "/opt/venv/lib/python3.9/site-packages/djongo/models/fields.py", line 120, in _validate_container
    raise ValidationError(
django.core.exceptions.ValidationError: ['Field "pop.DataItem.id" of model container:"<class \'pop.ups_model.DataItem\'>" cannot be of type "<class \'django.db.models.fields.BigAutoField\'>"']
2025-03-13 15:45:41,609 celery.utils.dispatch.signal ERROR    Signal handler <bound method DjangoFixup.on_import_modules of <celery.fixups.django.DjangoFixup object at 0x7f549c1b1790>> raised: ValidationError(['Field "pop.DataItem.id" of model container:"<class \'pop.ups_model.DataItem\'>" cannot be of type "<class \'django.db.models.fields.BigAutoField\'>"'])
Traceback (most recent call last):
  File "/opt/venv/lib/python3.9/site-packages/celery/utils/dispatch/signal.py", line 276, in send
    response = receiver(signal=self, sender=sender, **named)
  File "/opt/venv/lib/python3.9/site-packages/celery/fixups/django.py", line 82, in on_import_modules
    self.worker_fixup.validate_models()
  File "/opt/venv/lib/python3.9/site-packages/celery/fixups/django.py", line 121, in validate_models
    run_checks()
  File "/opt/venv/lib/python3.9/site-packages/django/core/checks/registry.py", line 88, in run_checks
    new_errors = check(app_configs=app_configs, databases=databases)
  File "/opt/venv/lib/python3.9/site-packages/django/core/checks/urls.py", line 14, in check_url_config
    return check_resolver(resolver)
  File "/opt/venv/lib/python3.9/site-packages/django/core/checks/urls.py", line 24, in check_resolver
    return check_method()
  File "/opt/venv/lib/python3.9/site-packages/django/urls/resolvers.py", line 476, in check
    for pattern in self.url_patterns:
  File "/opt/venv/lib/python3.9/site-packages/django/utils/functional.py", line 57, in __get__
    res = instance.__dict__[self.name] = self.func(instance)
  File "/opt/venv/lib/python3.9/site-packages/django/urls/resolvers.py", line 690, in url_patterns
    patterns = getattr(self.urlconf_module, "urlpatterns", self.urlconf_module)
  File "/opt/venv/lib/python3.9/site-packages/django/utils/functional.py", line 57, in __get__
    res = instance.__dict__[self.name] = self.func(instance)
  File "/opt/venv/lib/python3.9/site-packages/django/urls/resolvers.py", line 683, in urlconf_module
    return import_module(self.urlconf_name)
  File "/usr/local/lib/python3.9/importlib/__init__.py", line 127, in import_module
    return _bootstrap._gcd_import(name[level:], package, level)
  File "<frozen importlib._bootstrap>", line 1030, in _gcd_import
  File "<frozen importlib._bootstrap>", line 1007, in _find_and_load
  File "<frozen importlib._bootstrap>", line 986, in _find_and_load_unlocked
  File "<frozen importlib._bootstrap>", line 680, in _load_unlocked
  File "<frozen importlib._bootstrap_external>", line 850, in exec_module
  File "<frozen importlib._bootstrap>", line 228, in _call_with_frames_removed
  File "/opt/app/dcim/urls.py", line 41, in <module>
    path('pop/', include('pop.api.urls', namespace='pops.apis')),
  File "/opt/venv/lib/python3.9/site-packages/django/urls/conf.py", line 38, in include
    urlconf_module = import_module(urlconf_module)
  File "/usr/local/lib/python3.9/importlib/__init__.py", line 127, in import_module
    return _bootstrap._gcd_import(name[level:], package, level)
  File "<frozen importlib._bootstrap>", line 1030, in _gcd_import
  File "<frozen importlib._bootstrap>", line 1007, in _find_and_load
  File "<frozen importlib._bootstrap>", line 986, in _find_and_load_unlocked
  File "<frozen importlib._bootstrap>", line 680, in _load_unlocked
  File "<frozen importlib._bootstrap_external>", line 850, in exec_module
  File "<frozen importlib._bootstrap>", line 228, in _call_with_frames_removed
  File "/opt/app/pop/api/urls.py", line 1, in <module>
    from pop.api.views import (
  File "/opt/app/pop/api/views.py", line 16, in <module>
    from pop.ups_model import UpsModel
  File "/opt/app/pop/ups_model.py", line 12, in <module>
    class UpsModel(models.Model):
  File "/opt/app/pop/ups_model.py", line 15, in UpsModel
    data = models.ArrayField(model_container=DataItem)
  File "/opt/venv/lib/python3.9/site-packages/djongo/models/fields.py", line 273, in __init__
    super().__init__(model_container, *args, **kwargs)
  File "/opt/venv/lib/python3.9/site-packages/djongo/models/fields.py", line 112, in __init__
    self._validate_container()
  File "/opt/venv/lib/python3.9/site-packages/djongo/models/fields.py", line 120, in _validate_container
    raise ValidationError(
django.core.exceptions.ValidationError: ['Field "pop.DataItem.id" of model container:"<class \'pop.ups_model.DataItem\'>" cannot be of type "<class \'django.db.models.fields.BigAutoField\'>"']
2025-03-13 15:45:52,174 pop.CPM_RT_mixins INFO     mongo_db = RTModelCPM, topic = MQTT_RT_DATA created 67d2a9508e02a9119deae83e succesfully
2025-03-13 15:45:52,194 pop.CPM_RT_mixins INFO     mongo_db = TemporaryRTModelCPM, topic = MQTT_RT_DATA created 67d2a9508e02a9119deae83f succesfully
2025-03-13 15:45:52,210 pop.CPM_RT_mixins INFO     mongo_db = TodayRTModelCPM, topic = MQTT_RT_DATA created 67d2a9508e02a9119deae840 succesfully
2025-03-13 15:45:52,782 pop.CCCL_generator_mixins INFO     mongo_db = CCCLGenerator, topic = CCCL/PURBACHAL/ENM_01 created 67d2a9508e02a9119deae841 succesfully
2025-03-13 15:45:52,799 pop.CCCL_generator_mixins INFO     mongo_db = TemporaryCCCLGenerator, topic = CCCL/PURBACHAL/ENM_01 created 67d2a9508e02a9119deae842 succesfully
2025-03-13 15:45:52,816 pop.CCCL_generator_mixins INFO     mongo_db = TodayCCCLGenerator, topic = CCCL/PURBACHAL/ENM_01 created 67d2a9508e02a9119deae843 succesfully
2025-03-13 15:45:56,034 celery.utils.dispatch.signal ERROR    Signal handler <bound method DjangoFixup.on_import_modules of <celery.fixups.django.DjangoFixup object at 0x7f1455153790>> raised: ValidationError(['Field "pop.DataItem.id" of model container:"<class \'pop.ups_model.DataItem\'>" cannot be of type "<class \'django.db.models.fields.BigAutoField\'>"'])
Traceback (most recent call last):
  File "/opt/venv/lib/python3.9/site-packages/celery/utils/dispatch/signal.py", line 276, in send
    response = receiver(signal=self, sender=sender, **named)
  File "/opt/venv/lib/python3.9/site-packages/celery/fixups/django.py", line 82, in on_import_modules
    self.worker_fixup.validate_models()
  File "/opt/venv/lib/python3.9/site-packages/celery/fixups/django.py", line 121, in validate_models
    run_checks()
  File "/opt/venv/lib/python3.9/site-packages/django/core/checks/registry.py", line 88, in run_checks
    new_errors = check(app_configs=app_configs, databases=databases)
  File "/opt/venv/lib/python3.9/site-packages/django/core/checks/urls.py", line 14, in check_url_config
    return check_resolver(resolver)
  File "/opt/venv/lib/python3.9/site-packages/django/core/checks/urls.py", line 24, in check_resolver
    return check_method()
  File "/opt/venv/lib/python3.9/site-packages/django/urls/resolvers.py", line 476, in check
    for pattern in self.url_patterns:
  File "/opt/venv/lib/python3.9/site-packages/django/utils/functional.py", line 57, in __get__
    res = instance.__dict__[self.name] = self.func(instance)
  File "/opt/venv/lib/python3.9/site-packages/django/urls/resolvers.py", line 690, in url_patterns
    patterns = getattr(self.urlconf_module, "urlpatterns", self.urlconf_module)
  File "/opt/venv/lib/python3.9/site-packages/django/utils/functional.py", line 57, in __get__
    res = instance.__dict__[self.name] = self.func(instance)
  File "/opt/venv/lib/python3.9/site-packages/django/urls/resolvers.py", line 683, in urlconf_module
    return import_module(self.urlconf_name)
  File "/usr/local/lib/python3.9/importlib/__init__.py", line 127, in import_module
    return _bootstrap._gcd_import(name[level:], package, level)
  File "<frozen importlib._bootstrap>", line 1030, in _gcd_import
  File "<frozen importlib._bootstrap>", line 1007, in _find_and_load
  File "<frozen importlib._bootstrap>", line 986, in _find_and_load_unlocked
  File "<frozen importlib._bootstrap>", line 680, in _load_unlocked
  File "<frozen importlib._bootstrap_external>", line 850, in exec_module
  File "<frozen importlib._bootstrap>", line 228, in _call_with_frames_removed
  File "/opt/app/dcim/urls.py", line 41, in <module>
    path('pop/', include('pop.api.urls', namespace='pops.apis')),
  File "/opt/venv/lib/python3.9/site-packages/django/urls/conf.py", line 38, in include
    urlconf_module = import_module(urlconf_module)
  File "/usr/local/lib/python3.9/importlib/__init__.py", line 127, in import_module
    return _bootstrap._gcd_import(name[level:], package, level)
  File "<frozen importlib._bootstrap>", line 1030, in _gcd_import
  File "<frozen importlib._bootstrap>", line 1007, in _find_and_load
  File "<frozen importlib._bootstrap>", line 986, in _find_and_load_unlocked
  File "<frozen importlib._bootstrap>", line 680, in _load_unlocked
  File "<frozen importlib._bootstrap_external>", line 850, in exec_module
  File "<frozen importlib._bootstrap>", line 228, in _call_with_frames_removed
  File "/opt/app/pop/api/urls.py", line 1, in <module>
    from pop.api.views import (
  File "/opt/app/pop/api/views.py", line 16, in <module>
    from pop.ups_model import UpsModel
  File "/opt/app/pop/ups_model.py", line 12, in <module>
    class UpsModel(models.Model):
  File "/opt/app/pop/ups_model.py", line 15, in UpsModel
    data = models.ArrayField(model_container=DataItem)
  File "/opt/venv/lib/python3.9/site-packages/djongo/models/fields.py", line 273, in __init__
    super().__init__(model_container, *args, **kwargs)
  File "/opt/venv/lib/python3.9/site-packages/djongo/models/fields.py", line 112, in __init__
    self._validate_container()
  File "/opt/venv/lib/python3.9/site-packages/djongo/models/fields.py", line 120, in _validate_container
    raise ValidationError(
django.core.exceptions.ValidationError: ['Field "pop.DataItem.id" of model container:"<class \'pop.ups_model.DataItem\'>" cannot be of type "<class \'django.db.models.fields.BigAutoField\'>"']
2025-03-13 15:45:56,184 celery.utils.dispatch.signal ERROR    Signal handler <bound method DjangoFixup.on_import_modules of <celery.fixups.django.DjangoFixup object at 0x7f16ef88f790>> raised: ValidationError(['Field "pop.DataItem.id" of model container:"<class \'pop.ups_model.DataItem\'>" cannot be of type "<class \'django.db.models.fields.BigAutoField\'>"'])
Traceback (most recent call last):
  File "/opt/venv/lib/python3.9/site-packages/celery/utils/dispatch/signal.py", line 276, in send
    response = receiver(signal=self, sender=sender, **named)
  File "/opt/venv/lib/python3.9/site-packages/celery/fixups/django.py", line 82, in on_import_modules
    self.worker_fixup.validate_models()
  File "/opt/venv/lib/python3.9/site-packages/celery/fixups/django.py", line 121, in validate_models
    run_checks()
  File "/opt/venv/lib/python3.9/site-packages/django/core/checks/registry.py", line 88, in run_checks
    new_errors = check(app_configs=app_configs, databases=databases)
  File "/opt/venv/lib/python3.9/site-packages/django/core/checks/urls.py", line 42, in check_url_namespaces_unique
    all_namespaces = _load_all_namespaces(resolver)
  File "/opt/venv/lib/python3.9/site-packages/django/core/checks/urls.py", line 61, in _load_all_namespaces
    url_patterns = getattr(resolver, "url_patterns", [])
  File "/opt/venv/lib/python3.9/site-packages/django/utils/functional.py", line 57, in __get__
    res = instance.__dict__[self.name] = self.func(instance)
  File "/opt/venv/lib/python3.9/site-packages/django/urls/resolvers.py", line 690, in url_patterns
    patterns = getattr(self.urlconf_module, "urlpatterns", self.urlconf_module)
  File "/opt/venv/lib/python3.9/site-packages/django/utils/functional.py", line 57, in __get__
    res = instance.__dict__[self.name] = self.func(instance)
  File "/opt/venv/lib/python3.9/site-packages/django/urls/resolvers.py", line 683, in urlconf_module
    return import_module(self.urlconf_name)
  File "/usr/local/lib/python3.9/importlib/__init__.py", line 127, in import_module
    return _bootstrap._gcd_import(name[level:], package, level)
  File "<frozen importlib._bootstrap>", line 1030, in _gcd_import
  File "<frozen importlib._bootstrap>", line 1007, in _find_and_load
  File "<frozen importlib._bootstrap>", line 986, in _find_and_load_unlocked
  File "<frozen importlib._bootstrap>", line 680, in _load_unlocked
  File "<frozen importlib._bootstrap_external>", line 850, in exec_module
  File "<frozen importlib._bootstrap>", line 228, in _call_with_frames_removed
  File "/opt/app/dcim/urls.py", line 41, in <module>
    path('pop/', include('pop.api.urls', namespace='pops.apis')),
  File "/opt/venv/lib/python3.9/site-packages/django/urls/conf.py", line 38, in include
    urlconf_module = import_module(urlconf_module)
  File "/usr/local/lib/python3.9/importlib/__init__.py", line 127, in import_module
    return _bootstrap._gcd_import(name[level:], package, level)
  File "<frozen importlib._bootstrap>", line 1030, in _gcd_import
  File "<frozen importlib._bootstrap>", line 1007, in _find_and_load
  File "<frozen importlib._bootstrap>", line 986, in _find_and_load_unlocked
  File "<frozen importlib._bootstrap>", line 680, in _load_unlocked
  File "<frozen importlib._bootstrap_external>", line 850, in exec_module
  File "<frozen importlib._bootstrap>", line 228, in _call_with_frames_removed
  File "/opt/app/pop/api/urls.py", line 1, in <module>
    from pop.api.views import (
  File "/opt/app/pop/api/views.py", line 16, in <module>
    from pop.ups_model import UpsModel
  File "/opt/app/pop/ups_model.py", line 12, in <module>
    class UpsModel(models.Model):
  File "/opt/app/pop/ups_model.py", line 15, in UpsModel
    data = models.ArrayField(model_container=DataItem)
  File "/opt/venv/lib/python3.9/site-packages/djongo/models/fields.py", line 273, in __init__
    super().__init__(model_container, *args, **kwargs)
  File "/opt/venv/lib/python3.9/site-packages/djongo/models/fields.py", line 112, in __init__
    self._validate_container()
  File "/opt/venv/lib/python3.9/site-packages/djongo/models/fields.py", line 120, in _validate_container
    raise ValidationError(
django.core.exceptions.ValidationError: ['Field "pop.DataItem.id" of model container:"<class \'pop.ups_model.DataItem\'>" cannot be of type "<class \'django.db.models.fields.BigAutoField\'>"']
2025-03-13 15:45:59,510 pop.CCCL_environment_mixins INFO     mongo_db = CCCLEnvironment, topic = CCCL/PURBACHAL/ENV_01 created 67d2a9578e02a9119deae844 succesfully
2025-03-13 15:45:59,523 pop.CCCL_environment_mixins INFO     mongo_db = TemporaryCCCLEnvironment, topic = CCCL/PURBACHAL/ENV_01 created 67d2a9578e02a9119deae845 succesfully
2025-03-13 15:45:59,533 pop.CCCL_environment_mixins INFO     mongo_db = TodayCCCLEnvironment, topic = CCCL/PURBACHAL/ENV_01 created 67d2a9578e02a9119deae846 succesfully
2025-03-13 15:46:21,788 pop.CPM_RT_mixins INFO     mongo_db = RTModelCPM, topic = MQTT_RT_DATA created 67d2a96d8e02a9119deae847 succesfully
2025-03-13 15:46:21,803 pop.CPM_RT_mixins INFO     mongo_db = TemporaryRTModelCPM, topic = MQTT_RT_DATA created 67d2a96d8e02a9119deae848 succesfully
2025-03-13 15:46:21,815 pop.CPM_RT_mixins INFO     mongo_db = TodayRTModelCPM, topic = MQTT_RT_DATA created 67d2a96d8e02a9119deae849 succesfully
2025-03-13 15:46:23,536 celery.utils.dispatch.signal ERROR    Signal handler <bound method DjangoFixup.on_import_modules of <celery.fixups.django.DjangoFixup object at 0x7fc24221a790>> raised: ValidationError(['Field "pop.DataItem.id" of model container:"<class \'pop.ups_model.DataItem\'>" cannot be of type "<class \'django.db.models.fields.BigAutoField\'>"'])
Traceback (most recent call last):
  File "/opt/venv/lib/python3.9/site-packages/celery/utils/dispatch/signal.py", line 276, in send
    response = receiver(signal=self, sender=sender, **named)
  File "/opt/venv/lib/python3.9/site-packages/celery/fixups/django.py", line 82, in on_import_modules
    self.worker_fixup.validate_models()
  File "/opt/venv/lib/python3.9/site-packages/celery/fixups/django.py", line 121, in validate_models
    run_checks()
  File "/opt/venv/lib/python3.9/site-packages/django/core/checks/registry.py", line 88, in run_checks
    new_errors = check(app_configs=app_configs, databases=databases)
  File "/opt/venv/lib/python3.9/site-packages/django/core/checks/urls.py", line 14, in check_url_config
    return check_resolver(resolver)
  File "/opt/venv/lib/python3.9/site-packages/django/core/checks/urls.py", line 24, in check_resolver
    return check_method()
  File "/opt/venv/lib/python3.9/site-packages/django/urls/resolvers.py", line 476, in check
    for pattern in self.url_patterns:
  File "/opt/venv/lib/python3.9/site-packages/django/utils/functional.py", line 57, in __get__
    res = instance.__dict__[self.name] = self.func(instance)
  File "/opt/venv/lib/python3.9/site-packages/django/urls/resolvers.py", line 690, in url_patterns
    patterns = getattr(self.urlconf_module, "urlpatterns", self.urlconf_module)
  File "/opt/venv/lib/python3.9/site-packages/django/utils/functional.py", line 57, in __get__
    res = instance.__dict__[self.name] = self.func(instance)
  File "/opt/venv/lib/python3.9/site-packages/django/urls/resolvers.py", line 683, in urlconf_module
    return import_module(self.urlconf_name)
  File "/usr/local/lib/python3.9/importlib/__init__.py", line 127, in import_module
    return _bootstrap._gcd_import(name[level:], package, level)
  File "<frozen importlib._bootstrap>", line 1030, in _gcd_import
  File "<frozen importlib._bootstrap>", line 1007, in _find_and_load
  File "<frozen importlib._bootstrap>", line 986, in _find_and_load_unlocked
  File "<frozen importlib._bootstrap>", line 680, in _load_unlocked
  File "<frozen importlib._bootstrap_external>", line 850, in exec_module
  File "<frozen importlib._bootstrap>", line 228, in _call_with_frames_removed
  File "/opt/app/dcim/urls.py", line 41, in <module>
    path('pop/', include('pop.api.urls', namespace='pops.apis')),
  File "/opt/venv/lib/python3.9/site-packages/django/urls/conf.py", line 38, in include
    urlconf_module = import_module(urlconf_module)
  File "/usr/local/lib/python3.9/importlib/__init__.py", line 127, in import_module
    return _bootstrap._gcd_import(name[level:], package, level)
  File "<frozen importlib._bootstrap>", line 1030, in _gcd_import
  File "<frozen importlib._bootstrap>", line 1007, in _find_and_load
  File "<frozen importlib._bootstrap>", line 986, in _find_and_load_unlocked
  File "<frozen importlib._bootstrap>", line 680, in _load_unlocked
  File "<frozen importlib._bootstrap_external>", line 850, in exec_module
  File "<frozen importlib._bootstrap>", line 228, in _call_with_frames_removed
  File "/opt/app/pop/api/urls.py", line 1, in <module>
    from pop.api.views import (
  File "/opt/app/pop/api/views.py", line 16, in <module>
    from pop.ups_model import UpsModel
  File "/opt/app/pop/ups_model.py", line 12, in <module>
    class UpsModel(models.Model):
  File "/opt/app/pop/ups_model.py", line 15, in UpsModel
    data = models.ArrayField(model_container=DataItem)
  File "/opt/venv/lib/python3.9/site-packages/djongo/models/fields.py", line 273, in __init__
    super().__init__(model_container, *args, **kwargs)
  File "/opt/venv/lib/python3.9/site-packages/djongo/models/fields.py", line 112, in __init__
    self._validate_container()
  File "/opt/venv/lib/python3.9/site-packages/djongo/models/fields.py", line 120, in _validate_container
    raise ValidationError(
django.core.exceptions.ValidationError: ['Field "pop.DataItem.id" of model container:"<class \'pop.ups_model.DataItem\'>" cannot be of type "<class \'django.db.models.fields.BigAutoField\'>"']
2025-03-13 15:46:23,654 celery.utils.dispatch.signal ERROR    Signal handler <bound method DjangoFixup.on_import_modules of <celery.fixups.django.DjangoFixup object at 0x7f2167e41790>> raised: ValidationError(['Field "pop.DataItem.id" of model container:"<class \'pop.ups_model.DataItem\'>" cannot be of type "<class \'django.db.models.fields.BigAutoField\'>"'])
Traceback (most recent call last):
  File "/opt/venv/lib/python3.9/site-packages/celery/utils/dispatch/signal.py", line 276, in send
    response = receiver(signal=self, sender=sender, **named)
  File "/opt/venv/lib/python3.9/site-packages/celery/fixups/django.py", line 82, in on_import_modules
    self.worker_fixup.validate_models()
  File "/opt/venv/lib/python3.9/site-packages/celery/fixups/django.py", line 121, in validate_models
    run_checks()
  File "/opt/venv/lib/python3.9/site-packages/django/core/checks/registry.py", line 88, in run_checks
    new_errors = check(app_configs=app_configs, databases=databases)
  File "/opt/venv/lib/python3.9/site-packages/django/core/checks/urls.py", line 42, in check_url_namespaces_unique
    all_namespaces = _load_all_namespaces(resolver)
  File "/opt/venv/lib/python3.9/site-packages/django/core/checks/urls.py", line 61, in _load_all_namespaces
    url_patterns = getattr(resolver, "url_patterns", [])
  File "/opt/venv/lib/python3.9/site-packages/django/utils/functional.py", line 57, in __get__
    res = instance.__dict__[self.name] = self.func(instance)
  File "/opt/venv/lib/python3.9/site-packages/django/urls/resolvers.py", line 690, in url_patterns
    patterns = getattr(self.urlconf_module, "urlpatterns", self.urlconf_module)
  File "/opt/venv/lib/python3.9/site-packages/django/utils/functional.py", line 57, in __get__
    res = instance.__dict__[self.name] = self.func(instance)
  File "/opt/venv/lib/python3.9/site-packages/django/urls/resolvers.py", line 683, in urlconf_module
    return import_module(self.urlconf_name)
  File "/usr/local/lib/python3.9/importlib/__init__.py", line 127, in import_module
    return _bootstrap._gcd_import(name[level:], package, level)
  File "<frozen importlib._bootstrap>", line 1030, in _gcd_import
  File "<frozen importlib._bootstrap>", line 1007, in _find_and_load
  File "<frozen importlib._bootstrap>", line 986, in _find_and_load_unlocked
  File "<frozen importlib._bootstrap>", line 680, in _load_unlocked
  File "<frozen importlib._bootstrap_external>", line 850, in exec_module
  File "<frozen importlib._bootstrap>", line 228, in _call_with_frames_removed
  File "/opt/app/dcim/urls.py", line 41, in <module>
    path('pop/', include('pop.api.urls', namespace='pops.apis')),
  File "/opt/venv/lib/python3.9/site-packages/django/urls/conf.py", line 38, in include
    urlconf_module = import_module(urlconf_module)
  File "/usr/local/lib/python3.9/importlib/__init__.py", line 127, in import_module
    return _bootstrap._gcd_import(name[level:], package, level)
  File "<frozen importlib._bootstrap>", line 1030, in _gcd_import
  File "<frozen importlib._bootstrap>", line 1007, in _find_and_load
  File "<frozen importlib._bootstrap>", line 986, in _find_and_load_unlocked
  File "<frozen importlib._bootstrap>", line 680, in _load_unlocked
  File "<frozen importlib._bootstrap_external>", line 850, in exec_module
  File "<frozen importlib._bootstrap>", line 228, in _call_with_frames_removed
  File "/opt/app/pop/api/urls.py", line 1, in <module>
    from pop.api.views import (
  File "/opt/app/pop/api/views.py", line 16, in <module>
    from pop.ups_model import UpsModel
  File "/opt/app/pop/ups_model.py", line 12, in <module>
    class UpsModel(models.Model):
  File "/opt/app/pop/ups_model.py", line 15, in UpsModel
    data = models.ArrayField(model_container=DataItem)
  File "/opt/venv/lib/python3.9/site-packages/djongo/models/fields.py", line 273, in __init__
    super().__init__(model_container, *args, **kwargs)
  File "/opt/venv/lib/python3.9/site-packages/djongo/models/fields.py", line 112, in __init__
    self._validate_container()
  File "/opt/venv/lib/python3.9/site-packages/djongo/models/fields.py", line 120, in _validate_container
    raise ValidationError(
django.core.exceptions.ValidationError: ['Field "pop.DataItem.id" of model container:"<class \'pop.ups_model.DataItem\'>" cannot be of type "<class \'django.db.models.fields.BigAutoField\'>"']
2025-03-13 15:46:29,821 pop.CCCL_environment_mixins INFO     mongo_db = CCCLEnvironment, topic = CCCL/PURBACHAL/ENV_01 created 67d2a9758e02a9119deae84a succesfully
2025-03-13 15:46:29,837 pop.CCCL_environment_mixins INFO     mongo_db = TemporaryCCCLEnvironment, topic = CCCL/PURBACHAL/ENV_01 created 67d2a9758e02a9119deae84b succesfully
2025-03-13 15:46:29,849 pop.CCCL_environment_mixins INFO     mongo_db = TodayCCCLEnvironment, topic = CCCL/PURBACHAL/ENV_01 created 67d2a9758e02a9119deae84c succesfully
2025-03-13 15:46:52,599 pop.CPM_RT_mixins INFO     mongo_db = RTModelCPM, topic = MQTT_RT_DATA created 67d2a98c8e02a9119deae84d succesfully
2025-03-13 15:46:52,614 pop.CPM_RT_mixins INFO     mongo_db = TemporaryRTModelCPM, topic = MQTT_RT_DATA created 67d2a98c8e02a9119deae84e succesfully
2025-03-13 15:46:52,628 pop.CPM_RT_mixins INFO     mongo_db = TodayRTModelCPM, topic = MQTT_RT_DATA created 67d2a98c8e02a9119deae84f succesfully
2025-03-13 15:46:52,769 pop.CCCL_generator_mixins INFO     mongo_db = CCCLGenerator, topic = CCCL/PURBACHAL/ENM_01 created 67d2a98c8e02a9119deae850 succesfully
2025-03-13 15:46:52,783 pop.CCCL_generator_mixins INFO     mongo_db = TemporaryCCCLGenerator, topic = CCCL/PURBACHAL/ENM_01 created 67d2a98c8e02a9119deae851 succesfully
2025-03-13 15:46:52,798 pop.CCCL_generator_mixins INFO     mongo_db = TodayCCCLGenerator, topic = CCCL/PURBACHAL/ENM_01 created 67d2a98c8e02a9119deae852 succesfully
2025-03-13 15:47:25,965 django.request ERROR    Internal Server Error: /api/v1.0/pop/ups-data/
Traceback (most recent call last):
  File "/opt/venv/lib/python3.9/site-packages/django/core/handlers/exception.py", line 55, in inner
    response = get_response(request)
  File "/opt/venv/lib/python3.9/site-packages/django/core/handlers/base.py", line 197, in _get_response
    response = wrapped_callback(request, *callback_args, **callback_kwargs)
  File "/opt/venv/lib/python3.9/site-packages/django/views/decorators/csrf.py", line 54, in wrapped_view
    return view_func(*args, **kwargs)
  File "/opt/venv/lib/python3.9/site-packages/rest_framework/viewsets.py", line 125, in view
    return self.dispatch(request, *args, **kwargs)
  File "/opt/venv/lib/python3.9/site-packages/rest_framework/views.py", line 509, in dispatch
    response = self.handle_exception(exc)
  File "/opt/venv/lib/python3.9/site-packages/rest_framework/views.py", line 469, in handle_exception
    self.raise_uncaught_exception(exc)
  File "/opt/venv/lib/python3.9/site-packages/rest_framework/views.py", line 480, in raise_uncaught_exception
    raise exc
  File "/opt/venv/lib/python3.9/site-packages/rest_framework/views.py", line 506, in dispatch
    response = handler(request, *args, **kwargs)
  File "/opt/app/pop/api/views.py", line 428, in list
    return Response(serializer.data)
  File "/opt/venv/lib/python3.9/site-packages/rest_framework/serializers.py", line 745, in data
    ret = super().data
  File "/opt/venv/lib/python3.9/site-packages/rest_framework/serializers.py", line 246, in data
    self._data = self.to_representation(self.instance)
  File "/opt/venv/lib/python3.9/site-packages/rest_framework/serializers.py", line 663, in to_representation
    return [
  File "/opt/venv/lib/python3.9/site-packages/rest_framework/serializers.py", line 664, in <listcomp>
    self.child.to_representation(item) for item in iterable
  File "/opt/venv/lib/python3.9/site-packages/rest_framework/serializers.py", line 515, in to_representation
    ret[field.field_name] = field.to_representation(attribute)
  File "/opt/venv/lib/python3.9/site-packages/rest_framework/serializers.py", line 663, in to_representation
    return [
  File "/opt/venv/lib/python3.9/site-packages/rest_framework/serializers.py", line 664, in <listcomp>
    self.child.to_representation(item) for item in iterable
  File "/opt/venv/lib/python3.9/site-packages/rest_framework/serializers.py", line 500, in to_representation
    for field in fields:
  File "/opt/venv/lib/python3.9/site-packages/rest_framework/serializers.py", line 361, in _readable_fields
    for field in self.fields.values():
  File "/opt/venv/lib/python3.9/site-packages/django/utils/functional.py", line 57, in __get__
    res = instance.__dict__[self.name] = self.func(instance)
  File "/opt/venv/lib/python3.9/site-packages/rest_framework/serializers.py", line 349, in fields
    for key, value in self.get_fields().items():
  File "/opt/venv/lib/python3.9/site-packages/rest_framework/serializers.py", line 1015, in get_fields
    raise ValueError(
ValueError: Cannot use ModelSerializer with Abstract Models.
2025-03-13 15:49:46,835 pop.CPM_RT_mixins INFO     mongo_db = RTModelCPM, topic = MQTT_RT_DATA created 67d2aa3a847231e6821339d3 succesfully
2025-03-13 15:49:46,857 pop.CPM_RT_mixins INFO     mongo_db = TemporaryRTModelCPM, topic = MQTT_RT_DATA created 67d2aa3a847231e6821339d4 succesfully
2025-03-13 15:49:46,881 pop.CPM_RT_mixins INFO     mongo_db = TodayRTModelCPM, topic = MQTT_RT_DATA created 67d2aa3a847231e6821339d5 succesfully
2025-03-13 15:49:51,910 pop.CPM_RT_mixins INFO     mongo_db = RTModelCPM, topic = MQTT_RT_DATA created 67d2aa3f847231e6821339d6 succesfully
2025-03-13 15:49:51,922 pop.CPM_RT_mixins INFO     mongo_db = TemporaryRTModelCPM, topic = MQTT_RT_DATA created 67d2aa3f847231e6821339d7 succesfully
2025-03-13 15:49:51,941 pop.CPM_RT_mixins INFO     mongo_db = TodayRTModelCPM, topic = MQTT_RT_DATA created 67d2aa3f847231e6821339d8 succesfully
2025-03-13 15:49:52,771 pop.CCCL_generator_mixins INFO     mongo_db = CCCLGenerator, topic = CCCL/PURBACHAL/ENM_01 created 67d2aa40847231e6821339d9 succesfully
2025-03-13 15:49:52,786 pop.CCCL_generator_mixins INFO     mongo_db = TemporaryCCCLGenerator, topic = CCCL/PURBACHAL/ENM_01 created 67d2aa40847231e6821339da succesfully
2025-03-13 15:49:52,802 pop.CCCL_generator_mixins INFO     mongo_db = TodayCCCLGenerator, topic = CCCL/PURBACHAL/ENM_01 created 67d2aa40847231e6821339db succesfully
